[{"label": "cell", "id": "CL:0000000"}, {"label": "primary cultured cell", "id": "CL:0000001", "synonyms": ["primary cell culture cell", "primary cell line cell", "unpassaged cultured cell"]}, {"label": "native cell", "id": "CL:0000003", "synonyms": ["cell in vivo"]}, {"label": "fibroblast neural crest derived", "id": "CL:0000005"}, {"label": "neuronal receptor cell", "id": "CL:0000006", "synonyms": ["neuronal receptor cell (sensu Animalia)"]}, {"label": "cultured cell", "id": "CL:0000010"}, {"label": "male germ cell", "id": "CL:0000015"}, {"label": "sperm", "id": "CL:0000019", "synonyms": ["spermatozoid", "spermatozoon", "sperm cell"]}, {"label": "neural crest derived neuron", "id": "CL:0000029", "synonyms": ["neuron neural crest derived"]}, {"label": "glioblast", "id": "CL:0000030"}, {"label": "stem cell", "id": "CL:0000034", "synonyms": ["animal stem cell"]}, {"label": "single fate stem cell", "id": "CL:0000035", "synonyms": ["unipotent stem cell", "unipotential stem cell"]}, {"label": "epithelial fate stem cell", "id": "CL:0000036", "synonyms": ["epithelial stem cell"]}, {"label": "hematopoietic stem cell", "id": "CL:0000037", "synonyms": ["colony forming unit hematopoietic", "blood forming stem cell", "hemopoietic stem cell", "HSC"]}, {"label": "erythroid progenitor cell", "id": "CL:0000038", "synonyms": ["burst forming unit erythroid", "erythroid stem cell", "blast forming unit erythroid", "colony forming unit erythroid", "CFU-E", "BFU-E"]}, {"label": "germ line cell", "id": "CL:0000039"}, {"label": "multi fate stem cell", "id": "CL:0000048", "synonyms": ["multifate stem cell", "multi-fate stem cell", "multipotent cell", "multipotent stem cell"]}, {"label": "common myeloid progenitor", "id": "CL:0000049", "synonyms": ["multipotential myeloid stem cell", "CFU-GEMM", "pluripotent stem cell (bone marrow)", "CFU-S", "colony forming unit granulocyte, erythrocyte, macrophage, and megakaryocyte", "common myeloid precursor", "myeloid stem cell", "CMP"]}, {"label": "megakaryocyte-erythroid progenitor cell", "id": "CL:0000050", "synonyms": ["CFU-MegE", "Meg/E progenitor", "colony forming unit erythroid megakaryocyte", "megakaryocyte/erythrocyte progenitor", "megakaryocyte/erythroid progenitor cell", "MEP", "CFU-EM"]}, {"label": "common lymphoid progenitor", "id": "CL:0000051", "synonyms": ["CLP", "common lymphoid precursor", "common lymphocyte precursor", "early lymphocyte progenitor", "lymphopoietic stem cell", "committed lymphopoietic stem cell", "ELP", "common lymphocyte progenitor", "lymphoid stem cell"]}, {"label": "non-terminally differentiated cell", "id": "CL:0000055", "synonyms": ["blast cell"]}, {"label": "myoblast", "id": "CL:0000056"}, {"label": "fibroblast", "id": "CL:0000057"}, {"label": "osteoblast", "id": "CL:0000062"}, {"label": "ciliated cell", "id": "CL:0000064"}, {"label": "ependymal cell", "id": "CL:0000065", "synonyms": ["ependymocyte"]}, {"label": "epithelial cell", "id": "CL:0000066", "synonyms": ["epitheliocyte"]}, {"label": "ciliated epithelial cell", "id": "CL:0000067"}, {"label": "duct epithelial cell", "id": "CL:0000068"}, {"label": "branched duct epithelial cell", "id": "CL:0000069"}, {"label": "blood vessel endothelial cell", "id": "CL:0000071", "synonyms": ["cuboidal endothelial cell of vascular tree"]}, {"label": "non-branched duct epithelial cell", "id": "CL:0000072"}, {"label": "columnar/cuboidal epithelial cell", "id": "CL:0000075"}, {"label": "squamous epithelial cell", "id": "CL:0000076"}, {"label": "mesothelial cell", "id": "CL:0000077", "synonyms": ["mesotheliocyte"]}, {"label": "stratified epithelial cell", "id": "CL:0000079"}, {"label": "circulating cell", "id": "CL:0000080"}, {"label": "blood cell", "id": "CL:0000081"}, {"label": "epithelial cell of lung", "id": "CL:0000082", "synonyms": ["lung epithelial cell"]}, {"label": "epithelial cell of pancreas", "id": "CL:0000083", "synonyms": ["pancreas epithelial cell", "pancreatic epithelial cell"]}, {"label": "T cell", "id": "CL:0000084", "synonyms": ["T-lymphocyte", "immature T cell", "mature T cell", "T-cell", "T lymphocyte"]}, {"label": "Kupffer cell", "id": "CL:0000091", "synonyms": ["macrophagocytus stellatus", "hepatic macrophage", "littoral cell of hepatic sinusoid", "stellate cell of von Kupffer", "von Kupffer cell", "liver macrophage"]}, {"label": "osteoclast", "id": "CL:0000092", "synonyms": ["chondroclast"]}, {"label": "granulocyte", "id": "CL:0000094", "synonyms": ["granular leukocyte", "polymorphonuclear leukocyte", "granular leucocyte"]}, {"label": "neuron associated cell", "id": "CL:0000095"}, {"label": "mast cell", "id": "CL:0000097", "synonyms": ["labrocyte", "histaminocyte", "tissue basophil", "mastocyte"]}, {"label": "sensory epithelial cell", "id": "CL:0000098", "synonyms": ["neuroepithelial cell"]}, {"label": "interneuron", "id": "CL:0000099"}, {"label": "motor neuron", "id": "CL:0000100", "synonyms": ["motoneuron"]}, {"label": "sensory neuron", "id": "CL:0000101"}, {"label": "bipolar neuron", "id": "CL:0000103"}, {"label": "multipolar neuron", "id": "CL:0000104"}, {"label": "autonomic neuron", "id": "CL:0000107"}, {"label": "mononuclear phagocyte", "id": "CL:0000113"}, {"label": "surface ectodermal cell", "id": "CL:0000114", "synonyms": ["cell of surface ectoderm", "surface ectoderm cell"]}, {"label": "endothelial cell", "id": "CL:0000115", "synonyms": ["endotheliocyte"]}, {"label": "CNS neuron (sensu Vertebrata)", "id": "CL:0000117"}, {"label": "cerebellar Golgi cell", "id": "CL:0000119", "synonyms": ["Golgi cell", "cerebellar Golgi neuron", "cerebellum Golgi cell", "Golgi neuron"]}, {"label": "granule cell", "id": "CL:0000120"}, {"label": "Purkinje cell", "id": "CL:0000121", "synonyms": ["cerebellum Purkinje cell", "Purkinje neuron", "Purkinje's cell", "cerebellar Purkinje cell"]}, {"label": "stellate neuron", "id": "CL:0000122"}, {"label": "neuron associated cell (sensu Vertebrata)", "id": "CL:0000123"}, {"label": "glial cell", "id": "CL:0000125", "synonyms": ["neuroglial cell", "neuroglia"]}, {"label": "macroglial cell", "id": "CL:0000126", "synonyms": ["macroglia", "macrogliocyte"]}, {"label": "astrocyte", "id": "CL:0000127", "synonyms": ["astrocytic glia"]}, {"label": "oligodendrocyte", "id": "CL:0000128", "synonyms": ["oligodendroglia", "OLs"]}, {"label": "microglial cell", "id": "CL:0000129", "synonyms": ["brain-resident macrophage", "brain macrophage", "MF.microglia.CNS", "microglia", "hortega cells", "microgliocyte"]}, {"label": "gut endothelial cell", "id": "CL:0000131"}, {"label": "corneal endothelial cell", "id": "CL:0000132"}, {"label": "mesenchymal stem cell", "id": "CL:0000134", "synonyms": ["stem cells, mesenchymal", "mesenchymal stromal cells", "mesenchymal stromal cell", "marrow stromal cells", "mesenchymal precursor cell", "mesenchymal stem cell", "colony-forming unit-fibroblast", "MSC", "mesenchymal progenitor cells", "bone marrow stromal cells", "BMSC", "CFU-F"]}, {"label": "fibrocyte", "id": "CL:0000135"}, {"label": "fat cell", "id": "CL:0000136", "synonyms": ["adipose cell", "adipocyte"]}, {"label": "chondrocyte", "id": "CL:0000138", "synonyms": ["cartilage cell"]}, {"label": "professional antigen presenting cell", "id": "CL:0000145", "synonyms": ["APC"]}, {"label": "pigment cell", "id": "CL:0000147", "synonyms": ["chromatophore", "chromatocyte"]}, {"label": "melanocyte", "id": "CL:0000148", "synonyms": ["melanophore"]}, {"label": "visual pigment cell", "id": "CL:0000149", "synonyms": ["pigment cell"]}, {"label": "glandular epithelial cell", "id": "CL:0000150"}, {"label": "secretory cell", "id": "CL:0000151"}, {"label": "exocrine cell", "id": "CL:0000152"}, {"label": "glycosaminoglycan secreting cell", "id": "CL:0000153", "synonyms": ["GAG secreting cell", "hyaluronic acid secreting cell"]}, {"label": "protein secreting cell", "id": "CL:0000154"}, {"label": "surfactant secreting cell", "id": "CL:0000157"}, {"label": "club cell", "id": "CL:0000158", "synonyms": ["Clara cell"]}, {"label": "seromucus secreting cell", "id": "CL:0000159"}, {"label": "goblet cell", "id": "CL:0000160", "synonyms": ["chalice cell"]}, {"label": "acid secreting cell", "id": "CL:0000161"}, {"label": "endocrine cell", "id": "CL:0000163", "synonyms": ["endocrinocyte"]}, {"label": "enteroendocrine cell", "id": "CL:0000164"}, {"label": "neuroendocrine cell", "id": "CL:0000165", "synonyms": ["neurosecretory neuron", "neurosecretory cell"]}, {"label": "chromaffin cell", "id": "CL:0000166", "synonyms": ["phaeochromocyte"]}, {"label": "peptide hormone secreting cell", "id": "CL:0000167"}, {"label": "insulin secreting cell", "id": "CL:0000168"}, {"label": "type B pancreatic cell", "id": "CL:0000169", "synonyms": ["beta cell", "B-cell of pancreatic islet", "pancreatic islet core", "beta cell of pancreatic islet", "pancreatic beta cell", "type B enteroendocrine cell", "pancreatic B-cell", "insulin-secreting cell", "pancreatic B cell", "beta cell islet"]}, {"label": "glucagon secreting cell", "id": "CL:0000170", "synonyms": ["glucagon-secreting cell"]}, {"label": "pancreatic A cell", "id": "CL:0000171", "synonyms": ["pancreatic alpha cell", "alpha cell of islet of Langerhans"]}, {"label": "somatostatin secreting cell", "id": "CL:0000172"}, {"label": "pancreatic D cell", "id": "CL:0000173", "synonyms": ["pancreatic delta cell", "somatostatin-secreting pancreatic cell", "pancreatic D-cell", "D-cell of pancreatic islet", "delta cell of islet", "delta cell of pancreatic islet"]}, {"label": "steroid hormone secreting cell", "id": "CL:0000174"}, {"label": "testosterone secreting cell", "id": "CL:0000177"}, {"label": "Leydig cell", "id": "CL:0000178", "synonyms": ["interstitial cell of Leydig", "interstitial cell"]}, {"label": "hepatocyte", "id": "CL:0000182"}, {"label": "contractile cell", "id": "CL:0000183"}, {"label": "myoepithelial cell", "id": "CL:0000185", "synonyms": ["basket epithelial cell", "myoepitheliocyte"]}, {"label": "myofibroblast cell", "id": "CL:0000186", "synonyms": ["MFB"]}, {"label": "muscle cell", "id": "CL:0000187", "synonyms": ["myocyte", "muscle fiber"]}, {"label": "cell of skeletal muscle", "id": "CL:0000188", "synonyms": ["skeletal muscle cell"]}, {"label": "slow muscle cell", "id": "CL:0000189", "synonyms": ["slow muscle fiber"]}, {"label": "fast muscle cell", "id": "CL:0000190", "synonyms": ["glycolytic muscle fiber"]}, {"label": "smooth muscle cell", "id": "CL:0000192", "synonyms": ["smooth muscle fiber", "myocytes, smooth muscle", "non-striated muscle cell", "SMCs"]}, {"label": "sensory receptor cell", "id": "CL:0000197", "synonyms": ["receptor cell"]}, {"label": "chemoreceptor cell", "id": "CL:0000206"}, {"label": "taste receptor cell", "id": "CL:0000209", "synonyms": ["taste bud cell"]}, {"label": "photoreceptor cell", "id": "CL:0000210"}, {"label": "electrically active cell", "id": "CL:0000211"}, {"label": "absorptive cell", "id": "CL:0000212"}, {"label": "lining cell", "id": "CL:0000213", "synonyms": ["boundary cell"]}, {"label": "barrier cell", "id": "CL:0000215"}, {"label": "Sertoli cell", "id": "CL:0000216"}, {"label": "motile cell", "id": "CL:0000219"}, {"label": "ectodermal cell", "id": "CL:0000221", "synonyms": ["ectoderm cell"]}, {"label": "mesodermal cell", "id": "CL:0000222", "synonyms": ["mesoblast", "mesoderm cell"]}, {"label": "anucleate cell", "id": "CL:0000225", "synonyms": ["non-nucleated cell"]}, {"label": "single nucleate cell", "id": "CL:0000226"}, {"label": "multinucleate cell", "id": "CL:0000228", "synonyms": ["syncytial cell", "syncytium", "syncitium"]}, {"label": "erythrocyte", "id": "CL:0000232", "synonyms": ["RBC", "red blood cell"]}, {"label": "platelet", "id": "CL:0000233", "synonyms": ["anucleate thrombocyte", "blood platelet", "enucleate thrombocyte"]}, {"label": "phagocyte", "id": "CL:0000234"}, {"label": "macrophage", "id": "CL:0000235", "synonyms": ["histiocyte"]}, {"label": "B cell", "id": "CL:0000236", "synonyms": ["B-cell", "B-lymphocyte", "B lymphocyte"]}, {"label": "keratinizing barrier epithelial cell", "id": "CL:0000237"}, {"label": "eye photoreceptor cell", "id": "CL:0000287"}, {"label": "gamete", "id": "CL:0000300", "synonyms": ["haploid germ cell", "haploid nucleated cell"]}, {"label": "crystallin accumulating cell", "id": "CL:0000306", "synonyms": ["lens cell"]}, {"label": "tracheal epithelial cell", "id": "CL:0000307", "synonyms": ["tracheocyte"]}, {"label": "keratin accumulating cell", "id": "CL:0000311"}, {"label": "keratinocyte", "id": "CL:0000312", "synonyms": ["malpighian cell", "keratinized cell of epidermis"]}, {"label": "serous secreting cell", "id": "CL:0000313", "synonyms": ["serous cell"]}, {"label": "mucus secreting cell", "id": "CL:0000319", "synonyms": ["mucous cell"]}, {"label": "pneumocyte", "id": "CL:0000322", "synonyms": ["alveolar epithelial cell", "pneumonocyte"]}, {"label": "lysozyme secreting cell", "id": "CL:0000323"}, {"label": "stuff accumulating cell", "id": "CL:0000325"}, {"label": "extracellular matrix secreting cell", "id": "CL:0000327"}, {"label": "oxygen accumulating cell", "id": "CL:0000329"}, {"label": "extraembryonic cell", "id": "CL:0000349"}, {"label": "trophoblast cell", "id": "CL:0000351", "synonyms": ["trophoblastic cell"]}, {"label": "sphincter associated smooth muscle cell", "id": "CL:0000358"}, {"label": "vascular associated smooth muscle cell", "id": "CL:0000359", "synonyms": ["vascular smooth muscle cell", "VSMC"]}, {"label": "epidermal cell", "id": "CL:0000362", "synonyms": ["epithelial cell of skin", "cell of epidermis"]}, {"label": "attachment cell", "id": "CL:0000386"}, {"label": "tendon cell", "id": "CL:0000388", "synonyms": ["muscle attachment cell", "tenocyte"]}, {"label": "electrically responsive cell", "id": "CL:0000393"}, {"label": "ganglion interneuron", "id": "CL:0000397"}, {"label": "CNS interneuron", "id": "CL:0000402"}, {"label": "electrically signaling cell", "id": "CL:0000404"}, {"label": "male gamete", "id": "CL:0000408"}, {"label": "polyploid cell", "id": "CL:0000412"}, {"label": "haploid cell", "id": "CL:0000413"}, {"label": "endopolyploid cell", "id": "CL:0000417"}, {"label": "excretory cell", "id": "CL:0000424"}, {"label": "reticular cell", "id": "CL:0000432", "synonyms": ["reticulum cell"]}, {"label": "follicular dendritic cell", "id": "CL:0000442"}, {"label": "carbohydrate secreting cell", "id": "CL:0000447"}, {"label": "white fat cell", "id": "CL:0000448", "synonyms": ["white fat cell", "white adipocyte", "white adipose cell"]}, {"label": "brown fat cell", "id": "CL:0000449", "synonyms": ["brown adipocyte", "brown adipose cell"]}, {"label": "dendritic cell", "id": "CL:0000451", "synonyms": ["interdigitating cell", "veiled cell"]}, {"label": "Langerhans cell", "id": "CL:0000453", "synonyms": ["LC"]}, {"label": "biogenic amine secreting cell", "id": "CL:0000457"}, {"label": "serotonin secreting cell", "id": "CL:0000458", "synonyms": ["5-HT secreting cell", "5-Hydroxytryptamine secreting cell"]}, {"label": "defensive cell", "id": "CL:0000473"}, {"label": "mucosal type mast cell", "id": "CL:0000485", "synonyms": ["MCT", "MC(T)", "T mast cells"]}, {"label": "CD4-positive helper T cell", "id": "CL:0000492", "synonyms": ["CD4-positive helper T-cell", "CD4-positive T-helper cell", "CD4-positive helper T-lymphocyte", "CD4-positive helper T lymphocyte"]}, {"label": "inhibitory interneuron", "id": "CL:0000498"}, {"label": "stromal cell", "id": "CL:0000499"}, {"label": "follicular epithelial cell", "id": "CL:0000500"}, {"label": "granulosa cell", "id": "CL:0000501", "synonyms": ["granulosa cell of ovary"]}, {"label": "type D enteroendocrine cell", "id": "CL:0000502", "synonyms": ["D cell"]}, {"label": "theca cell", "id": "CL:0000503"}, {"label": "enkephalin secreting cell", "id": "CL:0000506"}, {"label": "endorphin secreting cell", "id": "CL:0000507"}, {"label": "paneth cell", "id": "CL:0000510"}, {"label": "androgen binding protein secreting cell", "id": "CL:0000511"}, {"label": "cardiac muscle myoblast", "id": "CL:0000513", "synonyms": ["cardiac muscle progenitor cell", "cardiomyocyte progenitor cell"]}, {"label": "smooth muscle myoblast", "id": "CL:0000514", "synonyms": ["satellite cell", "myoblast, smooth muscle"]}, {"label": "phagocyte (sensu Vertebrata)", "id": "CL:0000518"}, {"label": "syncytiotrophoblast cell", "id": "CL:0000525", "synonyms": ["plasmidotrophoblast", "syntrophoblast", "syncytial trophoblast"]}, {"label": "afferent neuron", "id": "CL:0000526", "synonyms": ["input neuron"]}, {"label": "efferent neuron", "id": "CL:0000527", "synonyms": ["output neuron"]}, {"label": "pigmented epithelial cell", "id": "CL:0000529"}, {"label": "neuron", "id": "CL:0000540", "synonyms": ["nerve cell"]}, {"label": "lymphocyte", "id": "CL:0000542"}, {"label": "T-helper 1 cell", "id": "CL:0000545", "synonyms": ["Th1 CD4+ T cell", "helper T cell type 1", "Th1 T lymphocyte", "Th1 T-lymphocyte", "Th1 cell", "T helper cells type 1", "T(H)-1 cell", "Th1 T-cell", "Th1 T cell"]}, {"label": "T-helper 2 cell", "id": "CL:0000546", "synonyms": ["helper T cell type 2", "Th2 T-lymphocyte", "T(H)-2 cell", "T helper cells type 2", "Th2 cell", "Th2 T-cell", "Th2 T cell", "Th2 T lymphocyte"]}, {"label": "proerythroblast", "id": "CL:0000547", "synonyms": ["pronormoblast", "rubriblast"]}, {"label": "animal cell", "id": "CL:0000548", "synonyms": ["metazoan cell"]}, {"label": "neuronal brush cell", "id": "CL:0000555"}, {"label": "megakaryocyte", "id": "CL:0000556", "synonyms": ["megalocaryocyte", "megalokaryocyte", "megacaryocyte"]}, {"label": "granulocyte monocyte progenitor cell", "id": "CL:0000557", "synonyms": ["CFU-C , Colony forming unit in culture", "colony forming unit granulocyte macrophage", "GMP", "granulocyte-macrophage progenitor", "granulocyte/monocyte progenitor", "granulocyte/monocyte precursor", "CFU-GM"]}, {"label": "reticulocyte", "id": "CL:0000558"}, {"label": "promonocyte", "id": "CL:0000559"}, {"label": "amacrine cell", "id": "CL:0000561", "synonyms": ["AC", "ACs", "amacrine neuron"]}, {"label": "amine precursor uptake and decarboxylation cell", "id": "CL:0000568", "synonyms": ["APUD cell"]}, {"label": "retinal cone cell", "id": "CL:0000573", "synonyms": ["cone"]}, {"label": "corneal epithelial cell", "id": "CL:0000575", "synonyms": ["epithelial cell of cornea"]}, {"label": "monocyte", "id": "CL:0000576"}, {"label": "type EC enteroendocrine cell", "id": "CL:0000577", "synonyms": ["Kulchitsky cell", "enterochromaffin cell", "argentaffin cell"]}, {"label": "experimentally modified cell in vitro", "id": "CL:0000578"}, {"label": "alveolar macrophage", "id": "CL:0000583", "synonyms": ["dust cell", "MF.Lu"]}, {"label": "enterocyte", "id": "CL:0000584", "synonyms": ["mature enterocyte", "differentiated enterocyte"]}, {"label": "germ cell", "id": "CL:0000586"}, {"label": "androgen secreting cell", "id": "CL:0000593"}, {"label": "skeletal muscle satellite cell", "id": "CL:0000594"}, {"label": "enucleate erythrocyte", "id": "CL:0000595", "synonyms": ["RBC", "red blood cell"]}, {"label": "pyramidal neuron", "id": "CL:0000598", "synonyms": ["pyramidal cell", "projection neuron", "pyramidal neuron"]}, {"label": "retinal rod cell", "id": "CL:0000604", "synonyms": ["rod"]}, {"label": "GABAergic neuron", "id": "CL:0000617", "synonyms": ["GABA-ergic neuron"]}, {"label": "acinar cell", "id": "CL:0000622", "synonyms": ["acinous cell", "acinic cell"]}, {"label": "natural killer cell", "id": "CL:0000623", "synonyms": ["NK cell", "null cell", "large granular lymphocyte"]}, {"label": "CD4-positive, alpha-beta T cell", "id": "CL:0000624", "synonyms": ["CD4-positive, alpha-beta T-cell", "CD4-positive, alpha-beta T-lymphocyte", "CD4-positive, alpha-beta T lymphocyte"]}, {"label": "CD8-positive, alpha-beta T cell", "id": "CL:0000625", "synonyms": ["CD8-positive, alpha-beta T lymphocyte", "CD8-positive, alpha-beta T-lymphocyte", "CD8-positive, alpha-beta T-cell"]}, {"label": "transporting cell", "id": "CL:0000627"}, {"label": "supporting cell", "id": "CL:0000630", "synonyms": ["supportive cell"]}, {"label": "hepatic stellate cell", "id": "CL:0000632", "synonyms": ["lipocyte", "fat-storing cell", "perisinusoidal cell", "hepatic perisinusoidal cell", "Ito cell", "vitamin A-storing cells"]}, {"label": "Mueller cell", "id": "CL:0000636", "synonyms": ["Muller cell", "M\u00fcller cell", "Muller glia"]}, {"label": "Bergmann glial cell", "id": "CL:0000644", "synonyms": ["Bergmann astrocyte", "Bergmann glial cell of cerebellum"]}, {"label": "basal cell", "id": "CL:0000646"}, {"label": "mesangial cell", "id": "CL:0000650", "synonyms": ["kidney mesangial cell"]}, {"label": "podocyte", "id": "CL:0000653", "synonyms": ["glomerular visceral epithelial cell", "renal podocyte", "epithelial cell of visceral layer of glomerular capsule", "glomerular podocyte", "kidney podocyte"]}, {"label": "fenestrated cell", "id": "CL:0000666", "synonyms": ["window cell"]}, {"label": "collagen secreting cell", "id": "CL:0000667"}, {"label": "pericyte", "id": "CL:0000669", "synonyms": ["adventitial reticular cell", "pericyte cell", "ARC", "cell of Rouget", "pericyte of Rouget", "adventitial cell"]}, {"label": "gut absorptive cell", "id": "CL:0000677"}, {"label": "glutamatergic neuron", "id": "CL:0000679"}, {"label": "muscle precursor cell", "id": "CL:0000680"}, {"label": "radial glial cell", "id": "CL:0000681", "synonyms": ["forebrain radial glial cell"]}, {"label": "M cell of gut", "id": "CL:0000682", "synonyms": ["M-cell", "microfold cell", "M cell"]}, {"label": "Cajal-Retzius cell", "id": "CL:0000695", "synonyms": ["CR cells", "Horizontal cells of Cajal"]}, {"label": "PP cell", "id": "CL:0000696", "synonyms": ["type F enteroendocrine cell"]}, {"label": "endothelial tip cell", "id": "CL:0000704"}, {"label": "choroid plexus epithelial cell", "id": "CL:0000706", "synonyms": ["epithelial cell of choroid plexus"]}, {"label": "leptomeningeal cell", "id": "CL:0000708", "synonyms": ["leptomemingeal cell"]}, {"label": "neurecto-epithelial cell", "id": "CL:0000710", "synonyms": ["neuroepithelial cell"]}, {"label": "brush border epithelial cell", "id": "CL:0000239"}, {"label": "stratified squamous epithelial cell", "id": "CL:0000240"}, {"label": "transitional epithelial cell", "id": "CL:0000244"}, {"label": "eukaryotic cell", "id": "CL:0000255"}, {"label": "ON-bipolar cell", "id": "CL:0000749"}, {"label": "OFF-bipolar cell", "id": "CL:0000750"}, {"label": "rod bipolar cell", "id": "CL:0000751"}, {"label": "myeloid cell", "id": "CL:0000763"}, {"label": "erythroid lineage cell", "id": "CL:0000764", "synonyms": ["erythropoietic cell"]}, {"label": "erythroblast", "id": "CL:0000765", "synonyms": ["normoblast"]}, {"label": "myeloid leukocyte", "id": "CL:0000766"}, {"label": "basophil", "id": "CL:0000767", "synonyms": ["basophilic leucocyte", "polymorphonuclear leukocyte", "polymorphonuclear leucocyte", "basophilic leukocyte"]}, {"label": "eosinophil", "id": "CL:0000771", "synonyms": ["polymorphonuclear leucocyte", "eosinophilic granulocyte", "eosinophilic leucocyte", "eosinophilic leukocyte", "eosinocyte", "polymorphonuclear leukocyte"]}, {"label": "neutrophil", "id": "CL:0000775", "synonyms": ["PMN", "neutrophil leucocyte", "polymorphonuclear neutrophil", "polynuclear neutrophilic leucocyte", "neutrophil leukocyte", "polynuclear neutrophilic leukocyte", "neutrophilic leukocyte", "polymorphonuclear leucocyte", "neutrocyte", "neutrophilic leucocyte", "polymorphonuclear leukocyte", "poly"]}, {"label": "immature neutrophil", "id": "CL:0000776", "synonyms": ["immature neutrophil leukocyte", "immature neutrophilic leucocyte", "immature neutrocyte", "immature neutrophil leucocyte", "immatuer neutrophilic leukocyte"]}, {"label": "myeloid dendritic cell", "id": "CL:0000782", "synonyms": ["CD11c+CD123- DC", "interdigitating cell", "veiled cell", "mDC"]}, {"label": "plasmacytoid dendritic cell", "id": "CL:0000784", "synonyms": ["plasmacytoid monocyte", "type 2 DC", "DC2", "interferon-producing cell", "pDC", "plasmacytoid T cell", "lymphoid dendritic cell", "IPC", "T-associated plasma cell"]}, {"label": "mature B cell", "id": "CL:0000785", "synonyms": ["mature B-lymphocyte", "mature B-cell", "mature B lymphocyte"]}, {"label": "plasma cell", "id": "CL:0000786", "synonyms": ["plasmocyte", "effector B cell", "plasma B cell", "plasmacyte", "plasma B-cell", "effector B-cell"]}, {"label": "memory B cell", "id": "CL:0000787", "synonyms": ["memory B lymphocyte", "memory B-lymphocyte", "memory B-cell"]}, {"label": "naive B cell", "id": "CL:0000788", "synonyms": ["naive B-cell", "naive B-lymphocyte", "naive B lymphocyte"]}, {"label": "alpha-beta T cell", "id": "CL:0000789", "synonyms": ["alpha-beta T lymphocyte", "alpha-beta T-cell", "alpha-beta T-lymphocyte"]}, {"label": "immature alpha-beta T cell", "id": "CL:0000790", "synonyms": ["immature alpha-beta T-lymphocyte", "immature alpha-beta T-cell", "immature alpha-beta T lymphocyte"]}, {"label": "mature alpha-beta T cell", "id": "CL:0000791", "synonyms": ["mature alpha-beta T-lymphocyte", "mature alpha-beta T-cell", "mature alpha-beta T lymphocyte"]}, {"label": "CD4-positive, CD25-positive, alpha-beta regulatory T cell", "id": "CL:0000792", "synonyms": ["suppressor T-cell", "Treg", "CD4-positive, CD25-positive, alpha-beta regulatory T lymphocyte", "CD4-positive, CD25-positive, alpha-beta regulatory T-cell", "suppressor T-lymphocyte", "CD4-positive, CD25-positive, alpha-beta regulatory T-lymphocyte", "suppressor T lymphocyte", "suppressor T cell"]}, {"label": "CD8-positive, alpha-beta cytotoxic T cell", "id": "CL:0000794", "synonyms": ["cytotoxic T lymphocyte", "cytotoxic T-lymphocyte", "killer T-cell", "killer T cell", "CD8-positive, alpha-beta cytotoxic T-lymphocyte", "cytotoxic T cell", "cytotoxic T-cell", "killer T lymphocyte", "CD8-positive, alpha-beta cytotoxic T lymphocyte", "killer T-lymphocyte", "CD8-positive, alpha-beta cytotoxic T-cell"]}, {"label": "CD8-alpha-beta-positive, alpha-beta intraepithelial T cell", "id": "CL:0000796", "synonyms": ["CD8-positive, alpha-beta intraepithelial T-cell", "CD8-positive, alpha-beta intraepithelial T-lymphocyte", "CD8-positive, alpha-beta intraepithelial T lymphocyte", "intraepithelial lymphocyte", "IEL"]}, {"label": "alpha-beta intraepithelial T cell", "id": "CL:0000797", "synonyms": ["alpha-beta intraepithelial T-cell", "alpha-beta intraepithelial T-lymphocyte", "intraepithelial lymphocyte", "alpha-beta intraepithelial T lymphocyte", "IEL"]}, {"label": "gamma-delta T cell", "id": "CL:0000798", "synonyms": ["gammadelta T cell", "gd T cell", "gamma-delta T lymphocyte", "gamma-delta T-cell", "gamma-delta T-lymphocyte"]}, {"label": "mature gamma-delta T cell", "id": "CL:0000800", "synonyms": ["mature gamma-delta T-lymphocyte", "mature gamma-delta T-cell", "mature gamma-delta T lymphocyte"]}, {"label": "gamma-delta intraepithelial T cell", "id": "CL:0000801", "synonyms": ["gamma-delta intraepithelial T-lymphocyte", "gamma-delta intraepithelial T lymphocyte", "gamma-delta intraepithelial T-cell", "intraepithelial lymphocyte", "IEL"]}, {"label": "CD8-alpha alpha positive, gamma-delta intraepithelial T cell", "id": "CL:0000802", "synonyms": ["CD8-positive, gamma-delta intraepithelial T-cell", "CD8-positive, gamma-delta intraepithelial T lymphocyte", "intraepithelial lymphocyte", "CD8-positive, gamma-delta intraepithelial T-lymphocyte", "IEL"]}, {"label": "DN3 thymocyte", "id": "CL:0000807", "synonyms": ["TN3 thymocyte", "DN3 cell", "preT.DN3.Th", "early cortical thymocyte", "DN3 alpha-beta immature T-lymphocyte", "DN3 alpha-beta immature T lymphocyte", "DN3 alpha-beta immature T-cell", "TN3 cell", "double negative 3", "DN3 immature T cell"]}, {"label": "DN4 thymocyte", "id": "CL:0000808", "synonyms": ["DN4 alpha-beta immature T-lymphocyte", "early cortical thymocyte", "DN4 alpha-beta immature T lymphocyte", "double negative 4", "DN4 immature T cell", "DN4 cell", "T.DN4.th", "DN4 immature T-cell"]}, {"label": "double-positive, alpha-beta thymocyte", "id": "CL:0000809", "synonyms": ["late cortical thymocyte", "double-positive, alpha-beta immature T lymphocyte", "DP thymocyte", "DP cell"]}, {"label": "CD4-positive, alpha-beta thymocyte", "id": "CL:0000810", "synonyms": ["CD4-positive, alpha-beta immature T-lymphocyte", "CD4-positive, alpha-beta immature T lymphocyte", "SP CD4 cell", "CD4-positive, alpha-beta immature T-cell"]}, {"label": "CD8-positive, alpha-beta thymocyte", "id": "CL:0000811", "synonyms": ["CD8-positive, alpha-beta immature T-lymphocyte", "CD8-positive, alpha-beta immature T lymphocyte", "SP CD8 cell", "CD8-positive, alpha-beta immature T cell", "CD8-positive, alpha-beta immature T-cell"]}, {"label": "memory T cell", "id": "CL:0000813", "synonyms": ["memory T-cell", "memory T lymphocyte", "memory T-lymphocyte"]}, {"label": "mature NK T cell", "id": "CL:0000814", "synonyms": ["mature NKT cell", "mature NK T-lymphocyte", "mature natural killer T-lymphocyte", "mature natural killer T lymphocyte", "mature NK T lymphocyte", "mature NK T-cell", "mature natural killer T-cell", "mature natural killer T cell"]}, {"label": "regulatory T cell", "id": "CL:0000815", "synonyms": ["regulatory T lymphocyte", "suppressor T-cell", "Treg", "suppressor T-lymphocyte", "regulatory T-lymphocyte", "suppressor T lymphocyte", "regulatory T-cell", "suppressor T cell"]}, {"label": "immature B cell", "id": "CL:0000816", "synonyms": ["immature B lymphocyte", "immature B-cell", "newly formed B cell", "immature B-lymphocyte"]}, {"label": "precursor B cell", "id": "CL:0000817", "synonyms": ["pre-B cell"]}, {"label": "transitional stage B cell", "id": "CL:0000818", "synonyms": ["transitional stage B lymphocyte", "T1 B cell", "transitional stage B-cell", "T3 B cell", "transitional stage B-lymphocyte", "transitional B cell", "T2 B cell"]}, {"label": "B-1 B cell", "id": "CL:0000819", "synonyms": ["B1 cell", "B-1 B lymphocyte", "B1 B cell", "B-1 B-cell", "B1 B-lymphocyte", "B1 B lymphocyte", "B-1 B-lymphocyte", "B1 B-cell", "B-1 cell"]}, {"label": "B-1a B cell", "id": "CL:0000820", "synonyms": ["B-1a B-cell", "CD5(+) B1 cell", "CD5+ B1 cell", "B1a B cell", "B1a B-lymphocyte", "B1a cell", "B-1a B lymphocyte", "B-1a B-lymphocyte", "B1a B-cell", "CD5-positive B1 cell", "B1a B lymphocyte"]}, {"label": "B-1b B cell", "id": "CL:0000821", "synonyms": ["B-1b B lymphocyte", "B1b B-cell", "B1b B lymphocyte", "B-1b B-lymphocyte", "B1b cell", "B-1b B-cell", "B1b B-lymphocyte", "B1b B cell"]}, {"label": "B-2 B cell", "id": "CL:0000822", "synonyms": ["B2 B lymphocyte", "B2 B-cell", "B2 B cell", "B-2 B-cell", "B2 cell", "B-0 B cell", "B-2 B-lymphocyte", "B2 B-lymphocyte", "B-2 B lymphocyte"]}, {"label": "immature natural killer cell", "id": "CL:0000823", "synonyms": ["p-NK", "immature NK cell"]}, {"label": "mature natural killer cell", "id": "CL:0000824", "synonyms": ["LAK cell", "lymphokine activated killer cell", "mature NK cell"]}, {"label": "pro-B cell", "id": "CL:0000826", "synonyms": ["progenitor B lymphocyte", "pro-B-cell", "pro-B lymphocyte", "progenitor B cell", "pro-B-lymphocyte", "progenitor B-lymphocyte", "pre-B cell (Philadelphia nomenclature)", "pre-pro B cell", "progenitor B-cell"]}, {"label": "pro-T cell", "id": "CL:0000827", "synonyms": ["TN1 cell", "pro-T lymphocyte", "progenitor T cell", "DN1 thymocyte", "DN1 cell"]}, {"label": "promyelocyte", "id": "CL:0000836"}, {"label": "hematopoietic multipotent progenitor cell", "id": "CL:0000837", "synonyms": ["hemopoietic progenitor cell", "MPP"]}, {"label": "lymphoid lineage restricted progenitor cell", "id": "CL:0000838", "synonyms": ["lymphoid progenitor cell"]}, {"label": "myeloid lineage restricted progenitor cell", "id": "CL:0000839", "synonyms": ["myeloid progenitor cell"]}, {"label": "mature conventional dendritic cell", "id": "CL:0000841", "synonyms": ["mature dendritic cell", "mature myeloid dendritic cell"]}, {"label": "mononuclear cell", "id": "CL:0000842", "synonyms": ["mononuclear leukocyte", "peripheral blood mononuclear cell"]}, {"label": "follicular B cell", "id": "CL:0000843", "synonyms": ["Fo B cell", "follicular B-lymphocyte", "follicular B-cell", "follicular B lymphocyte", "Fo B-cell"]}, {"label": "germinal center B cell", "id": "CL:0000844", "synonyms": ["germinal center B lymphocyte", "germinal center B-lymphocyte", "GC B-cell", "germinal center B-cell", "GC B cell", "GC B-lymphocyte", "GC B lymphocyte"]}, {"label": "classical monocyte", "id": "CL:0000860", "synonyms": ["inflammatory monocyte"]}, {"label": "elicited macrophage", "id": "CL:0000861", "synonyms": ["wandering histiocyte", "free macrophage"]}, {"label": "inflammatory macrophage", "id": "CL:0000863", "synonyms": ["M1 macrophage", "classically activated macrophage"]}, {"label": "tissue-resident macrophage", "id": "CL:0000864", "synonyms": ["fixed macrophage", "resting histiocyte"]}, {"label": "non-classical monocyte", "id": "CL:0000875", "synonyms": ["resident monocyte", "patrolling monocyte"]}, {"label": "central nervous system macrophage", "id": "CL:0000878", "synonyms": ["CNS macrophage"]}, {"label": "alternatively activated macrophage", "id": "CL:0000890", "synonyms": ["M2 macrophage"]}, {"label": "thymocyte", "id": "CL:0000893", "synonyms": ["immature T cell", "immature T lymphocyte", "immature T-cell", "immature T-lymphocyte", "thymic lymphocyte"]}, {"label": "DN1 thymic pro-T cell", "id": "CL:0000894", "synonyms": ["double negative 1", "DN1 thymic progenitor T cell", "DN1 thymic pro-T-cell", "DN1 thymic pro-T lymphocyte", "DN1 thymocyte", "preT.DN1.Th", "DN1 thymic pro-T-lymphocyte"]}, {"label": "naive thymus-derived CD4-positive, alpha-beta T cell", "id": "CL:0000895", "synonyms": ["naive thymus-derived CD4-positive, alpha-beta T lymphocyte", "naive thymus-derived CD4-positive, alpha-beta T-cell", "naive thymus-derived CD4-positive, alpha-beta T-lymphocyte", "naive CD4+ T cell", "Th0", "T.4Nve.Sp"]}, {"label": "activated CD4-positive, alpha-beta T cell", "id": "CL:0000896", "synonyms": ["activated CD4-positive, alpha-beta T-lymphocyte", "activated CD4-positive, alpha-beta T lymphocyte", "activated CD4-positive, alpha-beta T-cell"]}, {"label": "CD4-positive, alpha-beta memory T cell", "id": "CL:0000897", "synonyms": ["CD4-positive, alpha-beta memory T-lymphocyte", "CD4-positive, alpha-beta memory T lymphocyte", "CD4-positive, alpha-beta memory T-cell", "T4.Mem.Sp"]}, {"label": "naive T cell", "id": "CL:0000898", "synonyms": ["naive T-lymphocyte", "naive T lymphocyte", "naive T-cell"]}, {"label": "T-helper 17 cell", "id": "CL:0000899", "synonyms": ["Th17 T cell", "Th17 T-cell", "helper T cell type 17", "Th17 cell", "Th17 T-lymphocyte", "T helper cells type 17", "T(H)-17 cell", "IL-17-producing CD4+ T helper", "Th17 CD4+ T cell", "Th17 T lymphocyte"]}, {"label": "naive thymus-derived CD8-positive, alpha-beta T cell", "id": "CL:0000900", "synonyms": ["naive CD8+ T cell", "naive thymus-dervied CD8-positive, alpha-beta T-cell", "naive thymus-dervied CD8-positive, alpha-beta T lymphocyte", "T.8Nve.Sp", "naive thymus-dervied CD8-positive, alpha-beta T-lymphocyte"]}, {"label": "central memory CD4-positive, alpha-beta T cell", "id": "CL:0000904", "synonyms": ["central CD4-positive, alpha-beta memory T-lymphocyte", "central memory CD4+ T cell", "central CD4-positive, alpha-beta memory T-cell", "central memory CD4-positive, alpha-beta T-lymphocyte", "central CD4-positive, alpha-beta memory T cell", "central memory CD4-positive, alpha-beta T-cell", "central memory CD4-positive, alpha-beta T lymphocyte", "central CD4-positive, alpha-beta memory T lymphocyte"]}, {"label": "effector memory CD4-positive, alpha-beta T cell", "id": "CL:0000905", "synonyms": ["effector memory CD4+ T cell", "effector CD4-positive, alpha-beta memory T lymphocyte", "effector memory CD4-positive, alpha-beta T-cell", "effector CD4-positive, alpha-beta memory T-lymphocyte", "effector CD4-positive, alpha-beta memory T cell", "effector memory CD4-positive, alpha-beta T-lymphocyte", "effector CD4-positive, alpha-beta memory T-cell", "effector memory CD4-positive, alpha-beta T lymphocyte"]}, {"label": "activated CD8-positive, alpha-beta T cell", "id": "CL:0000906", "synonyms": ["activated CD8-positive, alpha-beta T-cell", "activated CD8-positive, alpha-beta T-lymphocyte", "activated CD8-positive, alpha-beta T lymphocyte"]}, {"label": "central memory CD8-positive, alpha-beta T cell", "id": "CL:0000907", "synonyms": ["central CD8-positive, alpha-beta memory T lymphocyte", "central CD8-positive, alpha-beta memory T-cell", "central CD8-positive, alpha-beta memory T-lymphocyte", "central memory CD8+ T cell", "central memory CD8-positive, alpha-beta T lymphocyte", "central memory CD8-positive, alpha-beta T-lymphocyte", "central memory CD8-positive, alpha-beta T-cell", "central CD8-positive, alpha-beta memory T cell"]}, {"label": "CD8-positive, alpha-beta cytokine secreting effector T cell", "id": "CL:0000908", "synonyms": ["CD8-positive, alpha-beta cytokine secreting effector T-lymphocyte", "CD8-positive, alpha-beta cytokine secreting effector T-cell", "CD8-positive, alpha-beta cytokine secreting effector T lymphocyte"]}, {"label": "CD8-positive, alpha-beta memory T cell", "id": "CL:0000909", "synonyms": ["CD8-positive, alpha-beta memory T lymphocyte", "T.8Mem.Sp", "CD8-positive, alpha-beta memory T-lymphocyte", "CD8-positive, alpha-beta memory T-cell"]}, {"label": "cytotoxic T cell", "id": "CL:0000910", "synonyms": ["cytotoxic T-lymphocyte", "cytotoxic T lymphocyte", "cytotoxic T-cell"]}, {"label": "effector T cell", "id": "CL:0000911", "synonyms": ["effector T-cell", "effector T lymphocyte", "effector T-lymphocyte"]}, {"label": "effector memory CD8-positive, alpha-beta T cell", "id": "CL:0000913", "synonyms": ["effector CD8-positive, alpha-beta memory T-lymphocyte", "effector memory CD8+ T cell", "effector memory CD8-positive, alpha-beta T-cell", "effector CD8-positive, alpha-beta memory T lymphocyte", "effector CD8-positive, alpha-beta memory T cell", "effector CD8-positive, alpha-beta memory T-cell", "effector memory CD8-positive, alpha-beta T-lymphocyte", "effector memory CD8-positive, alpha-beta T lymphocyte"]}, {"label": "immature NK T cell", "id": "CL:0000914", "synonyms": ["immature NK T-cell", "immature NK T-lymphocyte", "immature NKT cell", "immature NK T lymphocyte"]}, {"label": "CD8-alpha-alpha-positive, alpha-beta intraepithelial T cell", "id": "CL:0000915", "synonyms": ["CD8-alpha-alpha-positive, alpha-beta intraepithelial T-cell", "CD8-alpha-alpha-positive, alpha-beta intraepithelial T-lymphocyte", "CD8-alpha-alpha-positive, alpha-beta intraepithelial T lymphocyte"]}, {"label": "type I NK T cell", "id": "CL:0000921", "synonyms": ["type I NK T-lymphocyte", "type I NK T-cell", "type I NK T lymphocyte", "invariant NK T cell", "type I NKT cell", "classical NK T cell"]}, {"label": "CD4-positive, alpha-beta cytotoxic T cell", "id": "CL:0000934", "synonyms": ["CD4-positive, alpha-beta cytotoxic T-lymphocyte", "CD4-positive, alpha-beta cytotoxic T lymphocyte", "CD4-positive, alpha-beta cytotoxic T-cell"]}, {"label": "early lymphoid progenitor", "id": "CL:0000936", "synonyms": ["ELP", "lymphoid-primed multipotent progenitor", "LMPP", "GMLP"]}, {"label": "CD16-negative, CD56-bright natural killer cell, human", "id": "CL:0000938", "synonyms": ["CD16-negative, CD56-bright NK cell", "CD56-bright cytokine secreting NK cell", "CD16-CD56bright NK cell", "CD56-bright cytokine secreting natural killer cell"]}, {"label": "CD16-positive, CD56-dim natural killer cell, human", "id": "CL:0000939", "synonyms": ["CD16-positive, CD56-low natural killer cell", "cytotoxic CD56-dim NK cell", "cytotoxic CD56-dim natural killer cell", "CD16-positive, CD56-dim NK cell", "CD16-positive, CD56-positive NK cell", "CD16+CD56+ NK cell", "CD16-positive, CD56-low NK cell", "CD16-positive, CD56-positive natural killer cell"]}, {"label": "mucosal invariant T cell", "id": "CL:0000940", "synonyms": ["mucosal invariant T-cell", "mucosal invariant T lymphocyte", "mucosal invariant T-lymphocyte"]}, {"label": "lymphocyte of B lineage", "id": "CL:0000945"}, {"label": "antibody secreting cell", "id": "CL:0000946"}, {"label": "small pre-B-II cell", "id": "CL:0000954", "synonyms": ["small pre-BII cell"]}, {"label": "pre-B-II cell", "id": "CL:0000955", "synonyms": ["pre-B-lymphocyte", "pre-BII cell"]}, {"label": "pre-B-I cell", "id": "CL:0000956", "synonyms": ["pre-BI cell", "pro-B cell (Philadelphia nomenclature)"]}, {"label": "large pre-B-II cell", "id": "CL:0000957", "synonyms": ["large pre-B cell", "large pre-BII cell"]}, {"label": "unswitched memory B cell", "id": "CL:0000970", "synonyms": ["unswitched memory B lymphocyte", "unswitched memory B-lymphocyte", "IgD+ memory B cell", "unswitched memory B-cell", "non-class-switched memory B cell"]}, {"label": "class switched memory B cell", "id": "CL:0000972", "synonyms": ["class switched memory B-cell", "class switched memory B lymphocyte", "class switched memory B-lymphocyte"]}, {"label": "long lived plasma cell", "id": "CL:0000974"}, {"label": "IgG memory B cell", "id": "CL:0000979", "synonyms": ["memory IgG B cell", "IgG memory B lymphocyte", "IgG memory B-cell", "memory IgG B-cell", "IgG memory B-lymphocyte", "memory IgG B lymphocyte", "memory IgG B-lymphocyte"]}, {"label": "plasmablast", "id": "CL:0000980", "synonyms": ["CD20-negative B cell", "CD27-positive, CD38-positive, CD20-negative B cell"]}, {"label": "IgG plasmablast", "id": "CL:0000982"}, {"label": "IgA plasmablast", "id": "CL:0000984"}, {"label": "IgG plasma cell", "id": "CL:0000985"}, {"label": "IgM plasma cell", "id": "CL:0000986"}, {"label": "IgA plasma cell", "id": "CL:0000987"}, {"label": "hematopoietic cell", "id": "CL:0000988", "synonyms": ["haematopoietic cell", "haemopoietic cell", "hemopoietic cell"]}, {"label": "conventional dendritic cell", "id": "CL:0000990", "synonyms": ["DC1", "cDC", "veiled cell", "type 1 DC", "dendritic reticular cell", "interdigitating cell"]}, {"label": "common dendritic progenitor", "id": "CL:0001029", "synonyms": ["CDP", "common dendritic precursor", "pro-DCs"]}, {"label": "cerebellar granule cell", "id": "CL:0001031", "synonyms": ["granule cell of the cerebellum"]}, {"label": "cell in vitro", "id": "CL:0001034"}, {"label": "bone cell", "id": "CL:0001035"}, {"label": "T-helper 22 cell", "id": "CL:0001042", "synonyms": ["Th22 cell", "T(H)-22 cell", "Th22 T cell", "Th22 T lymphocyte", "helper T cell type 22", "Th22 T-lymphocyte", "Th22 T-cell"]}, {"label": "activated CD4-positive, alpha-beta T cell, human", "id": "CL:0001043", "synonyms": ["activated CD4+ T cell", "activated CD4-positive, alpha-beta T lymphocyte, human", "activated CD4-positive, alpha-beta T-lymphocyte, human", "activated CD4-positive, alpha-beta T-cell, human"]}, {"label": "effector CD4-positive, alpha-beta T cell", "id": "CL:0001044", "synonyms": ["effector CD4-positive, alpha-beta T-cell", "effector CD4-positive, alpha-beta T lymphocyte", "effector CD4+ T cell", "effector CD4-positive, alpha-beta T-lymphocyte"]}, {"label": "activated CD8-positive, alpha-beta T cell, human", "id": "CL:0001049", "synonyms": ["activated CD8-positive, alpha-beta T-cell, human", "activated CD8-positive, alpha-beta T-lymphocyte, human", "activated CD8+ T cell", "activated CD8-positive, alpha-beta T lymphocyte, human"]}, {"label": "effector CD8-positive, alpha-beta T cell", "id": "CL:0001050", "synonyms": ["effector CD8-positive, alpha-beta T lymphocyte", "effector CD8-positive, alpha-beta T-lymphocyte", "effector CD8-positive, alpha-beta T-cell", "effector CD8+ T cell"]}, {"label": "CD4-positive, CXCR3-negative, CCR6-negative, alpha-beta T cell", "id": "CL:0001051", "synonyms": ["CD4-positive, CXCR3-negative, CCR6-negative, alpha-beta T lymphocyte", "CD4-positive, CXCR3-negative, CCR6-negative, alpha-beta T-cell", "CD4-positive, CXCR3-negative, CCR6-negative, alpha-beta T-lymphocyte", "non-Th1/Th17 CD4+ T cell"]}, {"label": "CD14-positive monocyte", "id": "CL:0001054", "synonyms": ["monocyte"]}, {"label": "dendritic cell, human", "id": "CL:0001056", "synonyms": ["dendritic cell"]}, {"label": "myeloid dendritic cell, human", "id": "CL:0001057", "synonyms": ["myeloid dendritic cell"]}, {"label": "plasmacytoid dendritic cell, human", "id": "CL:0001058", "synonyms": ["plasmacytoid dendritic cell"]}, {"label": "hematopoietic oligopotent progenitor cell, lineage-negative", "id": "CL:0001060"}, {"label": "abnormal cell", "id": "CL:0001061"}, {"label": "effector memory CD8-positive, alpha-beta T cell, terminally differentiated", "id": "CL:0001062", "synonyms": ["CD8-positive TEMRA", "CD8+ TEMRA", "TEMRA"]}, {"label": "neoplastic cell", "id": "CL:0001063", "synonyms": ["tumour cell", "tumor cell"]}, {"label": "malignant cell", "id": "CL:0001064", "synonyms": ["cancer cell"]}, {"label": "innate lymphoid cell", "id": "CL:0001065"}, {"label": "erythroid progenitor cell, mammalian", "id": "CL:0001066", "synonyms": ["burst forming unit erythroid", "erythroid stem cell", "blast forming unit erythroid", "colony forming unit erythroid", "CFU-E", "BFU-E"]}, {"label": "group 1 innate lymphoid cell", "id": "CL:0001067"}, {"label": "ILC1", "id": "CL:0001068"}, {"label": "group 2 innate lymphoid cell", "id": "CL:0001069", "synonyms": ["ILC2", "nuocyte", "natural helper cell"]}, {"label": "group 3 innate lymphoid cell", "id": "CL:0001071", "synonyms": ["ILC3"]}, {"label": "CD34-positive, CD56-positive, CD117-positive common innate lymphoid precursor, human", "id": "CL:0001074", "synonyms": ["CD34-positive, CD56-positive, CD117-positive CILP"]}, {"label": "ILC1, human", "id": "CL:0001077", "synonyms": ["innate lymphoid cell 1, human"]}, {"label": "group 2 innate lymphoid cell, human", "id": "CL:0001081", "synonyms": ["ILC2, human"]}, {"label": "immature innate lymphoid cell", "id": "CL:0001082", "synonyms": ["immature ILC"]}, {"label": "lymphocyte of B lineage, CD19-positive", "id": "CL:0001200"}, {"label": "B cell, CD19-positive", "id": "CL:0001201", "synonyms": ["B lymphocyte, CD19-positive", "B-lymphocyte, CD19-positive", "B-cell, CD19-positive", "CD19+ B cell", "CD19-positive B cell"]}, {"label": "CD8-positive, alpha-beta memory T cell, CD45RO-positive", "id": "CL:0001203", "synonyms": ["CD8-positive, alpha-beta memory T-cell, CD45RO-positive", "CD8-positive, alpha-beta memory T lymphocyte, CD45RO-positive", "CD8-positive, alpha-beta memory T-lymphocyte, CD45RO-positive"]}, {"label": "CD4-positive, alpha-beta memory T cell, CD45RO-positive", "id": "CL:0001204", "synonyms": ["CD4-positive, alpha-beta memory T lymphocyte, CD45RO-positive", "CD4-positive, alpha-beta memory T-lymphocyte, CD45RO-positive", "CD4-positive, alpha-beta memory T-cell, CD45RO-positive"]}, {"label": "macrophage dendritic cell progenitor", "id": "CL:0002009", "synonyms": ["MDP"]}, {"label": "pre-conventional dendritic cell", "id": "CL:0002010"}, {"label": "basophil mast progenitor cell", "id": "CL:0002028", "synonyms": ["BMCP"]}, {"label": "hematopoietic lineage restricted progenitor cell", "id": "CL:0002031"}, {"label": "hematopoietic oligopotent progenitor cell", "id": "CL:0002032"}, {"label": "T follicular helper cell", "id": "CL:0002038", "synonyms": ["follicular T-helper cell", "follicular helper T-cell", "follicular T-cell", "follicular helper T cell", "T(FH)", "follicular T cell", "follicular B helper T cell", "Tfh"]}, {"label": "fraction A pre-pro B cell", "id": "CL:0002045", "synonyms": ["pre pro B cell", "fraction A"]}, {"label": "late pro-B cell", "id": "CL:0002048"}, {"label": "CD14-positive, CD16-negative classical monocyte", "id": "CL:0002057", "synonyms": ["CD16- monocyte", "CD16-negative monocyte"]}, {"label": "type I pneumocyte", "id": "CL:0002062", "synonyms": ["type I alveolar epithelial cells", "squamous alveolar cell", "ATI", "lung type 1 cells", "type 1 alveolar epithelial cells", "type I alveolar cells", "membranous pneumocytes", "type 1 pneumocyte", "small alveolar cells", "pulmonary alveolar type I cell", "squamous alveolar lining cell", "AT1"]}, {"label": "type II pneumocyte", "id": "CL:0002063", "synonyms": ["type 2 alveolocyte", "type II alveolar cell", "AT2", "type 2 pneumocyte", "TII", "cuboidal type II cell", "lung type II cell", "ATII", "type 2 alveolar epithelial cell", "lung type 2 cell", "great alveolar cell", "type II alveolar epithelial cell", "granular pneumocyte", "type II alveolocyte"]}, {"label": "pancreatic acinar cell", "id": "CL:0002064", "synonyms": ["acinar cell of pancreas"]}, {"label": "type A enteroendocrine cell", "id": "CL:0002067"}, {"label": "enterocyte of epithelium of large intestine", "id": "CL:0002071", "synonyms": ["columnar cell of the colon", "columnar cell", "vacuolar absorptive cell"]}, {"label": "brush cell of trachebronchial tree", "id": "CL:0002075", "synonyms": ["pulmonary brush cell"]}, {"label": "endo-epithelial cell", "id": "CL:0002076"}, {"label": "ecto-epithelial cell", "id": "CL:0002077"}, {"label": "meso-epithelial cell", "id": "CL:0002078", "synonyms": ["epithelial mesenchymal cell"]}, {"label": "pancreatic ductal cell", "id": "CL:0002079"}, {"label": "interstitial cell of Cajal", "id": "CL:0002088", "synonyms": ["ICC", "intestinal pacemaker cell"]}, {"label": "bone marrow cell", "id": "CL:0002092"}, {"label": "interstitial cell of ovary", "id": "CL:0002094"}, {"label": "cortical cell of adrenal gland", "id": "CL:0002097", "synonyms": ["adrenocortical cell", "adrenal cortex cell"]}, {"label": "regular cardiac myocyte", "id": "CL:0002098", "synonyms": ["regular cardiac muscle cell", "regular cardiac muscle fiber"]}, {"label": "IgG-negative class switched memory B cell", "id": "CL:0002117", "synonyms": ["IgG- class switched memory B cell", "IgG-negative class switched memory B lymphocyte", "IgG- class switched memory B-lymphocyte", "IgG- class switched memory B-cell", "IgG- class switched memory B lymphocyte", "IgG-negative class switched memory B-lymphocyte", "IgG-negative class switched memory B-cell"]}, {"label": "regular atrial cardiac myocyte", "id": "CL:0002129", "synonyms": ["atrial myocyte", "atrial cardiac muscle cell", "regular atrial cardiac muscle fiber", "regular cardiac muscle cell of atrium"]}, {"label": "regular ventricular cardiac myocyte", "id": "CL:0002131", "synonyms": ["regular ventricular cardiac muscle fiber", "ventricular myocyte", "ventricular cardiac muscle cell", "regular cardiac muscle cell of ventricle"]}, {"label": "stromal cell of ovary", "id": "CL:0002132", "synonyms": ["ovarian stromal cell"]}, {"label": "endothelial cell of lymphatic vessel", "id": "CL:0002138", "synonyms": ["LEC", "lymphatic endothelial cell"]}, {"label": "endothelial cell of vascular tree", "id": "CL:0002139", "synonyms": ["cubodial endothelial cell of vascular tree", "vascular endothelial cell"]}, {"label": "capillary endothelial cell", "id": "CL:0002144"}, {"label": "ciliated columnar cell of tracheobronchial tree", "id": "CL:0002145"}, {"label": "epithelial cell of uterus", "id": "CL:0002149"}, {"label": "endosteal cell", "id": "CL:0002157"}, {"label": "general ecto-epithelial cell", "id": "CL:0002159"}, {"label": "follicular cell of ovary", "id": "CL:0002174"}, {"label": "basal cell of epidermis", "id": "CL:0002187"}, {"label": "glomerular endothelial cell", "id": "CL:0002188"}, {"label": "granulocytopoietic cell", "id": "CL:0002191"}, {"label": "myelocyte", "id": "CL:0002193"}, {"label": "monopoietic cell", "id": "CL:0002194"}, {"label": "renal beta-intercalated cell", "id": "CL:0002201", "synonyms": ["type B intercalated cell", "type B-IC"]}, {"label": "epithelial cell of tracheobronchial tree", "id": "CL:0002202"}, {"label": "brush cell of epithelium proper of large intestine", "id": "CL:0002203", "synonyms": ["tuft cell of large intestine", "tuft cell of epithelium of large intestine", "brush cell of large intestine"]}, {"label": "brush cell", "id": "CL:0002204", "synonyms": ["caveolated cell", "multivesicular cell", "fibrillovesicular cell", "tuft cell"]}, {"label": "brush cell of trachea", "id": "CL:0002207"}, {"label": "brush cell of bronchus", "id": "CL:0002208"}, {"label": "vertebrate lens cell", "id": "CL:0002222"}, {"label": "anterior lens cell", "id": "CL:0002223"}, {"label": "lens epithelial cell", "id": "CL:0002224"}, {"label": "secondary lens fiber", "id": "CL:0002225", "synonyms": ["secondary lens fibre"]}, {"label": "epithelial cell of prostate", "id": "CL:0002231", "synonyms": ["prostate epithelial cell"]}, {"label": "basal epithelial cell of prostatic duct", "id": "CL:0002236"}, {"label": "pulmonary interstitial fibroblast", "id": "CL:0002241", "synonyms": ["pulmonary myofibroblast", "pulmonary septal cell"]}, {"label": "somatic stem cell", "id": "CL:0000723"}, {"label": "urothelial cell", "id": "CL:0000731", "synonyms": ["urinary tract transitional epithelial cell"]}, {"label": "striated muscle cell", "id": "CL:0000737"}, {"label": "leukocyte", "id": "CL:0000738", "synonyms": ["immune cell", "white blood cell", "leucocyte"]}, {"label": "retinal ganglion cell", "id": "CL:0000740", "synonyms": ["gangliocyte", "ganglion cell of retina", "RGC", "RGCs"]}, {"label": "retina horizontal cell", "id": "CL:0000745", "synonyms": ["HC", "horizontal cell", "HCs"]}, {"label": "cardiac muscle cell", "id": "CL:0000746", "synonyms": ["cardiomyocyte", "heart muscle cell", "cardiac muscle fiber", "cardiac myocyte", "cardiocyte"]}, {"label": "retinal bipolar neuron", "id": "CL:0000748", "synonyms": ["BC", "BCs", "BPs"]}, {"label": "epithelial cell of skin gland", "id": "CL:0002308", "synonyms": ["epithelial cell of gland of skin"]}, {"label": "neural cell", "id": "CL:0002319"}, {"label": "connective tissue cell", "id": "CL:0002320"}, {"label": "embryonic cell (metazoa)", "id": "CL:0002321"}, {"label": "myoepithelial cell of mammary gland", "id": "CL:0002324", "synonyms": ["myoepithelial cell of lactiferous gland", "basal cell of lactiferous duct"]}, {"label": "luminal epithelial cell of mammary gland", "id": "CL:0002326", "synonyms": ["mature luminal cell"]}, {"label": "mammary gland epithelial cell", "id": "CL:0002327", "synonyms": ["mammary epithelial cell", "breast epithelial cell"]}, {"label": "bronchial epithelial cell", "id": "CL:0002328"}, {"label": "basal epithelial cell of tracheobronchial tree", "id": "CL:0002329"}, {"label": "ciliated cell of the bronchus", "id": "CL:0002332"}, {"label": "preadipocyte", "id": "CL:0002334"}, {"label": "brown preadipocyte", "id": "CL:0002335"}, {"label": "keratinocyte stem cell", "id": "CL:0002337", "synonyms": ["bulge keratinocyte"]}, {"label": "luminal cell of prostate epithelium", "id": "CL:0002340"}, {"label": "basal cell of prostate epithelium", "id": "CL:0002341"}, {"label": "decidual natural killer cell, human", "id": "CL:0002343", "synonyms": ["dNK cell", "decidual NK cell"]}, {"label": "endocardial cell", "id": "CL:0002350", "synonyms": ["endothelial cell of endocardium", "endocardial endothelial cell"]}, {"label": "primitive red blood cell", "id": "CL:0002355", "synonyms": ["primitive erythrocyte", "primitive erythroblast", "primitive erythroid cell"]}, {"label": "keratocyte", "id": "CL:0002363", "synonyms": ["corneal keratocyte", "corneal fibroblast"]}, {"label": "cortical thymic epithelial cell", "id": "CL:0002364", "synonyms": ["cTEC"]}, {"label": "medullary thymic epithelial cell", "id": "CL:0002365", "synonyms": ["mTEC"]}, {"label": "myometrial cell", "id": "CL:0002366", "synonyms": ["myometrium smooth muscle cell"]}, {"label": "respiratory epithelial cell", "id": "CL:0002368", "synonyms": ["airway epithelial cell"]}, {"label": "respiratory goblet cell", "id": "CL:0002370", "synonyms": ["respiratory mucosa goblet cells"]}, {"label": "somatic cell", "id": "CL:0002371"}, {"label": "myotube", "id": "CL:0002372", "synonyms": ["myotubule", "single cell sarcomere"]}, {"label": "Schwann cell precursor", "id": "CL:0002375", "synonyms": ["Schwann cell precursor cell"]}, {"label": "immature Schwann cell", "id": "CL:0002377", "synonyms": ["Schwann cell"]}, {"label": "intermediate monocyte", "id": "CL:0002393"}, {"label": "CD141-positive myeloid dendritic cell", "id": "CL:0002394"}, {"label": "CD14-low, CD16-positive monocyte", "id": "CL:0002396", "synonyms": ["non-classical monocyte, human"]}, {"label": "CD14-positive, CD16-positive monocyte", "id": "CL:0002397", "synonyms": ["CD16+ monocyte"]}, {"label": "CD1c-positive myeloid dendritic cell", "id": "CL:0002399"}, {"label": "pancreatic stellate cell", "id": "CL:0002410", "synonyms": ["PaSC", "pancreas stellate cell"]}, {"label": "primitive erythroid lineage cell", "id": "CL:0002417"}, {"label": "mature T cell", "id": "CL:0002419", "synonyms": ["CD3epsilon T cell", "CD3e-positive T cell", "mature T-cell"]}, {"label": "immature T cell", "id": "CL:0002420", "synonyms": ["immature T-cell"]}, {"label": "enucleated reticulocyte", "id": "CL:0002422"}, {"label": "early T lineage precursor", "id": "CL:0002425", "synonyms": ["ETP", "preT.ETP.Th"]}, {"label": "oligodendrocyte precursor cell", "id": "CL:0002453", "synonyms": ["O-2A/OPC", "O2A/OPC", "oligodendrocyte/type-2 astrocyte progenitor cell", "oligodendrocyte-type 2 astrocyte (O-2A) progenitor cell"]}, {"label": "epidermal Langerhans cell", "id": "CL:0002457"}, {"label": "CD11b-positive dendritic cell", "id": "CL:0002465"}, {"label": "trophoblast giant cell", "id": "CL:0002488", "synonyms": ["giant trophoblast cell"]}, {"label": "double negative thymocyte", "id": "CL:0002489", "synonyms": ["CD4-CD8- T cell", "double negative T cell"]}, {"label": "cardiocyte", "id": "CL:0002494", "synonyms": ["heart cell"]}, {"label": "intraepithelial lymphocyte", "id": "CL:0002496", "synonyms": ["IEL", "intraepithelial T cell", "intraepithelial T-cell"]}, {"label": "adventitial cell", "id": "CL:0002503"}, {"label": "enteric smooth muscle cell", "id": "CL:0002504", "synonyms": ["intestinal smooth muscle cell"]}, {"label": "kidney epithelial cell", "id": "CL:0002518"}, {"label": "subcutaneous fat cell", "id": "CL:0002521", "synonyms": ["subcutaneous adipocyte"]}, {"label": "renal filtration cell", "id": "CL:0002522"}, {"label": "intrahepatic cholangiocyte", "id": "CL:0002538", "synonyms": ["small bile duct cholangiocyte"]}, {"label": "aortic smooth muscle cell", "id": "CL:0002539"}, {"label": "vein endothelial cell", "id": "CL:0002543", "synonyms": ["endothelial cell of vein", "venous endothelial cell"]}, {"label": "fibroblast of cardiac tissue", "id": "CL:0002548", "synonyms": ["cardiac fibroblast"]}, {"label": "fibroblast of lung", "id": "CL:0002553"}, {"label": "fibroblast of mammary gland", "id": "CL:0002555"}, {"label": "intestinal epithelial cell", "id": "CL:0002563"}, {"label": "mesenchymal stem cell of adipose tissue", "id": "CL:0002570", "synonyms": ["mesenchymal stem cell of adipose"]}, {"label": "Schwann cell", "id": "CL:0002573"}, {"label": "renal cortical epithelial cell", "id": "CL:0002584"}, {"label": "retinal blood vessel endothelial cell", "id": "CL:0002585"}, {"label": "retinal pigment epithelial cell", "id": "CL:0002586"}, {"label": "smooth muscle cell of the pulmonary artery", "id": "CL:0002591"}, {"label": "bronchial smooth muscle cell", "id": "CL:0002598"}, {"label": "smooth muscle cell of trachea", "id": "CL:0002600"}, {"label": "uterine smooth muscle cell", "id": "CL:0002601"}, {"label": "astrocyte of the cerebellum", "id": "CL:0002603"}, {"label": "hippocampal neuron", "id": "CL:0002608"}, {"label": "adipocyte of breast", "id": "CL:0002617", "synonyms": ["breast adipocyte", "fat cell of breast"]}, {"label": "endothelial cell of umbilical vein", "id": "CL:0002618"}, {"label": "skin fibroblast", "id": "CL:0002620"}, {"label": "acinar cell of salivary gland", "id": "CL:0002623"}, {"label": "seminiferous tubule epithelial cell", "id": "CL:0002625"}, {"label": "mature astrocyte", "id": "CL:0002627", "synonyms": ["mature astrocytic glia", "activated astrocyte"]}, {"label": "mature microglial cell", "id": "CL:0002629", "synonyms": ["mature microglia", "reactive microglia", "activated microglia"]}, {"label": "epithelial cell of lower respiratory tract", "id": "CL:0002632"}, {"label": "respiratory basal cell", "id": "CL:0002633", "synonyms": ["airway basal cell", "airway basal stem cell"]}, {"label": "glandular cell of the large intestine", "id": "CL:0002658"}, {"label": "endothelial stalk cell", "id": "CL:0002671"}, {"label": "tongue muscle cell", "id": "CL:0002673"}, {"label": "naive regulatory T cell", "id": "CL:0002677", "synonyms": ["naive regulatory T-cell", "naive regulatory T-lymphocyte", "naive regulatory T lymphocyte"]}, {"label": "memory regulatory T cell", "id": "CL:0002678"}, {"label": "kidney cortical cell", "id": "CL:0002681"}, {"label": "ionocyte", "id": "CL:0005006"}, {"label": "renal principal cell", "id": "CL:0005009"}, {"label": "renal intercalated cell", "id": "CL:0005010", "synonyms": ["intercalated cell"]}, {"label": "renal alpha-intercalated cell", "id": "CL:0005011", "synonyms": ["type A-IC", "type A intercalated cell"]}, {"label": "multi-ciliated epithelial cell", "id": "CL:0005012", "synonyms": ["MCC", "multiciliated epithelial cell", "multi-ciliated cell", "multiciliated cell"]}, {"label": "ghrelin secreting cell", "id": "CL:0005018"}, {"label": "pancreatic epsilon cell", "id": "CL:0005019", "synonyms": ["pancreatic E cell"]}, {"label": "visceromotor neuron", "id": "CL:0005025", "synonyms": ["general visceral motor neuron"]}, {"label": "hepatoblast", "id": "CL:0005026"}, {"label": "preosteoblast", "id": "CL:0007010", "synonyms": ["osteoprogenitor cell"]}, {"label": "enteric neuron", "id": "CL:0007011"}, {"label": "non-striated muscle cell", "id": "CL:0008000"}, {"label": "hematopoietic precursor cell", "id": "CL:0008001"}, {"label": "skeletal muscle fiber", "id": "CL:0008002"}, {"label": "visceral muscle cell", "id": "CL:0008007"}, {"label": "skeletal muscle satellite stem cell", "id": "CL:0008011"}, {"label": "mesenchymal cell", "id": "CL:0008019", "synonyms": ["mesenchyme cell"]}, {"label": "pancreatic endocrine cell", "id": "CL:0008024"}, {"label": "visual system neuron", "id": "CL:0008028"}, {"label": "cortical interneuron", "id": "CL:0008031", "synonyms": ["cerebral cortex interneuron"]}, {"label": "mural cell", "id": "CL:0008034"}, {"label": "extravillous trophoblast", "id": "CL:0008036", "synonyms": ["extravillous cytotrophloblast", "EVT"]}, {"label": "extrafusal muscle fiber", "id": "CL:0008046", "synonyms": ["myofibra extrafusalis"]}, {"label": "inflammatory cell", "id": "CL:0009002"}, {"label": "retinal cell", "id": "CL:0009004"}, {"label": "salivary gland cell", "id": "CL:0009005"}, {"label": "enteroendocrine cell of small intestine", "id": "CL:0009006", "synonyms": ["small intestine enteroendocrine cell"]}, {"label": "paneth cell of colon", "id": "CL:0009009", "synonyms": ["paneth-like cell", "paneth cell of epithelium of large intestine", "paneth cell of epithelium of colon"]}, {"label": "transit amplifying cell", "id": "CL:0009010", "synonyms": ["transit amplifying progenitor cell", "transit-amplifying cell", "transient amplifying cell", "TACs", "TAC"]}, {"label": "transit amplifying cell of colon", "id": "CL:0009011", "synonyms": ["transit amplifying cell of crypt of Lieberkuhn of colon", "transient amplifying cell of crypt of Lieberkuhn of colon", "transit-amplifying cell of colon", "colon transit amplifying cell", "transient amplifying cell of colon", "transit amplifying cell of large intestine"]}, {"label": "transit amplifying cell of small intestine", "id": "CL:0009012", "synonyms": ["small intestine transit amplifying cell", "transit amplifying cell of crypt of Lieberkuhn of small intestine", "transient amplifying cell of small intestine", "transit-amplifying cell of small intestine", "transient amplifying cell of crypt of Lieberkuhn of small intestine"]}, {"label": "intestinal crypt stem cell of large intestine", "id": "CL:0009016", "synonyms": ["stem cell of large intestine crypt of Lieberkuhn", "crypt stem cell of large intestine"]}, {"label": "intestinal crypt stem cell of small intestine", "id": "CL:0009017", "synonyms": ["stem cell of small intestine crypt of Lieberkuhn", "crypt stem cell of small intestine"]}, {"label": "colon macrophage", "id": "CL:0009038", "synonyms": ["macrophage of colon"]}, {"label": "colon goblet cell", "id": "CL:0009039", "synonyms": ["goblet cell of colon"]}, {"label": "tuft cell of colon", "id": "CL:0009041", "synonyms": ["colon tuft cell"]}, {"label": "enteroendocrine cell of colon", "id": "CL:0009042", "synonyms": ["colon enteroendocrine cell"]}, {"label": "intestinal crypt stem cell of colon", "id": "CL:0009043"}, {"label": "endothelial cell of uterus", "id": "CL:0009095", "synonyms": ["uterine endothelial cell"]}, {"label": "fibro/adipogenic progenitor cell", "id": "CL:0009099", "synonyms": ["fibro/adipogenic progenitor"]}, {"label": "epithelial cell of alveolus of lung", "id": "CL:0010003", "synonyms": ["alveolus of lung epithelial cell"]}, {"label": "cardiac blood vessel endothelial cell", "id": "CL:0010006"}, {"label": "cardiac endothelial cell", "id": "CL:0010008"}, {"label": "camera-type eye photoreceptor cell", "id": "CL:0010009", "synonyms": ["camera type eye photoreceptor cell"]}, {"label": "cerebral cortex GABAergic interneuron", "id": "CL:0010011"}, {"label": "cerebral cortex neuron", "id": "CL:0010012", "synonyms": ["cortical neuron", "neuron of cerebral cortex"]}, {"label": "cardiac myoblast", "id": "CL:0010021"}, {"label": "cardiac neuron", "id": "CL:0010022"}, {"label": "lens fiber cell", "id": "CL:0011004", "synonyms": ["lens fibre cell"]}, {"label": "GABAergic interneuron", "id": "CL:0011005", "synonyms": ["GABAergic inhibitory interneuron"]}, {"label": "neural crest cell", "id": "CL:0011012"}, {"label": "neural progenitor cell", "id": "CL:0011020"}, {"label": "lung secretory cell", "id": "CL:1000272"}, {"label": "smooth muscle cell of small intestine", "id": "CL:1000275", "synonyms": ["non-striated muscle fiber of small intestine"]}, {"label": "smooth muscle fiber of ileum", "id": "CL:1000278", "synonyms": ["non-striated muscle fiber of ileum"]}, {"label": "epithelial cell of urethra", "id": "CL:1000296"}, {"label": "fibroblast of connective tissue of prostate", "id": "CL:1000299"}, {"label": "fibroblast of connective tissue of nonglandular part of prostate", "id": "CL:1000304"}, {"label": "fibroblast of connective tissue of glandular part of prostate", "id": "CL:1000305"}, {"label": "epicardial adipocyte", "id": "CL:1000309", "synonyms": ["adipocyte of epicardial fat", "epicardial fat cell"]}, {"label": "adipocyte of epicardial fat of left ventricle", "id": "CL:1000311", "synonyms": ["epicardial adipocyte of left ventricle", "epicardial fat cell of left ventricle"]}, {"label": "bronchial goblet cell", "id": "CL:1000312", "synonyms": ["goblet cell of epithelium of bronchus"]}, {"label": "intestinal villus goblet cell", "id": "CL:1000317", "synonyms": ["goblet cell of epithelium of intestinal villus"]}, {"label": "large intestine goblet cell", "id": "CL:1000320", "synonyms": ["goblet cell of epithelium of large intestine"]}, {"label": "ileal goblet cell", "id": "CL:1000326", "synonyms": ["goblet cell of epithelium proper of ileum"]}, {"label": "tracheal goblet cell", "id": "CL:1000329", "synonyms": ["goblet cell of epithelium of trachea"]}, {"label": "serous cell of epithelium of trachea", "id": "CL:1000330"}, {"label": "serous cell of epithelium of bronchus", "id": "CL:1000331"}, {"label": "enterocyte of epithelium of small intestine", "id": "CL:1000334"}, {"label": "enterocyte of epithelium proper of small intestine", "id": "CL:1000339"}, {"label": "enterocyte of epithelium proper of ileum", "id": "CL:1000342"}, {"label": "paneth cell of epithelium of small intestine", "id": "CL:1000343"}, {"label": "enterocyte of colon", "id": "CL:1000347", "synonyms": ["vacuolar absorptive cell of epithelium of colon"]}, {"label": "basal cell of epithelium of trachea", "id": "CL:1000348"}, {"label": "basal cell of epithelium of bronchus", "id": "CL:1000349", "synonyms": ["basal cell of bronchus"]}, {"label": "microfold cell of epithelium of small intestine", "id": "CL:1000353"}, {"label": "endothelial cell of hepatic sinusoid", "id": "CL:1000398", "synonyms": ["liver sinusoidal endothelial cell", "LSEC", "endotheliocyte of hepatic sinusoid"]}, {"label": "endothelial cell of arteriole", "id": "CL:1000412"}, {"label": "endothelial cell of artery", "id": "CL:1000413", "synonyms": ["arterial endothelial cell"]}, {"label": "stem cell of epidermis", "id": "CL:1000428", "synonyms": ["epidermal stem cell"]}, {"label": "conjunctival epithelial cell", "id": "CL:1000432", "synonyms": ["epithelial cell of conjunctiva"]}, {"label": "epithelial cell of lacrimal sac", "id": "CL:1000436"}, {"label": "ciliary muscle cell", "id": "CL:1000443", "synonyms": ["smooth muscle cell of ciliary body"]}, {"label": "epithelial cell of stratum germinativum of esophagus", "id": "CL:1000447", "synonyms": ["basal cell of esophageal epithelium"]}, {"label": "epithelial cell of sweat gland", "id": "CL:1000448"}, {"label": "epithelial cell of nephron", "id": "CL:1000449"}, {"label": "epithelial cell of glomerular capsule", "id": "CL:1000450", "synonyms": ["epithelial cell of Bowman's capsule", "Bowmans capsule epithelial cell"]}, {"label": "parietal epithelial cell", "id": "CL:1000452", "synonyms": ["epithelial cell of parietal layer of glomerular capsule"]}, {"label": "epithelial cell of intermediate tubule", "id": "CL:1000453"}, {"label": "kidney collecting duct epithelial cell", "id": "CL:1000454", "synonyms": ["epithelial cell of renal collecting tubule"]}, {"label": "melanocyte of skin", "id": "CL:1000458", "synonyms": ["skin melanocyte"]}, {"label": "smooth muscle cell of prostate", "id": "CL:1000487", "synonyms": ["smooth muscle fiber of prostate"]}, {"label": "cholangiocyte", "id": "CL:1000488", "synonyms": ["epithelial cell of bile duct"]}, {"label": "mesothelial cell of pleura", "id": "CL:1000491", "synonyms": ["pleural mesothelial cell"]}, {"label": "mesothelial cell of visceral pleura", "id": "CL:1000493"}, {"label": "nephron tubule epithelial cell", "id": "CL:1000494", "synonyms": ["kidney tubule epithelial cell"]}, {"label": "small intestine goblet cell", "id": "CL:1000495", "synonyms": ["goblet cell of epithelium of small intestine", "goblet cell of small intestine", "small intestinal goblet cell"]}, {"label": "kidney cell", "id": "CL:1000497"}, {"label": "kidney interstitial cell", "id": "CL:1000500"}, {"label": "kidney medulla cell", "id": "CL:1000504"}, {"label": "kidney pelvis cell", "id": "CL:1000505"}, {"label": "kidney tubule cell", "id": "CL:1000507"}, {"label": "kidney glomerular epithelial cell", "id": "CL:1000510"}, {"label": "papillary tips cell", "id": "CL:1000597"}, {"label": "lower urinary tract cell", "id": "CL:1000600"}, {"label": "kidney corpuscule cell", "id": "CL:1000612"}, {"label": "kidney cortex tubule cell", "id": "CL:1000615"}, {"label": "kidney outer medulla cell", "id": "CL:1000616"}, {"label": "kidney inner medulla cell", "id": "CL:1000617"}, {"label": "juxtaglomerular complex cell", "id": "CL:1000618", "synonyms": ["juxtaglomerulus cell"]}, {"label": "kidney interstitial fibroblast", "id": "CL:1000692"}, {"label": "kidney resident macrophage", "id": "CL:1000698"}, {"label": "glomerular cell", "id": "CL:1000746"}, {"label": "kidney connecting tubule epithelial cell", "id": "CL:1000768"}, {"label": "kidney proximal convoluted tubule epithelial cell", "id": "CL:1000838"}, {"label": "kidney proximal straight tubule epithelial cell", "id": "CL:1000839"}, {"label": "kidney distal convoluted tubule epithelial cell", "id": "CL:1000849"}, {"label": "macula densa epithelial cell", "id": "CL:1000850"}, {"label": "kidney blood vessel cell", "id": "CL:1000854"}, {"label": "kidney arterial blood vessel cell", "id": "CL:1000891"}, {"label": "kidney capillary endothelial cell", "id": "CL:1000892"}, {"label": "kidney venous blood vessel cell", "id": "CL:1000893"}, {"label": "kidney loop of Henle epithelial cell", "id": "CL:1000909"}, {"label": "glomerular capillary endothelial cell", "id": "CL:1001005"}, {"label": "kidney afferent arteriole cell", "id": "CL:1001006"}, {"label": "kidney efferent arteriole cell", "id": "CL:1001009"}, {"label": "kidney loop of Henle ascending limb epithelial cell", "id": "CL:1001016"}, {"label": "kidney loop of Henle descending limb epithelial cell", "id": "CL:1001021"}, {"label": "vasa recta cell", "id": "CL:1001036"}, {"label": "kidney cortex artery cell", "id": "CL:1001045"}, {"label": "kidney afferent arteriole endothelial cell", "id": "CL:1001096"}, {"label": "kidney efferent arteriole endothelial cell", "id": "CL:1001099"}, {"label": "kidney loop of Henle thick ascending limb epithelial cell", "id": "CL:1001106"}, {"label": "kidney loop of Henle thin ascending limb epithelial cell", "id": "CL:1001107"}, {"label": "kidney loop of Henle medullary thick ascending limb epithelial cell", "id": "CL:1001108"}, {"label": "kidney loop of Henle cortical thick ascending limb epithelial cell", "id": "CL:1001109"}, {"label": "kidney loop of Henle thin descending limb epithelial cell", "id": "CL:1001111"}, {"label": "vasa recta ascending limb cell", "id": "CL:1001131"}, {"label": "interlobular artery cell", "id": "CL:1001138"}, {"label": "interlobulary artery endothelial cell", "id": "CL:1001216"}, {"label": "kidney collecting duct cell", "id": "CL:1001225"}, {"label": "vasa recta descending limb cell", "id": "CL:1001285"}, {"label": "renal interstitial pericyte", "id": "CL:1001318"}, {"label": "bladder cell", "id": "CL:1001319"}, {"label": "urethra cell", "id": "CL:1001320"}, {"label": "bladder urothelial cell", "id": "CL:1001428", "synonyms": ["bladder transitional cell", "transitional epithelial cell of urinary bladder"]}, {"label": "urethra urothelial cell", "id": "CL:1001430"}, {"label": "kidney collecting duct principal cell", "id": "CL:1001431"}, {"label": "kidney collecting duct intercalated cell", "id": "CL:1001432"}, {"label": "epithelial cell of exocrine pancreas", "id": "CL:1001433", "synonyms": ["exocrine pancreas cell"]}, {"label": "medium spiny neuron", "id": "CL:1001474", "synonyms": ["striatal medium spiny neuron", "gamma-aminobutyric acid (GABA)ergic spiny projection neuron", "gamma-aminobutyric acid ergic spiny projection neuron", "medium-sized densely spiny neuron"]}, {"label": "glycinergic neuron", "id": "CL:1001509"}, {"label": "intestinal enteroendocrine cell", "id": "CL:1001516"}, {"label": "lung endothelial cell", "id": "CL:1001567", "synonyms": ["endothelial cell of lung", "pulmonary vessel endothelial cell"]}, {"label": "colon glandular cell", "id": "CL:1001588", "synonyms": ["colon glandular cells"]}, {"label": "duodenum glandular cell", "id": "CL:1001589", "synonyms": ["duodenum glandular cells"]}, {"label": "oviduct glandular cell", "id": "CL:1001591", "synonyms": ["fallopian tube glandular cells", "uterine tube glandular cell", "fallopian tube glandular cell"]}, {"label": "salivary gland glandular cell", "id": "CL:1001596", "synonyms": ["salivary gland glandular cells"]}, {"label": "seminal vesicle glandular cell", "id": "CL:1001597", "synonyms": ["seminal vesicle glandular cells"]}, {"label": "small intestine glandular cell", "id": "CL:1001598", "synonyms": ["small bowel glandular cell", "small intestine glandular cells", "small intestinal glandular cell"]}, {"label": "pancreas exocrine glandular cell", "id": "CL:1001599", "synonyms": ["exocrine pancreas glandular cell", "pancreas exocrine glandular cells"]}, {"label": "adrenal gland glandular cell", "id": "CL:1001601", "synonyms": ["adrenal glandular cell", "adrenal gland glandular cells", "suprarenal gland glandular cell"]}, {"label": "cerebral cortex endothelial cell", "id": "CL:1001602", "synonyms": ["endothelial cells of cerebral cortex", "cerebral cortex endothelial cells"]}, {"label": "lung macrophage", "id": "CL:1001603", "synonyms": ["lung macrophages"]}, {"label": "muscle fibroblast", "id": "CL:1001609"}, {"label": "bone marrow hematopoietic cell", "id": "CL:1001610", "synonyms": ["bone marrow poietic cells", "bone marrow hematopoietic cells"]}, {"label": "cerebellar neuron", "id": "CL:1001611", "synonyms": ["cerebellum neuron"]}, {"label": "peripheral blood mononuclear cell", "id": "CL:2000001"}, {"label": "decidual cell", "id": "CL:2000002", "synonyms": ["decidua cell", "decidual stromal cell"]}, {"label": "brain macroglial cell", "id": "CL:2000005"}, {"label": "microvascular endothelial cell", "id": "CL:2000008"}, {"label": "dermis lymphatic vessel endothelial cell", "id": "CL:2000011"}, {"label": "lung microvascular endothelial cell", "id": "CL:2000016"}, {"label": "endothelial cell of coronary artery", "id": "CL:2000018"}, {"label": "sebaceous gland cell", "id": "CL:2000021"}, {"label": "central nervous system neuron", "id": "CL:2000029"}, {"label": "peripheral nervous system neuron", "id": "CL:2000032", "synonyms": ["PNS neuron", "peripheral neuron"]}, {"label": "dermis microvascular lymphatic vessel endothelial cell", "id": "CL:2000041"}, {"label": "ventricular cardiac muscle cell", "id": "CL:2000046"}, {"label": "primary motor cortex pyramidal cell", "id": "CL:2000049"}, {"label": "liver dendritic cell", "id": "CL:2000055", "synonyms": ["hepatic dendritic cell"]}, {"label": "prostate gland microvascular endothelial cell", "id": "CL:2000059"}, {"label": "placental villous trophoblast", "id": "CL:2000060", "synonyms": ["vCTB", "villous cytotrophoblast"]}, {"label": "ovarian surface epithelial cell", "id": "CL:2000064"}, {"label": "bronchus fibroblast of lung", "id": "CL:2000093"}, {"label": "Hofbauer cell", "id": "CL:3000001"}, {"label": "fibroblast of breast", "id": "CL:4006000", "synonyms": ["breast fibroblast"]}, {"label": "intratelencephalic-projecting glutamatergic cortical neuron", "id": "CL:4023008", "synonyms": ["IT projecting neuron"]}, {"label": "extratelencephalic-projecting glutamatergic cortical neuron", "id": "CL:4023009", "synonyms": ["ET projecting neuron"]}, {"label": "nucleate cell", "id": "CL:0002242"}, {"label": "smooth muscle cell of sphincter of pupil", "id": "CL:0002243", "synonyms": ["smooth muscle fibre of sphincter of pupil", "smooth muscle fiber of sphincter of pupil"]}, {"label": "intestinal crypt stem cell", "id": "CL:0002250", "synonyms": ["stem cell of intestinal crypt of Lieberkuhn"]}, {"label": "epithelial cell of alimentary canal", "id": "CL:0002251"}, {"label": "epithelial cell of large intestine", "id": "CL:0002253", "synonyms": ["epithelial cell of colon"]}, {"label": "epithelial cell of small intestine", "id": "CL:0002254"}, {"label": "endothelial cell of sinusoid", "id": "CL:0002262"}, {"label": "histamine secreting cell", "id": "CL:0002274"}, {"label": "pancreatic PP cell", "id": "CL:0002275", "synonyms": ["PP cell of pancreatic islet", "pancreatic polypeptide-secreting cell", "PP-cell of pancreatic islet"]}, {"label": "type L enteroendocrine cell", "id": "CL:0002279"}, {"label": "epithelial cell of thymus", "id": "CL:0002293", "synonyms": ["epithelial reticular cell", "epithelial cell of thymus gland", "thymic epithelial cell", "epithelial reticular cell of thymus"]}, {"label": "pigmented ciliary epithelial cell", "id": "CL:0002303", "synonyms": ["PE cell"]}, {"label": "non-pigmented ciliary epithelial cell", "id": "CL:0002304", "synonyms": ["NPE cell", "nonpigmented ciliary epithelial cell"]}, {"label": "epithelial cell of distal tubule", "id": "CL:0002305", "synonyms": ["kidney distal tubule epithelial cell"]}, {"label": "epithelial cell of proximal tubule", "id": "CL:0002306", "synonyms": ["kidney proximal tubule epithelial cell"]}, {"label": "cerebral cortex pyramidal neuron", "id": "CL:4023111"}, {"label": "sst chodl GABAergic cortical interneuron", "id": "CL:4023121", "synonyms": ["long-range GABAergic interneuron"]}, {"label": "myelinating glial cell", "id": "CL:4023154"}, {"label": "hypendymal cell", "id": "CL:4023181"}, {"label": "alveolar type 2 fibroblast cell", "id": "CL:4028006", "synonyms": ["type-2 associated stromal cell", "AF2", "alveolar fibroblast", "matrix fibroblast 2", "mesenchymal alveolar niche cell", "adventitial fibroblast", "MANC"]}, {"label": "effector memory CD45RA-positive, alpha-beta T cell, terminally differentiated", "id": "CL:4030002", "synonyms": ["terminally differentiated effector memory cells re-expressing CD45RA", "TEMRA cell", "effector memory RA T cell", "TEMRA", "terminally differentiated effector memory CD45RA+ T cells"]}, {"label": "fallopian tube secretory epithelial cell", "id": "CL:4030006", "synonyms": ["oviduct secretory epithelial cell", "uterine tube secretory epithelial cell"]}, {"label": "interstitial cell", "id": "CL:4030031"}, {"label": "respiratory ciliated cell", "id": "CL:4030034", "synonyms": ["ciliated cell of the respiratory tract"]}, {"label": "lamp5 GABAergic cortical interneuron", "id": "CL:4023011"}, {"label": "near-projecting glutamatergic cortical neuron", "id": "CL:4023012", "synonyms": ["NP neuron"]}, {"label": "corticothalamic-projecting glutamatergic cortical neuron", "id": "CL:4023013", "synonyms": ["CT projecting neuron"]}, {"label": "sncg GABAergic cortical interneuron", "id": "CL:4023015"}, {"label": "vip GABAergic cortical interneuron", "id": "CL:4023016"}, {"label": "sst GABAergic cortical interneuron", "id": "CL:4023017"}, {"label": "pvalb GABAergic cortical interneuron", "id": "CL:4023018"}, {"label": "L6b glutamatergic cortical neuron", "id": "CL:4023038"}, {"label": "L2/3-6 intratelencephalic projecting glutamatergic cortical neuron", "id": "CL:4023040", "synonyms": ["L2/3-6 IT projecting neuron"]}, {"label": "L5 extratelencephalic projecting glutamatergic cortical neuron", "id": "CL:4023041", "synonyms": ["Pyramidal tract-like (PT-l)", "burst-firing layer 5 neuron", "subcerebral projection (SCPN) neuron", "pyramidal tract (PT) neuron", "thick-tufted layer 5 (TTL5) pyramidal neuron", "L5b neuron"]}, {"label": "L6 corticothalamic-projecting glutamatergic cortical neuron", "id": "CL:4023042", "synonyms": ["L6 CT"]}, {"label": "L5/6 near-projecting glutamatergic neuron of the primary motor cortex", "id": "CL:4023043", "synonyms": ["L5/6 NP M1", "L5/6 NP MOp"]}, {"label": "L2/3 intratelencephalic projecting glutamatergic neuron of the primary motor cortex", "id": "CL:4023047", "synonyms": ["L2/3 IT MOp", "L2/3 IT M1"]}, {"label": "L4/5 intratelencephalic projecting glutamatergic neuron of the primary motor cortex", "id": "CL:4023048", "synonyms": ["L4/5 IT M1", "L4/5 IT MOp"]}, {"label": "L6 intratelencephalic projecting glutamatergic neuron of the primary motor cortex", "id": "CL:4023050", "synonyms": ["L6 IT MOp", "L6 IT M1"]}, {"label": "vascular leptomeningeal cell", "id": "CL:4023051", "synonyms": ["VLMC"]}, {"label": "mesothelial fibroblast", "id": "CL:4023054"}, {"label": "vascular leptomeningeal cell (Mmus)", "id": "CL:4023056", "synonyms": ["VLMC (Mus musculus)"]}, {"label": "cerebellar inhibitory GABAergic interneuron", "id": "CL:4023057"}, {"label": "mesothelial fibroblast of the leptomeninx", "id": "CL:4023058"}, {"label": "meis2 expressing cortical GABAergic cell", "id": "CL:4023065"}, {"label": "choroid plexus cell", "id": "CL:4023073"}, {"label": "CD7-negative lymphoid progenitor OR granulocyte monocyte progenitor", "id": "CL:0001012"}, {"label": "CD115-positive monocyte OR common dendritic progenitor", "id": "CL:0001019"}, {"label": "CD34-positive, CD38-negative hematopoietic stem cell", "id": "CL:0001024", "synonyms": ["CD133-positive hematopoietic stem cell"]}, {"label": "double negative T regulatory cell", "id": "CL:0011024", "synonyms": ["CD4-negative, CD8-negative, alpha-beta regulatory T cells", "double-negative alpha-beta regulatory T cell", "DN Treg"]}, {"label": "exhausted T cell", "id": "CL:0011025", "synonyms": ["An effector T cell that displays impaired effector functions (e.g., rapid production of effector cytokines, cytotoxicity) and has limited proliferative potential.", "Tex cell"]}, {"label": "progenitor cell", "id": "CL:0011026"}, {"label": "skeletal muscle fibroblast", "id": "CL:0011027", "synonyms": ["skeleton muscle fibroblast"]}, {"label": "chorionic trophoblast cell", "id": "CL:0011101"}, {"label": "sympathetic neuron", "id": "CL:0011103"}, {"label": "colon epithelial cell", "id": "CL:0011108", "synonyms": ["colonic epithelial cell"]}, {"label": "precursor cell", "id": "CL:0011115"}, {"label": "forebrain radial glial cell", "id": "CL:0013000"}, {"label": "pulmonary ionocyte", "id": "CL:0017000"}, {"label": "tracheobronchial serous cell", "id": "CL:0019001", "synonyms": ["serous cell of tracheobronchial tree"]}, {"label": "tracheobronchial goblet cell", "id": "CL:0019003", "synonyms": ["goblet cell of tracheobronchial tree"]}, {"label": "blood vessel smooth muscle cell", "id": "CL:0019018", "synonyms": ["smooth muscle cell of blood vessel"]}, {"label": "tracheobronchial smooth muscle cell", "id": "CL:0019019", "synonyms": ["smooth muscle cell of tracheobronchial tree"]}, {"label": "endothelial cell of pericentral hepatic sinusoid", "id": "CL:0019022", "synonyms": ["central venous hepatic sinusoidal endothelial cell", "pericentral LSEC"]}, {"label": "periportal region hepatocyte", "id": "CL:0019026", "synonyms": ["periportal hepatocyte"]}, {"label": "midzonal region hepatocyte", "id": "CL:0019028", "synonyms": ["midzonal hepatocyte"]}, {"label": "centrilobular region hepatocyte", "id": "CL:0019029", "synonyms": ["centrilobular hepatocyte"]}, {"label": "intestine goblet cell", "id": "CL:0019031", "synonyms": ["intestinal goblet cell"]}, {"label": "intestinal tuft cell", "id": "CL:0019032", "synonyms": ["intestinal brush cell"]}, {"label": "lung goblet cell", "id": "CL:1000143"}, {"label": "lung neuroendocrine cell", "id": "CL:1000223"}, {"label": "lung ciliated cell", "id": "CL:1000271"}]