[{"me": 4.571831479853975, "pc": 0.9980721776681061, "marker_score": 8.82797241024674, "symbol": "PDE6H", "name": "phosphodiesterase 6H", "organism": "Homo sapiens", "tissue": "retina (organoid)"}, {"me": 3.910971961520413, "pc": 0.9859654534238125, "marker_score": 4.883213338890529, "symbol": "RCVRN", "name": "recoverin", "organism": "Homo sapiens", "tissue": "retina (organoid)"}, {"me": 3.310269565281375, "pc": 0.9824953732264035, "marker_score": 4.352739807666454, "symbol": "GUCA1A", "name": "guanylate cyclase activator 1A", "organism": "Homo sapiens", "tissue": "retina (organoid)"}, {"me": 3.364911758573202, "pc": 0.9939080814312153, "marker_score": 4.206296332240173, "symbol": "UNC119", "name": "unc-119 lipid binding chaperone", "organism": "Homo sapiens", "tissue": "retina (organoid)"}, {"me": 2.7464525222625986, "pc": 0.9655305367057372, "marker_score": 3.913508610626715, "symbol": "PDC", "name": "phosducin", "organism": "Homo sapiens", "tissue": "retina (organoid)"}, {"me": 3.5903324468085107, "pc": 0.9966841455891425, "marker_score": 3.9069377017698494, "symbol": "GNB3", "name": "G protein subunit beta 3", "organism": "Homo sapiens", "tissue": "retina (organoid)"}, {"me": 2.7429954551748694, "pc": 0.9745527452190006, "marker_score": 3.6117211261387165, "symbol": "AKAP9", "name": "A-kinase anchoring protein 9", "organism": "Homo sapiens", "tissue": "retina (organoid)"}, {"me": 3.493300969654341, "pc": 0.959284392350401, "marker_score": 3.3590279260473936, "symbol": "ARR3", "name": "arrestin 3", "organism": "Homo sapiens", "tissue": "retina (organoid)"}, {"me": 3.3976626006331094, "pc": 0.9865823565700185, "marker_score": 3.302597859482028, "symbol": "GUK1", "name": "guanylate kinase 1", "organism": "Homo sapiens", "tissue": "retina (organoid)"}, {"me": 2.500615024543097, "pc": 0.9366903146206046, "marker_score": 2.8617160801321595, "symbol": "TLCD3B", "name": "TLC domain containing 3B", "organism": "Homo sapiens", "tissue": "retina (organoid)"}, {"me": 2.408502812606437, "pc": 0.905613818630475, "marker_score": 2.728480291135385, "symbol": "RS1", "name": "retinoschisin 1", "organism": "Homo sapiens", "tissue": "retina (organoid)"}, {"me": 2.4279794085438464, "pc": 0.9066162862430598, "marker_score": 2.724772917401878, "symbol": "AIPL1", "name": "aryl hydrocarbon receptor interacting protein like 1", "organism": "Homo sapiens", "tissue": "retina (organoid)"}, {"me": 2.4694454521862554, "pc": 0.9100092535471931, "marker_score": 2.6910263057254404, "symbol": "KCNV2", "name": "potassium voltage-gated channel modifier subfamily V member 2", "organism": "Homo sapiens", "tissue": "retina (organoid)"}, {"me": 2.5967968285088836, "pc": 0.9070789636027143, "marker_score": 2.660076233864772, "symbol": "GUCA1C", "name": "guanylate cyclase activator 1C", "organism": "Homo sapiens", "tissue": "retina (organoid)"}, {"me": 2.4166778588667017, "pc": 0.874691548426897, "marker_score": 2.370691038718065, "symbol": "MPP4", "name": "MAGUK p55 scaffold protein 4", "organism": "Homo sapiens", "tissue": "retina (organoid)"}, {"me": 2.3381018434360126, "pc": 0.8749228871067243, "marker_score": 2.353744240094582, "symbol": "GNGT2", "name": "G protein subunit gamma transducin 2", "organism": "Homo sapiens", "tissue": "retina (organoid)"}, {"me": 2.555882760178455, "pc": 0.9441702652683529, "marker_score": 2.3483072150064404, "symbol": "SEPTIN4", "name": "septin 4", "organism": "Homo sapiens", "tissue": "retina (organoid)"}, {"me": 2.3993555202157446, "pc": 0.9364589759407773, "marker_score": 2.3074019889295916, "symbol": "PCBP4", "name": "poly(rC) binding protein 4", "organism": "Homo sapiens", "tissue": "retina (organoid)"}, {"me": 3.523522411909182, "pc": 0.996838371375694, "marker_score": 1.906378714840772, "symbol": "YBX1", "name": "Y-box binding protein 1", "organism": "Homo sapiens", "tissue": "retina (organoid)"}, {"me": 2.7513339715151757, "pc": 0.9603639728562615, "marker_score": 1.8985400986560308, "symbol": "PLEKHB1", "name": "pleckstrin homology domain containing B1", "organism": "Homo sapiens", "tissue": "retina (organoid)"}, {"me": 3.344154691996578, "pc": 0.9914404688463911, "marker_score": 1.8810706046158465, "symbol": "MAP1B", "name": "microtubule associated protein 1B", "organism": "Homo sapiens", "tissue": "retina (organoid)"}, {"me": 2.8650139402372634, "pc": 0.9490283775447255, "marker_score": 1.8402214370640706, "symbol": "NME1", "name": "NME/NM23 nucleoside diphosphate kinase 1", "organism": "Homo sapiens", "tissue": "retina (organoid)"}, {"me": 2.07976557312417, "pc": 0.8129241209130167, "marker_score": 1.777784649892163, "symbol": "CPLX4", "name": "complexin 4", "organism": "Homo sapiens", "tissue": "retina (organoid)"}, {"me": 2.1762786285052282, "pc": 0.81122763726095, "marker_score": 1.7639268362511795, "symbol": "TULP1", "name": "TUB like protein 1", "organism": "Homo sapiens", "tissue": "retina (organoid)"}, {"me": 2.4274490153094597, "pc": 0.9431677976557681, "marker_score": 1.57665782070203, "symbol": "HMGN1", "name": "high mobility group nucleosome binding domain 1", "organism": "Homo sapiens", "tissue": "retina (organoid)"}, {"me": 2.034569051062971, "pc": 0.7163787785317706, "marker_score": 1.5269199309889585, "symbol": "RAX2", "name": "retina and anterior neural fold homeobox 2", "organism": "Homo sapiens", "tissue": "retina (organoid)"}, {"me": 2.039194627584974, "pc": 0.7010333127698951, "marker_score": 1.4484631795968557, "symbol": "PRCD", "name": "photoreceptor disc component", "organism": "Homo sapiens", "tissue": "retina (organoid)"}, {"me": 2.1387261284722223, "pc": 0.688463911165947, "marker_score": 1.4338044168661375, "symbol": "MYL4", "name": "myosin light chain 4", "organism": "Homo sapiens", "tissue": "retina (organoid)"}, {"me": 2.152082885383993, "pc": 0.7621067242442936, "marker_score": 1.3752754627824002, "symbol": "DHRS7", "name": "dehydrogenase/reductase 7", "organism": "Homo sapiens", "tissue": "retina (organoid)"}, {"me": 2.3965107209597045, "pc": 0.8975169648365207, "marker_score": 1.3732441231854613, "symbol": "ENO2", "name": "enolase 2", "organism": "Homo sapiens", "tissue": "retina (organoid)"}, {"me": 2.092876169941213, "pc": 0.7476866132017274, "marker_score": 1.3512893530774102, "symbol": "COTL1", "name": "coactosin like F-actin binding protein 1", "organism": "Homo sapiens", "tissue": "retina (organoid)"}, {"me": 1.9971210517280842, "pc": 0.6738124614435533, "marker_score": 1.3505371604276408, "symbol": "CRX", "name": "cone-rod homeobox", "organism": "Homo sapiens", "tissue": "retina (organoid)"}, {"me": 2.2687558210413132, "pc": 0.6364898210980876, "marker_score": 1.2544212426742467, "symbol": "RTBDN", "name": "retbindin", "organism": "Homo sapiens", "tissue": "retina (organoid)"}, {"me": 1.9826130539021165, "pc": 0.6412708204811844, "marker_score": 1.2257771391817078, "symbol": "NEUROD1", "name": "neuronal differentiation 1", "organism": "Homo sapiens", "tissue": "retina (organoid)"}, {"me": 3.219611150568182, "pc": 0.9839605181986428, "marker_score": 1.2216155023710513, "symbol": "MYL6", "name": "myosin light chain 6", "organism": "Homo sapiens", "tissue": "retina (organoid)"}, {"me": 2.0042716654918546, "pc": 0.6153608883405305, "marker_score": 1.2081571743811668, "symbol": "IMPG2", "name": "interphotoreceptor matrix proteoglycan 2", "organism": "Homo sapiens", "tissue": "retina (organoid)"}, {"me": 2.051683973155384, "pc": 0.759793337446021, "marker_score": 1.193555896430731, "symbol": "ZNF385A", "name": "zinc finger protein 385A", "organism": "Homo sapiens", "tissue": "retina (organoid)"}, {"me": 2.4591719846358577, "pc": 0.956122763726095, "marker_score": 1.1926372340287115, "symbol": "UQCRH", "name": "ubiquinol-cytochrome c reductase hinge protein", "organism": "Homo sapiens", "tissue": "retina (organoid)"}, {"me": 2.064260066016415, "pc": 0.6482880937692782, "marker_score": 1.1647081699417126, "symbol": "ROM1", "name": "retinal outer segment membrane protein 1", "organism": "Homo sapiens", "tissue": "retina (organoid)"}, {"me": 2.867785881999685, "pc": 0.9791024059222702, "marker_score": 1.1606694301416727, "symbol": "TMA7", "name": "translation machinery associated 7 homolog", "organism": "Homo sapiens", "tissue": "retina (organoid)"}, {"me": 1.9022198796163383, "pc": 0.590916101172116, "marker_score": 1.1280131841241394, "symbol": "RD3", "name": "RD3 regulator of GUCY2D", "organism": "Homo sapiens", "tissue": "retina (organoid)"}, {"me": 2.399421022602288, "pc": 0.8763880320789637, "marker_score": 1.1043884106413824, "symbol": "PPA1", "name": "inorganic pyrophosphatase 1", "organism": "Homo sapiens", "tissue": "retina (organoid)"}, {"me": 2.0599258649093906, "pc": 0.655305367057372, "marker_score": 1.0663065664092894, "symbol": "MAP2", "name": "microtubule associated protein 2", "organism": "Homo sapiens", "tissue": "retina (organoid)"}, {"me": 1.8917251744582377, "pc": 0.5373226403454657, "marker_score": 1.0577642695390137, "symbol": "RP1", "name": "RP1 axonemal microtubule associated", "organism": "Homo sapiens", "tissue": "retina (organoid)"}, {"me": 2.4415115169882724, "pc": 0.9271283158544109, "marker_score": 1.025936891321933, "symbol": "PTMS", "name": "parathymosin", "organism": "Homo sapiens", "tissue": "retina (organoid)"}, {"me": 2.8573669691208092, "pc": 0.9683066008636644, "marker_score": 1.0096006468353362, "symbol": "NDUFA4", "name": "NDUFA4 mitochondrial complex associated", "organism": "Homo sapiens", "tissue": "retina (organoid)"}, {"me": 2.2745491912836058, "pc": 0.8203269586674892, "marker_score": 1.0093262226651702, "symbol": "SYP", "name": "synaptophysin", "organism": "Homo sapiens", "tissue": "retina (organoid)"}, {"me": 2.989633244435069, "pc": 0.959592843923504, "marker_score": 0.948585371752019, "symbol": "PKM", "name": "pyruvate kinase M1/2", "organism": "Homo sapiens", "tissue": "retina (organoid)"}, {"me": 1.9160944067111152, "pc": 0.6375694016039481, "marker_score": 0.9396664491105454, "symbol": "STX3", "name": "syntaxin 3", "organism": "Homo sapiens", "tissue": "retina (organoid)"}, {"me": 1.9920716875174604, "pc": 0.5520512029611351, "marker_score": 0.90696908100315, "symbol": "MIR124-1HG", "name": "MIR124-1 host gene", "organism": "Homo sapiens", "tissue": "retina (organoid)"}, {"me": 1.8376385015752725, "pc": 0.4528069093152375, "marker_score": 0.8896922513018478, "symbol": "RXRG", "name": "retinoid X receptor gamma", "organism": "Homo sapiens", "tissue": "retina (organoid)"}, {"me": 2.471851954759414, "pc": 0.9214990746452807, "marker_score": 0.8837036784873087, "symbol": "ATP5ME", "name": "ATP synthase membrane subunit e", "organism": "Homo sapiens", "tissue": "retina (organoid)"}, {"me": 2.0351518773320896, "pc": 0.7233189389265885, "marker_score": 0.882419199410468, "symbol": "TPD52", "name": "tumor protein D52", "organism": "Homo sapiens", "tissue": "retina (organoid)"}, {"me": 2.008545998016456, "pc": 0.5248303516347933, "marker_score": 0.8527273260919908, "symbol": "LBH", "name": "LBH regulator of WNT signaling pathway", "organism": "Homo sapiens", "tissue": "retina (organoid)"}, {"me": 2.2471541082928184, "pc": 0.45203578038247993, "marker_score": 0.8502397414674285, "symbol": "VTN", "name": "vitronectin", "organism": "Homo sapiens", "tissue": "retina (organoid)"}, {"me": 1.8317494509207637, "pc": 0.456431215299198, "marker_score": 0.8238469158776426, "symbol": "VOPP1", "name": "VOPP1 WW domain binding protein", "organism": "Homo sapiens", "tissue": "retina (organoid)"}, {"me": 2.417062360604217, "pc": 0.9508019740900678, "marker_score": 0.8114388227804314, "symbol": "COX6A1", "name": "cytochrome c oxidase subunit 6A1", "organism": "Homo sapiens", "tissue": "retina (organoid)"}, {"me": 2.295520876609888, "pc": 0.9280536705737199, "marker_score": 0.8044719937991349, "symbol": "UQCR10", "name": "ubiquinol-cytochrome c reductase, complex III subunit X", "organism": "Homo sapiens", "tissue": "retina (organoid)"}, {"me": 1.7948109904133467, "pc": 0.42581739666872304, "marker_score": 0.7927954146420058, "symbol": "LYPLA1", "name": "lysophospholipase 1", "organism": "Homo sapiens", "tissue": "retina (organoid)"}, {"me": 1.9018691604485636, "pc": 0.4482572486119679, "marker_score": 0.7676607293296436, "symbol": "CHRNA3", "name": "cholinergic receptor nicotinic alpha 3 subunit", "organism": "Homo sapiens", "tissue": "retina (organoid)"}, {"me": 1.8419217367394114, "pc": 0.3878007402837754, "marker_score": 0.758210951642551, "symbol": "SLC17A7", "name": "solute carrier family 17 member 7", "organism": "Homo sapiens", "tissue": "retina (organoid)"}, {"me": 1.813408705309711, "pc": 0.36289327575570635, "marker_score": 0.7464659510771716, "symbol": "DCAF1", "name": "DDB1 and CUL4 associated factor 1", "organism": "Homo sapiens", "tissue": "retina (organoid)"}, {"me": 3.3083212789305665, "pc": 0.966224552745219, "marker_score": 0.7437271612740592, "symbol": "CKB", "name": "creatine kinase B", "organism": "Homo sapiens", "tissue": "retina (organoid)"}, {"me": 2.2854144867081447, "pc": 0.8520974706971005, "marker_score": 0.7415685345308282, "symbol": "HMGN2", "name": "high mobility group nucleosomal binding domain 2", "organism": "Homo sapiens", "tissue": "retina (organoid)"}, {"me": 2.0692457557716306, "pc": 0.37075879086983343, "marker_score": 0.733708810535642, "symbol": "SYCE1L", "name": "synaptonemal complex central element protein 1 like", "organism": "Homo sapiens", "tissue": "retina (organoid)"}, {"me": 1.8404565216717883, "pc": 0.3889574336829118, "marker_score": 0.7316625479486493, "symbol": "MLXIP", "name": "MLX interacting protein", "organism": "Homo sapiens", "tissue": "retina (organoid)"}, {"me": 1.8589591233697194, "pc": 0.5439543491671808, "marker_score": 0.7252235494029562, "symbol": "BAG1", "name": "BAG cochaperone 1", "organism": "Homo sapiens", "tissue": "retina (organoid)"}, {"me": 1.8858263017110437, "pc": 0.4315237507711289, "marker_score": 0.7049327351831816, "symbol": "PARP1", "name": "poly(ADP-ribose) polymerase 1", "organism": "Homo sapiens", "tissue": "retina (organoid)"}, {"me": 1.8566454683684013, "pc": 0.41047193090684764, "marker_score": 0.7039822845572156, "symbol": "RIMS2", "name": "regulating synaptic membrane exocytosis 2", "organism": "Homo sapiens", "tissue": "retina (organoid)"}, {"me": 1.936904742256431, "pc": 0.6205274521900062, "marker_score": 0.6930239628014283, "symbol": "CBX3", "name": "chromobox 3", "organism": "Homo sapiens", "tissue": "retina (organoid)"}, {"me": 1.989763856022643, "pc": 0.6232264034546576, "marker_score": 0.6674083676751189, "symbol": "DST", "name": "dystonin", "organism": "Homo sapiens", "tissue": "retina (organoid)"}, {"me": 1.8102839263248633, "pc": 0.31030228254164094, "marker_score": 0.6626742660337286, "symbol": "IMPG1", "name": "interphotoreceptor matrix proteoglycan 1", "organism": "Homo sapiens", "tissue": "retina (organoid)"}, {"me": 1.9749885082589824, "pc": 0.6395743368291178, "marker_score": 0.661005597352723, "symbol": "MAP1LC3B", "name": "microtubule associated protein 1 light chain 3 beta", "organism": "Homo sapiens", "tissue": "retina (organoid)"}, {"me": 2.1417892388835353, "pc": 0.8402220851326342, "marker_score": 0.6572865674790053, "symbol": "SNHG6", "name": "SNHG6", "organism": "Homo sapiens", "tissue": "retina (organoid)"}, {"me": 2.374440513546998, "pc": 0.949182603331277, "marker_score": 0.6438711585613253, "symbol": "COX7A2", "name": "cytochrome c oxidase subunit 7A2", "organism": "Homo sapiens", "tissue": "retina (organoid)"}, {"me": 1.7811832703679369, "pc": 0.29341455891425045, "marker_score": 0.6347830848146494, "symbol": "RBP3", "name": "retinol binding protein 3", "organism": "Homo sapiens", "tissue": "retina (organoid)"}, {"me": 1.8580626877310535, "pc": 0.5423349784083898, "marker_score": 0.6324627729535188, "symbol": "ATP5MC1", "name": "ATP synthase membrane subunit c locus 1", "organism": "Homo sapiens", "tissue": "retina (organoid)"}, {"me": 2.203332131268273, "pc": 0.8703732264034546, "marker_score": 0.631349906315307, "symbol": "SEC62", "name": "SEC62 homolog, preprotein translocation factor", "organism": "Homo sapiens", "tissue": "retina (organoid)"}, {"me": 1.9929603011002905, "pc": 0.7166101172115977, "marker_score": 0.6075870177305573, "symbol": "TMEM14B", "name": "transmembrane protein 14B", "organism": "Homo sapiens", "tissue": "retina (organoid)"}, {"me": 1.7822568364572247, "pc": 0.2897902529302899, "marker_score": 0.6065799484331601, "symbol": "CREG1", "name": "cellular repressor of E1A stimulated genes 1", "organism": "Homo sapiens", "tissue": "retina (organoid)"}, {"me": 1.7572336962161041, "pc": 0.2786859962985811, "marker_score": 0.6024492582494306, "symbol": "CLCN4", "name": "chloride voltage-gated channel 4", "organism": "Homo sapiens", "tissue": "retina (organoid)"}, {"me": 1.7392959897308782, "pc": 0.27220851326341766, "marker_score": 0.6010088958081622, "symbol": "KCNB1", "name": "potassium voltage-gated channel subfamily B member 1", "organism": "Homo sapiens", "tissue": "retina (organoid)"}, {"me": 1.732317299678408, "pc": 0.2862430598396052, "marker_score": 0.6000339996662963, "symbol": "CNGB1", "name": "cyclic nucleotide gated channel subunit beta 1", "organism": "Homo sapiens", "tissue": "retina (organoid)"}, {"me": 1.7705968916640527, "pc": 0.30729487970388647, "marker_score": 0.5949801527509838, "symbol": "CC2D2A", "name": "coiled-coil and C2 domain containing 2A", "organism": "Homo sapiens", "tissue": "retina (organoid)"}, {"me": 1.7881749995461806, "pc": 0.2654996915484269, "marker_score": 0.5948172199083849, "symbol": "CDHR1", "name": "cadherin related family member 1", "organism": "Homo sapiens", "tissue": "retina (organoid)"}, {"me": 1.7541959626139927, "pc": 0.2705891425046268, "marker_score": 0.5923156071048032, "symbol": "TAFA4", "name": "TAFA chemokine like family member 4", "organism": "Homo sapiens", "tissue": "retina (organoid)"}, {"me": 1.8297886508523529, "pc": 0.273673658235657, "marker_score": 0.5917134175477583, "symbol": "GUCA1B", "name": "guanylate cyclase activator 1B", "organism": "Homo sapiens", "tissue": "retina (organoid)"}, {"me": 1.9123604947640949, "pc": 0.5826650215916102, "marker_score": 0.5864078598672784, "symbol": "UQCC2", "name": "ubiquinol-cytochrome c reductase complex assembly factor 2", "organism": "Homo sapiens", "tissue": "retina (organoid)"}, {"me": 2.2352192483715183, "pc": 0.858266502159161, "marker_score": 0.5747110286198058, "symbol": "NDUFB1", "name": "NADH:ubiquinone oxidoreductase subunit B1", "organism": "Homo sapiens", "tissue": "retina (organoid)"}, {"me": 2.042913474930362, "pc": 0.6920882171499074, "marker_score": 0.5712651801243306, "symbol": "CHCHD10", "name": "coiled-coil-helix-coiled-coil-helix domain containing 10", "organism": "Homo sapiens", "tissue": "retina (organoid)"}, {"me": 1.8076525339918514, "pc": 0.40692473781616284, "marker_score": 0.5699366574367548, "symbol": "ROGDI", "name": "rogdi atypical leucine zipper", "organism": "Homo sapiens", "tissue": "retina (organoid)"}, {"me": 1.76267901455249, "pc": 0.28647439851943246, "marker_score": 0.5685633333497545, "symbol": "ELOVL4", "name": "ELOVL fatty acid elongase 4", "organism": "Homo sapiens", "tissue": "retina (organoid)"}, {"me": 1.8167751237801377, "pc": 0.4029919802590993, "marker_score": 0.5677281504879753, "symbol": "ABHD14A", "name": "abhydrolase domain containing 14A", "organism": "Homo sapiens", "tissue": "retina (organoid)"}, {"me": 1.7174995447126733, "pc": 0.2613355953115361, "marker_score": 0.5639242258090023, "symbol": "MFSD11", "name": "major facilitator superfamily domain containing 11", "organism": "Homo sapiens", "tissue": "retina (organoid)"}, {"me": 1.724323639099712, "pc": 0.29464836520666254, "marker_score": 0.5601405703274743, "symbol": "ADIPOR1", "name": "adiponectin receptor 1", "organism": "Homo sapiens", "tissue": "retina (organoid)"}, {"me": 2.157371823351697, "pc": 0.8678285009253547, "marker_score": 0.557652900482583, "symbol": "SELENOK", "name": "selenoprotein K", "organism": "Homo sapiens", "tissue": "retina (organoid)"}, {"me": 1.7811612360782474, "pc": 0.23627390499691547, "marker_score": 0.5503483908750615, "symbol": "PLAAT1", "name": "phospholipase A and acyltransferase 1", "organism": "Homo sapiens", "tissue": "retina (organoid)"}, {"me": 1.7529845447469528, "pc": 0.291024059222702, "marker_score": 0.5437848686316258, "symbol": "MOAP1", "name": "modulator of apoptosis 1", "organism": "Homo sapiens", "tissue": "retina (organoid)"}, {"me": 1.8195716539496385, "pc": 0.4693090684762492, "marker_score": 0.5372517172696043, "symbol": "GET1", "name": "guided entry of tail-anchored proteins factor 1", "organism": "Homo sapiens", "tissue": "retina (organoid)"}, {"me": 1.7796422082199932, "pc": 0.22678901912399754, "marker_score": 0.536609637009087, "symbol": "RP11-39E3.3", "name": "RP11-39E3.3", "organism": "Homo sapiens", "tissue": "retina (organoid)"}, {"me": 2.781813405669668, "pc": 0.9471776557752785, "marker_score": 2.909558812416291, "symbol": "ARR3", "name": "arrestin 3", "organism": "Homo sapiens", "tissue": "eye"}, {"me": 2.5643129736228505, "pc": 0.914396887159533, "marker_score": 2.819825012621186, "symbol": "MPP4", "name": "MAGUK p55 scaffold protein 4", "organism": "Homo sapiens", "tissue": "eye"}, {"me": 3.0722215644522213, "pc": 0.9214860615105804, "marker_score": 2.628505430768008, "symbol": "MAP2", "name": "microtubule associated protein 2", "organism": "Homo sapiens", "tissue": "eye"}, {"me": 2.2121952819246307, "pc": 0.8444112787164864, "marker_score": 2.139362008518998, "symbol": "IMPG1", "name": "interphotoreceptor matrix proteoglycan 1", "organism": "Homo sapiens", "tissue": "eye"}, {"me": 2.411410722576204, "pc": 0.8323650125259847, "marker_score": 2.0047670031815703, "symbol": "CTD-2050N2.1", "name": "CTD-2050N2.1", "organism": "Homo sapiens", "tissue": "eye"}, {"me": 2.1070090819606104, "pc": 0.8105644688449443, "marker_score": 1.9436888195881892, "symbol": "IMPG2", "name": "interphotoreceptor matrix proteoglycan 2", "organism": "Homo sapiens", "tissue": "eye"}, {"me": 2.2703309881675726, "pc": 0.8333777517189915, "marker_score": 1.9301582786197053, "symbol": "PDC", "name": "phosducin", "organism": "Homo sapiens", "tissue": "eye"}, {"me": 3.0317581932065916, "pc": 0.8312989712701881, "marker_score": 1.8396725073290718, "symbol": "CC2D2A", "name": "coiled-coil and C2 domain containing 2A", "organism": "Homo sapiens", "tissue": "eye"}, {"me": 2.9027444981871136, "pc": 0.8967539043760994, "marker_score": 1.831096129802789, "symbol": "PDE6H", "name": "phosphodiesterase 6H", "organism": "Homo sapiens", "tissue": "eye"}, {"me": 2.3376288356551207, "pc": 0.7786365332338362, "marker_score": 1.7593978582225045, "symbol": "PROM1", "name": "prominin 1", "organism": "Homo sapiens", "tissue": "eye"}, {"me": 2.682971606414809, "pc": 0.8105644688449443, "marker_score": 1.723884363637091, "symbol": "SLC24A2", "name": "solute carrier family 24 member 2", "organism": "Homo sapiens", "tissue": "eye"}, {"me": 3.171998675207942, "pc": 0.7946271520707852, "marker_score": 1.7070656664025514, "symbol": "PEX5L", "name": "peroxisomal biogenesis factor 5 like", "organism": "Homo sapiens", "tissue": "eye"}, {"me": 3.0494133015892646, "pc": 0.8619476573743404, "marker_score": 1.6369795568464207, "symbol": "NTM", "name": "neurotrimin", "organism": "Homo sapiens", "tissue": "eye"}, {"me": 2.3274148977848994, "pc": 0.7567826874900059, "marker_score": 1.5689140955314171, "symbol": "CNGB3", "name": "cyclic nucleotide gated channel subunit beta 3", "organism": "Homo sapiens", "tissue": "eye"}, {"me": 4.1762351371389625, "pc": 0.7234155961835723, "marker_score": 1.5661739303773023, "symbol": "EYS", "name": "eyes shut homolog", "organism": "Homo sapiens", "tissue": "eye"}, {"me": 2.26671875, "pc": 0.8008634934171952, "marker_score": 1.56587481043369, "symbol": "GNB3", "name": "G protein subunit beta 3", "organism": "Homo sapiens", "tissue": "eye"}, {"me": 2.243876887398158, "pc": 0.75235861627845, "marker_score": 1.5457056881593578, "symbol": "MAK", "name": "male germ cell associated kinase", "organism": "Homo sapiens", "tissue": "eye"}, {"me": 2.162808895008266, "pc": 0.7415915995949043, "marker_score": 1.5300592960436712, "symbol": "GUCA1C", "name": "guanylate cyclase activator 1C", "organism": "Homo sapiens", "tissue": "eye"}, {"me": 2.5936654621620674, "pc": 0.7610468525131923, "marker_score": 1.4856232609040385, "symbol": "ARMC9", "name": "armadillo repeat containing 9", "organism": "Homo sapiens", "tissue": "eye"}, {"me": 2.1555542028164605, "pc": 0.7234155961835723, "marker_score": 1.4769561937467337, "symbol": "ANKRD33B", "name": "ankyrin repeat domain 33B", "organism": "Homo sapiens", "tissue": "eye"}, {"me": 1.9576334250933476, "pc": 0.6994829699909386, "marker_score": 1.4676101798730978, "symbol": "MIR124-1HG", "name": "MIR124-1 host gene", "organism": "Homo sapiens", "tissue": "eye"}, {"me": 2.8494082799381353, "pc": 0.7237354085603113, "marker_score": 1.4587377842382234, "symbol": "HCN1", "name": "hyperpolarization activated cyclic nucleotide gated potassium channel 1", "organism": "Homo sapiens", "tissue": "eye"}, {"me": 2.4016593641367323, "pc": 0.6899952028143489, "marker_score": 1.4330886804272767, "symbol": "EGFLAM", "name": "EGF like, fibronectin type III and laminin G domains", "organism": "Homo sapiens", "tissue": "eye"}, {"me": 2.090451995782354, "pc": 0.7014018442513725, "marker_score": 1.4198951186885826, "symbol": "KCNV2", "name": "potassium voltage-gated channel modifier subfamily V member 2", "organism": "Homo sapiens", "tissue": "eye"}, {"me": 2.3769169221060222, "pc": 0.7390331005809925, "marker_score": 1.4168050474397162, "symbol": "GUCA1A", "name": "guanylate cyclase activator 1A", "organism": "Homo sapiens", "tissue": "eye"}, {"me": 2.503694726743289, "pc": 0.6910079420073557, "marker_score": 1.414817464926576, "symbol": "LHFPL3", "name": "LHFPL tetraspan subfamily member 3", "organism": "Homo sapiens", "tissue": "eye"}, {"me": 2.509398388899689, "pc": 0.6854645274772133, "marker_score": 1.413359710997794, "symbol": "USH2A", "name": "usherin", "organism": "Homo sapiens", "tissue": "eye"}, {"me": 2.2474013610455974, "pc": 0.6780022386866372, "marker_score": 1.401571583052839, "symbol": "RPGRIP1", "name": "RPGR interacting protein 1", "organism": "Homo sapiens", "tissue": "eye"}, {"me": 2.498984755038221, "pc": 0.6903150151910878, "marker_score": 1.3887855172098464, "symbol": "MYO3B", "name": "myosin IIIB", "organism": "Homo sapiens", "tissue": "eye"}, {"me": 2.1011809000664146, "pc": 0.6621182239752679, "marker_score": 1.345241502538252, "symbol": "GRK7", "name": "G protein-coupled receptor kinase 7", "organism": "Homo sapiens", "tissue": "eye"}, {"me": 3.361914205987444, "pc": 0.7980917861521241, "marker_score": 1.3420550953891386, "symbol": "CAMK1D", "name": "calcium/calmodulin dependent protein kinase ID", "organism": "Homo sapiens", "tissue": "eye"}, {"me": 2.87886797652246, "pc": 0.707211769095464, "marker_score": 1.3192181718045555, "symbol": "AGBL4", "name": "AGBL carboxypeptidase 4", "organism": "Homo sapiens", "tissue": "eye"}, {"me": 2.1599933690379203, "pc": 0.7196844517882842, "marker_score": 1.30100127749447, "symbol": "VOPP1", "name": "VOPP1 WW domain binding protein", "organism": "Homo sapiens", "tissue": "eye"}, {"me": 2.271054279928611, "pc": 0.6794413943819626, "marker_score": 1.2859524231828883, "symbol": "ADGRV1", "name": "adhesion G protein-coupled receptor V1", "organism": "Homo sapiens", "tissue": "eye"}, {"me": 3.0359572911185446, "pc": 0.7090773412931081, "marker_score": 1.283206709699309, "symbol": "PCDH15", "name": "protocadherin related 15", "organism": "Homo sapiens", "tissue": "eye"}, {"me": 1.914385022719863, "pc": 0.6539630083684238, "marker_score": 1.270019670772348, "symbol": "DZIP3", "name": "DAZ interacting zinc finger protein 3", "organism": "Homo sapiens", "tissue": "eye"}, {"me": 2.278324680821322, "pc": 0.6434625019988274, "marker_score": 1.261278194527847, "symbol": "FSD1L", "name": "fibronectin type III and SPRY domain containing 1 like", "organism": "Homo sapiens", "tissue": "eye"}, {"me": 2.0937243195301853, "pc": 0.6648366291775492, "marker_score": 1.254999658440395, "symbol": "PLEKHB1", "name": "pleckstrin homology domain containing B1", "organism": "Homo sapiens", "tissue": "eye"}, {"me": 2.141432076446281, "pc": 0.6256063109642344, "marker_score": 1.2384907950674218, "symbol": "DPF3", "name": "double PHD fingers 3", "organism": "Homo sapiens", "tissue": "eye"}, {"me": 2.3919063275993273, "pc": 0.6654229518682373, "marker_score": 1.238031264581145, "symbol": "PPM1E", "name": "protein phosphatase, Mg2+/Mn2+ dependent 1E", "organism": "Homo sapiens", "tissue": "eye"}, {"me": 4.000396999763223, "pc": 0.7316241138532061, "marker_score": 1.2232872434430484, "symbol": "KCNB2", "name": "potassium voltage-gated channel subfamily B member 2", "organism": "Homo sapiens", "tissue": "eye"}, {"me": 2.2394904066361314, "pc": 0.6254997068386546, "marker_score": 1.2196958437448582, "symbol": "ST3GAL3", "name": "ST3 beta-galactoside alpha-2,3-sialyltransferase 3", "organism": "Homo sapiens", "tissue": "eye"}, {"me": 2.90177295692906, "pc": 0.6784819572517456, "marker_score": 1.1969098508300218, "symbol": "PRELID2", "name": "PRELI domain containing 2", "organism": "Homo sapiens", "tissue": "eye"}, {"me": 2.6967076363508573, "pc": 0.9479771867171259, "marker_score": 1.194305551957667, "symbol": "AKAP9", "name": "A-kinase anchoring protein 9", "organism": "Homo sapiens", "tissue": "eye"}, {"me": 1.9444950579073483, "pc": 0.6172911891690208, "marker_score": 1.191978994012817, "symbol": "KIF2A", "name": "kinesin family member 2A", "organism": "Homo sapiens", "tissue": "eye"}, {"me": 1.9694352325341276, "pc": 0.6130270241458344, "marker_score": 1.1889123904648458, "symbol": "CPLX4", "name": "complexin 4", "organism": "Homo sapiens", "tissue": "eye"}, {"me": 2.0696260888260096, "pc": 0.6004477373274346, "marker_score": 1.1882059629147346, "symbol": "LRFN2", "name": "leucine rich repeat and fibronectin type III domain containing 2", "organism": "Homo sapiens", "tissue": "eye"}, {"me": 1.8912239678662945, "pc": 0.582431640104472, "marker_score": 1.1400137026825066, "symbol": "CNGB1", "name": "cyclic nucleotide gated channel subunit beta 1", "organism": "Homo sapiens", "tissue": "eye"}, {"me": 2.1986663067094976, "pc": 0.6409040029849156, "marker_score": 1.1252923799015762, "symbol": "SEMA6D", "name": "semaphorin 6D", "organism": "Homo sapiens", "tissue": "eye"}, {"me": 1.8780066712031422, "pc": 0.5801396514045094, "marker_score": 1.112546270013845, "symbol": "RP1", "name": "RP1 axonemal microtubule associated", "organism": "Homo sapiens", "tissue": "eye"}, {"me": 2.379352586946787, "pc": 0.7141943393209317, "marker_score": 1.1049350314587303, "symbol": "ABCA4", "name": "ATP binding cassette subfamily A member 4", "organism": "Homo sapiens", "tissue": "eye"}, {"me": 1.955583676947278, "pc": 0.5590853366025266, "marker_score": 1.0954903918078922, "symbol": "FRMPD1", "name": "FERM and PDZ domain containing 1", "organism": "Homo sapiens", "tissue": "eye"}, {"me": 2.0574539242671888, "pc": 0.7419114119716433, "marker_score": 1.0948894017210802, "symbol": "SLC6A6", "name": "solute carrier family 6 member 6", "organism": "Homo sapiens", "tissue": "eye"}, {"me": 1.907714526948744, "pc": 0.5750759554394755, "marker_score": 1.0880785059181417, "symbol": "PCBP4", "name": "poly(rC) binding protein 4", "organism": "Homo sapiens", "tissue": "eye"}, {"me": 2.0597855616519904, "pc": 0.5931986567880176, "marker_score": 1.0836460538088775, "symbol": "ATP8A2", "name": "ATPase phospholipid transporting 8A2", "organism": "Homo sapiens", "tissue": "eye"}, {"me": 2.24188379052881, "pc": 0.5679867810884281, "marker_score": 1.0809488474282172, "symbol": "LINC02343", "name": "long intergenic non-protein coding RNA 2343", "organism": "Homo sapiens", "tissue": "eye"}, {"me": 1.8577923931877667, "pc": 0.5498640797398859, "marker_score": 1.077490696513841, "symbol": "PRPH2", "name": "peripherin 2", "organism": "Homo sapiens", "tissue": "eye"}, {"me": 2.1708882024144653, "pc": 0.615372314908587, "marker_score": 1.0748915932294802, "symbol": "RHOBTB1", "name": "Rho related BTB domain containing 1", "organism": "Homo sapiens", "tissue": "eye"}, {"me": 2.149010881069234, "pc": 0.7113693299930708, "marker_score": 1.0732533370152526, "symbol": "MEGF9", "name": "multiple EGF like domains 9", "organism": "Homo sapiens", "tissue": "eye"}, {"me": 2.3865956149862533, "pc": 0.5622301583071265, "marker_score": 1.0658422748207261, "symbol": "RP11-103J8.1", "name": "RP11-103J8.1", "organism": "Homo sapiens", "tissue": "eye"}, {"me": 2.5337444144244667, "pc": 0.6269921645967699, "marker_score": 1.0490959193033293, "symbol": "RCVRN", "name": "recoverin", "organism": "Homo sapiens", "tissue": "eye"}, {"me": 1.9507268519644072, "pc": 0.5481051116678215, "marker_score": 1.0463417301578575, "symbol": "TAFA4", "name": "TAFA chemokine like family member 4", "organism": "Homo sapiens", "tissue": "eye"}, {"me": 3.1256782845963755, "pc": 0.8088588028356697, "marker_score": 1.0422585367087556, "symbol": "FSTL5", "name": "follistatin like 5", "organism": "Homo sapiens", "tissue": "eye"}, {"me": 2.0501189168758556, "pc": 0.5839240978625873, "marker_score": 1.0309043335784598, "symbol": "NSF", "name": "N-ethylmaleimide sensitive factor, vesicle fusing ATPase", "organism": "Homo sapiens", "tissue": "eye"}, {"me": 2.207341399965023, "pc": 0.7619529875806194, "marker_score": 1.0267381618304712, "symbol": "DPYSL3", "name": "dihydropyrimidinase like 3", "organism": "Homo sapiens", "tissue": "eye"}, {"me": 2.194835136741064, "pc": 0.6531634774265764, "marker_score": 1.0265512907292458, "symbol": "MCF2L2", "name": "MCF.2 cell line derived transforming sequence-like 2", "organism": "Homo sapiens", "tissue": "eye"}, {"me": 2.1924737882433827, "pc": 0.6202228026224615, "marker_score": 1.0215189623833405, "symbol": "ANO2", "name": "anoctamin 2", "organism": "Homo sapiens", "tissue": "eye"}, {"me": 2.6330764817599115, "pc": 0.6735781674750813, "marker_score": 1.0126954038175728, "symbol": "XYLT1", "name": "xylosyltransferase 1", "organism": "Homo sapiens", "tissue": "eye"}, {"me": 1.8981775902840172, "pc": 0.5339267629657267, "marker_score": 1.0116913125062161, "symbol": "CACNA2D4", "name": "calcium voltage-gated channel auxiliary subunit alpha2delta 4", "organism": "Homo sapiens", "tissue": "eye"}, {"me": 2.0456572741996952, "pc": 0.6293907574223122, "marker_score": 0.9871479911544012, "symbol": "AGTPBP1", "name": "ATP/GTP binding carboxypeptidase 1", "organism": "Homo sapiens", "tissue": "eye"}, {"me": 1.8952133961028232, "pc": 0.5645221470070891, "marker_score": 0.9861915806230086, "symbol": "GNB5", "name": "G protein subunit beta 5", "organism": "Homo sapiens", "tissue": "eye"}, {"me": 1.825586415341453, "pc": 0.5010926922871916, "marker_score": 0.9799787299237287, "symbol": "GUCA1B", "name": "guanylate cyclase activator 1B", "organism": "Homo sapiens", "tissue": "eye"}, {"me": 2.1641726934674, "pc": 0.5281168381216353, "marker_score": 0.9785989926285434, "symbol": "AIPL1", "name": "aryl hydrocarbon receptor interacting protein like 1", "organism": "Homo sapiens", "tissue": "eye"}, {"me": 2.3053173495457986, "pc": 0.7041202494536538, "marker_score": 0.9773540874367369, "symbol": "SGIP1", "name": "SH3GL interacting endocytic adaptor 1", "organism": "Homo sapiens", "tissue": "eye"}, {"me": 1.9841174700991833, "pc": 0.5024785459197271, "marker_score": 0.9752271780626233, "symbol": "PRR16", "name": "proline rich 16", "organism": "Homo sapiens", "tissue": "eye"}, {"me": 1.8361336347417598, "pc": 0.519108789510154, "marker_score": 0.9716874076950672, "symbol": "RGS9", "name": "regulator of G protein signaling 9", "organism": "Homo sapiens", "tissue": "eye"}, {"me": 2.1235914572980326, "pc": 0.7937210170033581, "marker_score": 0.9715238331009979, "symbol": "SLC4A7", "name": "solute carrier family 4 member 7", "organism": "Homo sapiens", "tissue": "eye"}, {"me": 1.8910924303710381, "pc": 0.5616971376792281, "marker_score": 0.9623167716975778, "symbol": "ADCY1", "name": "adenylate cyclase 1", "organism": "Homo sapiens", "tissue": "eye"}, {"me": 2.0247982054675684, "pc": 0.599061883694899, "marker_score": 0.9527072759243875, "symbol": "SLC44A1", "name": "solute carrier family 44 member 1", "organism": "Homo sapiens", "tissue": "eye"}, {"me": 1.8606013707716118, "pc": 0.48217045999680186, "marker_score": 0.9455374122285728, "symbol": "HERC3", "name": "HECT and RLD domain containing E3 ubiquitin protein ligase 3", "organism": "Homo sapiens", "tissue": "eye"}, {"me": 2.31602882005374, "pc": 0.4860082085176696, "marker_score": 0.9245768190636499, "symbol": "PCAT4", "name": "prostate cancer associated transcript 4", "organism": "Homo sapiens", "tissue": "eye"}, {"me": 1.8205627550592576, "pc": 0.47673364959223924, "marker_score": 0.9229715926535269, "symbol": "CEP164", "name": "centrosomal protein 164", "organism": "Homo sapiens", "tissue": "eye"}, {"me": 1.8309112669587337, "pc": 0.47145674537604604, "marker_score": 0.9219689613303205, "symbol": "TULP1", "name": "TUB like protein 1", "organism": "Homo sapiens", "tissue": "eye"}, {"me": 1.782957951654853, "pc": 0.4662331432226427, "marker_score": 0.9166766410888316, "symbol": "MAP6", "name": "microtubule associated protein 6", "organism": "Homo sapiens", "tissue": "eye"}, {"me": 1.760830497260156, "pc": 0.4644741751505783, "marker_score": 0.9162668249777585, "symbol": "CDHR1", "name": "cadherin related family member 1", "organism": "Homo sapiens", "tissue": "eye"}, {"me": 1.9508039109323758, "pc": 0.47135014125046637, "marker_score": 0.9149576915128457, "symbol": "PPEF2", "name": "protein phosphatase with EF-hand domain 2", "organism": "Homo sapiens", "tissue": "eye"}, {"me": 1.940111182997731, "pc": 0.46985768349235113, "marker_score": 0.9116833499959114, "symbol": "RS1", "name": "retinoschisin 1", "organism": "Homo sapiens", "tissue": "eye"}, {"me": 1.9192328944328243, "pc": 0.5478919034166623, "marker_score": 0.9114159726536729, "symbol": "LBH", "name": "LBH regulator of WNT signaling pathway", "organism": "Homo sapiens", "tissue": "eye"}, {"me": 1.9999946499834702, "pc": 0.5643089387559298, "marker_score": 0.9016461693116653, "symbol": "CECR2", "name": "CECR2 histone acetyl-lysine reader", "organism": "Homo sapiens", "tissue": "eye"}, {"me": 1.9291576419554575, "pc": 0.5552475880816587, "marker_score": 0.8939414553055176, "symbol": "SNAP91", "name": "synaptosome associated protein 91", "organism": "Homo sapiens", "tissue": "eye"}, {"me": 3.38845154652736, "pc": 0.8864133041948723, "marker_score": 0.8864094315152198, "symbol": "RIMS2", "name": "regulating synaptic membrane exocytosis 2", "organism": "Homo sapiens", "tissue": "eye"}, {"me": 1.8354672731393413, "pc": 0.4483236501252598, "marker_score": 0.8818204325937402, "symbol": "ST3GAL3-AS1", "name": "ST3GAL3 antisense RNA 1", "organism": "Homo sapiens", "tissue": "eye"}, {"me": 1.8195513207872929, "pc": 0.4823836682479612, "marker_score": 0.8765117459641051, "symbol": "KCNB1", "name": "potassium voltage-gated channel subfamily B member 1", "organism": "Homo sapiens", "tissue": "eye"}, {"me": 1.9232432606456045, "pc": 0.4656468205319546, "marker_score": 0.873550220023382, "symbol": "UPK3B", "name": "uroplakin 3B", "organism": "Homo sapiens", "tissue": "eye"}, {"me": 2.043411090495571, "pc": 0.44528543254623953, "marker_score": 0.8696218184620768, "symbol": "ATP6V0D2", "name": "ATPase H+ transporting V0 subunit d2", "organism": "Homo sapiens", "tissue": "eye"}, {"me": 1.8143431160501193, "pc": 0.4466712861787751, "marker_score": 0.862592465356406, "symbol": "CEP104", "name": "centrosomal protein 104", "organism": "Homo sapiens", "tissue": "eye"}, {"me": 1.8711318708318037, "pc": 0.4355844571184905, "marker_score": 0.8619767228831186, "symbol": "AC005355.1", "name": "AC005355.1", "organism": "Homo sapiens", "tissue": "eye"}, {"me": 1.9984767151624327, "pc": 0.43643729012312776, "marker_score": 0.8602019793668283, "symbol": "LINC00457", "name": "long intergenic non-protein coding RNA 457", "organism": "Homo sapiens", "tissue": "eye"}, {"me": 1.8680547850606024, "pc": 0.43537124886733114, "marker_score": 0.8574893581884776, "symbol": "RP11-39E3.3", "name": "RP11-39E3.3", "organism": "Homo sapiens", "tissue": "eye"}, {"me": 1.8029188772932214, "pc": 0.42854858483023295, "marker_score": 0.8526861561175582, "symbol": "FRMPD2", "name": "FERM and PDZ domain containing 2", "organism": "Homo sapiens", "tissue": "eye"}, {"me": 3.0747928562562064, "pc": 0.9521258155000157, "marker_score": 2.907946930434414, "symbol": "ARR3", "name": "arrestin 3", "organism": "Homo sapiens", "tissue": "All Tissues"}, {"me": 2.5055500057021547, "pc": 0.8981688675974661, "marker_score": 2.607920432425222, "symbol": "MPP4", "name": "MAGUK p55 scaffold protein 4", "organism": "Homo sapiens", "tissue": "All Tissues"}, {"me": 2.7159360311277654, "pc": 0.9588389170790129, "marker_score": 2.360370519068338, "symbol": "AKAP9", "name": "A-kinase anchoring protein 9", "organism": "Homo sapiens", "tissue": "All Tissues"}, {"me": 2.482062548835062, "pc": 0.8873900847804848, "marker_score": 2.3324209238922187, "symbol": "PDC", "name": "phosducin", "organism": "Homo sapiens", "tissue": "All Tissues"}, {"me": 3.628480679107737, "pc": 0.9381638248920546, "marker_score": 2.311705559091266, "symbol": "PDE6H", "name": "phosphodiesterase 6H", "organism": "Homo sapiens", "tissue": "All Tissues"}, {"me": 2.878801151610018, "pc": 0.8808976015632387, "marker_score": 2.050633627759218, "symbol": "GNB3", "name": "G protein subunit beta 3", "organism": "Homo sapiens", "tissue": "All Tissues"}, {"me": 2.8238781313425543, "pc": 0.8385388761070314, "marker_score": 1.829880782238956, "symbol": "GUCA1A", "name": "guanylate cyclase activator 1A", "organism": "Homo sapiens", "tissue": "All Tissues"}, {"me": 2.36163270174482, "pc": 0.8092281509029594, "marker_score": 1.818486150050043, "symbol": "GUCA1C", "name": "guanylate cyclase activator 1C", "organism": "Homo sapiens", "tissue": "All Tissues"}, {"me": 2.2696387657752406, "pc": 0.7866620441867062, "marker_score": 1.7339725376442297, "symbol": "KCNV2", "name": "potassium voltage-gated channel modifier subfamily V member 2", "organism": "Homo sapiens", "tissue": "All Tissues"}, {"me": 2.42227852203434, "pc": 0.785621986195594, "marker_score": 1.697535209905079, "symbol": "PLEKHB1", "name": "pleckstrin homology domain containing B1", "organism": "Homo sapiens", "tissue": "All Tissues"}, {"me": 2.738610886236718, "pc": 0.8126950108733335, "marker_score": 1.677356773102691, "symbol": "MAP2", "name": "microtubule associated protein 2", "organism": "Homo sapiens", "tissue": "All Tissues"}, {"me": 2.0716511407254066, "pc": 0.7307825648460399, "marker_score": 1.5689613582400503, "symbol": "IMPG2", "name": "interphotoreceptor matrix proteoglycan 2", "organism": "Homo sapiens", "tissue": "All Tissues"}, {"me": 3.251054014420139, "pc": 0.7737085946610357, "marker_score": 1.5256526538507922, "symbol": "RCVRN", "name": "recoverin", "organism": "Homo sapiens", "tissue": "All Tissues"}, {"me": 2.1680593672328086, "pc": 0.7227772700053579, "marker_score": 1.505398698765951, "symbol": "PCBP4", "name": "poly(rC) binding protein 4", "organism": "Homo sapiens", "tissue": "All Tissues"}, {"me": 2.9264190972694504, "pc": 0.9268492546251064, "marker_score": 1.4592577981538977, "symbol": "CKB", "name": "creatine kinase B", "organism": "Homo sapiens", "tissue": "All Tissues"}, {"me": 2.022200393832509, "pc": 0.6947272211541492, "marker_score": 1.4307054926959766, "symbol": "CPLX4", "name": "complexin 4", "organism": "Homo sapiens", "tissue": "All Tissues"}, {"me": 2.713684054203346, "pc": 0.8986416212297897, "marker_score": 1.4154098810552072, "symbol": "SYT1", "name": "synaptotagmin 1", "organism": "Homo sapiens", "tissue": "All Tissues"}, {"me": 2.2937915902596524, "pc": 0.7003687478332126, "marker_score": 1.3923751191201614, "symbol": "ENO2", "name": "enolase 2", "organism": "Homo sapiens", "tissue": "All Tissues"}, {"me": 2.30733343670667, "pc": 0.6828138296195909, "marker_score": 1.362048239180323, "symbol": "AIPL1", "name": "aryl hydrocarbon receptor interacting protein like 1", "organism": "Homo sapiens", "tissue": "All Tissues"}, {"me": 1.9697892527857213, "pc": 0.6392259447193419, "marker_score": 1.285470783634216, "symbol": "MIR124-1HG", "name": "MIR124-1 host gene", "organism": "Homo sapiens", "tissue": "All Tissues"}, {"me": 2.207672506566467, "pc": 0.6479561284629204, "marker_score": 1.2848296731521327, "symbol": "RS1", "name": "retinoschisin 1", "organism": "Homo sapiens", "tissue": "All Tissues"}, {"me": 2.130785245519984, "pc": 0.6261149106495635, "marker_score": 1.240817996049973, "symbol": "IMPG1", "name": "interphotoreceptor matrix proteoglycan 1", "organism": "Homo sapiens", "tissue": "All Tissues"}, {"me": 3.017030701954175, "pc": 0.6918906993602068, "marker_score": 1.2121920515138265, "symbol": "RIMS2", "name": "regulating synaptic membrane exocytosis 2", "organism": "Homo sapiens", "tissue": "All Tissues"}, {"me": 2.0185313387554866, "pc": 0.6103249393299505, "marker_score": 1.2018750372308546, "symbol": "TULP1", "name": "TUB like protein 1", "organism": "Homo sapiens", "tissue": "All Tissues"}, {"me": 2.7352156880725738, "pc": 0.8807085001103092, "marker_score": 1.1843167012549918, "symbol": "MAP1B", "name": "microtubule associated protein 1B", "organism": "Homo sapiens", "tissue": "All Tissues"}, {"me": 2.687961809771005, "pc": 0.7528444010211478, "marker_score": 1.1621188807974574, "symbol": "NTM", "name": "neurotrimin", "organism": "Homo sapiens", "tissue": "All Tissues"}, {"me": 3.1986688601438504, "pc": 0.5937470452897979, "marker_score": 1.151141154251323, "symbol": "UNC119", "name": "unc-119 lipid binding chaperone", "organism": "Homo sapiens", "tissue": "All Tissues"}, {"me": 1.9421681252098624, "pc": 0.6570329982035362, "marker_score": 1.1337955317686346, "symbol": "SNAP25", "name": "synaptosome associated protein 25", "organism": "Homo sapiens", "tissue": "All Tissues"}, {"me": 2.775094678834074, "pc": 0.6171325916354125, "marker_score": 1.1331351815943056, "symbol": "CC2D2A", "name": "coiled-coil and C2 domain containing 2A", "organism": "Homo sapiens", "tissue": "All Tissues"}, {"me": 2.35853428422539, "pc": 0.5858993349932239, "marker_score": 1.1325233244940467, "symbol": "SEPTIN4", "name": "septin 4", "organism": "Homo sapiens", "tissue": "All Tissues"}, {"me": 2.8526454778269343, "pc": 0.5984115477953922, "marker_score": 1.1173823800217073, "symbol": "FSTL5", "name": "follistatin like 5", "organism": "Homo sapiens", "tissue": "All Tissues"}, {"me": 1.8833612830495183, "pc": 0.5626398562828958, "marker_score": 1.103672519797056, "symbol": "RP1", "name": "RP1 axonemal microtubule associated", "organism": "Homo sapiens", "tissue": "All Tissues"}, {"me": 2.0599534250939704, "pc": 0.6120898862239591, "marker_score": 1.0982878274257122, "symbol": "VOPP1", "name": "VOPP1 WW domain binding protein", "organism": "Homo sapiens", "tissue": "All Tissues"}, {"me": 2.9533868356721653, "pc": 0.8444640549654889, "marker_score": 1.092693547976061, "symbol": "GUK1", "name": "guanylate kinase 1", "organism": "Homo sapiens", "tissue": "All Tissues"}, {"me": 2.3362535339540904, "pc": 0.5601815373948124, "marker_score": 1.0750059917519548, "symbol": "CTD-2050N2.1", "name": "CTD-2050N2.1", "organism": "Homo sapiens", "tissue": "All Tissues"}, {"me": 2.0768308845402004, "pc": 0.5562419237921145, "marker_score": 1.0459476545862334, "symbol": "SYP", "name": "synaptophysin", "organism": "Homo sapiens", "tissue": "All Tissues"}, {"me": 2.157410917712155, "pc": 0.5325727252671058, "marker_score": 1.0297061233840705, "symbol": "MAK", "name": "male germ cell associated kinase", "organism": "Homo sapiens", "tissue": "All Tissues"}, {"me": 2.2335318139853477, "pc": 0.5291373822055533, "marker_score": 1.016054177128314, "symbol": "GNGT2", "name": "G protein subunit gamma transducin 2", "organism": "Homo sapiens", "tissue": "All Tissues"}, {"me": 2.588589575630628, "pc": 0.5285070440291216, "marker_score": 1.003210862844109, "symbol": "SLC24A2", "name": "solute carrier family 24 member 2", "organism": "Homo sapiens", "tissue": "All Tissues"}, {"me": 2.4659328121242186, "pc": 0.5241892275205647, "marker_score": 0.989123847032532, "symbol": "ARMC9", "name": "armadillo repeat containing 9", "organism": "Homo sapiens", "tissue": "All Tissues"}, {"me": 2.113004345338637, "pc": 0.5784298276025087, "marker_score": 0.9837840195437346, "symbol": "DPYSL3", "name": "dihydropyrimidinase like 3", "organism": "Homo sapiens", "tissue": "All Tissues"}, {"me": 2.247137415060629, "pc": 0.5380251504932396, "marker_score": 0.9736408277393074, "symbol": "PROM1", "name": "prominin 1", "organism": "Homo sapiens", "tissue": "All Tissues"}, {"me": 2.0130251189188764, "pc": 0.5027262126130669, "marker_score": 0.9507308565613105, "symbol": "SLC6A6", "name": "solute carrier family 6 member 6", "organism": "Homo sapiens", "tissue": "All Tissues"}, {"me": 2.101270141368099, "pc": 0.49437423177534745, "marker_score": 0.9390303497650476, "symbol": "ANKRD33B", "name": "ankyrin repeat domain 33B", "organism": "Homo sapiens", "tissue": "All Tissues"}, {"me": 2.278925119043723, "pc": 0.4815153329761417, "marker_score": 0.9306565937517095, "symbol": "CNGB3", "name": "cyclic nucleotide gated channel subunit beta 3", "organism": "Homo sapiens", "tissue": "All Tissues"}, {"me": 2.3548339203800785, "pc": 0.4809480286173532, "marker_score": 0.9257296409294182, "symbol": "TLCD3B", "name": "TLC domain containing 3B", "organism": "Homo sapiens", "tissue": "All Tissues"}, {"me": 1.838129930709791, "pc": 0.5108575750890353, "marker_score": 0.925467752595874, "symbol": "STX3", "name": "syntaxin 3", "organism": "Homo sapiens", "tissue": "All Tissues"}, {"me": 2.59791943302532, "pc": 0.8663367896876675, "marker_score": 0.9243912526206239, "symbol": "PKM", "name": "pyruvate kinase M1/2", "organism": "Homo sapiens", "tissue": "All Tissues"}, {"me": 3.0890279252789754, "pc": 0.49708468593400357, "marker_score": 0.9242354400534736, "symbol": "PEX5L", "name": "peroxisomal biogenesis factor 5 like", "organism": "Homo sapiens", "tissue": "All Tissues"}, {"me": 1.9548116494732222, "pc": 0.5384663872167418, "marker_score": 0.9189575371271602, "symbol": "LBH", "name": "LBH regulator of WNT signaling pathway", "organism": "Homo sapiens", "tissue": "All Tissues"}, {"me": 1.8730350751574651, "pc": 0.49037158435500644, "marker_score": 0.9094465585756264, "symbol": "DZIP3", "name": "DAZ interacting zinc finger protein 3", "organism": "Homo sapiens", "tissue": "All Tissues"}, {"me": 1.8082463075195447, "pc": 0.4595795644363201, "marker_score": 0.9062935672555537, "symbol": "RD3", "name": "RD3 regulator of GUCY2D", "organism": "Homo sapiens", "tissue": "All Tissues"}, {"me": 1.8509300925609673, "pc": 0.4613760282391503, "marker_score": 0.9025779775500224, "symbol": "CNGB1", "name": "cyclic nucleotide gated channel subunit beta 1", "organism": "Homo sapiens", "tissue": "All Tissues"}, {"me": 3.8530918916609704, "pc": 0.46109237605975606, "marker_score": 0.8863197087122713, "symbol": "KCNB2", "name": "potassium voltage-gated channel subfamily B member 2", "organism": "Homo sapiens", "tissue": "All Tissues"}, {"me": 2.0021771550815295, "pc": 0.4484225787134798, "marker_score": 0.8809255653558936, "symbol": "PRCD", "name": "photoreceptor disc component", "organism": "Homo sapiens", "tissue": "All Tissues"}, {"me": 2.524674900864487, "pc": 0.6179520312647736, "marker_score": 0.8782767527301806, "symbol": "AHI1", "name": "Abelson helper integration site 1", "organism": "Homo sapiens", "tissue": "All Tissues"}, {"me": 3.195108593279084, "pc": 0.5228655173500583, "marker_score": 0.868280429121101, "symbol": "CAMK1D", "name": "calcium/calmodulin dependent protein kinase ID", "organism": "Homo sapiens", "tissue": "All Tissues"}, {"me": 2.0758016525053105, "pc": 0.5044596425982539, "marker_score": 0.8667568774592194, "symbol": "MEGF9", "name": "multiple EGF like domains 9", "organism": "Homo sapiens", "tissue": "All Tissues"}, {"me": 4.1398550453174945, "pc": 0.4337987330202654, "marker_score": 0.8585593947598352, "symbol": "EYS", "name": "eyes shut homolog", "organism": "Homo sapiens", "tissue": "All Tissues"}, {"me": 1.900724831424014, "pc": 0.4346812064672697, "marker_score": 0.8577011751592198, "symbol": "TAFA4", "name": "TAFA chemokine like family member 4", "organism": "Homo sapiens", "tissue": "All Tissues"}, {"me": 2.836647235138585, "pc": 0.4320968199438999, "marker_score": 0.8511867635180399, "symbol": "HCN1", "name": "hyperpolarization activated cyclic nucleotide gated potassium channel 1", "organism": "Homo sapiens", "tissue": "All Tissues"}, {"me": 2.2627088466276564, "pc": 0.6140124176620757, "marker_score": 0.8488008279059898, "symbol": "PPP2R2B", "name": "protein phosphatase 2 regulatory subunit Bbeta", "organism": "Homo sapiens", "tissue": "All Tissues"}, {"me": 2.3601109269704073, "pc": 0.4302688392322481, "marker_score": 0.8462777031407023, "symbol": "EGFLAM", "name": "EGF like, fibronectin type III and laminin G domains", "organism": "Homo sapiens", "tissue": "All Tissues"}, {"me": 2.0287359136695264, "pc": 0.42982760250874597, "marker_score": 0.840086851840774, "symbol": "ROM1", "name": "retinal outer segment membrane protein 1", "organism": "Homo sapiens", "tissue": "All Tissues"}, {"me": 2.3735022953416838, "pc": 0.4252261338207949, "marker_score": 0.8391902998772072, "symbol": "ABCA4", "name": "ATP binding cassette subfamily A member 4", "organism": "Homo sapiens", "tissue": "All Tissues"}, {"me": 3.0348067912942236, "pc": 0.4195846071417315, "marker_score": 0.8355392434457032, "symbol": "PCDH15", "name": "protocadherin related 15", "organism": "Homo sapiens", "tissue": "All Tissues"}, {"me": 3.1973957030691724, "pc": 0.4410476220492294, "marker_score": 0.8343152822858279, "symbol": "FMN1", "name": "formin 1", "organism": "Homo sapiens", "tissue": "All Tissues"}, {"me": 2.050706451307925, "pc": 0.42711714835008985, "marker_score": 0.831486189233247, "symbol": "MYL4", "name": "myosin light chain 4", "organism": "Homo sapiens", "tissue": "All Tissues"}, {"me": 2.301622241281661, "pc": 0.424312143464969, "marker_score": 0.8260697067587088, "symbol": "PCBP3", "name": "poly(rC) binding protein 3", "organism": "Homo sapiens", "tissue": "All Tissues"}, {"me": 1.9264056437347838, "pc": 0.41425824955088403, "marker_score": 0.8225192662412115, "symbol": "CRX", "name": "cone-rod homeobox", "organism": "Homo sapiens", "tissue": "All Tissues"}, {"me": 2.0991846416831557, "pc": 0.4937754105077374, "marker_score": 0.8194557268069214, "symbol": "SLC4A7", "name": "solute carrier family 4 member 7", "organism": "Homo sapiens", "tissue": "All Tissues"}, {"me": 1.947679743344836, "pc": 0.6393204954458067, "marker_score": 0.8194412527019739, "symbol": "TPD52", "name": "tumor protein D52", "organism": "Homo sapiens", "tissue": "All Tissues"}, {"me": 1.825372357174448, "pc": 0.4097513315893977, "marker_score": 0.8177215346024815, "symbol": "PRPH2", "name": "peripherin 2", "organism": "Homo sapiens", "tissue": "All Tissues"}, {"me": 2.491711263070706, "pc": 0.4114217277569416, "marker_score": 0.8175229425472443, "symbol": "MYO3B", "name": "myosin IIIB", "organism": "Homo sapiens", "tissue": "All Tissues"}, {"me": 2.076206103638938, "pc": 0.41183144757162216, "marker_score": 0.8165791171215873, "symbol": "GRK7", "name": "G protein-coupled receptor kinase 7", "organism": "Homo sapiens", "tissue": "All Tissues"}, {"me": 1.826738055019305, "pc": 0.408143969239497, "marker_score": 0.8151364293101626, "symbol": "GUCA1B", "name": "guanylate cyclase activator 1B", "organism": "Homo sapiens", "tissue": "All Tissues"}, {"me": 2.6769019214138514, "pc": 0.42822024015884524, "marker_score": 0.8112497736187823, "symbol": "TMEM108", "name": "transmembrane protein 108", "organism": "Homo sapiens", "tissue": "All Tissues"}, {"me": 2.9796981170789434, "pc": 0.4128084717450912, "marker_score": 0.8099480752666797, "symbol": "OTX2-AS1", "name": "OTX2 antisense RNA 1 (head to head)", "organism": "Homo sapiens", "tissue": "All Tissues"}, {"me": 2.505055716304095, "pc": 0.40710391124838474, "marker_score": 0.8092655429441858, "symbol": "USH2A", "name": "usherin", "organism": "Homo sapiens", "tissue": "All Tissues"}, {"me": 2.372761395226227, "pc": 0.4109804910334394, "marker_score": 0.8078000213828835, "symbol": "RTBDN", "name": "retbindin", "organism": "Homo sapiens", "tissue": "All Tissues"}, {"me": 2.503694726743289, "pc": 0.40858520596299913, "marker_score": 0.8067415976765844, "symbol": "LHFPL3", "name": "LHFPL tetraspan subfamily member 3", "organism": "Homo sapiens", "tissue": "All Tissues"}, {"me": 2.244565662930697, "pc": 0.4024709256516121, "marker_score": 0.8055709276629011, "symbol": "RPGRIP1", "name": "RPGR interacting protein 1", "organism": "Homo sapiens", "tissue": "All Tissues"}, {"me": 2.240229410789041, "pc": 0.4216016893063128, "marker_score": 0.8011600635375392, "symbol": "ADGRV1", "name": "adhesion G protein-coupled receptor V1", "organism": "Homo sapiens", "tissue": "All Tissues"}, {"me": 1.961787335370429, "pc": 0.39903558259005956, "marker_score": 0.7981577204690699, "symbol": "RAX2", "name": "retina and anterior neural fold homeobox 2", "organism": "Homo sapiens", "tissue": "All Tissues"}, {"me": 1.7970313431538156, "pc": 0.39648271297551135, "marker_score": 0.7974478382606192, "symbol": "KCNB1", "name": "potassium voltage-gated channel subfamily B member 1", "organism": "Homo sapiens", "tissue": "All Tissues"}, {"me": 2.5845468846361395, "pc": 0.4088373412335718, "marker_score": 0.7908691185999266, "symbol": "GALNT13", "name": "polypeptide N-acetylgalactosaminyltransferase 13", "organism": "Homo sapiens", "tissue": "All Tissues"}, {"me": 2.831329748979213, "pc": 0.42453276182672006, "marker_score": 0.7899398736627223, "symbol": "PRELID2", "name": "PRELI domain containing 2", "organism": "Homo sapiens", "tissue": "All Tissues"}, {"me": 2.389891641524137, "pc": 0.3943395631756437, "marker_score": 0.7868098891097043, "symbol": "PPM1E", "name": "protein phosphatase, Mg2+/Mn2+ dependent 1E", "organism": "Homo sapiens", "tissue": "All Tissues"}, {"me": 2.1864555321388286, "pc": 0.39115635538466387, "marker_score": 0.7850540494976809, "symbol": "MCF2L2", "name": "MCF.2 cell line derived transforming sequence-like 2", "organism": "Homo sapiens", "tissue": "All Tissues"}, {"me": 2.9104051553852317, "pc": 0.43279019193797474, "marker_score": 0.7841561485826514, "symbol": "MARCHF1", "name": "membrane associated ring-CH-type finger 1", "organism": "Homo sapiens", "tissue": "All Tissues"}, {"me": 2.242179693622649, "pc": 0.40215575656339625, "marker_score": 0.7825519774271983, "symbol": "FSD1L", "name": "fibronectin type III and SPRY domain containing 1 like", "organism": "Homo sapiens", "tissue": "All Tissues"}, {"me": 2.011114034168825, "pc": 0.41369094519209554, "marker_score": 0.7811233810324851, "symbol": "ZNF385A", "name": "zinc finger protein 385A", "organism": "Homo sapiens", "tissue": "All Tissues"}, {"me": 2.0254471498760265, "pc": 0.38768949541428976, "marker_score": 0.780032127299692, "symbol": "SRRM4", "name": "serine/arginine repetitive matrix 4", "organism": "Homo sapiens", "tissue": "All Tissues"}, {"me": 1.9325175382653061, "pc": 0.4849191591288726, "marker_score": 0.7772999816561468, "symbol": "LAPTM4B", "name": "lysosomal protein transmembrane 4 beta", "organism": "Homo sapiens", "tissue": "All Tissues"}, {"me": 1.7685746894793124, "pc": 0.38315106054398185, "marker_score": 0.7768233134225422, "symbol": "CDHR1", "name": "cadherin related family member 1", "organism": "Homo sapiens", "tissue": "All Tissues"}, {"me": 2.488283005730705, "pc": 0.4908443379873302, "marker_score": 0.7749983640856363, "symbol": "CADPS", "name": "calcium dependent secretion activator", "organism": "Homo sapiens", "tissue": "All Tissues"}, {"me": 1.8576575259338126, "pc": 0.4033218821897948, "marker_score": 0.7702125923835836, "symbol": "GNB5", "name": "G protein subunit beta 5", "organism": "Homo sapiens", "tissue": "All Tissues"}, {"me": 2.128276691463719, "pc": 0.3791799300324624, "marker_score": 0.7572982342255935, "symbol": "DPF3", "name": "double PHD fingers 3", "organism": "Homo sapiens", "tissue": "All Tissues"}, {"me": 1.9148338476535953, "pc": 0.463739796400769, "marker_score": 0.7540317135858261, "symbol": "KIF2A", "name": "kinesin family member 2A", "organism": "Homo sapiens", "tissue": "All Tissues"}, {"me": 2.7804151013291025, "pc": 0.5264269280468972, "marker_score": 0.7539355829610248, "symbol": "NME1", "name": "NME/NM23 nucleoside diphosphate kinase 1", "organism": "Homo sapiens", "tissue": "All Tissues"}]