[{"me": 3.142184139637465, "pc": 0.5816993464052288, "marker_score": 1.1724617980757859, "symbol": "SLC12A2", "name": "solute carrier family 12 member 2", "organism": "Homo sapiens", "tissue": "skin of body"}, {"me": 3.789394603056066, "pc": 0.5555555555555556, "marker_score": 1.1289133609816195, "symbol": "DCD", "name": "dermcidin", "organism": "Homo sapiens", "tissue": "skin of body"}, {"me": 2.92850755390368, "pc": 0.49673202614379086, "marker_score": 1.002623481823231, "symbol": "STK39", "name": "serine/threonine kinase 39", "organism": "Homo sapiens", "tissue": "skin of body"}, {"me": 2.8902626546223957, "pc": 0.49019607843137253, "marker_score": 0.9891372261585982, "symbol": "ESRRG", "name": "estrogen related receptor gamma", "organism": "Homo sapiens", "tissue": "skin of body"}, {"me": 2.5099560182486007, "pc": 0.43790849673202614, "marker_score": 0.8868182545666814, "symbol": "MAGI1", "name": "membrane associated guanylate kinase, WW and PDZ domain containing 1", "organism": "Homo sapiens", "tissue": "skin of body"}, {"me": 4.057651996612549, "pc": 0.41830065359477125, "marker_score": 0.8709817851319771, "symbol": "SCGB1B2P", "name": "SCGB1B2P", "organism": "Homo sapiens", "tissue": "skin of body"}, {"me": 3.697649725552263, "pc": 0.3790849673202614, "marker_score": 0.7984125255221002, "symbol": "KRT15", "name": "keratin 15", "organism": "Homo sapiens", "tissue": "skin of body"}, {"me": 3.1769891036184212, "pc": 0.37254901960784315, "marker_score": 0.7830264940941248, "symbol": "SCGB2A2", "name": "secretoglobin family 2A member 2", "organism": "Homo sapiens", "tissue": "skin of body"}, {"me": 2.7110417683919272, "pc": 0.35294117647058826, "marker_score": 0.755246504231818, "symbol": "TFCP2L1", "name": "transcription factor CP2 like 1", "organism": "Homo sapiens", "tissue": "skin of body"}, {"me": 2.784994070870536, "pc": 0.45751633986928103, "marker_score": 0.752029540849255, "symbol": "PDE4D", "name": "phosphodiesterase 4D", "organism": "Homo sapiens", "tissue": "skin of body"}, {"me": 2.5399651905846974, "pc": 0.4117647058823529, "marker_score": 0.7471300549192947, "symbol": "NFIB", "name": "nuclear factor I B", "organism": "Homo sapiens", "tissue": "skin of body"}, {"me": 2.359954039255778, "pc": 0.3137254901960784, "marker_score": 0.6915123870744628, "symbol": "THSD4", "name": "thrombospondin type 1 domain containing 4", "organism": "Homo sapiens", "tissue": "skin of body"}, {"me": 2.703152863875679, "pc": 0.3006535947712418, "marker_score": 0.6665611714658772, "symbol": "PPARGC1A", "name": "PPARG coactivator 1 alpha", "organism": "Homo sapiens", "tissue": "skin of body"}, {"me": 2.465839385986328, "pc": 0.2875816993464052, "marker_score": 0.6527075461900458, "symbol": "ERBB4", "name": "erb-b2 receptor tyrosine kinase 4", "organism": "Homo sapiens", "tissue": "skin of body"}, {"me": 2.488348824637277, "pc": 0.27450980392156865, "marker_score": 0.6323175960667311, "symbol": "CPEB3", "name": "cytoplasmic polyadenylation element binding protein 3", "organism": "Homo sapiens", "tissue": "skin of body"}, {"me": 2.6778255644298734, "pc": 0.27450980392156865, "marker_score": 0.6208392161234582, "symbol": "CCSER1", "name": "coiled-coil serine rich protein 1", "organism": "Homo sapiens", "tissue": "skin of body"}, {"me": 2.822107124328613, "pc": 0.26143790849673204, "marker_score": 0.6075500990304145, "symbol": "SCGB1D2", "name": "secretoglobin family 1D member 2", "organism": "Homo sapiens", "tissue": "skin of body"}, {"me": 2.9295077201647635, "pc": 0.2549019607843137, "marker_score": 0.600369722883191, "symbol": "CHRM3", "name": "cholinergic receptor muscarinic 3", "organism": "Homo sapiens", "tissue": "skin of body"}, {"me": 2.8473479442107372, "pc": 0.2549019607843137, "marker_score": 0.5935132682860791, "symbol": "ROCR", "name": "ROCR", "organism": "Homo sapiens", "tissue": "skin of body"}, {"me": 2.4058778092667863, "pc": 0.24183006535947713, "marker_score": 0.5828139683147706, "symbol": "PLCB4", "name": "phospholipase C beta 4", "organism": "Homo sapiens", "tissue": "skin of body"}, {"me": 2.593082026431435, "pc": 0.24836601307189543, "marker_score": 0.5823151193371351, "symbol": "PLA2R1", "name": "phospholipase A2 receptor 1", "organism": "Homo sapiens", "tissue": "skin of body"}, {"me": 2.7806008828652873, "pc": 0.24183006535947713, "marker_score": 0.5810324524940805, "symbol": "NRG3", "name": "neuregulin 3", "organism": "Homo sapiens", "tissue": "skin of body"}, {"me": 2.9114386068808065, "pc": 0.24183006535947713, "marker_score": 0.5692047051110798, "symbol": "LINC01152", "name": "long intergenic non-protein coding RNA 1152", "organism": "Homo sapiens", "tissue": "skin of body"}, {"me": 2.623011271158854, "pc": 0.29411764705882354, "marker_score": 0.5632390707767607, "symbol": "LDLRAD4", "name": "low density lipoprotein receptor class A domain containing 4", "organism": "Homo sapiens", "tissue": "skin of body"}, {"me": 2.7522945404052734, "pc": 0.23529411764705882, "marker_score": 0.5597855415626181, "symbol": "CH507-513H4.1", "name": "CH507-513H4.1", "organism": "Homo sapiens", "tissue": "skin of body"}, {"me": 2.444347208196467, "pc": 0.2875816993464052, "marker_score": 0.5464332667271617, "symbol": "NFIA", "name": "nuclear factor I A", "organism": "Homo sapiens", "tissue": "skin of body"}, {"me": 2.5275834979433003, "pc": 0.21568627450980393, "marker_score": 0.5339887714359508, "symbol": "SERHL2", "name": "serine hydrolase like 2", "organism": "Homo sapiens", "tissue": "skin of body"}, {"me": 2.2917520999908447, "pc": 0.20915032679738563, "marker_score": 0.5293741869086579, "symbol": "NAALADL2", "name": "N-acetylated alpha-linked acidic dipeptidase like 2", "organism": "Homo sapiens", "tissue": "skin of body"}, {"me": 2.3382428076959427, "pc": 0.20261437908496732, "marker_score": 0.5199681639240913, "symbol": "KRT7", "name": "keratin 7", "organism": "Homo sapiens", "tissue": "skin of body"}, {"me": 2.6008426297095513, "pc": 0.20261437908496732, "marker_score": 0.5187086014619318, "symbol": "NCALD", "name": "neurocalcin delta", "organism": "Homo sapiens", "tissue": "skin of body"}, {"me": 2.3112208048502603, "pc": 0.19607843137254902, "marker_score": 0.5041466328645016, "symbol": "KRT19", "name": "keratin 19", "organism": "Homo sapiens", "tissue": "skin of body"}, {"me": 2.5740196228027346, "pc": 0.19607843137254902, "marker_score": 0.5032333128956906, "symbol": "ITGBL1", "name": "integrin subunit beta like 1", "organism": "Homo sapiens", "tissue": "skin of body"}, {"me": 2.438368479410807, "pc": 0.19607843137254902, "marker_score": 0.501656617116665, "symbol": "AZGP1", "name": "alpha-2-glycoprotein 1, zinc-binding", "organism": "Homo sapiens", "tissue": "skin of body"}, {"me": 2.295539617538452, "pc": 0.20915032679738563, "marker_score": 0.4934884007460258, "symbol": "ARHGAP26", "name": "Rho GTPase activating protein 26", "organism": "Homo sapiens", "tissue": "skin of body"}, {"me": 2.356744179358849, "pc": 0.16993464052287582, "marker_score": 0.46291738015455824, "symbol": "FMO5", "name": "flavin containing dimethylaniline monoxygenase 5", "organism": "Homo sapiens", "tissue": "skin of body"}, {"me": 2.246558837890625, "pc": 0.16339869281045752, "marker_score": 0.45781836567899936, "symbol": "RHPN2", "name": "rhophilin Rho GTPase binding protein 2", "organism": "Homo sapiens", "tissue": "skin of body"}, {"me": 2.494130401611328, "pc": 0.16339869281045752, "marker_score": 0.45625253011733835, "symbol": "STAC2", "name": "SH3 and cysteine rich domain 2", "organism": "Homo sapiens", "tissue": "skin of body"}, {"me": 2.555529749670694, "pc": 0.28104575163398693, "marker_score": 0.4460759780896712, "symbol": "TRPS1", "name": "transcriptional repressor GATA binding 1", "organism": "Homo sapiens", "tissue": "skin of body"}, {"me": 2.531821060180664, "pc": 0.26143790849673204, "marker_score": 0.44584521987744175, "symbol": "ITPR2", "name": "inositol 1,4,5-trisphosphate receptor type 2", "organism": "Homo sapiens", "tissue": "skin of body"}, {"me": 2.408864657084147, "pc": 0.1568627450980392, "marker_score": 0.444729917480833, "symbol": "PDE9A", "name": "phosphodiesterase 9A", "organism": "Homo sapiens", "tissue": "skin of body"}, {"me": 2.293278403904127, "pc": 0.1503267973856209, "marker_score": 0.4355134584721002, "symbol": "NEBL", "name": "nebulette", "organism": "Homo sapiens", "tissue": "skin of body"}, {"me": 2.3972907688306724, "pc": 0.1503267973856209, "marker_score": 0.43491673295383254, "symbol": "TTC6", "name": "tetratricopeptide repeat domain 6", "organism": "Homo sapiens", "tissue": "skin of body"}, {"me": 2.4219904360563858, "pc": 0.1503267973856209, "marker_score": 0.433709239232823, "symbol": "RP11-142C4.6", "name": "uncharacterized LOC283194", "organism": "Homo sapiens", "tissue": "skin of body"}, {"me": 2.2266035946932705, "pc": 0.1437908496732026, "marker_score": 0.4243572130594362, "symbol": "ARFGEF3", "name": "ARFGEF family member 3", "organism": "Homo sapiens", "tissue": "skin of body"}, {"me": 2.4925731312144888, "pc": 0.1437908496732026, "marker_score": 0.42085715544840036, "symbol": "PIP", "name": "prolactin induced protein", "organism": "Homo sapiens", "tissue": "skin of body"}, {"me": 2.613422567194158, "pc": 0.1437908496732026, "marker_score": 0.41792037621661443, "symbol": "AQP5", "name": "aquaporin 5", "organism": "Homo sapiens", "tissue": "skin of body"}, {"me": 2.181503114246187, "pc": 0.13725490196078433, "marker_score": 0.41259620110255163, "symbol": "ARHGEF28", "name": "Rho guanine nucleotide exchange factor 28", "organism": "Homo sapiens", "tissue": "skin of body"}, {"me": 2.4683978740985575, "pc": 0.33986928104575165, "marker_score": 0.41155314379589164, "symbol": "ZBTB20", "name": "zinc finger and BTB domain containing 20", "organism": "Homo sapiens", "tissue": "skin of body"}, {"me": 2.3085997445242747, "pc": 0.13725490196078433, "marker_score": 0.410646917933494, "symbol": "ATP6V0A4", "name": "ATPase H+ transporting V0 subunit a4", "organism": "Homo sapiens", "tissue": "skin of body"}, {"me": 2.236526125953311, "pc": 0.13725490196078433, "marker_score": 0.40892863182624184, "symbol": "COBL", "name": "cordon-bleu WH2 repeat protein", "organism": "Homo sapiens", "tissue": "skin of body"}, {"me": 2.3965802001953125, "pc": 0.16339869281045752, "marker_score": 0.40629201000504983, "symbol": "PLCB1", "name": "uncharacterized LOC105372522", "organism": "Homo sapiens", "tissue": "skin of body"}, {"me": 2.3459806771113954, "pc": 0.1895424836601307, "marker_score": 0.40291779459569316, "symbol": "VWA8", "name": "von Willebrand factor A domain containing 8", "organism": "Homo sapiens", "tissue": "skin of body"}, {"me": 2.382672529954177, "pc": 0.16993464052287582, "marker_score": 0.40142236767396494, "symbol": "DOCK1", "name": "dedicator of cytokinesis 1", "organism": "Homo sapiens", "tissue": "skin of body"}, {"me": 2.2464632034301757, "pc": 0.13071895424836602, "marker_score": 0.4011422225958684, "symbol": "WWC1", "name": "WW and C2 domain containing 1", "organism": "Homo sapiens", "tissue": "skin of body"}, {"me": 2.2332279205322267, "pc": 0.13071895424836602, "marker_score": 0.39796626442635175, "symbol": "SHANK2", "name": "SH3 and multiple ankyrin repeat domains 2", "organism": "Homo sapiens", "tissue": "skin of body"}, {"me": 2.180080213044819, "pc": 0.12418300653594772, "marker_score": 0.387775338633096, "symbol": "SHROOM3", "name": "shroom family member 3", "organism": "Homo sapiens", "tissue": "skin of body"}, {"me": 2.13747165077611, "pc": 0.12418300653594772, "marker_score": 0.3870316980274639, "symbol": "USP54", "name": "ubiquitin specific peptidase 54", "organism": "Homo sapiens", "tissue": "skin of body"}, {"me": 2.633388209987331, "pc": 0.24183006535947713, "marker_score": 0.38275684563129403, "symbol": "DMD", "name": "dystrophin", "organism": "Homo sapiens", "tissue": "skin of body"}, {"me": 2.497032366300884, "pc": 0.12418300653594772, "marker_score": 0.38248198713934856, "symbol": "CROCC", "name": "ciliary rootlet coiled-coil, rootletin", "organism": "Homo sapiens", "tissue": "skin of body"}, {"me": 2.2626507407740544, "pc": 0.12418300653594772, "marker_score": 0.3819575395694307, "symbol": "PYGB", "name": "glycogen phosphorylase B", "organism": "Homo sapiens", "tissue": "skin of body"}, {"me": 2.3274938795301647, "pc": 0.11764705882352941, "marker_score": 0.3768648501041744, "symbol": "LINC02343", "name": "long intergenic non-protein coding RNA 2343", "organism": "Homo sapiens", "tissue": "skin of body"}, {"me": 2.518762476303998, "pc": 0.2222222222222222, "marker_score": 0.3759882512068921, "symbol": "ERRFI1", "name": "ERBB receptor feedback inhibitor 1", "organism": "Homo sapiens", "tissue": "skin of body"}, {"me": 2.3037391662597657, "pc": 0.16339869281045752, "marker_score": 0.3751468115936747, "symbol": "ZNF652", "name": "zinc finger protein 652", "organism": "Homo sapiens", "tissue": "skin of body"}, {"me": 2.3264410230848522, "pc": 0.11764705882352941, "marker_score": 0.3744569083954255, "symbol": "FGF13", "name": "fibroblast growth factor 13", "organism": "Homo sapiens", "tissue": "skin of body"}, {"me": 2.416119795579177, "pc": 0.16993464052287582, "marker_score": 0.36671399970436613, "symbol": "FAM13A", "name": "family with sequence similarity 13 member A", "organism": "Homo sapiens", "tissue": "skin of body"}, {"me": 2.4913926235465116, "pc": 0.28104575163398693, "marker_score": 0.35037140346756657, "symbol": "KIAA1217", "name": "KIAA1217", "organism": "Homo sapiens", "tissue": "skin of body"}, {"me": 2.1650382732522897, "pc": 0.1895424836601307, "marker_score": 0.34911211693401434, "symbol": "RERE", "name": "arginine-glutamic acid dipeptide repeats", "organism": "Homo sapiens", "tissue": "skin of body"}, {"me": 2.8986373274293666, "pc": 0.477124183006536, "marker_score": 0.3322835741993008, "symbol": "SLC26A3", "name": "solute carrier family 26 member 3", "organism": "Homo sapiens", "tissue": "skin of body"}, {"me": 2.178017086452908, "pc": 0.11764705882352941, "marker_score": 0.3135301036270331, "symbol": "DTNB", "name": "dystrobrevin beta", "organism": "Homo sapiens", "tissue": "skin of body"}, {"me": 2.722749710083008, "pc": 0.26143790849673204, "marker_score": 0.3125827803189769, "symbol": "PDCD4", "name": "programmed cell death 4", "organism": "Homo sapiens", "tissue": "skin of body"}, {"me": 3.0004724962957976, "pc": 0.5686274509803921, "marker_score": 0.2989504456698921, "symbol": "RASGEF1B", "name": "RasGEF domain family member 1B", "organism": "Homo sapiens", "tissue": "skin of body"}, {"me": 3.431785521468496, "pc": 0.803921568627451, "marker_score": 0.2981461823385672, "symbol": "LINGO1", "name": "leucine rich repeat and Ig domain containing 1", "organism": "Homo sapiens", "tissue": "skin of body"}, {"me": 2.196898956298828, "pc": 0.16339869281045752, "marker_score": 0.2944270687749032, "symbol": "NEDD4L", "name": "NEDD4 like E3 ubiquitin protein ligase", "organism": "Homo sapiens", "tissue": "skin of body"}, {"me": 2.4564176860608553, "pc": 0.12418300653594772, "marker_score": 0.28229366489841984, "symbol": "GPC6", "name": "glypican 6", "organism": "Homo sapiens", "tissue": "skin of body"}, {"me": 2.1811904907226562, "pc": 0.13725490196078433, "marker_score": 0.26754258036499956, "symbol": "TCF12", "name": "transcription factor 12", "organism": "Homo sapiens", "tissue": "skin of body"}, {"me": 2.3194567362467446, "pc": 0.1568627450980392, "marker_score": 0.2642250251128157, "symbol": "RUNX1", "name": "uncharacterized LOC100506403", "organism": "Homo sapiens", "tissue": "skin of body"}, {"me": 2.224335711935292, "pc": 0.1503267973856209, "marker_score": 0.2610690648892411, "symbol": "GPHN", "name": "gephyrin", "organism": "Homo sapiens", "tissue": "skin of body"}, {"me": 2.152063157823351, "pc": 0.11764705882352941, "marker_score": 0.2556392704408248, "symbol": "PTPRK", "name": "protein tyrosine phosphatase receptor type K", "organism": "Homo sapiens", "tissue": "skin of body"}, {"me": 2.1399217688519023, "pc": 0.1503267973856209, "marker_score": 0.2512443294631507, "symbol": "TBC1D5", "name": "TBC1 domain family member 5", "organism": "Homo sapiens", "tissue": "skin of body"}, {"me": 2.2356893751356335, "pc": 0.11764705882352941, "marker_score": 0.22303750597990366, "symbol": "SLC39A11", "name": "solute carrier family 39 member 11", "organism": "Homo sapiens", "tissue": "skin of body"}, {"me": 2.2907597085703975, "pc": 0.1503267973856209, "marker_score": 0.21568804129762925, "symbol": "MTUS1", "name": "microtubule associated scaffold protein 1", "organism": "Homo sapiens", "tissue": "skin of body"}, {"me": 2.3102713364821215, "pc": 0.16993464052287582, "marker_score": 0.17592164422357343, "symbol": "RBM47", "name": "RNA binding motif protein 47", "organism": "Homo sapiens", "tissue": "skin of body"}, {"me": 2.36409516768022, "pc": 0.1437908496732026, "marker_score": 0.16720297891094194, "symbol": "TBC1D4", "name": "TBC1 domain family member 4", "organism": "Homo sapiens", "tissue": "skin of body"}, {"me": 2.2850539595992476, "pc": 0.17647058823529413, "marker_score": 0.16411787089238092, "symbol": "MKLN1", "name": "muskelin 1", "organism": "Homo sapiens", "tissue": "skin of body"}, {"me": 2.203577677408854, "pc": 0.1568627450980392, "marker_score": 0.1561295266523624, "symbol": "BCAS3", "name": "BCAS3 microtubule associated cell migration factor", "organism": "Homo sapiens", "tissue": "skin of body"}, {"me": 2.438133966355097, "pc": 0.13725490196078433, "marker_score": 0.15518155265365935, "symbol": "ZCCHC2", "name": "zinc finger CCHC-type containing 2", "organism": "Homo sapiens", "tissue": "skin of body"}, {"me": 2.3699852336536753, "pc": 0.1437908496732026, "marker_score": 0.15041686571967514, "symbol": "TBC1D8", "name": "TBC1 domain family member 8", "organism": "Homo sapiens", "tissue": "skin of body"}, {"me": 2.5103421644731, "pc": 0.1437908496732026, "marker_score": 0.14248548996515942, "symbol": "PDK3", "name": "pyruvate dehydrogenase kinase 3", "organism": "Homo sapiens", "tissue": "skin of body"}, {"me": 2.268082536969866, "pc": 0.22875816993464052, "marker_score": 0.14087278057572386, "symbol": "FHIT", "name": "fragile histidine triad diadenosine triphosphatase", "organism": "Homo sapiens", "tissue": "skin of body"}, {"me": 2.1364864550138774, "pc": 0.12418300653594772, "marker_score": 0.1257502297798633, "symbol": "FAF1", "name": "Fas associated factor 1", "organism": "Homo sapiens", "tissue": "skin of body"}, {"me": 2.4139722188313804, "pc": 0.11764705882352941, "marker_score": 0.12507259686879585, "symbol": "BCOR", "name": "BCL6 corepressor", "organism": "Homo sapiens", "tissue": "skin of body"}, {"me": 2.341761675747958, "pc": 0.1437908496732026, "marker_score": 0.12487632074198599, "symbol": "ETV6", "name": "ETS variant transcription factor 6", "organism": "Homo sapiens", "tissue": "skin of body"}, {"me": 2.2339690072195872, "pc": 0.13725490196078433, "marker_score": 0.11931235791461824, "symbol": "SPIDR", "name": "scaffold protein involved in DNA repair", "organism": "Homo sapiens", "tissue": "skin of body"}, {"me": 2.383622646331787, "pc": 0.20915032679738563, "marker_score": 0.10268103876866276, "symbol": "ANK3", "name": "ankyrin 3", "organism": "Homo sapiens", "tissue": "skin of body"}, {"me": 2.2142323945697986, "pc": 0.12418300653594772, "marker_score": 0.07841114922761065, "symbol": "SBF2", "name": "SET binding factor 2", "organism": "Homo sapiens", "tissue": "skin of body"}, {"me": 2.166732576158312, "pc": 0.11764705882352941, "marker_score": 0.06890773900248437, "symbol": "SRPK2", "name": "SRSF protein kinase 2", "organism": "Homo sapiens", "tissue": "skin of body"}, {"me": 2.1109281539916993, "pc": 0.13071895424836602, "marker_score": 0.02560144995191448, "symbol": "CHD9", "name": "chromodomain helicase DNA binding protein 9", "organism": "Homo sapiens", "tissue": "skin of body"}, {"me": 2.204588687781132, "pc": 0.21568627450980393, "marker_score": 0.00967314256151908, "symbol": "PATJ", "name": "PATJ crumbs cell polarity complex component", "organism": "Homo sapiens", "tissue": "skin of body"}, {"me": 2.353852382926054, "pc": 0.28104575163398693, "marker_score": 0.0045703571533469425, "symbol": "FOXP1", "name": "forkhead box P1", "organism": "Homo sapiens", "tissue": "skin of body"}, {"me": 3.431785521468496, "pc": 0.803921568627451, "marker_score": 2.187406787413941, "symbol": "LINGO1", "name": "leucine rich repeat and Ig domain containing 1", "organism": "Homo sapiens", "tissue": "All Tissues"}, {"me": 3.789394603056066, "pc": 0.5555555555555556, "marker_score": 1.3380309539527468, "symbol": "DCD", "name": "dermcidin", "organism": "Homo sapiens", "tissue": "All Tissues"}, {"me": 3.142184139637465, "pc": 0.5816993464052288, "marker_score": 1.2153148538788463, "symbol": "SLC12A2", "name": "solute carrier family 12 member 2", "organism": "Homo sapiens", "tissue": "All Tissues"}, {"me": 3.0004724962957976, "pc": 0.5686274509803921, "marker_score": 1.2051508690765553, "symbol": "RASGEF1B", "name": "RasGEF domain family member 1B", "organism": "Homo sapiens", "tissue": "All Tissues"}, {"me": 2.92850755390368, "pc": 0.49673202614379086, "marker_score": 1.0554191540143347, "symbol": "STK39", "name": "serine/threonine kinase 39", "organism": "Homo sapiens", "tissue": "All Tissues"}, {"me": 4.057651996612549, "pc": 0.41830065359477125, "marker_score": 1.032320662608032, "symbol": "SCGB1B2P", "name": "SCGB1B2P", "organism": "Homo sapiens", "tissue": "All Tissues"}, {"me": 2.8986373274293666, "pc": 0.477124183006536, "marker_score": 1.019942672932404, "symbol": "SLC26A3", "name": "solute carrier family 26 member 3", "organism": "Homo sapiens", "tissue": "All Tissues"}, {"me": 3.1769891036184212, "pc": 0.37254901960784315, "marker_score": 0.9284926650227534, "symbol": "SCGB2A2", "name": "secretoglobin family 2A member 2", "organism": "Homo sapiens", "tissue": "All Tissues"}, {"me": 3.697649725552263, "pc": 0.3790849673202614, "marker_score": 0.8114788629324445, "symbol": "KRT15", "name": "keratin 15", "organism": "Homo sapiens", "tissue": "All Tissues"}, {"me": 2.7110417683919272, "pc": 0.35294117647058826, "marker_score": 0.7503157812025705, "symbol": "TFCP2L1", "name": "transcription factor CP2 like 1", "organism": "Homo sapiens", "tissue": "All Tissues"}, {"me": 2.8473479442107372, "pc": 0.2549019607843137, "marker_score": 0.7003889186263565, "symbol": "ROCR", "name": "ROCR", "organism": "Homo sapiens", "tissue": "All Tissues"}, {"me": 2.822107124328613, "pc": 0.26143790849673204, "marker_score": 0.6926134064785664, "symbol": "SCGB1D2", "name": "secretoglobin family 1D member 2", "organism": "Homo sapiens", "tissue": "All Tissues"}, {"me": 2.9114386068808065, "pc": 0.24183006535947713, "marker_score": 0.6731188315105517, "symbol": "LINC01152", "name": "long intergenic non-protein coding RNA 1152", "organism": "Homo sapiens", "tissue": "All Tissues"}, {"me": 2.9295077201647635, "pc": 0.2549019607843137, "marker_score": 0.661011302458283, "symbol": "CHRM3", "name": "cholinergic receptor muscarinic 3", "organism": "Homo sapiens", "tissue": "All Tissues"}, {"me": 2.5275834979433003, "pc": 0.21568627450980393, "marker_score": 0.6329037550084712, "symbol": "SERHL2", "name": "serine hydrolase like 2", "organism": "Homo sapiens", "tissue": "All Tissues"}, {"me": 2.593082026431435, "pc": 0.24836601307189543, "marker_score": 0.6186229250213064, "symbol": "PLA2R1", "name": "phospholipase A2 receptor 1", "organism": "Homo sapiens", "tissue": "All Tissues"}, {"me": 2.5740196228027346, "pc": 0.19607843137254902, "marker_score": 0.5540634294482846, "symbol": "ITGBL1", "name": "integrin subunit beta like 1", "organism": "Homo sapiens", "tissue": "All Tissues"}, {"me": 2.4219904360563858, "pc": 0.1503267973856209, "marker_score": 0.5118085159944884, "symbol": "RP11-142C4.6", "name": "uncharacterized LOC283194", "organism": "Homo sapiens", "tissue": "All Tissues"}, {"me": 2.494130401611328, "pc": 0.16339869281045752, "marker_score": 0.5108013231286648, "symbol": "STAC2", "name": "SH3 and cysteine rich domain 2", "organism": "Homo sapiens", "tissue": "All Tissues"}, {"me": 2.246558837890625, "pc": 0.16339869281045752, "marker_score": 0.5044942053580367, "symbol": "RHPN2", "name": "rhophilin Rho GTPase binding protein 2", "organism": "Homo sapiens", "tissue": "All Tissues"}, {"me": 2.408864657084147, "pc": 0.1568627450980392, "marker_score": 0.49355036478274705, "symbol": "PDE9A", "name": "phosphodiesterase 9A", "organism": "Homo sapiens", "tissue": "All Tissues"}, {"me": 2.356744179358849, "pc": 0.16993464052287582, "marker_score": 0.4896838378973109, "symbol": "FMO5", "name": "flavin containing dimethylaniline monoxygenase 5", "organism": "Homo sapiens", "tissue": "All Tissues"}, {"me": 2.3972907688306724, "pc": 0.1503267973856209, "marker_score": 0.47159952943272054, "symbol": "TTC6", "name": "tetratricopeptide repeat domain 6", "organism": "Homo sapiens", "tissue": "All Tissues"}, {"me": 2.4925731312144888, "pc": 0.1437908496732026, "marker_score": 0.4430184521077693, "symbol": "PIP", "name": "prolactin induced protein", "organism": "Homo sapiens", "tissue": "All Tissues"}, {"me": 2.6008426297095513, "pc": 0.20261437908496732, "marker_score": 0.44139209210865915, "symbol": "NCALD", "name": "neurocalcin delta", "organism": "Homo sapiens", "tissue": "All Tissues"}, {"me": 2.5103421644731, "pc": 0.1437908496732026, "marker_score": 0.440956380537291, "symbol": "PDK3", "name": "pyruvate dehydrogenase kinase 3", "organism": "Homo sapiens", "tissue": "All Tissues"}, {"me": 2.359954039255778, "pc": 0.3137254901960784, "marker_score": 0.4378050016237261, "symbol": "THSD4", "name": "thrombospondin type 1 domain containing 4", "organism": "Homo sapiens", "tissue": "All Tissues"}, {"me": 2.3085997445242747, "pc": 0.13725490196078433, "marker_score": 0.43439103264439255, "symbol": "ATP6V0A4", "name": "ATPase H+ transporting V0 subunit a4", "organism": "Homo sapiens", "tissue": "All Tissues"}, {"me": 2.703152863875679, "pc": 0.3006535947712418, "marker_score": 0.4298014254577995, "symbol": "PPARGC1A", "name": "PPARG coactivator 1 alpha", "organism": "Homo sapiens", "tissue": "All Tissues"}, {"me": 2.438133966355097, "pc": 0.13725490196078433, "marker_score": 0.4271487455325229, "symbol": "ZCCHC2", "name": "zinc finger CCHC-type containing 2", "organism": "Homo sapiens", "tissue": "All Tissues"}, {"me": 2.497032366300884, "pc": 0.12418300653594772, "marker_score": 0.4145201719608984, "symbol": "CROCC", "name": "ciliary rootlet coiled-coil, rootletin", "organism": "Homo sapiens", "tissue": "All Tissues"}, {"me": 2.4139722188313804, "pc": 0.11764705882352941, "marker_score": 0.41348098066760897, "symbol": "BCOR", "name": "BCL6 corepressor", "organism": "Homo sapiens", "tissue": "All Tissues"}, {"me": 2.3274938795301647, "pc": 0.11764705882352941, "marker_score": 0.40097512324258877, "symbol": "LINC02343", "name": "long intergenic non-protein coding RNA 2343", "organism": "Homo sapiens", "tissue": "All Tissues"}, {"me": 2.3037391662597657, "pc": 0.16339869281045752, "marker_score": 0.3958522194420406, "symbol": "ZNF652", "name": "zinc finger protein 652", "organism": "Homo sapiens", "tissue": "All Tissues"}, {"me": 2.2626507407740544, "pc": 0.12418300653594772, "marker_score": 0.386610998315105, "symbol": "PYGB", "name": "glycogen phosphorylase B", "organism": "Homo sapiens", "tissue": "All Tissues"}, {"me": 2.4058778092667863, "pc": 0.24183006535947713, "marker_score": 0.35219996444555185, "symbol": "PLCB4", "name": "phospholipase C beta 4", "organism": "Homo sapiens", "tissue": "All Tissues"}, {"me": 2.8902626546223957, "pc": 0.49019607843137253, "marker_score": 0.3486121429651271, "symbol": "ESRRG", "name": "estrogen related receptor gamma", "organism": "Homo sapiens", "tissue": "All Tissues"}, {"me": 2.555529749670694, "pc": 0.28104575163398693, "marker_score": 0.3385259884656328, "symbol": "TRPS1", "name": "transcriptional repressor GATA binding 1", "organism": "Homo sapiens", "tissue": "All Tissues"}, {"me": 2.613422567194158, "pc": 0.1437908496732026, "marker_score": 0.33577732234917446, "symbol": "AQP5", "name": "aquaporin 5", "organism": "Homo sapiens", "tissue": "All Tissues"}, {"me": 2.3891122000558034, "pc": 0.13725490196078433, "marker_score": 0.3317857742154978, "symbol": "LRP4", "name": "LDL receptor related protein 4", "organism": "Homo sapiens", "tissue": "All Tissues"}, {"me": 2.488348824637277, "pc": 0.27450980392156865, "marker_score": 0.3257442534223226, "symbol": "CPEB3", "name": "cytoplasmic polyadenylation element binding protein 3", "organism": "Homo sapiens", "tissue": "All Tissues"}, {"me": 2.7522945404052734, "pc": 0.23529411764705882, "marker_score": 0.3096162881126655, "symbol": "CH507-513H4.1", "name": "CH507-513H4.1", "organism": "Homo sapiens", "tissue": "All Tissues"}, {"me": 2.13747165077611, "pc": 0.12418300653594772, "marker_score": 0.23734271928833353, "symbol": "USP54", "name": "ubiquitin specific peptidase 54", "organism": "Homo sapiens", "tissue": "All Tissues"}, {"me": 2.3699852336536753, "pc": 0.1437908496732026, "marker_score": 0.2165942539497085, "symbol": "TBC1D8", "name": "TBC1 domain family member 8", "organism": "Homo sapiens", "tissue": "All Tissues"}, {"me": 2.722749710083008, "pc": 0.26143790849673204, "marker_score": 0.20997692403370632, "symbol": "PDCD4", "name": "programmed cell death 4", "organism": "Homo sapiens", "tissue": "All Tissues"}, {"me": 2.1676081607216284, "pc": 0.12418300653594772, "marker_score": 0.19547676354973548, "symbol": "HOMER2", "name": "homer scaffold protein 2", "organism": "Homo sapiens", "tissue": "All Tissues"}, {"me": 2.518762476303998, "pc": 0.2222222222222222, "marker_score": 0.12692230208110156, "symbol": "ERRFI1", "name": "ERBB receptor feedback inhibitor 1", "organism": "Homo sapiens", "tissue": "All Tissues"}, {"me": 2.181503114246187, "pc": 0.13725490196078433, "marker_score": 0.10910128169894574, "symbol": "ARHGEF28", "name": "Rho guanine nucleotide exchange factor 28", "organism": "Homo sapiens", "tissue": "All Tissues"}, {"me": 2.178017086452908, "pc": 0.11764705882352941, "marker_score": 0.09227111844434792, "symbol": "DTNB", "name": "dystrobrevin beta", "organism": "Homo sapiens", "tissue": "All Tissues"}, {"me": 2.531821060180664, "pc": 0.26143790849673204, "marker_score": 0.08690887521881382, "symbol": "ITPR2", "name": "inositol 1,4,5-trisphosphate receptor type 2", "organism": "Homo sapiens", "tissue": "All Tissues"}, {"me": 2.36409516768022, "pc": 0.1437908496732026, "marker_score": 0.0745889583241297, "symbol": "TBC1D4", "name": "TBC1 domain family member 4", "organism": "Homo sapiens", "tissue": "All Tissues"}, {"me": 2.416119795579177, "pc": 0.16993464052287582, "marker_score": 0.05839762006373553, "symbol": "FAM13A", "name": "family with sequence similarity 13 member A", "organism": "Homo sapiens", "tissue": "All Tissues"}, {"me": 2.2266035946932705, "pc": 0.1437908496732026, "marker_score": 0.04393347012330366, "symbol": "ARFGEF3", "name": "ARFGEF family member 3", "organism": "Homo sapiens", "tissue": "All Tissues"}, {"me": 2.5399651905846974, "pc": 0.4117647058823529, "marker_score": 0.041949635577334735, "symbol": "NFIB", "name": "nuclear factor I B", "organism": "Homo sapiens", "tissue": "All Tissues"}, {"me": 2.236526125953311, "pc": 0.13725490196078433, "marker_score": 0.03268859897422776, "symbol": "COBL", "name": "cordon-bleu WH2 repeat protein", "organism": "Homo sapiens", "tissue": "All Tissues"}, {"me": 2.438368479410807, "pc": 0.19607843137254902, "marker_score": 0.030319181284035455, "symbol": "AZGP1", "name": "alpha-2-glycoprotein 1, zinc-binding", "organism": "Homo sapiens", "tissue": "All Tissues"}, {"me": 2.623011271158854, "pc": 0.29411764705882354, "marker_score": 0.023217134372219943, "symbol": "LDLRAD4", "name": "low density lipoprotein receptor class A domain containing 4", "organism": "Homo sapiens", "tissue": "All Tissues"}, {"me": 2.3264410230848522, "pc": 0.11764705882352941, "marker_score": 0.010522525851384685, "symbol": "FGF13", "name": "fibroblast growth factor 13", "organism": "Homo sapiens", "tissue": "All Tissues"}, {"me": 2.295539617538452, "pc": 0.20915032679738563, "marker_score": 0.004786908911905873, "symbol": "ARHGAP26", "name": "Rho GTPase activating protein 26", "organism": "Homo sapiens", "tissue": "All Tissues"}]