[{"me": 2.8520197703161085, "pc": 0.8326923076923077, "marker_score": 1.615343436157955, "symbol": "TTN", "name": "titin", "organism": "Homo sapiens", "tissue": "musculature"}, {"me": 2.8691050273390037, "pc": 0.7913461538461538, "marker_score": 1.5352567184187464, "symbol": "PDLIM3", "name": "PDZ and LIM domain 3", "organism": "Homo sapiens", "tissue": "musculature"}, {"me": 2.692240421155549, "pc": 0.8144230769230769, "marker_score": 1.5192752199463164, "symbol": "PDLIM5", "name": "PDZ and LIM domain 5", "organism": "Homo sapiens", "tissue": "musculature"}, {"me": 2.648929919226695, "pc": 0.7375, "marker_score": 1.4555448016764332, "symbol": "NEB", "name": "nebulin", "organism": "Homo sapiens", "tissue": "musculature"}, {"me": 2.691970701808878, "pc": 0.7134615384615385, "marker_score": 1.262846282559873, "symbol": "SVIL", "name": "supervillin", "organism": "Homo sapiens", "tissue": "musculature"}, {"me": 2.548076212907038, "pc": 0.6865384615384615, "marker_score": 1.2484546973468498, "symbol": "NEXN", "name": "nexilin F-actin binding protein", "organism": "Homo sapiens", "tissue": "musculature"}, {"me": 2.7311788286481584, "pc": 0.6461538461538462, "marker_score": 1.209610031849474, "symbol": "MYBPC1", "name": "myosin binding protein C1", "organism": "Homo sapiens", "tissue": "musculature"}, {"me": 3.1280340998427674, "pc": 0.6115384615384616, "marker_score": 1.1803856429670125, "symbol": "RP11-434D9.1", "name": "long intergenic non-protein coding RNA 2997", "organism": "Homo sapiens", "tissue": "musculature"}, {"me": 2.9005673379774928, "pc": 0.6701923076923076, "marker_score": 1.1028573426346444, "symbol": "BCL6", "name": "BCL6 transcription repressor", "organism": "Homo sapiens", "tissue": "musculature"}, {"me": 2.476063514439292, "pc": 0.5701923076923077, "marker_score": 1.0504941704884585, "symbol": "TRDN", "name": "triadin", "organism": "Homo sapiens", "tissue": "musculature"}, {"me": 2.2791219347695444, "pc": 0.575, "marker_score": 1.0018667572617823, "symbol": "PDE4DIP", "name": "phosphodiesterase 4D interacting protein", "organism": "Homo sapiens", "tissue": "musculature"}, {"me": 2.9657484212882905, "pc": 0.48653846153846153, "marker_score": 0.9132896654570896, "symbol": "WDPCP", "name": "WD repeat containing planar cell polarity effector", "organism": "Homo sapiens", "tissue": "musculature"}, {"me": 2.560344969672996, "pc": 0.45576923076923076, "marker_score": 0.8730770847644037, "symbol": "MYO18B", "name": "myosin XVIIIB", "organism": "Homo sapiens", "tissue": "musculature"}, {"me": 3.121333204196184, "pc": 0.5259615384615385, "marker_score": 0.8729563475821591, "symbol": "EMC10", "name": "ER membrane protein complex subunit 10", "organism": "Homo sapiens", "tissue": "musculature"}, {"me": 3.3914600495369203, "pc": 0.47692307692307695, "marker_score": 0.8575799883301902, "symbol": "TNNT3", "name": "troponin T3, fast skeletal type", "organism": "Homo sapiens", "tissue": "musculature"}, {"me": 3.249370994261059, "pc": 0.7173076923076923, "marker_score": 0.8508112776225025, "symbol": "DMD", "name": "dystrophin", "organism": "Homo sapiens", "tissue": "musculature"}, {"me": 2.3852213185516957, "pc": 0.4394230769230769, "marker_score": 0.8360810617859956, "symbol": "CMYA5", "name": "cardiomyopathy associated 5", "organism": "Homo sapiens", "tissue": "musculature"}, {"me": 2.8491287600015096, "pc": 0.5971153846153846, "marker_score": 0.7844981100636396, "symbol": "PDE4D", "name": "phosphodiesterase 4D", "organism": "Homo sapiens", "tissue": "musculature"}, {"me": 3.1092899510117826, "pc": 0.7038461538461539, "marker_score": 0.7830188286835555, "symbol": "PDK4", "name": "pyruvate dehydrogenase kinase 4", "organism": "Homo sapiens", "tissue": "musculature"}, {"me": 2.56407297909532, "pc": 0.42115384615384616, "marker_score": 0.7548298092268648, "symbol": "MYOM1", "name": "myomesin 1", "organism": "Homo sapiens", "tissue": "musculature"}, {"me": 2.5137700099571076, "pc": 0.3923076923076923, "marker_score": 0.7466353751574986, "symbol": "ACACB", "name": "acetyl-CoA carboxylase beta", "organism": "Homo sapiens", "tissue": "musculature"}, {"me": 2.3391412539495327, "pc": 0.3471153846153846, "marker_score": 0.7145124373220509, "symbol": "RYR1", "name": "ryanodine receptor 1", "organism": "Homo sapiens", "tissue": "musculature"}, {"me": 2.6786239120986437, "pc": 0.35, "marker_score": 0.6967944977359161, "symbol": "ATP2A1", "name": "ATPase sarcoplasmic/endoplasmic reticulum Ca2+ transporting 1", "organism": "Homo sapiens", "tissue": "musculature"}, {"me": 2.672444979349772, "pc": 0.36923076923076925, "marker_score": 0.6923814985320581, "symbol": "RP11-362A9.3", "name": "RP11-362A9.3", "organism": "Homo sapiens", "tissue": "musculature"}, {"me": 2.4527382364078445, "pc": 0.3769230769230769, "marker_score": 0.6733862272415143, "symbol": "MLIP", "name": "muscular LMNA interacting protein", "organism": "Homo sapiens", "tissue": "musculature"}, {"me": 2.406298487319559, "pc": 0.37884615384615383, "marker_score": 0.6643365741083028, "symbol": "SESN1", "name": "sestrin 1", "organism": "Homo sapiens", "tissue": "musculature"}, {"me": 2.379851641640386, "pc": 0.3144230769230769, "marker_score": 0.636482006648794, "symbol": "ACTN2", "name": "actinin alpha 2", "organism": "Homo sapiens", "tissue": "musculature"}, {"me": 2.3813306917956947, "pc": 0.31826923076923075, "marker_score": 0.6283570836971343, "symbol": "TTN-AS1", "name": "uncharacterized LOC101927055", "organism": "Homo sapiens", "tissue": "musculature"}, {"me": 4.483449987463049, "pc": 0.2846153846153846, "marker_score": 0.6207887465182012, "symbol": "TNNC2", "name": "troponin C2, fast skeletal type", "organism": "Homo sapiens", "tissue": "musculature"}, {"me": 2.345246035217863, "pc": 0.30480769230769234, "marker_score": 0.6053989588748728, "symbol": "MYPN", "name": "myopalladin", "organism": "Homo sapiens", "tissue": "musculature"}, {"me": 3.8591634962293835, "pc": 0.27692307692307694, "marker_score": 0.6031630725358089, "symbol": "MYLPF", "name": "myosin light chain 11", "organism": "Homo sapiens", "tissue": "musculature"}, {"me": 4.363369601589817, "pc": 0.275, "marker_score": 0.5998860063451127, "symbol": "CKM", "name": "creatine kinase, M-type", "organism": "Homo sapiens", "tissue": "musculature"}, {"me": 3.8201590401785714, "pc": 0.2692307692307692, "marker_score": 0.5977490271591164, "symbol": "TNNI2", "name": "troponin I2, fast skeletal type", "organism": "Homo sapiens", "tissue": "musculature"}, {"me": 2.3937942667788032, "pc": 0.2701923076923077, "marker_score": 0.5802401554065106, "symbol": "FAM184B", "name": "family with sequence similarity 184 member B", "organism": "Homo sapiens", "tissue": "musculature"}, {"me": 2.3131724897637427, "pc": 0.3192307692307692, "marker_score": 0.5756359475077655, "symbol": "KIF1B", "name": "kinesin family member 1B", "organism": "Homo sapiens", "tissue": "musculature"}, {"me": 2.383603975370333, "pc": 0.29615384615384616, "marker_score": 0.5747850001615945, "symbol": "EYA4", "name": "EYA transcriptional coactivator and phosphatase 4", "organism": "Homo sapiens", "tissue": "musculature"}, {"me": 3.6902512943043426, "pc": 0.26153846153846155, "marker_score": 0.5745684510083763, "symbol": "ENO3", "name": "enolase 3", "organism": "Homo sapiens", "tissue": "musculature"}, {"me": 2.861369426985432, "pc": 0.25576923076923075, "marker_score": 0.5739765046057854, "symbol": "COX6A2", "name": "cytochrome c oxidase subunit 6A2", "organism": "Homo sapiens", "tissue": "musculature"}, {"me": 3.2102149819428067, "pc": 0.2548076923076923, "marker_score": 0.5700094219714045, "symbol": "MB", "name": "myoglobin", "organism": "Homo sapiens", "tissue": "musculature"}, {"me": 2.258174069480751, "pc": 0.2528846153846154, "marker_score": 0.5656868569873289, "symbol": "ART3", "name": "ADP-ribosyltransferase 3 (inactive)", "organism": "Homo sapiens", "tissue": "musculature"}, {"me": 3.4629945683300045, "pc": 0.25576923076923075, "marker_score": 0.563946004257863, "symbol": "MYL1", "name": "myosin light chain 1", "organism": "Homo sapiens", "tissue": "musculature"}, {"me": 2.311970016719159, "pc": 0.36730769230769234, "marker_score": 0.5630781195337187, "symbol": "FBXO32", "name": "F-box protein 32", "organism": "Homo sapiens", "tissue": "musculature"}, {"me": 3.221260721369307, "pc": 0.24807692307692308, "marker_score": 0.5597451863475612, "symbol": "TCAP", "name": "titin-cap", "organism": "Homo sapiens", "tissue": "musculature"}, {"me": 2.232559969986728, "pc": 0.24903846153846154, "marker_score": 0.5592663622808713, "symbol": "PPP1R27", "name": "protein phosphatase 1 regulatory subunit 27", "organism": "Homo sapiens", "tissue": "musculature"}, {"me": 4.723745065969187, "pc": 0.275, "marker_score": 0.5310780986327883, "symbol": "ACTA1", "name": "actin alpha 1, skeletal muscle", "organism": "Homo sapiens", "tissue": "musculature"}, {"me": 2.246550262162362, "pc": 0.30480769230769234, "marker_score": 0.528661048440272, "symbol": "CAP2", "name": "cyclase associated actin cytoskeleton regulatory protein 2", "organism": "Homo sapiens", "tissue": "musculature"}, {"me": 2.942412329501793, "pc": 0.23461538461538461, "marker_score": 0.5283131512002025, "symbol": "MYOZ1", "name": "myozenin 1", "organism": "Homo sapiens", "tissue": "musculature"}, {"me": 2.499964778131176, "pc": 0.24326923076923077, "marker_score": 0.5218296742402955, "symbol": "KCNQ5", "name": "potassium voltage-gated channel subfamily Q member 5", "organism": "Homo sapiens", "tissue": "musculature"}, {"me": 2.7232904630433383, "pc": 0.23365384615384616, "marker_score": 0.5127572730916774, "symbol": "SLN", "name": "sarcolipin", "organism": "Homo sapiens", "tissue": "musculature"}, {"me": 3.584971645422149, "pc": 0.27403846153846156, "marker_score": 0.5027112100775656, "symbol": "DES", "name": "desmin", "organism": "Homo sapiens", "tissue": "musculature"}, {"me": 2.2966820126488097, "pc": 0.20192307692307693, "marker_score": 0.48703717889127135, "symbol": "EEF1A2", "name": "eukaryotic translation elongation factor 1 alpha 2", "organism": "Homo sapiens", "tissue": "musculature"}, {"me": 3.1396767945416206, "pc": 0.2173076923076923, "marker_score": 0.4841062920756093, "symbol": "CA3", "name": "carbonic anhydrase 3", "organism": "Homo sapiens", "tissue": "musculature"}, {"me": 2.342529834629681, "pc": 0.21826923076923077, "marker_score": 0.4824689998326766, "symbol": "RBFOX1", "name": "RNA binding fox-1 homolog 1", "organism": "Homo sapiens", "tissue": "musculature"}, {"me": 2.7821552597473715, "pc": 0.20576923076923076, "marker_score": 0.47889964722311296, "symbol": "PYGM", "name": "glycogen phosphorylase, muscle associated", "organism": "Homo sapiens", "tissue": "musculature"}, {"me": 2.2098244911383005, "pc": 0.2326923076923077, "marker_score": 0.47328052448498764, "symbol": "LDB3", "name": "LIM domain binding 3", "organism": "Homo sapiens", "tissue": "musculature"}, {"me": 2.8338140098793994, "pc": 0.19807692307692307, "marker_score": 0.4700451158881888, "symbol": "MYH2", "name": "myosin heavy chain 2", "organism": "Homo sapiens", "tissue": "musculature"}, {"me": 2.4561816834566885, "pc": 0.27403846153846156, "marker_score": 0.4693715460632821, "symbol": "LINC00513", "name": "LINC00513", "organism": "Homo sapiens", "tissue": "musculature"}, {"me": 2.368123941488199, "pc": 0.275, "marker_score": 0.4652502635563334, "symbol": "GPATCH8", "name": "G-patch domain containing 8", "organism": "Homo sapiens", "tissue": "musculature"}, {"me": 2.2328244777912265, "pc": 0.2048076923076923, "marker_score": 0.46022911780852865, "symbol": "HSPB7", "name": "heat shock protein family B (small) member 7", "organism": "Homo sapiens", "tissue": "musculature"}, {"me": 2.3168060582712156, "pc": 0.20961538461538462, "marker_score": 0.4502962600104462, "symbol": "RETREG1", "name": "reticulophagy regulator 1", "organism": "Homo sapiens", "tissue": "musculature"}, {"me": 2.1212252448586857, "pc": 0.19615384615384615, "marker_score": 0.44830959777234813, "symbol": "MYOT", "name": "myotilin", "organism": "Homo sapiens", "tissue": "musculature"}, {"me": 2.389125217901212, "pc": 0.20576923076923076, "marker_score": 0.4457088455461825, "symbol": "NEDD4", "name": "NEDD4 E3 ubiquitin protein ligase", "organism": "Homo sapiens", "tissue": "musculature"}, {"me": 2.433287225375518, "pc": 0.17403846153846153, "marker_score": 0.4443595529972346, "symbol": "PGAM2", "name": "phosphoglycerate mutase 2", "organism": "Homo sapiens", "tissue": "musculature"}, {"me": 2.2290229172003073, "pc": 0.17596153846153847, "marker_score": 0.4402658053194464, "symbol": "GAMT", "name": "guanidinoacetate N-methyltransferase", "organism": "Homo sapiens", "tissue": "musculature"}, {"me": 2.304612996992371, "pc": 0.2048076923076923, "marker_score": 0.4395266359441011, "symbol": "TBC1D8", "name": "TBC1 domain family member 8", "organism": "Homo sapiens", "tissue": "musculature"}, {"me": 2.3311407210979054, "pc": 0.18076923076923077, "marker_score": 0.4354840335153302, "symbol": "MYBPC2", "name": "myosin binding protein C2", "organism": "Homo sapiens", "tissue": "musculature"}, {"me": 2.3820719718933105, "pc": 0.18461538461538463, "marker_score": 0.43223749745576107, "symbol": "TRDN-AS1", "name": "TRDN antisense RNA 1", "organism": "Homo sapiens", "tissue": "musculature"}, {"me": 2.3440898132324217, "pc": 0.19230769230769232, "marker_score": 0.4297472218827102, "symbol": "FHL3", "name": "four and a half LIM domains 3", "organism": "Homo sapiens", "tissue": "musculature"}, {"me": 2.3599771715931057, "pc": 0.18653846153846154, "marker_score": 0.41788997974809783, "symbol": "GRIK1", "name": "glutamate ionotropic receptor kainate type subunit 1", "organism": "Homo sapiens", "tissue": "musculature"}, {"me": 2.752853910217974, "pc": 0.42596153846153845, "marker_score": 0.4150661539977288, "symbol": "FHL1", "name": "four and a half LIM domains 1", "organism": "Homo sapiens", "tissue": "musculature"}, {"me": 2.2860139545641447, "pc": 0.14615384615384616, "marker_score": 0.4092634573613346, "symbol": "CLTCL1", "name": "clathrin heavy chain like 1", "organism": "Homo sapiens", "tissue": "musculature"}, {"me": 1.9161365788157394, "pc": 0.1576923076923077, "marker_score": 0.40842060945158737, "symbol": "RPL3L", "name": "ribosomal protein L3 like", "organism": "Homo sapiens", "tissue": "musculature"}, {"me": 2.6271863664899553, "pc": 0.2423076923076923, "marker_score": 0.3990825847724462, "symbol": "BIN1", "name": "bridging integrator 1", "organism": "Homo sapiens", "tissue": "musculature"}, {"me": 2.0971538977708644, "pc": 0.1605769230769231, "marker_score": 0.39575299939813036, "symbol": "PFKM", "name": "phosphofructokinase, muscle", "organism": "Homo sapiens", "tissue": "musculature"}, {"me": 1.9484277182067467, "pc": 0.1451923076923077, "marker_score": 0.3954620283994328, "symbol": "ADSS1", "name": "adenylosuccinate synthase 1", "organism": "Homo sapiens", "tissue": "musculature"}, {"me": 2.3591607573068685, "pc": 0.18942307692307692, "marker_score": 0.39237391077029266, "symbol": "PLCB1", "name": "uncharacterized LOC105372522", "organism": "Homo sapiens", "tissue": "musculature"}, {"me": 2.263282595656988, "pc": 0.24423076923076922, "marker_score": 0.3879762230486888, "symbol": "AFF1", "name": "ALF transcription elongation factor 1", "organism": "Homo sapiens", "tissue": "musculature"}, {"me": 2.2965816921657987, "pc": 0.13846153846153847, "marker_score": 0.38474632987965807, "symbol": "PPDPFL", "name": "pancreatic progenitor cell differentiation and proliferation factor like", "organism": "Homo sapiens", "tissue": "musculature"}, {"me": 2.353948934188742, "pc": 0.2903846153846154, "marker_score": 0.38367712451582425, "symbol": "BACH1", "name": "GRIK1 antisense RNA 2", "organism": "Homo sapiens", "tissue": "musculature"}, {"me": 2.405505500496908, "pc": 0.2721153846153846, "marker_score": 0.3825509612838992, "symbol": "FOXO1", "name": "forkhead box O1", "organism": "Homo sapiens", "tissue": "musculature"}, {"me": 2.259436733751412, "pc": 0.1596153846153846, "marker_score": 0.37237812717205365, "symbol": "ABLIM2", "name": "actin binding LIM protein family member 2", "organism": "Homo sapiens", "tissue": "musculature"}, {"me": 2.258936356525032, "pc": 0.18846153846153846, "marker_score": 0.3697060838438107, "symbol": "PGM1", "name": "phosphoglucomutase 1", "organism": "Homo sapiens", "tissue": "musculature"}, {"me": 2.376144045875186, "pc": 0.3230769230769231, "marker_score": 0.3690493745747445, "symbol": "FTX", "name": "FTX transcript, XIST regulator", "organism": "Homo sapiens", "tissue": "musculature"}, {"me": 2.2406810568697626, "pc": 0.17211538461538461, "marker_score": 0.3682776610642434, "symbol": "DEPTOR", "name": "DEP domain containing MTOR interacting protein", "organism": "Homo sapiens", "tissue": "musculature"}, {"me": 2.6969256776751895, "pc": 0.15865384615384615, "marker_score": 0.3675525539125873, "symbol": "ANKRD2", "name": "ankyrin repeat domain 2", "organism": "Homo sapiens", "tissue": "musculature"}, {"me": 1.7700301513671874, "pc": 0.1201923076923077, "marker_score": 0.3612979061670109, "symbol": "SCN1B", "name": "sodium voltage-gated channel beta subunit 1", "organism": "Homo sapiens", "tissue": "musculature"}, {"me": 1.7642954776161595, "pc": 0.14615384615384616, "marker_score": 0.3610919823991647, "symbol": "STAC3", "name": "SH3 and cysteine rich domain 3", "organism": "Homo sapiens", "tissue": "musculature"}, {"me": 2.3835299270788277, "pc": 0.2778846153846154, "marker_score": 0.3578646164943452, "symbol": "PDXDC1", "name": "pyridoxal dependent decarboxylase domain containing 1", "organism": "Homo sapiens", "tissue": "musculature"}, {"me": 2.306568087064303, "pc": 0.125, "marker_score": 0.35554678677190305, "symbol": "GGT7", "name": "gamma-glutamyltransferase 7", "organism": "Homo sapiens", "tissue": "musculature"}, {"me": 1.7867904412941855, "pc": 0.11730769230769231, "marker_score": 0.35310768310375384, "symbol": "PPP1R1A", "name": "protein phosphatase 1 regulatory inhibitor subunit 1A", "organism": "Homo sapiens", "tissue": "musculature"}, {"me": 2.412348199659778, "pc": 0.14903846153846154, "marker_score": 0.3527096295288642, "symbol": "XIRP2", "name": "xin actin binding repeat containing 2", "organism": "Homo sapiens", "tissue": "musculature"}, {"me": 2.420452672192174, "pc": 0.1125, "marker_score": 0.3515761721074238, "symbol": "ANKS1B", "name": "ankyrin repeat and sterile alpha motif domain containing 1B", "organism": "Homo sapiens", "tissue": "musculature"}, {"me": 2.347533637152778, "pc": 0.21634615384615385, "marker_score": 0.3493604911170044, "symbol": "SNX1", "name": "sorting nexin 1", "organism": "Homo sapiens", "tissue": "musculature"}, {"me": 1.9743590037027994, "pc": 0.11538461538461539, "marker_score": 0.3484535621765559, "symbol": "CSRP3", "name": "cysteine and glycine rich protein 3", "organism": "Homo sapiens", "tissue": "musculature"}, {"me": 2.3284459756621234, "pc": 0.13557692307692307, "marker_score": 0.3410452392519009, "symbol": "TP63", "name": "tumor protein p63", "organism": "Homo sapiens", "tissue": "musculature"}, {"me": 2.2221294534617457, "pc": 0.13942307692307693, "marker_score": 0.3401099888506479, "symbol": "SLC20A2", "name": "solute carrier family 20 member 2", "organism": "Homo sapiens", "tissue": "musculature"}, {"me": 2.024372232371363, "pc": 0.11153846153846154, "marker_score": 0.33719825709094364, "symbol": "APOBEC2", "name": "apolipoprotein B mRNA editing enzyme catalytic subunit 2", "organism": "Homo sapiens", "tissue": "musculature"}, {"me": 2.7724522517277643, "pc": 0.25, "marker_score": 0.3355054925300962, "symbol": "SLC25A4", "name": "solute carrier family 25 member 4", "organism": "Homo sapiens", "tissue": "musculature"}, {"me": 2.832476856262703, "pc": 0.11826923076923077, "marker_score": 0.33047181076262716, "symbol": "MYH1", "name": "myosin heavy chain 1", "organism": "Homo sapiens", "tissue": "musculature"}, {"me": 1.8834139266104069, "pc": 0.10192307692307692, "marker_score": 0.33026074253284043, "symbol": "ACTN3", "name": "actinin alpha 3", "organism": "Homo sapiens", "tissue": "musculature"}, {"me": 3.4456733254825367, "pc": 0.9883720930232558, "marker_score": 5.0076145707731285, "symbol": "NEB", "name": "nebulin", "organism": "Homo sapiens", "tissue": "endocrine gland"}, {"me": 3.9184148034384085, "pc": 1.0, "marker_score": 4.987915416438913, "symbol": "TNNT3", "name": "troponin T3, fast skeletal type", "organism": "Homo sapiens", "tissue": "endocrine gland"}, {"me": 4.122894996820494, "pc": 1.0, "marker_score": 4.9287987407783955, "symbol": "TTN", "name": "titin", "organism": "Homo sapiens", "tissue": "endocrine gland"}, {"me": 3.9219903280568675, "pc": 1.0, "marker_score": 4.745365252634095, "symbol": "TNNI2", "name": "troponin I2, fast skeletal type", "organism": "Homo sapiens", "tissue": "endocrine gland"}, {"me": 2.9923656374909156, "pc": 1.0, "marker_score": 4.649258723222353, "symbol": "MYBPC1", "name": "myosin binding protein C1", "organism": "Homo sapiens", "tissue": "endocrine gland"}, {"me": 2.746293749128069, "pc": 0.9767441860465116, "marker_score": 3.777791805892223, "symbol": "CMYA5", "name": "cardiomyopathy associated 5", "organism": "Homo sapiens", "tissue": "endocrine gland"}, {"me": 2.678223015280331, "pc": 0.9883720930232558, "marker_score": 3.382317966363378, "symbol": "TRDN", "name": "triadin", "organism": "Homo sapiens", "tissue": "endocrine gland"}, {"me": 2.831915614116623, "pc": 0.9651162790697675, "marker_score": 3.0477579013339198, "symbol": "CKM", "name": "creatine kinase, M-type", "organism": "Homo sapiens", "tissue": "endocrine gland"}, {"me": 2.318669575016673, "pc": 0.9534883720930233, "marker_score": 2.982704155018093, "symbol": "PDE4DIP", "name": "phosphodiesterase 4D interacting protein", "organism": "Homo sapiens", "tissue": "endocrine gland"}, {"me": 3.4010765438988093, "pc": 0.9767441860465116, "marker_score": 2.9353547095519197, "symbol": "MYL1", "name": "myosin light chain 1", "organism": "Homo sapiens", "tissue": "endocrine gland"}, {"me": 3.536046582599019, "pc": 1.0, "marker_score": 2.9100918514955603, "symbol": "YBX3", "name": "Y-box binding protein 3", "organism": "Homo sapiens", "tissue": "endocrine gland"}, {"me": 2.9670768150916467, "pc": 0.9069767441860465, "marker_score": 2.607421459885726, "symbol": "DES", "name": "desmin", "organism": "Homo sapiens", "tissue": "endocrine gland"}, {"me": 2.1123321146904668, "pc": 0.9186046511627907, "marker_score": 2.5172599757392855, "symbol": "KLHL41", "name": "kelch like family member 41", "organism": "Homo sapiens", "tissue": "endocrine gland"}, {"me": 2.6972223281860352, "pc": 0.9302325581395349, "marker_score": 2.5083933554301536, "symbol": "COX6A2", "name": "cytochrome c oxidase subunit 6A2", "organism": "Homo sapiens", "tissue": "endocrine gland"}, {"me": 3.4031105041503906, "pc": 0.9302325581395349, "marker_score": 2.4473153945451394, "symbol": "MYLPF", "name": "myosin light chain 11", "organism": "Homo sapiens", "tissue": "endocrine gland"}, {"me": 3.3776385139016543, "pc": 0.9883720930232558, "marker_score": 2.359564508439646, "symbol": "CRYAB", "name": "crystallin alpha B", "organism": "Homo sapiens", "tissue": "endocrine gland"}, {"me": 2.094865823093849, "pc": 0.9186046511627907, "marker_score": 2.3235037298600507, "symbol": "BIN1", "name": "bridging integrator 1", "organism": "Homo sapiens", "tissue": "endocrine gland"}, {"me": 3.8830211550690406, "pc": 1.0, "marker_score": 2.321291364623187, "symbol": "MT1X", "name": "metallothionein 1X", "organism": "Homo sapiens", "tissue": "endocrine gland"}, {"me": 2.434353256225586, "pc": 0.9302325581395349, "marker_score": 2.2831722408366666, "symbol": "COX7A1", "name": "cytochrome c oxidase subunit 7A1", "organism": "Homo sapiens", "tissue": "endocrine gland"}, {"me": 2.170456130783279, "pc": 0.8953488372093024, "marker_score": 2.255220518272021, "symbol": "SYNPO2", "name": "synaptopodin 2", "organism": "Homo sapiens", "tissue": "endocrine gland"}, {"me": 2.783867835998535, "pc": 0.9302325581395349, "marker_score": 2.234200290456869, "symbol": "PDK4", "name": "pyruvate dehydrogenase kinase 4", "organism": "Homo sapiens", "tissue": "endocrine gland"}, {"me": 3.007091815655048, "pc": 0.9069767441860465, "marker_score": 2.2174546973432196, "symbol": "TNNC1", "name": "troponin C1, slow skeletal and cardiac type", "organism": "Homo sapiens", "tissue": "endocrine gland"}, {"me": 1.8838897705078126, "pc": 0.872093023255814, "marker_score": 2.1135617623343532, "symbol": "SVIL", "name": "supervillin", "organism": "Homo sapiens", "tissue": "endocrine gland"}, {"me": 2.9973391482704566, "pc": 0.8837209302325582, "marker_score": 2.1120187033947255, "symbol": "H19", "name": "H19 imprinted maternally expressed transcript", "organism": "Homo sapiens", "tissue": "endocrine gland"}, {"me": 2.7087609427315846, "pc": 0.9767441860465116, "marker_score": 2.0662296939818545, "symbol": "MTND1P23", "name": "MT-ND1 pseudogene 23", "organism": "Homo sapiens", "tissue": "endocrine gland"}, {"me": 2.095460791336863, "pc": 0.8837209302325582, "marker_score": 2.0262557777897894, "symbol": "GAMT", "name": "guanidinoacetate N-methyltransferase", "organism": "Homo sapiens", "tissue": "endocrine gland"}, {"me": 2.089095873710437, "pc": 0.9069767441860465, "marker_score": 2.023338688279184, "symbol": "PDLIM5", "name": "PDZ and LIM domain 5", "organism": "Homo sapiens", "tissue": "endocrine gland"}, {"me": 1.9452096599422088, "pc": 0.8488372093023255, "marker_score": 1.9670103030016022, "symbol": "DMD", "name": "dystrophin", "organism": "Homo sapiens", "tissue": "endocrine gland"}, {"me": 1.9028280046251085, "pc": 0.8372093023255814, "marker_score": 1.946450232276443, "symbol": "HSPB7", "name": "heat shock protein family B (small) member 7", "organism": "Homo sapiens", "tissue": "endocrine gland"}, {"me": 2.2199824084974313, "pc": 0.8488372093023255, "marker_score": 1.9253165055519565, "symbol": "NEXN", "name": "nexilin F-actin binding protein", "organism": "Homo sapiens", "tissue": "endocrine gland"}, {"me": 2.399600346883138, "pc": 0.8372093023255814, "marker_score": 1.9225716775023733, "symbol": "SLC25A4", "name": "solute carrier family 25 member 4", "organism": "Homo sapiens", "tissue": "endocrine gland"}, {"me": 2.0119077081549657, "pc": 0.8488372093023255, "marker_score": 1.9171973759640546, "symbol": "MAP4", "name": "microtubule associated protein 4", "organism": "Homo sapiens", "tissue": "endocrine gland"}, {"me": 2.107142886599979, "pc": 0.8604651162790697, "marker_score": 1.8563482478432185, "symbol": "CASQ2", "name": "calsequestrin 2", "organism": "Homo sapiens", "tissue": "endocrine gland"}, {"me": 1.6268081665039062, "pc": 0.8255813953488372, "marker_score": 1.8424968205577998, "symbol": "NFIC", "name": "nuclear factor I C", "organism": "Homo sapiens", "tissue": "endocrine gland"}, {"me": 2.051255580357143, "pc": 0.813953488372093, "marker_score": 1.7850657647504746, "symbol": "PERP", "name": "p53 apoptosis effector related to PMP22", "organism": "Homo sapiens", "tissue": "endocrine gland"}, {"me": 3.728287615094866, "pc": 0.813953488372093, "marker_score": 1.764781523559454, "symbol": "SAA1", "name": "serum amyloid A1", "organism": "Homo sapiens", "tissue": "endocrine gland"}, {"me": 2.096958675900021, "pc": 0.8604651162790697, "marker_score": 1.7558345040271002, "symbol": "MYF6", "name": "myogenic factor 6", "organism": "Homo sapiens", "tissue": "endocrine gland"}, {"me": 1.9815733938506155, "pc": 0.7674418604651163, "marker_score": 1.7139027747545943, "symbol": "ATP1A2", "name": "ATPase Na+/K+ transporting subunit alpha 2", "organism": "Homo sapiens", "tissue": "endocrine gland"}, {"me": 2.0474283554974724, "pc": 0.7906976744186046, "marker_score": 1.71299970420118, "symbol": "EMC10", "name": "ER membrane protein complex subunit 10", "organism": "Homo sapiens", "tissue": "endocrine gland"}, {"me": 1.980994280646829, "pc": 0.7906976744186046, "marker_score": 1.7061087919029811, "symbol": "ACTN2", "name": "actinin alpha 2", "organism": "Homo sapiens", "tissue": "endocrine gland"}, {"me": 1.7332377578272964, "pc": 0.7674418604651163, "marker_score": 1.687473570772986, "symbol": "MAP3K20", "name": "mitogen-activated protein kinase kinase kinase 20", "organism": "Homo sapiens", "tissue": "endocrine gland"}, {"me": 2.730325362261604, "pc": 0.7906976744186046, "marker_score": 1.6571327395081643, "symbol": "TCAP", "name": "titin-cap", "organism": "Homo sapiens", "tissue": "endocrine gland"}, {"me": 1.9204627649107975, "pc": 0.7790697674418605, "marker_score": 1.6026440803538695, "symbol": "PFKM", "name": "phosphofructokinase, muscle", "organism": "Homo sapiens", "tissue": "endocrine gland"}, {"me": 1.588181363619291, "pc": 0.7558139534883721, "marker_score": 1.5973764288071783, "symbol": "UBE3A", "name": "ubiquitin protein ligase E3A", "organism": "Homo sapiens", "tissue": "endocrine gland"}, {"me": 1.7271959744966947, "pc": 0.7558139534883721, "marker_score": 1.5736967318154536, "symbol": "KIAA1217", "name": "KIAA1217", "organism": "Homo sapiens", "tissue": "endocrine gland"}, {"me": 2.328428521213761, "pc": 0.9651162790697675, "marker_score": 1.562790519629528, "symbol": "MTATP6P1", "name": "MT-ATP6 pseudogene 1", "organism": "Homo sapiens", "tissue": "endocrine gland"}, {"me": 2.2466964721679688, "pc": 0.813953488372093, "marker_score": 1.5597025596973118, "symbol": "MYOT", "name": "myotilin", "organism": "Homo sapiens", "tissue": "endocrine gland"}, {"me": 2.178357480177239, "pc": 0.7790697674418605, "marker_score": 1.5592064372219752, "symbol": "CKB", "name": "creatine kinase B", "organism": "Homo sapiens", "tissue": "endocrine gland"}, {"me": 1.6471042935810392, "pc": 0.7325581395348837, "marker_score": 1.5348617979417496, "symbol": "FOXO3", "name": "forkhead box O3", "organism": "Homo sapiens", "tissue": "endocrine gland"}, {"me": 1.686460925686744, "pc": 0.7209302325581395, "marker_score": 1.5158246987183372, "symbol": "NFE2L1", "name": "NFE2 like bZIP transcription factor 1", "organism": "Homo sapiens", "tissue": "endocrine gland"}, {"me": 2.701246550588897, "pc": 0.7674418604651163, "marker_score": 1.5149746346588895, "symbol": "MB", "name": "myoglobin", "organism": "Homo sapiens", "tissue": "endocrine gland"}, {"me": 2.112534232761549, "pc": 0.8023255813953488, "marker_score": 1.5110794323354668, "symbol": "RAMP1", "name": "receptor activity modifying protein 1", "organism": "Homo sapiens", "tissue": "endocrine gland"}, {"me": 2.678117036819458, "pc": 0.7441860465116279, "marker_score": 1.4823757713458519, "symbol": "MYH2", "name": "myosin heavy chain 2", "organism": "Homo sapiens", "tissue": "endocrine gland"}, {"me": 1.8276157681904142, "pc": 0.7325581395348837, "marker_score": 1.4762837300108036, "symbol": "ZBTB16", "name": "zinc finger and BTB domain containing 16", "organism": "Homo sapiens", "tissue": "endocrine gland"}, {"me": 1.7451709747314452, "pc": 0.6976744186046512, "marker_score": 1.4742284532478738, "symbol": "ADPRHL1", "name": "ADP-ribosylhydrolase like 1", "organism": "Homo sapiens", "tissue": "endocrine gland"}, {"me": 2.192541880150364, "pc": 0.8488372093023255, "marker_score": 1.4690149972678135, "symbol": "FIS1", "name": "fission, mitochondrial 1", "organism": "Homo sapiens", "tissue": "endocrine gland"}, {"me": 1.801677141033235, "pc": 0.7093023255813954, "marker_score": 1.4635881521463956, "symbol": "EEF1A2", "name": "eukaryotic translation elongation factor 1 alpha 2", "organism": "Homo sapiens", "tissue": "endocrine gland"}, {"me": 2.4425983135516827, "pc": 0.7558139534883721, "marker_score": 1.4601644293130236, "symbol": "FHL1", "name": "four and a half LIM domains 1", "organism": "Homo sapiens", "tissue": "endocrine gland"}, {"me": 1.7276578809394212, "pc": 0.7093023255813954, "marker_score": 1.4567524704985049, "symbol": "LMOD3", "name": "leiomodin 3", "organism": "Homo sapiens", "tissue": "endocrine gland"}, {"me": 1.8159089521928267, "pc": 0.7674418604651163, "marker_score": 1.4476941065568767, "symbol": "UBAC1", "name": "UBA domain containing 1", "organism": "Homo sapiens", "tissue": "endocrine gland"}, {"me": 2.979568288296084, "pc": 0.9186046511627907, "marker_score": 1.4199066737188895, "symbol": "TPM1", "name": "tropomyosin 1", "organism": "Homo sapiens", "tissue": "endocrine gland"}, {"me": 3.160984977346952, "pc": 0.7093023255813954, "marker_score": 1.4139774785124917, "symbol": "TNNC2", "name": "troponin C2, fast skeletal type", "organism": "Homo sapiens", "tissue": "endocrine gland"}, {"me": 2.30796135796441, "pc": 0.7325581395348837, "marker_score": 1.4094550148853315, "symbol": "FBXO32", "name": "F-box protein 32", "organism": "Homo sapiens", "tissue": "endocrine gland"}, {"me": 1.7029491424560548, "pc": 0.6976744186046512, "marker_score": 1.401781594119432, "symbol": "FGGY", "name": "FGGY carbohydrate kinase domain containing", "organism": "Homo sapiens", "tissue": "endocrine gland"}, {"me": 1.8596664178566855, "pc": 0.7093023255813954, "marker_score": 1.3924286660810372, "symbol": "PCNT", "name": "pericentrin", "organism": "Homo sapiens", "tissue": "endocrine gland"}, {"me": 3.707806037454044, "pc": 0.9883720930232558, "marker_score": 1.386530426172246, "symbol": "MT-ND2", "name": "MT-ND2", "organism": "Homo sapiens", "tissue": "endocrine gland"}, {"me": 2.3960006515701098, "pc": 0.8953488372093024, "marker_score": 1.376650302121785, "symbol": "FKBP5", "name": "FKBP prolyl isomerase 5", "organism": "Homo sapiens", "tissue": "endocrine gland"}, {"me": 1.650073164600437, "pc": 0.686046511627907, "marker_score": 1.3703382288009818, "symbol": "FILIP1", "name": "filamin A interacting protein 1", "organism": "Homo sapiens", "tissue": "endocrine gland"}, {"me": 2.1177306636687248, "pc": 0.7209302325581395, "marker_score": 1.3665831410540463, "symbol": "MYOZ1", "name": "myozenin 1", "organism": "Homo sapiens", "tissue": "endocrine gland"}, {"me": 1.6131834063613624, "pc": 0.6627906976744186, "marker_score": 1.342180075812436, "symbol": "ANK3", "name": "ankyrin 3", "organism": "Homo sapiens", "tissue": "endocrine gland"}, {"me": 1.8611248385521673, "pc": 0.7209302325581395, "marker_score": 1.3388651480444946, "symbol": "MLIP", "name": "muscular LMNA interacting protein", "organism": "Homo sapiens", "tissue": "endocrine gland"}, {"me": 2.1238553447108113, "pc": 0.7209302325581395, "marker_score": 1.3329487132964968, "symbol": "RETREG1", "name": "reticulophagy regulator 1", "organism": "Homo sapiens", "tissue": "endocrine gland"}, {"me": 4.822540992914244, "pc": 1.0, "marker_score": 1.3105056646723574, "symbol": "MT-CO3", "name": "MT-CO3", "organism": "Homo sapiens", "tissue": "endocrine gland"}, {"me": 1.8735316140311105, "pc": 0.6511627906976745, "marker_score": 1.305216496348735, "symbol": "AGL", "name": "amylo-alpha-1, 6-glucosidase, 4-alpha-glucanotransferase", "organism": "Homo sapiens", "tissue": "endocrine gland"}, {"me": 2.365621987875406, "pc": 0.8953488372093024, "marker_score": 1.3013009622634566, "symbol": "NDUFS5", "name": "NADH:ubiquinone oxidoreductase subunit S5", "organism": "Homo sapiens", "tissue": "endocrine gland"}, {"me": 1.5148119245256697, "pc": 0.6511627906976745, "marker_score": 1.2922259789454293, "symbol": "KIF1B", "name": "kinesin family member 1B", "organism": "Homo sapiens", "tissue": "endocrine gland"}, {"me": 1.855724879673549, "pc": 0.813953488372093, "marker_score": 1.2759545398369123, "symbol": "ATP5PD", "name": "ATP synthase peripheral stalk subunit d", "organism": "Homo sapiens", "tissue": "endocrine gland"}, {"me": 1.6446405584161932, "pc": 0.6395348837209303, "marker_score": 1.2586449146731373, "symbol": "ECHDC3", "name": "enoyl-CoA hydratase domain containing 3", "organism": "Homo sapiens", "tissue": "endocrine gland"}, {"me": 2.2734002447747566, "pc": 0.8953488372093024, "marker_score": 1.2581849613447664, "symbol": "ATP5F1D", "name": "ATP synthase F1 subunit delta", "organism": "Homo sapiens", "tissue": "endocrine gland"}, {"me": 1.8503838563576722, "pc": 0.9069767441860465, "marker_score": 1.2554808515252511, "symbol": "MBNL1", "name": "muscleblind like splicing regulator 1", "organism": "Homo sapiens", "tissue": "endocrine gland"}, {"me": 2.2163808315615112, "pc": 0.9186046511627907, "marker_score": 1.2243494509136428, "symbol": "UQCR10", "name": "ubiquinol-cytochrome c reductase, complex III subunit X", "organism": "Homo sapiens", "tissue": "endocrine gland"}, {"me": 1.7588048662458147, "pc": 0.6511627906976745, "marker_score": 1.2194043096881892, "symbol": "SPPL2A", "name": "signal peptide peptidase like 2A", "organism": "Homo sapiens", "tissue": "endocrine gland"}, {"me": 1.5718621148003473, "pc": 0.627906976744186, "marker_score": 1.2181530030838899, "symbol": "FOXO1", "name": "forkhead box O1", "organism": "Homo sapiens", "tissue": "endocrine gland"}, {"me": 1.7192278261537906, "pc": 0.627906976744186, "marker_score": 1.2176202498845556, "symbol": "ELN", "name": "elastin", "organism": "Homo sapiens", "tissue": "endocrine gland"}, {"me": 2.1208743342646845, "pc": 0.627906976744186, "marker_score": 1.2084986453205275, "symbol": "ATP2A1", "name": "ATPase sarcoplasmic/endoplasmic reticulum Ca2+ transporting 1", "organism": "Homo sapiens", "tissue": "endocrine gland"}, {"me": 1.8433406012398856, "pc": 0.6511627906976745, "marker_score": 1.2050369636997667, "symbol": "ATP2A2", "name": "ATPase sarcoplasmic/endoplasmic reticulum Ca2+ transporting 2", "organism": "Homo sapiens", "tissue": "endocrine gland"}, {"me": 1.8996350606282553, "pc": 0.6976744186046512, "marker_score": 1.198227715581184, "symbol": "HSPB8", "name": "heat shock protein family B (small) member 8", "organism": "Homo sapiens", "tissue": "endocrine gland"}, {"me": 2.1084421641791047, "pc": 0.7790697674418605, "marker_score": 1.1935661413084624, "symbol": "ZFAND5", "name": "zinc finger AN1-type containing 5", "organism": "Homo sapiens", "tissue": "endocrine gland"}, {"me": 1.9495838710239954, "pc": 0.813953488372093, "marker_score": 1.1905380428980337, "symbol": "NDUFA12", "name": "NADH:ubiquinone oxidoreductase subunit A12", "organism": "Homo sapiens", "tissue": "endocrine gland"}, {"me": 1.7131295833947524, "pc": 0.6162790697674418, "marker_score": 1.174532852856552, "symbol": "ZNF106", "name": "zinc finger protein 106", "organism": "Homo sapiens", "tissue": "endocrine gland"}, {"me": 1.6258785541240985, "pc": 0.6046511627906976, "marker_score": 1.1722605931874956, "symbol": "CAVIN4", "name": "caveolae associated protein 4", "organism": "Homo sapiens", "tissue": "endocrine gland"}, {"me": 2.136236572265625, "pc": 0.6395348837209303, "marker_score": 1.1633123481685939, "symbol": "PDLIM3", "name": "PDZ and LIM domain 3", "organism": "Homo sapiens", "tissue": "endocrine gland"}, {"me": 2.0942890100311815, "pc": 0.6627906976744186, "marker_score": 1.1551728808387463, "symbol": "HADHB", "name": "hydroxyacyl-CoA dehydrogenase trifunctional multienzyme complex subunit beta", "organism": "Homo sapiens", "tissue": "endocrine gland"}, {"me": 2.0153290321087014, "pc": 0.6744186046511628, "marker_score": 1.1514659203774047, "symbol": "ASB8", "name": "ankyrin repeat and SOCS box containing 8", "organism": "Homo sapiens", "tissue": "endocrine gland"}, {"me": 1.9989708057348279, "pc": 0.8023255813953488, "marker_score": 1.14663333349064, "symbol": "RTN4", "name": "reticulon 4", "organism": "Homo sapiens", "tissue": "endocrine gland"}, {"me": 1.6547175598144532, "pc": 0.5813953488372093, "marker_score": 1.1443014472284176, "symbol": "AMOTL1", "name": "angiomotin like 1", "organism": "Homo sapiens", "tissue": "endocrine gland"}, {"me": 1.9565665633590132, "pc": 0.627906976744186, "marker_score": 1.1423998628379015, "symbol": "DCXR", "name": "dicarbonyl and L-xylulose reductase", "organism": "Homo sapiens", "tissue": "endocrine gland"}, {"me": 1.8448632932176776, "pc": 0.5930232558139535, "marker_score": 1.1420513036058202, "symbol": "TRIM63", "name": "tripartite motif containing 63", "organism": "Homo sapiens", "tissue": "endocrine gland"}, {"me": 4.367799980695858, "pc": 1.0, "marker_score": 1.1405650230339996, "symbol": "MT-ATP6", "name": "MT-ATP6", "organism": "Homo sapiens", "tissue": "endocrine gland"}, {"me": 1.7135039995301444, "pc": 0.6162790697674418, "marker_score": 1.1379193699132393, "symbol": "CFL2", "name": "cofilin 2", "organism": "Homo sapiens", "tissue": "endocrine gland"}, {"me": 2.9668258538767067, "pc": 0.8454706927175843, "marker_score": 1.9446323033910085, "symbol": "TTN", "name": "titin", "organism": "Homo sapiens", "tissue": "All Tissues"}, {"me": 2.8231963068586277, "pc": 0.7797513321492007, "marker_score": 1.6781042957583798, "symbol": "PDLIM3", "name": "PDZ and LIM domain 3", "organism": "Homo sapiens", "tissue": "All Tissues"}, {"me": 2.7284173383399355, "pc": 0.7566607460035524, "marker_score": 1.6238161393685309, "symbol": "NEB", "name": "nebulin", "organism": "Homo sapiens", "tissue": "All Tissues"}, {"me": 2.5176431154205052, "pc": 0.6989342806394316, "marker_score": 1.412830205393531, "symbol": "NEXN", "name": "nexilin F-actin binding protein", "organism": "Homo sapiens", "tissue": "All Tissues"}, {"me": 2.7608120800008247, "pc": 0.6731793960923623, "marker_score": 1.3391119912136524, "symbol": "MYBPC1", "name": "myosin binding protein C1", "organism": "Homo sapiens", "tissue": "All Tissues"}, {"me": 2.61778933502907, "pc": 0.7255772646536413, "marker_score": 1.2758314693842303, "symbol": "SVIL", "name": "supervillin", "organism": "Homo sapiens", "tissue": "All Tissues"}, {"me": 2.837952415749656, "pc": 0.6456483126110124, "marker_score": 1.251877217980041, "symbol": "BCL6", "name": "BCL6 transcription repressor", "organism": "Homo sapiens", "tissue": "All Tissues"}, {"me": 2.5014079496220503, "pc": 0.6021314387211367, "marker_score": 1.1723954790147588, "symbol": "TRDN", "name": "triadin", "organism": "Homo sapiens", "tissue": "All Tissues"}, {"me": 3.128140100691719, "pc": 0.5657193605683837, "marker_score": 1.1290119471273945, "symbol": "RP11-434D9.1", "name": "long intergenic non-protein coding RNA 2997", "organism": "Homo sapiens", "tissue": "All Tissues"}, {"me": 2.6413806482263515, "pc": 0.8214920071047958, "marker_score": 1.1265035329754545, "symbol": "PDLIM5", "name": "PDZ and LIM domain 5", "organism": "Homo sapiens", "tissue": "All Tissues"}, {"me": 3.0772287152670876, "pc": 0.7211367673179396, "marker_score": 1.0993077067994428, "symbol": "PDK4", "name": "pyruvate dehydrogenase kinase 4", "organism": "Homo sapiens", "tissue": "All Tissues"}, {"me": 2.2838908475988053, "pc": 0.6039076376554174, "marker_score": 1.0072381054907726, "symbol": "PDE4DIP", "name": "phosphodiesterase 4D interacting protein", "organism": "Homo sapiens", "tissue": "All Tissues"}, {"me": 3.0025924558561994, "pc": 0.5461811722912966, "marker_score": 0.9963628865475284, "symbol": "EMC10", "name": "ER membrane protein complex subunit 10", "organism": "Homo sapiens", "tissue": "All Tissues"}, {"me": 3.4693261634852877, "pc": 0.5168738898756661, "marker_score": 0.9870097055713538, "symbol": "TNNT3", "name": "troponin T3, fast skeletal type", "organism": "Homo sapiens", "tissue": "All Tissues"}, {"me": 2.4412844053257854, "pc": 0.48046181172291297, "marker_score": 0.9163942500569909, "symbol": "CMYA5", "name": "cardiomyopathy associated 5", "organism": "Homo sapiens", "tissue": "All Tissues"}, {"me": 2.5384627852697097, "pc": 0.4280639431616341, "marker_score": 0.8599659892527605, "symbol": "MYO18B", "name": "myosin XVIIIB", "organism": "Homo sapiens", "tissue": "All Tissues"}, {"me": 2.7131559116633857, "pc": 0.4511545293072824, "marker_score": 0.8087489417527537, "symbol": "FHL1", "name": "four and a half LIM domains 1", "organism": "Homo sapiens", "tissue": "All Tissues"}, {"me": 2.5235587636804793, "pc": 0.40319715808170514, "marker_score": 0.8017991597411567, "symbol": "MYOM1", "name": "myomesin 1", "organism": "Homo sapiens", "tissue": "All Tissues"}, {"me": 2.3719452845367566, "pc": 0.40319715808170514, "marker_score": 0.7971077185870685, "symbol": "MLIP", "name": "muscular LMNA interacting protein", "organism": "Homo sapiens", "tissue": "All Tissues"}, {"me": 2.9657484212882905, "pc": 0.4493783303730018, "marker_score": 0.7870049524783591, "symbol": "WDPCP", "name": "WD repeat containing planar cell polarity effector", "organism": "Homo sapiens", "tissue": "All Tissues"}, {"me": 2.3328365788579806, "pc": 0.38809946714031973, "marker_score": 0.7531139484334848, "symbol": "SESN1", "name": "sestrin 1", "organism": "Homo sapiens", "tissue": "All Tissues"}, {"me": 2.606570011120664, "pc": 0.37122557726465366, "marker_score": 0.7495187023795814, "symbol": "ATP2A1", "name": "ATPase sarcoplasmic/endoplasmic reticulum Ca2+ transporting 1", "organism": "Homo sapiens", "tissue": "All Tissues"}, {"me": 2.672444979349772, "pc": 0.3410301953818828, "marker_score": 0.7269814053107015, "symbol": "RP11-362A9.3", "name": "RP11-362A9.3", "organism": "Homo sapiens", "tissue": "All Tissues"}, {"me": 2.2807632918210374, "pc": 0.34458259325044405, "marker_score": 0.7251689992787119, "symbol": "RYR1", "name": "ryanodine receptor 1", "organism": "Homo sapiens", "tissue": "All Tissues"}, {"me": 2.987925800928841, "pc": 0.7051509769094139, "marker_score": 0.7104007794426976, "symbol": "FKBP5", "name": "FKBP prolyl isomerase 5", "organism": "Homo sapiens", "tissue": "All Tissues"}, {"me": 3.844086527172985, "pc": 0.325044404973357, "marker_score": 0.7000739194077822, "symbol": "TNNI2", "name": "troponin I2, fast skeletal type", "organism": "Homo sapiens", "tissue": "All Tissues"}, {"me": 2.3111876668809335, "pc": 0.35079928952042627, "marker_score": 0.6996061400597552, "symbol": "ACTN2", "name": "actinin alpha 2", "organism": "Homo sapiens", "tissue": "All Tissues"}, {"me": 3.7600213755731997, "pc": 0.3268206039076377, "marker_score": 0.6947374575695501, "symbol": "MYLPF", "name": "myosin light chain 11", "organism": "Homo sapiens", "tissue": "All Tissues"}, {"me": 4.018896418212229, "pc": 0.327708703374778, "marker_score": 0.68744211592396, "symbol": "CKM", "name": "creatine kinase, M-type", "organism": "Homo sapiens", "tissue": "All Tissues"}, {"me": 2.311402464448736, "pc": 0.39520426287744226, "marker_score": 0.6873654125091585, "symbol": "FBXO32", "name": "F-box protein 32", "organism": "Homo sapiens", "tissue": "All Tissues"}, {"me": 4.257482534029236, "pc": 0.31705150976909413, "marker_score": 0.6811236666220761, "symbol": "TNNC2", "name": "troponin C2, fast skeletal type", "organism": "Homo sapiens", "tissue": "All Tissues"}, {"me": 3.4522008974690084, "pc": 0.32238010657193605, "marker_score": 0.6704902171911733, "symbol": "DES", "name": "desmin", "organism": "Homo sapiens", "tissue": "All Tissues"}, {"me": 2.292042202419705, "pc": 0.3197158081705151, "marker_score": 0.6688176221973723, "symbol": "TTN-AS1", "name": "uncharacterized LOC101927055", "organism": "Homo sapiens", "tissue": "All Tissues"}, {"me": 2.8234162964572795, "pc": 0.30728241563055064, "marker_score": 0.6673772621294679, "symbol": "COX6A2", "name": "cytochrome c oxidase subunit 6A2", "organism": "Homo sapiens", "tissue": "All Tissues"}, {"me": 3.448134068080357, "pc": 0.3108348134991119, "marker_score": 0.6622762979862583, "symbol": "MYL1", "name": "myosin light chain 1", "organism": "Homo sapiens", "tissue": "All Tissues"}, {"me": 2.299936317535768, "pc": 0.29484902309058614, "marker_score": 0.6427045017284208, "symbol": "MYPN", "name": "myopalladin", "organism": "Homo sapiens", "tissue": "All Tissues"}, {"me": 3.1087288755664653, "pc": 0.29396092362344584, "marker_score": 0.6345196813739596, "symbol": "MB", "name": "myoglobin", "organism": "Homo sapiens", "tissue": "All Tissues"}, {"me": 2.1983226349838825, "pc": 0.3099467140319716, "marker_score": 0.630932963012721, "symbol": "CAP2", "name": "cyclase associated actin cytoskeleton regulatory protein 2", "organism": "Homo sapiens", "tissue": "All Tissues"}, {"me": 3.1188569800254027, "pc": 0.2895204262877442, "marker_score": 0.6291161525170084, "symbol": "TCAP", "name": "titin-cap", "organism": "Homo sapiens", "tissue": "All Tissues"}, {"me": 4.425968275157683, "pc": 0.29040852575488457, "marker_score": 0.6140800306184048, "symbol": "ACTA1", "name": "actin alpha 1, skeletal muscle", "organism": "Homo sapiens", "tissue": "All Tissues"}, {"me": 3.4868741682275237, "pc": 0.28152753108348133, "marker_score": 0.6124388181082483, "symbol": "ENO3", "name": "enolase 3", "organism": "Homo sapiens", "tissue": "All Tissues"}, {"me": 2.225340821872504, "pc": 0.27797513321492007, "marker_score": 0.6103973905901856, "symbol": "ART3", "name": "ADP-ribosyltransferase 3 (inactive)", "organism": "Homo sapiens", "tissue": "All Tissues"}, {"me": 2.500137006408138, "pc": 0.29396092362344584, "marker_score": 0.5946738679341206, "symbol": "BIN1", "name": "bridging integrator 1", "organism": "Homo sapiens", "tissue": "All Tissues"}, {"me": 2.775320015701593, "pc": 0.27175843694493784, "marker_score": 0.5932435469184648, "symbol": "MYOZ1", "name": "myozenin 1", "organism": "Homo sapiens", "tissue": "All Tissues"}, {"me": 2.389243484388852, "pc": 0.25044404973357015, "marker_score": 0.5857449085799795, "symbol": "FAM184B", "name": "family with sequence similarity 184 member B", "organism": "Homo sapiens", "tissue": "All Tissues"}, {"me": 2.1023243091724537, "pc": 0.26376554174067496, "marker_score": 0.5838231510543446, "symbol": "KLHL41", "name": "kelch like family member 41", "organism": "Homo sapiens", "tissue": "All Tissues"}, {"me": 2.1688651249326507, "pc": 0.25754884547069273, "marker_score": 0.5827269072493418, "symbol": "TRIM63", "name": "tripartite motif containing 63", "organism": "Homo sapiens", "tissue": "All Tissues"}, {"me": 2.617729896722838, "pc": 0.30550621669627, "marker_score": 0.5771750841739178, "symbol": "COX7A1", "name": "cytochrome c oxidase subunit 7A1", "organism": "Homo sapiens", "tissue": "All Tissues"}, {"me": 2.202973316333912, "pc": 0.23978685612788633, "marker_score": 0.561443991393008, "symbol": "PPP1R27", "name": "protein phosphatase 1 regulatory subunit 27", "organism": "Homo sapiens", "tissue": "All Tissues"}, {"me": 2.6763242305768813, "pc": 0.2566607460035524, "marker_score": 0.554363988410439, "symbol": "SLN", "name": "sarcolipin", "organism": "Homo sapiens", "tissue": "All Tissues"}, {"me": 2.1852601674210104, "pc": 0.24067495559502664, "marker_score": 0.548785990431839, "symbol": "EEF1A2", "name": "eukaryotic translation elongation factor 1 alpha 2", "organism": "Homo sapiens", "tissue": "All Tissues"}, {"me": 2.4540011841245644, "pc": 0.25488454706927177, "marker_score": 0.5485278670274459, "symbol": "LINC00513", "name": "LINC00513", "organism": "Homo sapiens", "tissue": "All Tissues"}, {"me": 3.0046336039739394, "pc": 0.24600355239786856, "marker_score": 0.5478077264556043, "symbol": "CA3", "name": "carbonic anhydrase 3", "organism": "Homo sapiens", "tissue": "All Tissues"}, {"me": 2.796908004195602, "pc": 0.23978685612788633, "marker_score": 0.5463501769126767, "symbol": "MYH2", "name": "myosin heavy chain 2", "organism": "Homo sapiens", "tissue": "All Tissues"}, {"me": 2.1494568941885963, "pc": 0.2531083481349911, "marker_score": 0.5440962973021556, "symbol": "HSPB7", "name": "heat shock protein family B (small) member 7", "organism": "Homo sapiens", "tissue": "All Tissues"}, {"me": 2.139904022216797, "pc": 0.24156305506216696, "marker_score": 0.5440125057254439, "symbol": "LDB3", "name": "LIM domain binding 3", "organism": "Homo sapiens", "tissue": "All Tissues"}, {"me": 3.133126991281288, "pc": 0.7273534635879219, "marker_score": 0.532662582000171, "symbol": "DMD", "name": "dystrophin", "organism": "Homo sapiens", "tissue": "All Tissues"}, {"me": 2.48309326171875, "pc": 0.22735346358792186, "marker_score": 0.5325817740618395, "symbol": "KCNQ5", "name": "potassium voltage-gated channel subfamily Q member 5", "organism": "Homo sapiens", "tissue": "All Tissues"}, {"me": 2.1532799936559077, "pc": 0.2433392539964476, "marker_score": 0.5289610422052414, "symbol": "MYOT", "name": "myotilin", "organism": "Homo sapiens", "tissue": "All Tissues"}, {"me": 2.1849429481907894, "pc": 0.2531083481349911, "marker_score": 0.5196650582621699, "symbol": "LPIN1", "name": "lipin 1", "organism": "Homo sapiens", "tissue": "All Tissues"}, {"me": 2.6915928484445595, "pc": 0.29484902309058614, "marker_score": 0.5140117325616105, "symbol": "SLC25A4", "name": "solute carrier family 25 member 4", "organism": "Homo sapiens", "tissue": "All Tissues"}, {"me": 2.4896704568817283, "pc": 0.37122557726465366, "marker_score": 0.5067353543127578, "symbol": "ACACB", "name": "acetyl-CoA carboxylase beta", "organism": "Homo sapiens", "tissue": "All Tissues"}, {"me": 2.240203094482422, "pc": 0.21314387211367672, "marker_score": 0.49696938198640617, "symbol": "FHL3", "name": "four and a half LIM domains 3", "organism": "Homo sapiens", "tissue": "All Tissues"}, {"me": 2.1898311187861967, "pc": 0.23001776198934282, "marker_score": 0.4846441887290541, "symbol": "GAMT", "name": "guanidinoacetate N-methyltransferase", "organism": "Homo sapiens", "tissue": "All Tissues"}, {"me": 2.376134236653646, "pc": 0.19182948490230906, "marker_score": 0.4843743695659321, "symbol": "NEDD4", "name": "NEDD4 E3 ubiquitin protein ligase", "organism": "Homo sapiens", "tissue": "All Tissues"}, {"me": 2.0465629121177216, "pc": 0.20781527531083482, "marker_score": 0.4836422558072003, "symbol": "PFKM", "name": "phosphofructokinase, muscle", "organism": "Homo sapiens", "tissue": "All Tissues"}, {"me": 2.7231559244791668, "pc": 0.19982238010657194, "marker_score": 0.4826291739780604, "symbol": "PYGM", "name": "glycogen phosphorylase, muscle associated", "organism": "Homo sapiens", "tissue": "All Tissues"}, {"me": 2.349400284266708, "pc": 0.17939609236234458, "marker_score": 0.46974393035355644, "symbol": "TRDN-AS1", "name": "TRDN antisense RNA 1", "organism": "Homo sapiens", "tissue": "All Tissues"}, {"me": 2.103655220258354, "pc": 0.17939609236234458, "marker_score": 0.4596757165067943, "symbol": "ABLIM2", "name": "actin binding LIM protein family member 2", "organism": "Homo sapiens", "tissue": "All Tissues"}, {"me": 1.7372000558035714, "pc": 0.16785079928952043, "marker_score": 0.4554647689682507, "symbol": "STAC3", "name": "SH3 and cysteine rich domain 3", "organism": "Homo sapiens", "tissue": "All Tissues"}, {"me": 2.327203674316406, "pc": 0.17761989342806395, "marker_score": 0.45512828092710245, "symbol": "PGAM2", "name": "phosphoglycerate mutase 2", "organism": "Homo sapiens", "tissue": "All Tissues"}, {"me": 2.35397213666867, "pc": 0.17317939609236235, "marker_score": 0.45336340912204587, "symbol": "GRIK1", "name": "glutamate ionotropic receptor kainate type subunit 1", "organism": "Homo sapiens", "tissue": "All Tissues"}, {"me": 2.0241634892482385, "pc": 0.1811722912966252, "marker_score": 0.4510769978202608, "symbol": "ASB8", "name": "ankyrin repeat and SOCS box containing 8", "organism": "Homo sapiens", "tissue": "All Tissues"}, {"me": 2.2703250062231923, "pc": 0.1811722912966252, "marker_score": 0.44949046626493705, "symbol": "MYBPC2", "name": "myosin binding protein C2", "organism": "Homo sapiens", "tissue": "All Tissues"}, {"me": 2.1457151525160847, "pc": 0.1811722912966252, "marker_score": 0.44314323447635334, "symbol": "MYF6", "name": "myogenic factor 6", "organism": "Homo sapiens", "tissue": "All Tissues"}, {"me": 2.316289178256331, "pc": 0.20603907637655416, "marker_score": 0.4378730650329454, "symbol": "SNX1", "name": "sorting nexin 1", "organism": "Homo sapiens", "tissue": "All Tissues"}, {"me": 2.275070352757231, "pc": 0.1669626998223801, "marker_score": 0.43341345843724793, "symbol": "SLC16A10", "name": "solute carrier family 16 member 10", "organism": "Homo sapiens", "tissue": "All Tissues"}, {"me": 1.91021644212923, "pc": 0.16074600355239788, "marker_score": 0.43088117324821756, "symbol": "ADSS1", "name": "adenylosuccinate synthase 1", "organism": "Homo sapiens", "tissue": "All Tissues"}, {"me": 1.952615225186912, "pc": 0.16518650088809947, "marker_score": 0.42534756795768836, "symbol": "ATP1A2", "name": "ATPase Na+/K+ transporting subunit alpha 2", "organism": "Homo sapiens", "tissue": "All Tissues"}, {"me": 2.162863385729394, "pc": 0.2033747779751332, "marker_score": 0.41964284670034135, "symbol": "PGM1", "name": "phosphoglucomutase 1", "organism": "Homo sapiens", "tissue": "All Tissues"}, {"me": 2.266178427582578, "pc": 0.1714031971580817, "marker_score": 0.4189808802461271, "symbol": "XIRP2", "name": "xin actin binding repeat containing 2", "organism": "Homo sapiens", "tissue": "All Tissues"}, {"me": 1.871922724664548, "pc": 0.15719360568383658, "marker_score": 0.4151474165434915, "symbol": "RPL3L", "name": "ribosomal protein L3 like", "organism": "Homo sapiens", "tissue": "All Tissues"}, {"me": 2.218347654752205, "pc": 0.1447602131438721, "marker_score": 0.41146959122635995, "symbol": "CLTCL1", "name": "clathrin heavy chain like 1", "organism": "Homo sapiens", "tissue": "All Tissues"}, {"me": 2.332499251198083, "pc": 0.27797513321492007, "marker_score": 0.4075467201333636, "symbol": "BACH1", "name": "GRIK1 antisense RNA 2", "organism": "Homo sapiens", "tissue": "All Tissues"}, {"me": 2.673797607421875, "pc": 0.15808170515097691, "marker_score": 0.40322126323687746, "symbol": "ANKRD2", "name": "ankyrin repeat domain 2", "organism": "Homo sapiens", "tissue": "All Tissues"}, {"me": 2.2567441891401243, "pc": 0.13854351687388988, "marker_score": 0.3933257660016667, "symbol": "TP63", "name": "tumor protein p63", "organism": "Homo sapiens", "tissue": "All Tissues"}, {"me": 2.2740812029157365, "pc": 0.24866785079928952, "marker_score": 0.3909610960419728, "symbol": "RETREG1", "name": "reticulophagy regulator 1", "organism": "Homo sapiens", "tissue": "All Tissues"}, {"me": 1.6821190086570945, "pc": 0.13143872113676733, "marker_score": 0.38752282030200685, "symbol": "MBNL1-AS1", "name": "MBNL1 antisense RNA 1", "organism": "Homo sapiens", "tissue": "All Tissues"}, {"me": 2.2670900445235405, "pc": 0.1349911190053286, "marker_score": 0.3855694714380379, "symbol": "PPDPFL", "name": "pancreatic progenitor cell differentiation and proliferation factor like", "organism": "Homo sapiens", "tissue": "All Tissues"}, {"me": 2.0419490814208983, "pc": 0.14209591474245115, "marker_score": 0.38301734665659715, "symbol": "NRAP", "name": "nebulin related anchoring protein", "organism": "Homo sapiens", "tissue": "All Tissues"}, {"me": 2.2859179237471197, "pc": 0.19271758436944939, "marker_score": 0.38208268470740686, "symbol": "TBC1D8", "name": "TBC1 domain family member 8", "organism": "Homo sapiens", "tissue": "All Tissues"}, {"me": 2.3594929883434514, "pc": 0.27886323268206037, "marker_score": 0.37923826603380056, "symbol": "EYA4", "name": "EYA transcriptional coactivator and phosphatase 4", "organism": "Homo sapiens", "tissue": "All Tissues"}, {"me": 1.6886512382880792, "pc": 0.1269982238010657, "marker_score": 0.37755133753230197, "symbol": "LMOD3", "name": "leiomodin 3", "organism": "Homo sapiens", "tissue": "All Tissues"}, {"me": 1.7041544384426541, "pc": 0.12788632326820604, "marker_score": 0.375215733364458, "symbol": "SCN1B", "name": "sodium voltage-gated channel beta subunit 1", "organism": "Homo sapiens", "tissue": "All Tissues"}, {"me": 2.0116233825683594, "pc": 0.12788632326820604, "marker_score": 0.3738542956477142, "symbol": "PCNT", "name": "pericentrin", "organism": "Homo sapiens", "tissue": "All Tissues"}, {"me": 1.9466696961285317, "pc": 0.12966252220248667, "marker_score": 0.3717644712592105, "symbol": "APOBEC2", "name": "apolipoprotein B mRNA editing enzyme catalytic subunit 2", "organism": "Homo sapiens", "tissue": "All Tissues"}, {"me": 2.047439976742393, "pc": 0.1349911190053286, "marker_score": 0.36698028395532856, "symbol": "SMPX", "name": "small muscle protein X-linked", "organism": "Homo sapiens", "tissue": "All Tissues"}, {"me": 2.8889881678989955, "pc": 0.12433392539964476, "marker_score": 0.36243328992377377, "symbol": "TNNC1", "name": "troponin C1, slow skeletal and cardiac type", "organism": "Homo sapiens", "tissue": "All Tissues"}, {"me": 2.0889384728351623, "pc": 0.11634103019538189, "marker_score": 0.36212985535362124, "symbol": "ASB5", "name": "ankyrin repeat and SOCS box containing 5", "organism": "Homo sapiens", "tissue": "All Tissues"}, {"me": 2.296689813787287, "pc": 0.1172291296625222, "marker_score": 0.36115579790243546, "symbol": "GGT7", "name": "gamma-glutamyltransferase 7", "organism": "Homo sapiens", "tissue": "All Tissues"}]