[{"me": 3.579009807125664, "pc": 0.9567979669631512, "marker_score": 1.0164579494586434, "symbol": "CST3", "name": "cystatin C", "organism": "Homo sapiens", "tissue": "small intestine"}, {"me": 2.219003218638746, "pc": 0.8030495552731893, "marker_score": 0.9186330728194505, "symbol": "RGS1", "name": "regulator of G protein signaling 1", "organism": "Homo sapiens", "tissue": "small intestine"}, {"me": 2.1191102043030754, "pc": 0.8005082592121983, "marker_score": 0.7999669756527874, "symbol": "GPX1", "name": "glutathione peroxidase 1", "organism": "Homo sapiens", "tissue": "small intestine"}, {"me": 2.919235321969697, "pc": 0.9434561626429478, "marker_score": 0.7789353324546886, "symbol": "SAT1", "name": "spermidine/spermine N1-acetyltransferase 1", "organism": "Homo sapiens", "tissue": "small intestine"}, {"me": 1.856600318533726, "pc": 0.633418043202033, "marker_score": 0.7567564704944779, "symbol": "MTRNR2L8", "name": "MTRNR2L8", "organism": "Homo sapiens", "tissue": "small intestine"}, {"me": 1.640520735896659, "pc": 0.3767471410419314, "marker_score": 0.7224305141950954, "symbol": "MTRNR2L10", "name": "MTRNR2L10", "organism": "Homo sapiens", "tissue": "small intestine"}, {"me": 1.7061514662889798, "pc": 0.3005082592121982, "marker_score": 0.5966162781146952, "symbol": "PHACTR1", "name": "phosphatase and actin regulator 1", "organism": "Homo sapiens", "tissue": "small intestine"}, {"me": 1.5994361671241555, "pc": 0.3526048284625159, "marker_score": 0.582957119893132, "symbol": "RNASE6", "name": "ribonuclease A family member k6", "organism": "Homo sapiens", "tissue": "small intestine"}, {"me": 1.7045626112153862, "pc": 0.40724269377382466, "marker_score": 0.5667810286018911, "symbol": "CLEC10A", "name": "C-type lectin domain containing 10A", "organism": "Homo sapiens", "tissue": "small intestine"}, {"me": 2.199759058060379, "pc": 0.8049555273189326, "marker_score": 0.5543039347519328, "symbol": "HLA-DQB1", "name": "major histocompatibility complex, class II, DQ beta 1", "organism": "Homo sapiens", "tissue": "small intestine"}, {"me": 2.0233645555449695, "pc": 0.7293519695044473, "marker_score": 0.5520239509452636, "symbol": "CXCR4", "name": "C-X-C motif chemokine receptor 4", "organism": "Homo sapiens", "tissue": "small intestine"}, {"me": 4.013427105146585, "pc": 0.9860228716645489, "marker_score": 0.5380487985136687, "symbol": "HLA-DRA", "name": "major histocompatibility complex, class II, DR alpha", "organism": "Homo sapiens", "tissue": "small intestine"}, {"me": 1.6970770200563146, "pc": 0.4301143583227446, "marker_score": 0.5284841785192097, "symbol": "CALHM6", "name": "calcium homeostasis modulator family member 6", "organism": "Homo sapiens", "tissue": "small intestine"}, {"me": 2.9768426993351964, "pc": 0.9377382465057179, "marker_score": 0.5103511587018693, "symbol": "HLA-DRB1", "name": "major histocompatibility complex, class II, DR beta 1", "organism": "Homo sapiens", "tissue": "small intestine"}, {"me": 1.8509715536366338, "pc": 0.4675984752223634, "marker_score": 0.5023988728126344, "symbol": "GPR183", "name": "G protein-coupled receptor 183", "organism": "Homo sapiens", "tissue": "small intestine"}, {"me": 3.1496974022526647, "pc": 0.9536213468869124, "marker_score": 0.4993498108723554, "symbol": "HLA-DPA1", "name": "major histocompatibility complex, class II, DP alpha 1", "organism": "Homo sapiens", "tissue": "small intestine"}, {"me": 2.3055845143105747, "pc": 0.5362134688691232, "marker_score": 0.48759748633233524, "symbol": "AREG", "name": "amphiregulin", "organism": "Homo sapiens", "tissue": "small intestine"}, {"me": 2.095727978783281, "pc": 0.8113087674714105, "marker_score": 0.46329400049694547, "symbol": "AIF1", "name": "allograft inflammatory factor 1", "organism": "Homo sapiens", "tissue": "small intestine"}, {"me": 1.7880301459138745, "pc": 0.1848792884371029, "marker_score": 0.4629134534941553, "symbol": "FCER1A", "name": "Fc epsilon receptor Ia", "organism": "Homo sapiens", "tissue": "small intestine"}, {"me": 2.4547453947222713, "pc": 0.8964421855146124, "marker_score": 0.4352741668802979, "symbol": "SRGN", "name": "serglycin", "organism": "Homo sapiens", "tissue": "small intestine"}, {"me": 1.8739115397135417, "pc": 0.5946632782719187, "marker_score": 0.41881055645720056, "symbol": "RGS2", "name": "regulator of G protein signaling 2", "organism": "Homo sapiens", "tissue": "small intestine"}, {"me": 3.089048693426724, "pc": 0.9212198221092758, "marker_score": 0.4026439817140146, "symbol": "HLA-DPB1", "name": "major histocompatibility complex, class II, DP beta 1", "organism": "Homo sapiens", "tissue": "small intestine"}, {"me": 1.808302236589492, "pc": 0.5222363405336722, "marker_score": 0.39738957816341947, "symbol": "MS4A6A", "name": "membrane spanning 4-domains A6A", "organism": "Homo sapiens", "tissue": "small intestine"}, {"me": 2.3230373296522555, "pc": 0.8449809402795425, "marker_score": 0.38249529835130086, "symbol": "HLA-DQA1", "name": "major histocompatibility complex, class II, DQ alpha 1", "organism": "Homo sapiens", "tissue": "small intestine"}, {"me": 3.9507921356515787, "pc": 0.9860228716645489, "marker_score": 0.35620992507029037, "symbol": "CD74", "name": "CD74 molecule", "organism": "Homo sapiens", "tissue": "small intestine"}, {"me": 1.6549633861293453, "pc": 0.10736975857687421, "marker_score": 0.3346335150224779, "symbol": "SDS", "name": "serine dehydratase", "organism": "Homo sapiens", "tissue": "small intestine"}, {"me": 1.6928755877769157, "pc": 0.3710292249047014, "marker_score": 0.31169652447967783, "symbol": "ZFAND5", "name": "zinc finger AN1-type containing 5", "organism": "Homo sapiens", "tissue": "small intestine"}, {"me": 1.831656258061247, "pc": 0.26937738246505716, "marker_score": 0.30818220004515706, "symbol": "DNASE1L3", "name": "deoxyribonuclease 1 like 3", "organism": "Homo sapiens", "tissue": "small intestine"}, {"me": 1.4791536684389468, "pc": 0.08576874205844981, "marker_score": 0.3017707280402521, "symbol": "HLA-DQB2", "name": "major histocompatibility complex, class II, DQ beta 2", "organism": "Homo sapiens", "tissue": "small intestine"}, {"me": 1.545625697544643, "pc": 0.11118170266836086, "marker_score": 0.2970280116008374, "symbol": "PRMT9", "name": "protein arginine methyltransferase 9", "organism": "Homo sapiens", "tissue": "small intestine"}, {"me": 1.515844022310697, "pc": 0.08259212198221093, "marker_score": 0.2966495164594548, "symbol": "CLEC4E", "name": "C-type lectin domain family 4 member E", "organism": "Homo sapiens", "tissue": "small intestine"}, {"me": 1.7327238455831007, "pc": 0.5686149936467598, "marker_score": 0.28888843676588527, "symbol": "LST1", "name": "leukocyte specific transcript 1", "organism": "Homo sapiens", "tissue": "small intestine"}, {"me": 1.463324525302514, "pc": 0.08449809402795426, "marker_score": 0.284959718810228, "symbol": "MRC1", "name": "mannose receptor C-type 1", "organism": "Homo sapiens", "tissue": "small intestine"}, {"me": 4.66984432079892, "pc": 1.0, "marker_score": 0.2782896897405533, "symbol": "TMSB4X", "name": "thymosin beta 4 X-linked", "organism": "Homo sapiens", "tissue": "small intestine"}, {"me": 1.4117968472567473, "pc": 0.0698856416772554, "marker_score": 0.2717079343665851, "symbol": "CFP", "name": "complement factor properdin", "organism": "Homo sapiens", "tissue": "small intestine"}, {"me": 1.76320092152741, "pc": 0.29987293519695046, "marker_score": 0.25524964481856893, "symbol": "IFI30", "name": "IFI30 lysosomal thiol reductase", "organism": "Homo sapiens", "tissue": "small intestine"}, {"me": 1.5680650751641456, "pc": 0.05972045743329098, "marker_score": 0.2474306055398391, "symbol": "CD1E", "name": "CD1e molecule", "organism": "Homo sapiens", "tissue": "small intestine"}, {"me": 1.727205384452388, "pc": 0.5387547649301143, "marker_score": 0.24414506806681235, "symbol": "HLA-DMA", "name": "major histocompatibility complex, class II, DM alpha", "organism": "Homo sapiens", "tissue": "small intestine"}, {"me": 1.5560747956576413, "pc": 0.09275730622617535, "marker_score": 0.2407123129140648, "symbol": "CD1C", "name": "CD1c molecule", "organism": "Homo sapiens", "tissue": "small intestine"}, {"me": 1.6147223350985738, "pc": 0.4733163913595934, "marker_score": 0.23450943742566766, "symbol": "RGS10", "name": "regulator of G protein signaling 10", "organism": "Homo sapiens", "tissue": "small intestine"}, {"me": 1.9743724535870295, "pc": 0.7090216010165185, "marker_score": 0.22395191552307514, "symbol": "NPC2", "name": "NPC intracellular cholesterol transporter 2", "organism": "Homo sapiens", "tissue": "small intestine"}, {"me": 1.4982852312474468, "pc": 0.19440914866581957, "marker_score": 0.21233821819378215, "symbol": "CSTA", "name": "cystatin A", "organism": "Homo sapiens", "tissue": "small intestine"}, {"me": 1.542088142525596, "pc": 0.25984752223634056, "marker_score": 0.20199358043164573, "symbol": "C1orf162", "name": "chromosome 1 open reading frame 162", "organism": "Homo sapiens", "tissue": "small intestine"}, {"me": 1.5019089172933704, "pc": 0.06797966963151207, "marker_score": 0.1974740012549297, "symbol": "CPM", "name": "carboxypeptidase M", "organism": "Homo sapiens", "tissue": "small intestine"}, {"me": 1.4779900868733724, "pc": 0.03811944091486658, "marker_score": 0.19647778963314708, "symbol": "CD207", "name": "CD207 molecule", "organism": "Homo sapiens", "tissue": "small intestine"}, {"me": 2.197806793627598, "pc": 0.7947903430749682, "marker_score": 0.19243460470101248, "symbol": "TYROBP", "name": "transmembrane immune signaling adaptor TYROBP", "organism": "Homo sapiens", "tissue": "small intestine"}, {"me": 1.8513719835497902, "pc": 0.6435832274459975, "marker_score": 0.19158370325404508, "symbol": "HERPUD1", "name": "homocysteine inducible ER protein with ubiquitin like domain 1", "organism": "Homo sapiens", "tissue": "small intestine"}, {"me": 1.7284741010822233, "pc": 0.07750952986022872, "marker_score": 0.18979971383086452, "symbol": "FCN1", "name": "ficolin 1", "organism": "Homo sapiens", "tissue": "small intestine"}, {"me": 1.3329866849459135, "pc": 0.03303684879288437, "marker_score": 0.18270150060585513, "symbol": "CLEC4A", "name": "C-type lectin domain family 4 member A", "organism": "Homo sapiens", "tissue": "small intestine"}, {"me": 1.6126568951184237, "pc": 0.05019059720457433, "marker_score": 0.17896764546559854, "symbol": "HAVCR2", "name": "hepatitis A virus cellular receptor 2", "organism": "Homo sapiens", "tissue": "small intestine"}, {"me": 1.6733534226723767, "pc": 0.13850063532401524, "marker_score": 0.17363393867379892, "symbol": "HLA-DQA2", "name": "major histocompatibility complex, class II, DQ alpha 2", "organism": "Homo sapiens", "tissue": "small intestine"}, {"me": 1.6455428641183036, "pc": 0.22236340533672172, "marker_score": 0.16432602652028216, "symbol": "CHMP1B", "name": "charged multivesicular body protein 1B", "organism": "Homo sapiens", "tissue": "small intestine"}, {"me": 1.6560882892521813, "pc": 0.41867852604828465, "marker_score": 0.15889390363642167, "symbol": "CEBPD", "name": "CCAAT enhancer binding protein delta", "organism": "Homo sapiens", "tissue": "small intestine"}, {"me": 1.5819062838589188, "pc": 0.34815756035578144, "marker_score": 0.1574222275397942, "symbol": "JAML", "name": "junction adhesion molecule like", "organism": "Homo sapiens", "tissue": "small intestine"}, {"me": 1.6417574201311385, "pc": 0.031130876747141042, "marker_score": 0.15611006473712977, "symbol": "CH17-373J23.1", "name": "CH17-373J23.1", "organism": "Homo sapiens", "tissue": "small intestine"}, {"me": 1.4794036865234375, "pc": 0.03811944091486658, "marker_score": 0.1442767328612251, "symbol": "IL1R2", "name": "interleukin 1 receptor type 2", "organism": "Homo sapiens", "tissue": "small intestine"}, {"me": 1.8431834066459363, "pc": 0.5139771283354511, "marker_score": 0.14126597920122003, "symbol": "IGHA1", "name": "immunoglobulin heavy constant alpha 1", "organism": "Homo sapiens", "tissue": "small intestine"}, {"me": 1.6186718940734863, "pc": 0.020330368487928845, "marker_score": 0.13943730040218627, "symbol": "C5AR2", "name": "complement C5a receptor 2", "organism": "Homo sapiens", "tissue": "small intestine"}, {"me": 2.4838586342361904, "pc": 0.5578144853875476, "marker_score": 0.1333248412056846, "symbol": "C1QA", "name": "complement C1q A chain", "organism": "Homo sapiens", "tissue": "small intestine"}, {"me": 1.5502608768523685, "pc": 0.040025412960609914, "marker_score": 0.13148186493989905, "symbol": "RP11-347P5.1", "name": "RP11-347P5.1", "organism": "Homo sapiens", "tissue": "small intestine"}, {"me": 1.61852702388057, "pc": 0.017153748411689963, "marker_score": 0.13090927993381096, "symbol": "CLEC9A", "name": "C-type lectin domain containing 9A", "organism": "Homo sapiens", "tissue": "small intestine"}, {"me": 1.3406760567112972, "pc": 0.0241423125794155, "marker_score": 0.12760472672756784, "symbol": "PSTPIP2", "name": "proline-serine-threonine phosphatase interacting protein 2", "organism": "Homo sapiens", "tissue": "small intestine"}, {"me": 1.6612413325364985, "pc": 0.1645489199491741, "marker_score": 0.12281849741160772, "symbol": "THBS1", "name": "thrombospondin 1", "organism": "Homo sapiens", "tissue": "small intestine"}, {"me": 1.350506609136408, "pc": 0.01397712833545108, "marker_score": 0.11763713931137926, "symbol": "CACNA2D3", "name": "calcium voltage-gated channel auxiliary subunit alpha2delta 3", "organism": "Homo sapiens", "tissue": "small intestine"}, {"me": 1.5268431163969494, "pc": 0.013341804320203304, "marker_score": 0.1142054467312081, "symbol": "RP6-91H8.3", "name": "RP6-91H8.3", "organism": "Homo sapiens", "tissue": "small intestine"}, {"me": 2.1459414742209693, "pc": 0.01397712833545108, "marker_score": 0.1120333312572792, "symbol": "CCL17", "name": "C-C motif chemokine ligand 17", "organism": "Homo sapiens", "tissue": "small intestine"}, {"me": 1.6336347908809268, "pc": 0.3684879288437103, "marker_score": 0.10981736665063899, "symbol": "NAMPT", "name": "nicotinamide phosphoribosyltransferase", "organism": "Homo sapiens", "tissue": "small intestine"}, {"me": 1.6217430887768447, "pc": 0.2884371029224905, "marker_score": 0.10792948184551494, "symbol": "SAMSN1", "name": "SAM domain, SH3 domain and nuclear localization signals 1", "organism": "Homo sapiens", "tissue": "small intestine"}, {"me": 1.7315374172319122, "pc": 0.24587039390088947, "marker_score": 0.10495925591613396, "symbol": "PLAC8", "name": "placenta associated 8", "organism": "Homo sapiens", "tissue": "small intestine"}, {"me": 1.4396919674343533, "pc": 0.022871664548919948, "marker_score": 0.10450758162473131, "symbol": "MIR181A1HG", "name": "MIR181A1HG", "organism": "Homo sapiens", "tissue": "small intestine"}, {"me": 1.5352847012606534, "pc": 0.0349428208386277, "marker_score": 0.10345819233103683, "symbol": "MMP19", "name": "matrix metallopeptidase 19", "organism": "Homo sapiens", "tissue": "small intestine"}, {"me": 1.4417591094970703, "pc": 0.030495552731893267, "marker_score": 0.1008338663505764, "symbol": "RNF144B", "name": "ring finger protein 144B", "organism": "Homo sapiens", "tissue": "small intestine"}, {"me": 1.8661632337068257, "pc": 0.1207115628970775, "marker_score": 0.09608761008500036, "symbol": "CCL3L1", "name": "C-C motif chemokine ligand 3 like 3", "organism": "Homo sapiens", "tissue": "small intestine"}, {"me": 1.5070736224834735, "pc": 0.016518424396442185, "marker_score": 0.08950707818093344, "symbol": "OSM", "name": "oncostatin M", "organism": "Homo sapiens", "tissue": "small intestine"}, {"me": 1.3227034280466479, "pc": 0.027318932655654382, "marker_score": 0.08945320785222124, "symbol": "NACA2", "name": "nascent polypeptide associated complex subunit alpha 2", "organism": "Homo sapiens", "tissue": "small intestine"}, {"me": 1.764642220956308, "pc": 0.017153748411689963, "marker_score": 0.08736407862969778, "symbol": "MMP12", "name": "matrix metallopeptidase 12", "organism": "Homo sapiens", "tissue": "small intestine"}, {"me": 1.4182461677713598, "pc": 0.05972045743329098, "marker_score": 0.08405338020104436, "symbol": "CSF2RA", "name": "colony stimulating factor 2 receptor subunit alpha", "organism": "Homo sapiens", "tissue": "small intestine"}, {"me": 1.5906479779411764, "pc": 0.11880559085133419, "marker_score": 0.08272538326836425, "symbol": "MIS18BP1", "name": "MIS18 binding protein 1", "organism": "Homo sapiens", "tissue": "small intestine"}, {"me": 1.4859355961510894, "pc": 0.13850063532401524, "marker_score": 0.07416808054625715, "symbol": "MNDA", "name": "myeloid cell nuclear differentiation antigen", "organism": "Homo sapiens", "tissue": "small intestine"}, {"me": 1.7207144318724708, "pc": 0.08831003811944091, "marker_score": 0.07299990328253278, "symbol": "MTRNR2L1", "name": "MTRNR2L1", "organism": "Homo sapiens", "tissue": "small intestine"}, {"me": 1.32945086504962, "pc": 0.023506988564167726, "marker_score": 0.06283209578701261, "symbol": "GAPT", "name": "GRB2 binding adaptor protein, transmembrane", "organism": "Homo sapiens", "tissue": "small intestine"}, {"me": 1.692739424011517, "pc": 0.5412960609911055, "marker_score": 0.06030114799471012, "symbol": "MCL1", "name": "ADAMTSL4 antisense RNA 1", "organism": "Homo sapiens", "tissue": "small intestine"}, {"me": 1.4814307297332376, "pc": 0.05019059720457433, "marker_score": 0.05728920907419761, "symbol": "NLRP3", "name": "NLR family pyrin domain containing 3", "organism": "Homo sapiens", "tissue": "small intestine"}, {"me": 1.6237854590782752, "pc": 0.03303684879288437, "marker_score": 0.055968927380549566, "symbol": "IDO1", "name": "indoleamine 2,3-dioxygenase 1", "organism": "Homo sapiens", "tissue": "small intestine"}, {"me": 1.450935787624783, "pc": 0.03430749682337993, "marker_score": 0.05115654205611948, "symbol": "CLN8", "name": "CLN8 transmembrane ER and ERGIC protein", "organism": "Homo sapiens", "tissue": "small intestine"}, {"me": 1.3616793272925205, "pc": 0.03875476493011436, "marker_score": 0.045753383906030905, "symbol": "PLD4", "name": "phospholipase D family member 4", "organism": "Homo sapiens", "tissue": "small intestine"}, {"me": 1.4741349069695724, "pc": 0.18106734434561628, "marker_score": 0.04386292705997606, "symbol": "IFNGR1", "name": "interferon gamma receptor 1", "organism": "Homo sapiens", "tissue": "small intestine"}, {"me": 1.9703359786578065, "pc": 0.16581956797966962, "marker_score": 0.0421381780565418, "symbol": "CCL4L2", "name": "C-C motif chemokine ligand 4 like 2", "organism": "Homo sapiens", "tissue": "small intestine"}, {"me": 1.3904783000116763, "pc": 0.014612452350698857, "marker_score": 0.041520493756650456, "symbol": "RP11-796E2.4", "name": "RP11-796E2.4", "organism": "Homo sapiens", "tissue": "small intestine"}, {"me": 1.448735150423917, "pc": 0.02795425667090216, "marker_score": 0.039618479833177525, "symbol": "GPR34", "name": "G protein-coupled receptor 34", "organism": "Homo sapiens", "tissue": "small intestine"}, {"me": 1.6228750864664714, "pc": 0.03811944091486658, "marker_score": 0.03337161598388941, "symbol": "CH25H", "name": "cholesterol 25-hydroxylase", "organism": "Homo sapiens", "tissue": "small intestine"}, {"me": 1.3812281849620107, "pc": 0.05781448538754765, "marker_score": 0.03262983391846921, "symbol": "SLC31A2", "name": "solute carrier family 31 member 2", "organism": "Homo sapiens", "tissue": "small intestine"}, {"me": 2.1142349243164062, "pc": 0.21346886912325286, "marker_score": 0.029550527494240045, "symbol": "CCL3", "name": "C-C motif chemokine ligand 3", "organism": "Homo sapiens", "tissue": "small intestine"}, {"me": 2.1195629049786744, "pc": 0.2420584498094028, "marker_score": 0.026164071371273308, "symbol": "CXCL8", "name": "C-X-C motif chemokine ligand 8", "organism": "Homo sapiens", "tissue": "small intestine"}, {"me": 1.5187454964350728, "pc": 0.13087674714104194, "marker_score": 0.024899518242987285, "symbol": "VSIG4", "name": "V-set and immunoglobulin domain containing 4", "organism": "Homo sapiens", "tissue": "small intestine"}, {"me": 1.716113216662533, "pc": 0.12007623888182974, "marker_score": 0.020382940461562728, "symbol": "EREG", "name": "epiregulin", "organism": "Homo sapiens", "tissue": "small intestine"}, {"me": 1.5939047241210937, "pc": 0.03176620076238882, "marker_score": 0.012299606036913912, "symbol": "RP11-160E2.6", "name": "RP11-160E2.6", "organism": "Homo sapiens", "tissue": "small intestine"}, {"me": 1.3583308772036904, "pc": 0.01207115628970775, "marker_score": 0.008053930830338802, "symbol": "CLEC12A", "name": "C-type lectin domain family 12 member A", "organism": "Homo sapiens", "tissue": "small intestine"}, {"me": 1.3643698185048205, "pc": 0.02986022871664549, "marker_score": 0.0072008605836376095, "symbol": "CD1D", "name": "CD1d molecule", "organism": "Homo sapiens", "tissue": "small intestine"}, {"me": 1.6677707781770046, "pc": 0.4199491740787802, "marker_score": 0.006372629775720277, "symbol": "FGL2", "name": "fibrinogen like 2", "organism": "Homo sapiens", "tissue": "small intestine"}, {"me": 4.013427105146585, "pc": 0.9860228716645489, "marker_score": 1.538104643397245, "symbol": "HLA-DRA", "name": "major histocompatibility complex, class II, DR alpha", "organism": "Homo sapiens", "tissue": "All Tissues"}, {"me": 3.1496974022526647, "pc": 0.9536213468869124, "marker_score": 1.4562988068084817, "symbol": "HLA-DPA1", "name": "major histocompatibility complex, class II, DP alpha 1", "organism": "Homo sapiens", "tissue": "All Tissues"}, {"me": 2.219003218638746, "pc": 0.8030495552731893, "marker_score": 1.421008602244136, "symbol": "RGS1", "name": "regulator of G protein signaling 1", "organism": "Homo sapiens", "tissue": "All Tissues"}, {"me": 3.089048693426724, "pc": 0.9212198221092758, "marker_score": 1.35207027528956, "symbol": "HLA-DPB1", "name": "major histocompatibility complex, class II, DP beta 1", "organism": "Homo sapiens", "tissue": "All Tissues"}, {"me": 2.3230373296522555, "pc": 0.8449809402795425, "marker_score": 1.155571715658702, "symbol": "HLA-DQA1", "name": "major histocompatibility complex, class II, DQ alpha 1", "organism": "Homo sapiens", "tissue": "All Tissues"}, {"me": 3.579009807125664, "pc": 0.9567979669631512, "marker_score": 1.122610532608607, "symbol": "CST3", "name": "cystatin C", "organism": "Homo sapiens", "tissue": "All Tissues"}, {"me": 2.4838586342361904, "pc": 0.5578144853875476, "marker_score": 1.0509775455899701, "symbol": "C1QA", "name": "complement C1q A chain", "organism": "Homo sapiens", "tissue": "All Tissues"}, {"me": 2.9768426993351964, "pc": 0.9377382465057179, "marker_score": 0.943750941729725, "symbol": "HLA-DRB1", "name": "major histocompatibility complex, class II, DR beta 1", "organism": "Homo sapiens", "tissue": "All Tissues"}, {"me": 2.199759058060379, "pc": 0.8049555273189326, "marker_score": 0.8573137754446534, "symbol": "HLA-DQB1", "name": "major histocompatibility complex, class II, DQ beta 1", "organism": "Homo sapiens", "tissue": "All Tissues"}, {"me": 4.66984432079892, "pc": 1.0, "marker_score": 0.8553487808829481, "symbol": "TMSB4X", "name": "thymosin beta 4 X-linked", "organism": "Homo sapiens", "tissue": "All Tissues"}, {"me": 1.6970770200563146, "pc": 0.4301143583227446, "marker_score": 0.8481942655374117, "symbol": "CALHM6", "name": "calcium homeostasis modulator family member 6", "organism": "Homo sapiens", "tissue": "All Tissues"}, {"me": 1.7045626112153862, "pc": 0.40724269377382466, "marker_score": 0.8207420045485747, "symbol": "CLEC10A", "name": "C-type lectin domain containing 10A", "organism": "Homo sapiens", "tissue": "All Tissues"}, {"me": 2.2353619596559544, "pc": 0.4027954256670902, "marker_score": 0.7745817614274522, "symbol": "C1QB", "name": "complement C1q B chain", "organism": "Homo sapiens", "tissue": "All Tissues"}, {"me": 1.640520735896659, "pc": 0.3767471410419314, "marker_score": 0.7659351720811423, "symbol": "MTRNR2L10", "name": "MTRNR2L10", "organism": "Homo sapiens", "tissue": "All Tissues"}, {"me": 2.0712432086770303, "pc": 0.3754764930114358, "marker_score": 0.7509808476031465, "symbol": "C1QC", "name": "complement C1q C chain", "organism": "Homo sapiens", "tissue": "All Tissues"}, {"me": 1.5994361671241555, "pc": 0.3526048284625159, "marker_score": 0.7197472460482907, "symbol": "RNASE6", "name": "ribonuclease A family member k6", "organism": "Homo sapiens", "tissue": "All Tissues"}, {"me": 1.8431834066459363, "pc": 0.5139771283354511, "marker_score": 0.7084772082227575, "symbol": "IGHA1", "name": "immunoglobulin heavy constant alpha 1", "organism": "Homo sapiens", "tissue": "All Tissues"}, {"me": 1.856600318533726, "pc": 0.633418043202033, "marker_score": 0.7045170017330534, "symbol": "MTRNR2L8", "name": "MTRNR2L8", "organism": "Homo sapiens", "tissue": "All Tissues"}, {"me": 1.8509715536366338, "pc": 0.4675984752223634, "marker_score": 0.6991964109891599, "symbol": "GPR183", "name": "G protein-coupled receptor 183", "organism": "Homo sapiens", "tissue": "All Tissues"}, {"me": 1.808302236589492, "pc": 0.5222363405336722, "marker_score": 0.6637385515585771, "symbol": "MS4A6A", "name": "membrane spanning 4-domains A6A", "organism": "Homo sapiens", "tissue": "All Tissues"}, {"me": 1.5819062838589188, "pc": 0.34815756035578144, "marker_score": 0.6416225111538556, "symbol": "JAML", "name": "junction adhesion molecule like", "organism": "Homo sapiens", "tissue": "All Tissues"}, {"me": 2.1191102043030754, "pc": 0.8005082592121983, "marker_score": 0.5999858551563931, "symbol": "GPX1", "name": "glutathione peroxidase 1", "organism": "Homo sapiens", "tissue": "All Tissues"}, {"me": 1.831656258061247, "pc": 0.26937738246505716, "marker_score": 0.5873393487839831, "symbol": "DNASE1L3", "name": "deoxyribonuclease 1 like 3", "organism": "Homo sapiens", "tissue": "All Tissues"}, {"me": 1.8739115397135417, "pc": 0.5946632782719187, "marker_score": 0.5830176828855029, "symbol": "RGS2", "name": "regulator of G protein signaling 2", "organism": "Homo sapiens", "tissue": "All Tissues"}, {"me": 1.6677707781770046, "pc": 0.4199491740787802, "marker_score": 0.5320355991288349, "symbol": "FGL2", "name": "fibrinogen like 2", "organism": "Homo sapiens", "tissue": "All Tissues"}, {"me": 1.6631079157558055, "pc": 0.2770012706480305, "marker_score": 0.5147863960365383, "symbol": "MS4A7", "name": "membrane spanning 4-domains A7", "organism": "Homo sapiens", "tissue": "All Tissues"}, {"me": 1.727205384452388, "pc": 0.5387547649301143, "marker_score": 0.5056281236578792, "symbol": "HLA-DMA", "name": "major histocompatibility complex, class II, DM alpha", "organism": "Homo sapiens", "tissue": "All Tissues"}, {"me": 2.3055845143105747, "pc": 0.5362134688691232, "marker_score": 0.5049247149670212, "symbol": "AREG", "name": "amphiregulin", "organism": "Homo sapiens", "tissue": "All Tissues"}, {"me": 1.5759518725723871, "pc": 0.33735705209656924, "marker_score": 0.49959314655608006, "symbol": "HLA-DMB", "name": "major histocompatibility complex, class II, DM beta", "organism": "Homo sapiens", "tissue": "All Tissues"}, {"me": 1.8513719835497902, "pc": 0.6435832274459975, "marker_score": 0.46963129995604097, "symbol": "HERPUD1", "name": "homocysteine inducible ER protein with ubiquitin like domain 1", "organism": "Homo sapiens", "tissue": "All Tissues"}, {"me": 1.7880301459138745, "pc": 0.1848792884371029, "marker_score": 0.4661043081670796, "symbol": "FCER1A", "name": "Fc epsilon receptor Ia", "organism": "Homo sapiens", "tissue": "All Tissues"}, {"me": 2.0233645555449695, "pc": 0.7293519695044473, "marker_score": 0.4630181683322135, "symbol": "CXCR4", "name": "C-X-C motif chemokine receptor 4", "organism": "Homo sapiens", "tissue": "All Tissues"}, {"me": 1.76320092152741, "pc": 0.29987293519695046, "marker_score": 0.44753469220808983, "symbol": "IFI30", "name": "IFI30 lysosomal thiol reductase", "organism": "Homo sapiens", "tissue": "All Tissues"}, {"me": 2.095727978783281, "pc": 0.8113087674714105, "marker_score": 0.4323157667996054, "symbol": "AIF1", "name": "allograft inflammatory factor 1", "organism": "Homo sapiens", "tissue": "All Tissues"}, {"me": 1.9703359786578065, "pc": 0.16581956797966962, "marker_score": 0.424938345961925, "symbol": "CCL4L2", "name": "C-C motif chemokine ligand 4 like 2", "organism": "Homo sapiens", "tissue": "All Tissues"}, {"me": 1.6217430887768447, "pc": 0.2884371029224905, "marker_score": 0.41954637907446046, "symbol": "SAMSN1", "name": "SAM domain, SH3 domain and nuclear localization signals 1", "organism": "Homo sapiens", "tissue": "All Tissues"}, {"me": 1.5187454964350728, "pc": 0.13087674714104194, "marker_score": 0.3841958723356497, "symbol": "VSIG4", "name": "V-set and immunoglobulin domain containing 4", "organism": "Homo sapiens", "tissue": "All Tissues"}, {"me": 2.4547453947222713, "pc": 0.8964421855146124, "marker_score": 0.36146833795395206, "symbol": "SRGN", "name": "serglycin", "organism": "Homo sapiens", "tissue": "All Tissues"}, {"me": 2.919235321969697, "pc": 0.9434561626429478, "marker_score": 0.3489046805247859, "symbol": "SAT1", "name": "spermidine/spermine N1-acetyltransferase 1", "organism": "Homo sapiens", "tissue": "All Tissues"}, {"me": 1.6549633861293453, "pc": 0.10736975857687421, "marker_score": 0.3401219295003846, "symbol": "SDS", "name": "serine dehydratase", "organism": "Homo sapiens", "tissue": "All Tissues"}, {"me": 1.8661632337068257, "pc": 0.1207115628970775, "marker_score": 0.32915982499784036, "symbol": "CCL3L1", "name": "C-C motif chemokine ligand 3 like 3", "organism": "Homo sapiens", "tissue": "All Tissues"}, {"me": 2.1142349243164062, "pc": 0.21346886912325286, "marker_score": 0.32094267090515094, "symbol": "CCL3", "name": "C-C motif chemokine ligand 3", "organism": "Homo sapiens", "tissue": "All Tissues"}, {"me": 1.5560747956576413, "pc": 0.09275730622617535, "marker_score": 0.31502946578588253, "symbol": "CD1C", "name": "CD1c molecule", "organism": "Homo sapiens", "tissue": "All Tissues"}, {"me": 1.4791536684389468, "pc": 0.08576874205844981, "marker_score": 0.3055241602211567, "symbol": "HLA-DQB2", "name": "major histocompatibility complex, class II, DQ beta 2", "organism": "Homo sapiens", "tissue": "All Tissues"}, {"me": 1.6147223350985738, "pc": 0.4733163913595934, "marker_score": 0.3021979897655459, "symbol": "RGS10", "name": "regulator of G protein signaling 10", "organism": "Homo sapiens", "tissue": "All Tissues"}, {"me": 1.515844022310697, "pc": 0.08259212198221093, "marker_score": 0.2994632011590987, "symbol": "CLEC4E", "name": "C-type lectin domain family 4 member E", "organism": "Homo sapiens", "tissue": "All Tissues"}, {"me": 3.9507921356515787, "pc": 0.9860228716645489, "marker_score": 0.2918138067552321, "symbol": "CD74", "name": "CD74 molecule", "organism": "Homo sapiens", "tissue": "All Tissues"}, {"me": 1.665400424357729, "pc": 0.3678526048284625, "marker_score": 0.279688542828802, "symbol": "LGALS2", "name": "galectin 2", "organism": "Homo sapiens", "tissue": "All Tissues"}, {"me": 1.516159360771937, "pc": 0.09593392630241424, "marker_score": 0.27727342922464193, "symbol": "C1orf54", "name": "chromosome 1 open reading frame 54", "organism": "Homo sapiens", "tissue": "All Tissues"}, {"me": 1.4775765968935333, "pc": 0.17407878017789072, "marker_score": 0.2731437866054571, "symbol": "CLEC7A", "name": "C-type lectin domain containing 7A", "organism": "Homo sapiens", "tissue": "All Tissues"}, {"me": 1.545625697544643, "pc": 0.11118170266836086, "marker_score": 0.2673637491834049, "symbol": "PRMT9", "name": "protein arginine methyltransferase 9", "organism": "Homo sapiens", "tissue": "All Tissues"}, {"me": 1.7327238455831007, "pc": 0.5686149936467598, "marker_score": 0.26623618052976983, "symbol": "LST1", "name": "leukocyte specific transcript 1", "organism": "Homo sapiens", "tissue": "All Tissues"}, {"me": 1.9743724535870295, "pc": 0.7090216010165185, "marker_score": 0.26599795285706895, "symbol": "NPC2", "name": "NPC intracellular cholesterol transporter 2", "organism": "Homo sapiens", "tissue": "All Tissues"}, {"me": 1.5680650751641456, "pc": 0.05972045743329098, "marker_score": 0.24838702801956614, "symbol": "CD1E", "name": "CD1e molecule", "organism": "Homo sapiens", "tissue": "All Tissues"}, {"me": 1.4646570717416159, "pc": 0.13024142312579415, "marker_score": 0.20424759836439005, "symbol": "MPEG1", "name": "macrophage expressed 1", "organism": "Homo sapiens", "tissue": "All Tissues"}, {"me": 1.5502608768523685, "pc": 0.040025412960609914, "marker_score": 0.20285898674893574, "symbol": "RP11-347P5.1", "name": "RP11-347P5.1", "organism": "Homo sapiens", "tissue": "All Tissues"}, {"me": 1.4779900868733724, "pc": 0.03811944091486658, "marker_score": 0.20004050163777926, "symbol": "CD207", "name": "CD207 molecule", "organism": "Homo sapiens", "tissue": "All Tissues"}, {"me": 1.542088142525596, "pc": 0.25984752223634056, "marker_score": 0.1909199710414873, "symbol": "C1orf162", "name": "chromosome 1 open reading frame 162", "organism": "Homo sapiens", "tissue": "All Tissues"}, {"me": 1.5236719353881405, "pc": 0.1797966963151207, "marker_score": 0.18890092867814237, "symbol": "IGSF6", "name": "immunoglobulin superfamily member 6", "organism": "Homo sapiens", "tissue": "All Tissues"}, {"me": 1.9475445935955156, "pc": 0.22490470139771285, "marker_score": 0.18260891704071897, "symbol": "IL1B", "name": "interleukin 1 beta", "organism": "Homo sapiens", "tissue": "All Tissues"}, {"me": 1.3643698185048205, "pc": 0.02986022871664549, "marker_score": 0.1730552378342096, "symbol": "CD1D", "name": "CD1d molecule", "organism": "Homo sapiens", "tissue": "All Tissues"}, {"me": 1.448735150423917, "pc": 0.02795425667090216, "marker_score": 0.16836551804661695, "symbol": "GPR34", "name": "G protein-coupled receptor 34", "organism": "Homo sapiens", "tissue": "All Tissues"}, {"me": 1.569328875581095, "pc": 0.07687420584498093, "marker_score": 0.16485043485362524, "symbol": "ACP5", "name": "acid phosphatase 5, tartrate resistant", "organism": "Homo sapiens", "tissue": "All Tissues"}, {"me": 1.463324525302514, "pc": 0.08449809402795426, "marker_score": 0.16408277053753267, "symbol": "MRC1", "name": "mannose receptor C-type 1", "organism": "Homo sapiens", "tissue": "All Tissues"}, {"me": 1.6733534226723767, "pc": 0.13850063532401524, "marker_score": 0.1632859259858878, "symbol": "HLA-DQA2", "name": "major histocompatibility complex, class II, DQ alpha 2", "organism": "Homo sapiens", "tissue": "All Tissues"}, {"me": 1.6348402235243056, "pc": 0.28589580686149935, "marker_score": 0.15266338153445072, "symbol": "CPVL", "name": "carboxypeptidase vitellogenic like", "organism": "Homo sapiens", "tissue": "All Tissues"}, {"me": 1.6455428641183036, "pc": 0.22236340533672172, "marker_score": 0.1506591687152242, "symbol": "CHMP1B", "name": "charged multivesicular body protein 1B", "organism": "Homo sapiens", "tissue": "All Tissues"}, {"me": 1.410645023469002, "pc": 0.019695044472681066, "marker_score": 0.1425004602192589, "symbol": "CD209", "name": "CD209 molecule", "organism": "Homo sapiens", "tissue": "All Tissues"}, {"me": 1.6186718940734863, "pc": 0.020330368487928845, "marker_score": 0.14233881573724189, "symbol": "C5AR2", "name": "complement C5a receptor 2", "organism": "Homo sapiens", "tissue": "All Tissues"}, {"me": 1.4814307297332376, "pc": 0.05019059720457433, "marker_score": 0.14229532799012098, "symbol": "NLRP3", "name": "NLR family pyrin domain containing 3", "organism": "Homo sapiens", "tissue": "All Tissues"}, {"me": 2.7774327758011546, "pc": 0.7979669631512071, "marker_score": 0.13902321310546173, "symbol": "LYZ", "name": "lysozyme", "organism": "Homo sapiens", "tissue": "All Tissues"}, {"me": 1.420117253842561, "pc": 0.05844980940279543, "marker_score": 0.13355552865848874, "symbol": "NHSL2", "name": "NHS like 2", "organism": "Homo sapiens", "tissue": "All Tissues"}, {"me": 1.61852702388057, "pc": 0.017153748411689963, "marker_score": 0.13218308341930746, "symbol": "CLEC9A", "name": "C-type lectin domain containing 9A", "organism": "Homo sapiens", "tissue": "All Tissues"}, {"me": 1.453463660346137, "pc": 0.017153748411689963, "marker_score": 0.13132213140254553, "symbol": "FPR3", "name": "formyl peptide receptor 3", "organism": "Homo sapiens", "tissue": "All Tissues"}, {"me": 1.764642220956308, "pc": 0.017153748411689963, "marker_score": 0.13044063985231427, "symbol": "MMP12", "name": "matrix metallopeptidase 12", "organism": "Homo sapiens", "tissue": "All Tissues"}, {"me": 1.3227034280466479, "pc": 0.027318932655654382, "marker_score": 0.13038964618904975, "symbol": "NACA2", "name": "nascent polypeptide associated complex subunit alpha 2", "organism": "Homo sapiens", "tissue": "All Tissues"}, {"me": 1.475824502798227, "pc": 0.016518424396442185, "marker_score": 0.12910867872120016, "symbol": "ADAMDEC1", "name": "ADAM like decysin 1", "organism": "Homo sapiens", "tissue": "All Tissues"}, {"me": 3.774961366758242, "pc": 0.9828462515883101, "marker_score": 0.12206301019519183, "symbol": "FTL", "name": "ferritin light chain", "organism": "Homo sapiens", "tissue": "All Tissues"}, {"me": 1.609368535217095, "pc": 0.2039390088945362, "marker_score": 0.11890819762967217, "symbol": "ZNF331", "name": "zinc finger protein 331", "organism": "Homo sapiens", "tissue": "All Tissues"}, {"me": 1.5268431163969494, "pc": 0.013341804320203304, "marker_score": 0.11604596620607972, "symbol": "RP6-91H8.3", "name": "RP6-91H8.3", "organism": "Homo sapiens", "tissue": "All Tissues"}, {"me": 1.4941473788902409, "pc": 0.07750952986022872, "marker_score": 0.11550569708999105, "symbol": "CD163", "name": "CD163 molecule", "organism": "Homo sapiens", "tissue": "All Tissues"}, {"me": 1.4182461677713598, "pc": 0.05972045743329098, "marker_score": 0.11393485148387072, "symbol": "CSF2RA", "name": "colony stimulating factor 2 receptor subunit alpha", "organism": "Homo sapiens", "tissue": "All Tissues"}, {"me": 2.1459414742209693, "pc": 0.01397712833545108, "marker_score": 0.11317219190615121, "symbol": "CCL17", "name": "C-C motif chemokine ligand 17", "organism": "Homo sapiens", "tissue": "All Tissues"}, {"me": 1.6126568951184237, "pc": 0.05019059720457433, "marker_score": 0.11276458965936137, "symbol": "HAVCR2", "name": "hepatitis A virus cellular receptor 2", "organism": "Homo sapiens", "tissue": "All Tissues"}, {"me": 1.716113216662533, "pc": 0.12007623888182974, "marker_score": 0.10438928279603947, "symbol": "EREG", "name": "epiregulin", "organism": "Homo sapiens", "tissue": "All Tissues"}, {"me": 1.7445578291368875, "pc": 0.5444726810673444, "marker_score": 0.09442987185835859, "symbol": "CTSS", "name": "cathepsin S", "organism": "Homo sapiens", "tissue": "All Tissues"}, {"me": 1.6797962188720703, "pc": 0.01207115628970775, "marker_score": 0.09409286057060366, "symbol": "FOLR2", "name": "folate receptor beta", "organism": "Homo sapiens", "tissue": "All Tissues"}, {"me": 1.6228750864664714, "pc": 0.03811944091486658, "marker_score": 0.08455424736169283, "symbol": "CH25H", "name": "cholesterol 25-hydroxylase", "organism": "Homo sapiens", "tissue": "All Tissues"}, {"me": 1.5548736572265625, "pc": 0.041296060991105464, "marker_score": 0.08279172930252017, "symbol": "STAB1", "name": "stabilin 1", "organism": "Homo sapiens", "tissue": "All Tissues"}, {"me": 1.3416105130823648, "pc": 0.026048284625158832, "marker_score": 0.0776317400081826, "symbol": "P2RY13", "name": "purinergic receptor P2Y13", "organism": "Homo sapiens", "tissue": "All Tissues"}, {"me": 1.3329866849459135, "pc": 0.03303684879288437, "marker_score": 0.07414057987330502, "symbol": "CLEC4A", "name": "C-type lectin domain family 4 member A", "organism": "Homo sapiens", "tissue": "All Tissues"}, {"me": 2.197806793627598, "pc": 0.7947903430749682, "marker_score": 0.07228803323717184, "symbol": "TYROBP", "name": "transmembrane immune signaling adaptor TYROBP", "organism": "Homo sapiens", "tissue": "All Tissues"}, {"me": 2.2026678308264, "pc": 0.19567979669631513, "marker_score": 0.0657798262464868, "symbol": "CCL4", "name": "C-C motif chemokine ligand 4", "organism": "Homo sapiens", "tissue": "All Tissues"}, {"me": 1.8222267844460227, "pc": 0.1397712833545108, "marker_score": 0.05998737512647136, "symbol": "RP11-1143G9.4", "name": "RP11-1143G9.4", "organism": "Homo sapiens", "tissue": "All Tissues"}, {"me": 1.4320321219308036, "pc": 0.044472681067344345, "marker_score": 0.056389440959666075, "symbol": "CD86", "name": "CD86 molecule", "organism": "Homo sapiens", "tissue": "All Tissues"}, {"me": 1.3812281849620107, "pc": 0.05781448538754765, "marker_score": 0.05274283473545892, "symbol": "SLC31A2", "name": "solute carrier family 31 member 2", "organism": "Homo sapiens", "tissue": "All Tissues"}, {"me": 1.568961238861084, "pc": 0.012706480304955527, "marker_score": 0.0479962265515132, "symbol": "PLA2G7", "name": "phospholipase A2 group VII", "organism": "Homo sapiens", "tissue": "All Tissues"}, {"me": 1.5038648103412828, "pc": 0.06035578144853875, "marker_score": 0.046139133492792625, "symbol": "NFKBID", "name": "NFKB inhibitor delta", "organism": "Homo sapiens", "tissue": "All Tissues"}, {"me": 1.525864839553833, "pc": 0.08132147395171538, "marker_score": 0.04323132069365199, "symbol": "ENTPD1", "name": "ectonucleoside triphosphate diphosphohydrolase 1", "organism": "Homo sapiens", "tissue": "All Tissues"}, {"me": 1.6237854590782752, "pc": 0.03303684879288437, "marker_score": 0.037998935103283976, "symbol": "IDO1", "name": "indoleamine 2,3-dioxygenase 1", "organism": "Homo sapiens", "tissue": "All Tissues"}]