[{"me": 1.9636363636363636, "pc": 0.6875, "marker_score": 1.318632098417282, "symbol": "CCNO", "name": "cyclin O", "organism": "Homo sapiens", "tissue": "respiratory system"}, {"me": 1.35, "pc": 0.5, "marker_score": 0.8920041732606431, "symbol": "EFHC1", "name": "EF-hand domain containing 1", "organism": "Homo sapiens", "tissue": "respiratory system"}, {"me": 1.4736842105263157, "pc": 0.475, "marker_score": 0.8778482602852969, "symbol": "WDR54", "name": "WD repeat domain 54", "organism": "Homo sapiens", "tissue": "respiratory system"}, {"me": 1.5405405405405406, "pc": 0.4625, "marker_score": 0.864633031184736, "symbol": "ZMYND10", "name": "zinc finger MYND-type containing 10", "organism": "Homo sapiens", "tissue": "respiratory system"}, {"me": 1.3243243243243243, "pc": 0.4625, "marker_score": 0.851281847400291, "symbol": "RSPH1", "name": "radial spoke head component 1", "organism": "Homo sapiens", "tissue": "respiratory system"}, {"me": 1.6111111111111112, "pc": 0.45, "marker_score": 0.8393744109899137, "symbol": "C20orf85", "name": "chromosome 20 open reading frame 85", "organism": "Homo sapiens", "tissue": "respiratory system"}, {"me": 1.9807692307692308, "pc": 0.65, "marker_score": 0.8297411559386034, "symbol": "PSENEN", "name": "presenilin enhancer, gamma-secretase subunit", "organism": "Homo sapiens", "tissue": "respiratory system"}, {"me": 1.4375, "pc": 0.4, "marker_score": 0.7598554068516588, "symbol": "RSPH9", "name": "radial spoke head component 9", "organism": "Homo sapiens", "tissue": "respiratory system"}, {"me": 2.142857142857143, "pc": 0.7875, "marker_score": 0.7212760615580212, "symbol": "TUBB4B", "name": "tubulin beta 4B class IVb", "organism": "Homo sapiens", "tissue": "respiratory system"}, {"me": 1.1724137931034482, "pc": 0.3625, "marker_score": 0.7124404371984409, "symbol": "SNAPC1", "name": "small nuclear RNA activating complex polypeptide 1", "organism": "Homo sapiens", "tissue": "respiratory system"}, {"me": 1.7674418604651163, "pc": 0.5375, "marker_score": 0.7107881863699229, "symbol": "TPPP3", "name": "tubulin polymerization promoting protein family member 3", "organism": "Homo sapiens", "tissue": "respiratory system"}, {"me": 1.2142857142857142, "pc": 0.35, "marker_score": 0.6894894451685949, "symbol": "DNALI1", "name": "dynein axonemal light intermediate chain 1", "organism": "Homo sapiens", "tissue": "respiratory system"}, {"me": 1.4444444444444444, "pc": 0.3375, "marker_score": 0.6698049521775757, "symbol": "FAM183A", "name": "cilia and flagella associated protein 144", "organism": "Homo sapiens", "tissue": "respiratory system"}, {"me": 2.303030303030303, "pc": 0.825, "marker_score": 0.6439830664681917, "symbol": "SAA2", "name": "serum amyloid A2", "organism": "Homo sapiens", "tissue": "respiratory system"}, {"me": 1.6041666666666667, "pc": 0.6, "marker_score": 0.6078881320628007, "symbol": "CAPS", "name": "calcyphosine", "organism": "Homo sapiens", "tissue": "respiratory system"}, {"me": 1.2608695652173914, "pc": 0.2875, "marker_score": 0.5982538171288241, "symbol": "HOATZ", "name": "HOATZ cilia and flagella associated protein", "organism": "Homo sapiens", "tissue": "respiratory system"}, {"me": 1.5217391304347827, "pc": 0.2875, "marker_score": 0.5898176089760411, "symbol": "CAPSL", "name": "calcyphosine like", "organism": "Homo sapiens", "tissue": "respiratory system"}, {"me": 1.5454545454545454, "pc": 0.275, "marker_score": 0.5868582637656743, "symbol": "PIFO", "name": "ciliary microtubule associated protein 3", "organism": "Homo sapiens", "tissue": "respiratory system"}, {"me": 2.763888888888889, "pc": 0.9, "marker_score": 0.5790997543026545, "symbol": "SAA1", "name": "serum amyloid A1", "organism": "Homo sapiens", "tissue": "respiratory system"}, {"me": 1.1904761904761905, "pc": 0.2625, "marker_score": 0.5674085347155824, "symbol": "C5orf49", "name": "cilia and flagella associated protein 90", "organism": "Homo sapiens", "tissue": "respiratory system"}, {"me": 1.2105263157894737, "pc": 0.2375, "marker_score": 0.5305087872452315, "symbol": "DYNLT2B", "name": "dynein light chain Tctex-type 2B", "organism": "Homo sapiens", "tissue": "respiratory system"}, {"me": 1.0526315789473684, "pc": 0.2375, "marker_score": 0.5221517628271557, "symbol": "CFAP300", "name": "cilia and flagella associated protein 300", "organism": "Homo sapiens", "tissue": "respiratory system"}, {"me": 1.2, "pc": 0.375, "marker_score": 0.5104588115934154, "symbol": "P4HTM", "name": "prolyl 4-hydroxylase, transmembrane", "organism": "Homo sapiens", "tissue": "respiratory system"}, {"me": 1.6153846153846154, "pc": 0.65, "marker_score": 0.504319839022965, "symbol": "ACADVL", "name": "acyl-CoA dehydrogenase very long chain", "organism": "Homo sapiens", "tissue": "respiratory system"}, {"me": 1.3636363636363635, "pc": 0.4125, "marker_score": 0.4932012857177585, "symbol": "RUVBL2", "name": "RuvB like AAA ATPase 2", "organism": "Homo sapiens", "tissue": "respiratory system"}, {"me": 1.5909090909090908, "pc": 0.275, "marker_score": 0.4508092060217424, "symbol": "ANKRD37", "name": "ankyrin repeat domain 37", "organism": "Homo sapiens", "tissue": "respiratory system"}, {"me": 2.3043478260869565, "pc": 0.575, "marker_score": 0.4507125491675945, "symbol": "CCL20", "name": "C-C motif chemokine ligand 20", "organism": "Homo sapiens", "tissue": "respiratory system"}, {"me": 1.3333333333333333, "pc": 0.2625, "marker_score": 0.40464532772334344, "symbol": "CETN2", "name": "centrin 2", "organism": "Homo sapiens", "tissue": "respiratory system"}, {"me": 2.5974025974025974, "pc": 0.9625, "marker_score": 0.3940095121496675, "symbol": "HSP90AA1", "name": "heat shock protein 90 alpha family class A member 1", "organism": "Homo sapiens", "tissue": "respiratory system"}, {"me": 1.380952380952381, "pc": 0.2625, "marker_score": 0.3191304823348681, "symbol": "MORN2", "name": "MORN repeat containing 2", "organism": "Homo sapiens", "tissue": "respiratory system"}, {"me": 1.263157894736842, "pc": 0.2375, "marker_score": 0.27974385897908577, "symbol": "CDS1", "name": "CDP-diacylglycerol synthase 1", "organism": "Homo sapiens", "tissue": "respiratory system"}, {"me": 1.4615384615384615, "pc": 0.325, "marker_score": 0.271857666612476, "symbol": "IK", "name": "IK cytokine", "organism": "Homo sapiens", "tissue": "respiratory system"}, {"me": 1.4193548387096775, "pc": 0.3875, "marker_score": 0.234164367503287, "symbol": "BTG3", "name": "BTG anti-proliferation factor 3", "organism": "Homo sapiens", "tissue": "respiratory system"}, {"me": 1.2857142857142858, "pc": 0.2625, "marker_score": 0.2202561031815176, "symbol": "NQO1", "name": "NAD(P)H quinone dehydrogenase 1", "organism": "Homo sapiens", "tissue": "respiratory system"}, {"me": 1.5869565217391304, "pc": 0.575, "marker_score": 0.21202330628543292, "symbol": "NUCB2", "name": "nucleobindin 2", "organism": "Homo sapiens", "tissue": "respiratory system"}, {"me": 2.3333333333333335, "pc": 0.9375, "marker_score": 0.2090964317268976, "symbol": "ANXA2", "name": "annexin A2", "organism": "Homo sapiens", "tissue": "respiratory system"}, {"me": 2.7875, "pc": 1.0, "marker_score": 0.17952520408490322, "symbol": "SCGB1A1", "name": "secretoglobin family 1A member 1", "organism": "Homo sapiens", "tissue": "respiratory system"}, {"me": 1.5476190476190477, "pc": 0.525, "marker_score": 0.16113479341766235, "symbol": "NUDC", "name": "nuclear distribution C, dynein complex regulator", "organism": "Homo sapiens", "tissue": "respiratory system"}, {"me": 1.8518518518518519, "pc": 0.3375, "marker_score": 0.1589018811520953, "symbol": "H1-2", "name": "H1.2 linker histone, cluster member", "organism": "Homo sapiens", "tissue": "respiratory system"}, {"me": 1.5735294117647058, "pc": 0.85, "marker_score": 0.14532598393992716, "symbol": "TSPAN1", "name": "tetraspanin 1", "organism": "Homo sapiens", "tissue": "respiratory system"}, {"me": 1.0, "pc": 0.2375, "marker_score": 0.11115328562850847, "symbol": "CFAP298", "name": "cilia and flagella associated protein 298", "organism": "Homo sapiens", "tissue": "respiratory system"}, {"me": 1.12, "pc": 0.3125, "marker_score": 0.10429604934925651, "symbol": "HACD3", "name": "3-hydroxyacyl-CoA dehydratase 3", "organism": "Homo sapiens", "tissue": "respiratory system"}, {"me": 1.8653846153846154, "pc": 0.65, "marker_score": 0.09557400949394768, "symbol": "ALDOA", "name": "aldolase, fructose-bisphosphate A", "organism": "Homo sapiens", "tissue": "respiratory system"}, {"me": 1.3703703703703705, "pc": 0.3375, "marker_score": 0.0953850023371974, "symbol": "SLC44A4", "name": "solute carrier family 44 member 4", "organism": "Homo sapiens", "tissue": "respiratory system"}, {"me": 1.68, "pc": 0.625, "marker_score": 0.09310105540439997, "symbol": "MUC1", "name": "mucin 1, cell surface associated", "organism": "Homo sapiens", "tissue": "respiratory system"}, {"me": 1.5588235294117647, "pc": 0.425, "marker_score": 0.08202431348059039, "symbol": "AGR3", "name": "anterior gradient 3, protein disulphide isomerase family member", "organism": "Homo sapiens", "tissue": "respiratory system"}, {"me": 1.35, "pc": 0.5, "marker_score": 0.02170180744675282, "symbol": "TECR", "name": "trans-2,3-enoyl-CoA reductase", "organism": "Homo sapiens", "tissue": "respiratory system"}, {"me": 2.1346153846153846, "pc": 0.65, "marker_score": 0.012244460312610485, "symbol": "CXCL1", "name": "C-X-C motif chemokine ligand 1", "organism": "Homo sapiens", "tissue": "respiratory system"}, {"me": 1.530612244897959, "pc": 0.6125, "marker_score": 0.0009733928067792892, "symbol": "DYNLT1", "name": "dynein light chain Tctex-type 1", "organism": "Homo sapiens", "tissue": "respiratory system"}, {"me": 1.2857142857142858, "pc": 0.2625, "marker_score": 0.0008043013164748467, "symbol": "MORF4L2", "name": "mortality factor 4 like 2", "organism": "Homo sapiens", "tissue": "respiratory system"}, {"me": 2.7875, "pc": 1.0, "marker_score": 2.4470684026148355, "symbol": "SCGB1A1", "name": "secretoglobin family 1A member 1", "organism": "Homo sapiens", "tissue": "All Tissues"}, {"me": 2.303030303030303, "pc": 0.825, "marker_score": 2.093689106474486, "symbol": "SAA2", "name": "serum amyloid A2", "organism": "Homo sapiens", "tissue": "All Tissues"}, {"me": 2.763888888888889, "pc": 0.9, "marker_score": 1.8239983413290444, "symbol": "SAA1", "name": "serum amyloid A1", "organism": "Homo sapiens", "tissue": "All Tissues"}, {"me": 1.9636363636363636, "pc": 0.6875, "marker_score": 1.7686435583420117, "symbol": "CCNO", "name": "cyclin O", "organism": "Homo sapiens", "tissue": "All Tissues"}, {"me": 2.1578947368421053, "pc": 0.95, "marker_score": 1.6764235456709824, "symbol": "SCGB3A1", "name": "secretoglobin family 3A member 1", "organism": "Homo sapiens", "tissue": "All Tissues"}, {"me": 2.0327868852459017, "pc": 0.7625, "marker_score": 1.547522797660613, "symbol": "BPIFB1", "name": "BPI fold containing family B member 1", "organism": "Homo sapiens", "tissue": "All Tissues"}, {"me": 1.9807692307692308, "pc": 0.65, "marker_score": 1.4917432032199434, "symbol": "PSENEN", "name": "presenilin enhancer, gamma-secretase subunit", "organism": "Homo sapiens", "tissue": "All Tissues"}, {"me": 1.6041666666666667, "pc": 0.6, "marker_score": 1.174449168230394, "symbol": "CAPS", "name": "calcyphosine", "organism": "Homo sapiens", "tissue": "All Tissues"}, {"me": 2.1346153846153846, "pc": 0.65, "marker_score": 1.157366127273671, "symbol": "CXCL1", "name": "C-X-C motif chemokine ligand 1", "organism": "Homo sapiens", "tissue": "All Tissues"}, {"me": 2.3043478260869565, "pc": 0.575, "marker_score": 1.1449898385361204, "symbol": "CCL20", "name": "C-C motif chemokine ligand 20", "organism": "Homo sapiens", "tissue": "All Tissues"}, {"me": 1.4736842105263157, "pc": 0.475, "marker_score": 1.1182008572471027, "symbol": "WDR54", "name": "WD repeat domain 54", "organism": "Homo sapiens", "tissue": "All Tissues"}, {"me": 1.5405405405405406, "pc": 0.4625, "marker_score": 1.1052926846376343, "symbol": "ZMYND10", "name": "zinc finger MYND-type containing 10", "organism": "Homo sapiens", "tissue": "All Tissues"}, {"me": 1.6111111111111112, "pc": 0.45, "marker_score": 1.065167371293172, "symbol": "C20orf85", "name": "chromosome 20 open reading frame 85", "organism": "Homo sapiens", "tissue": "All Tissues"}, {"me": 1.3243243243243243, "pc": 0.4625, "marker_score": 1.0642026921671448, "symbol": "RSPH1", "name": "radial spoke head component 1", "organism": "Homo sapiens", "tissue": "All Tissues"}, {"me": 1.7674418604651163, "pc": 0.5375, "marker_score": 1.0624924237673512, "symbol": "TPPP3", "name": "tubulin polymerization promoting protein family member 3", "organism": "Homo sapiens", "tissue": "All Tissues"}, {"me": 1.35, "pc": 0.5, "marker_score": 1.0514601031691928, "symbol": "EFHC1", "name": "EF-hand domain containing 1", "organism": "Homo sapiens", "tissue": "All Tissues"}, {"me": 2.5074626865671643, "pc": 0.8375, "marker_score": 1.0416427527380265, "symbol": "LCN2", "name": "lipocalin 2", "organism": "Homo sapiens", "tissue": "All Tissues"}, {"me": 1.5735294117647058, "pc": 0.85, "marker_score": 1.0169524580447937, "symbol": "TSPAN1", "name": "tetraspanin 1", "organism": "Homo sapiens", "tissue": "All Tissues"}, {"me": 1.4375, "pc": 0.4, "marker_score": 0.9713515356042973, "symbol": "RSPH9", "name": "radial spoke head component 9", "organism": "Homo sapiens", "tissue": "All Tissues"}, {"me": 1.1724137931034482, "pc": 0.3625, "marker_score": 0.8838360961486599, "symbol": "SNAPC1", "name": "small nuclear RNA activating complex polypeptide 1", "organism": "Homo sapiens", "tissue": "All Tissues"}, {"me": 1.4444444444444444, "pc": 0.3375, "marker_score": 0.8498228291893336, "symbol": "FAM183A", "name": "cilia and flagella associated protein 144", "organism": "Homo sapiens", "tissue": "All Tissues"}, {"me": 1.2142857142857142, "pc": 0.35, "marker_score": 0.8095725579561737, "symbol": "DNALI1", "name": "dynein axonemal light intermediate chain 1", "organism": "Homo sapiens", "tissue": "All Tissues"}, {"me": 1.5217391304347827, "pc": 0.2875, "marker_score": 0.7483379564993432, "symbol": "CAPSL", "name": "calcyphosine like", "organism": "Homo sapiens", "tissue": "All Tissues"}, {"me": 1.5454545454545454, "pc": 0.275, "marker_score": 0.7445832528187485, "symbol": "PIFO", "name": "ciliary microtubule associated protein 3", "organism": "Homo sapiens", "tissue": "All Tissues"}, {"me": 1.2608695652173914, "pc": 0.2875, "marker_score": 0.7362693359414074, "symbol": "HOATZ", "name": "HOATZ cilia and flagella associated protein", "organism": "Homo sapiens", "tissue": "All Tissues"}, {"me": 2.7375, "pc": 1.0, "marker_score": 0.7318217340405129, "symbol": "SLPI", "name": "secretory leukocyte peptidase inhibitor", "organism": "Homo sapiens", "tissue": "All Tissues"}, {"me": 1.1904761904761905, "pc": 0.2625, "marker_score": 0.7199061827036667, "symbol": "C5orf49", "name": "cilia and flagella associated protein 90", "organism": "Homo sapiens", "tissue": "All Tissues"}, {"me": 1.2, "pc": 0.375, "marker_score": 0.7139834095852348, "symbol": "P4HTM", "name": "prolyl 4-hydroxylase, transmembrane", "organism": "Homo sapiens", "tissue": "All Tissues"}, {"me": 1.3636363636363635, "pc": 0.4125, "marker_score": 0.6777373931795235, "symbol": "RUVBL2", "name": "RuvB like AAA ATPase 2", "organism": "Homo sapiens", "tissue": "All Tissues"}, {"me": 1.0526315789473684, "pc": 0.2375, "marker_score": 0.6768425222106864, "symbol": "CFAP300", "name": "cilia and flagella associated protein 300", "organism": "Homo sapiens", "tissue": "All Tissues"}, {"me": 2.142857142857143, "pc": 0.7875, "marker_score": 0.6739211302569782, "symbol": "TUBB4B", "name": "tubulin beta 4B class IVb", "organism": "Homo sapiens", "tissue": "All Tissues"}, {"me": 1.6153846153846154, "pc": 0.65, "marker_score": 0.6552918974103981, "symbol": "ACADVL", "name": "acyl-CoA dehydrogenase very long chain", "organism": "Homo sapiens", "tissue": "All Tissues"}, {"me": 1.2105263157894737, "pc": 0.2375, "marker_score": 0.6200714134727121, "symbol": "DYNLT2B", "name": "dynein light chain Tctex-type 2B", "organism": "Homo sapiens", "tissue": "All Tissues"}, {"me": 1.263157894736842, "pc": 0.2375, "marker_score": 0.5323985320518447, "symbol": "CDS1", "name": "CDP-diacylglycerol synthase 1", "organism": "Homo sapiens", "tissue": "All Tissues"}, {"me": 1.4736842105263157, "pc": 0.475, "marker_score": 0.5012327760598222, "symbol": "SERPINB3", "name": "serpin family B member 3", "organism": "Homo sapiens", "tissue": "All Tissues"}, {"me": 1.380952380952381, "pc": 0.2625, "marker_score": 0.48629574886159066, "symbol": "MORN2", "name": "MORN repeat containing 2", "organism": "Homo sapiens", "tissue": "All Tissues"}, {"me": 1.68, "pc": 0.625, "marker_score": 0.48196016428587385, "symbol": "MUC1", "name": "mucin 1, cell surface associated", "organism": "Homo sapiens", "tissue": "All Tissues"}, {"me": 2.3333333333333335, "pc": 0.9375, "marker_score": 0.41730445762108276, "symbol": "ANXA2", "name": "annexin A2", "organism": "Homo sapiens", "tissue": "All Tissues"}, {"me": 1.5909090909090908, "pc": 0.275, "marker_score": 0.4168311095219148, "symbol": "ANKRD37", "name": "ankyrin repeat domain 37", "organism": "Homo sapiens", "tissue": "All Tissues"}, {"me": 1.530612244897959, "pc": 0.6125, "marker_score": 0.41308708959931817, "symbol": "DYNLT1", "name": "dynein light chain Tctex-type 1", "organism": "Homo sapiens", "tissue": "All Tissues"}, {"me": 1.3703703703703705, "pc": 0.3375, "marker_score": 0.3493478744772397, "symbol": "SLC44A4", "name": "solute carrier family 44 member 4", "organism": "Homo sapiens", "tissue": "All Tissues"}, {"me": 1.3333333333333333, "pc": 0.2625, "marker_score": 0.30221475403220427, "symbol": "CETN2", "name": "centrin 2", "organism": "Homo sapiens", "tissue": "All Tissues"}, {"me": 2.219178082191781, "pc": 0.9125, "marker_score": 0.30116612345247773, "symbol": "CALM2", "name": "calmodulin 2", "organism": "Homo sapiens", "tissue": "All Tissues"}, {"me": 1.4615384615384615, "pc": 0.325, "marker_score": 0.2990406672133429, "symbol": "IK", "name": "IK cytokine", "organism": "Homo sapiens", "tissue": "All Tissues"}, {"me": 1.0, "pc": 0.2375, "marker_score": 0.2952054351199791, "symbol": "CFAP298", "name": "cilia and flagella associated protein 298", "organism": "Homo sapiens", "tissue": "All Tissues"}, {"me": 1.5588235294117647, "pc": 0.425, "marker_score": 0.27043974299157464, "symbol": "AGR3", "name": "anterior gradient 3, protein disulphide isomerase family member", "organism": "Homo sapiens", "tissue": "All Tissues"}, {"me": 1.35, "pc": 0.5, "marker_score": 0.22664162417525976, "symbol": "TECR", "name": "trans-2,3-enoyl-CoA reductase", "organism": "Homo sapiens", "tissue": "All Tissues"}, {"me": 1.2857142857142858, "pc": 0.2625, "marker_score": 0.21726107808227293, "symbol": "NQO1", "name": "NAD(P)H quinone dehydrogenase 1", "organism": "Homo sapiens", "tissue": "All Tissues"}, {"me": 1.6481481481481481, "pc": 0.675, "marker_score": 0.21584048092308386, "symbol": "EIF4A1", "name": "eukaryotic translation initiation factor 4A1", "organism": "Homo sapiens", "tissue": "All Tissues"}, {"me": 1.4193548387096775, "pc": 0.3875, "marker_score": 0.21185400626159, "symbol": "BTG3", "name": "BTG anti-proliferation factor 3", "organism": "Homo sapiens", "tissue": "All Tissues"}, {"me": 1.5476190476190477, "pc": 0.525, "marker_score": 0.18891189372456813, "symbol": "NUDC", "name": "nuclear distribution C, dynein complex regulator", "organism": "Homo sapiens", "tissue": "All Tissues"}, {"me": 2.0483870967741935, "pc": 0.775, "marker_score": 0.17578714011065075, "symbol": "CSTB", "name": "cystatin B", "organism": "Homo sapiens", "tissue": "All Tissues"}, {"me": 2.1818181818181817, "pc": 0.825, "marker_score": 0.16555861411057876, "symbol": "WFDC2", "name": "WAP four-disulfide core domain 2", "organism": "Homo sapiens", "tissue": "All Tissues"}, {"me": 1.8518518518518519, "pc": 0.3375, "marker_score": 0.158247040966344, "symbol": "H1-2", "name": "H1.2 linker histone, cluster member", "organism": "Homo sapiens", "tissue": "All Tissues"}, {"me": 1.671641791044776, "pc": 0.8375, "marker_score": 0.11014342443901869, "symbol": "TMBIM6", "name": "transmembrane BAX inhibitor motif containing 6", "organism": "Homo sapiens", "tissue": "All Tissues"}, {"me": 1.9666666666666666, "pc": 0.375, "marker_score": 0.06572689630451387, "symbol": "CXCL8", "name": "C-X-C motif chemokine ligand 8", "organism": "Homo sapiens", "tissue": "All Tissues"}, {"me": 1.6764705882352942, "pc": 0.425, "marker_score": 0.06067606967418159, "symbol": "CIB1", "name": "calcium and integrin binding 1", "organism": "Homo sapiens", "tissue": "All Tissues"}, {"me": 1.12, "pc": 0.3125, "marker_score": 0.048110430799415856, "symbol": "HACD3", "name": "3-hydroxyacyl-CoA dehydratase 3", "organism": "Homo sapiens", "tissue": "All Tissues"}, {"me": 1.5869565217391304, "pc": 0.575, "marker_score": 0.018166994757900182, "symbol": "NUCB2", "name": "nucleobindin 2", "organism": "Homo sapiens", "tissue": "All Tissues"}]