[{"me": 4.300560780369651, "pc": 0.9811188763228103, "marker_score": 0.8582476921190703, "symbol": "RYR2", "name": "ryanodine receptor 2", "organism": "Homo sapiens", "tissue": "heart"}, {"me": 2.5378527579195387, "pc": 0.8099336794529756, "marker_score": 0.7442454243128056, "symbol": "PDE4DIP", "name": "phosphodiesterase 4D interacting protein", "organism": "Homo sapiens", "tissue": "heart"}, {"me": 3.4515787937981055, "pc": 0.9115543149505854, "marker_score": 0.667693906684724, "symbol": "FGF12", "name": "fibroblast growth factor 12", "organism": "Homo sapiens", "tissue": "heart"}, {"me": 2.871255609017744, "pc": 0.8866789660304375, "marker_score": 0.6586203212104867, "symbol": "MYBPC3", "name": "myosin binding protein C3", "organism": "Homo sapiens", "tissue": "heart"}, {"me": 2.854631312740649, "pc": 0.8478605279581913, "marker_score": 0.6505674320246884, "symbol": "SGCD", "name": "sarcoglycan delta", "organism": "Homo sapiens", "tissue": "heart"}, {"me": 3.5187139945652173, "pc": 0.9464566173091827, "marker_score": 0.5492041169876093, "symbol": "SLC8A1", "name": "solute carrier family 8 member A1", "organism": "Homo sapiens", "tissue": "heart"}, {"me": 2.6299945518126395, "pc": 0.8223747831036918, "marker_score": 0.4807261545452709, "symbol": "NEXN", "name": "nexilin F-actin binding protein", "organism": "Homo sapiens", "tissue": "heart"}, {"me": 1.8872016428817755, "pc": 0.23243740012482253, "marker_score": 0.44939778722965334, "symbol": "MUC20-OT1", "name": "SDHA pseudogene 2", "organism": "Homo sapiens", "tissue": "heart"}, {"me": 2.8238631845788023, "pc": 0.226415741356725, "marker_score": 0.44810725765461856, "symbol": "MYL7", "name": "myosin light chain 7", "organism": "Homo sapiens", "tissue": "heart"}, {"me": 2.4475806345552003, "pc": 0.6722311000157742, "marker_score": 0.425389839703044, "symbol": "TRDN-AS1", "name": "TRDN antisense RNA 1", "organism": "Homo sapiens", "tissue": "heart"}, {"me": 2.671260383409717, "pc": 0.7991180121667684, "marker_score": 0.42521059582444964, "symbol": "MYOM1", "name": "myomesin 1", "organism": "Homo sapiens", "tissue": "heart"}, {"me": 2.4242639533210437, "pc": 0.6761746692545625, "marker_score": 0.40840314109208775, "symbol": "CDH13", "name": "cadherin 13", "organism": "Homo sapiens", "tissue": "heart"}, {"me": 2.2697868940957613, "pc": 0.5216759140507657, "marker_score": 0.402164505969707, "symbol": "SLC8A1-AS1", "name": "SLC8A1 antisense RNA 1", "organism": "Homo sapiens", "tissue": "heart"}, {"me": 1.8768960146206473, "pc": 0.13737337713552847, "marker_score": 0.3802887104488134, "symbol": "LINC01505", "name": "uncharacterized LOC107987108", "organism": "Homo sapiens", "tissue": "heart"}, {"me": 2.3354071146698288, "pc": 0.504660270083055, "marker_score": 0.37429874750010395, "symbol": "ACTC1", "name": "actin alpha cardiac muscle 1", "organism": "Homo sapiens", "tissue": "heart"}, {"me": 2.8350345531036316, "pc": 0.6649817909976887, "marker_score": 0.372084719303283, "symbol": "TTN-AS1", "name": "uncharacterized LOC101927055", "organism": "Homo sapiens", "tissue": "heart"}, {"me": 2.160006438484401, "pc": 0.20422201951895314, "marker_score": 0.3640319318271109, "symbol": "LINGO1", "name": "leucine rich repeat and Ig domain containing 1", "organism": "Homo sapiens", "tissue": "heart"}, {"me": 2.7507272250570307, "pc": 0.8538273196760101, "marker_score": 0.35975694201515673, "symbol": "MLIP", "name": "muscular LMNA interacting protein", "organism": "Homo sapiens", "tissue": "heart"}, {"me": 3.226223210206848, "pc": 0.9157859362033373, "marker_score": 0.3533879112069986, "symbol": "SORBS2", "name": "sorbin and SH3 domain containing 2", "organism": "Homo sapiens", "tissue": "heart"}, {"me": 2.900461238614012, "pc": 0.8786820934523034, "marker_score": 0.35094954352682933, "symbol": "PALLD", "name": "palladin, cytoskeletal associated protein", "organism": "Homo sapiens", "tissue": "heart"}, {"me": 3.015524917438571, "pc": 0.9018291302886693, "marker_score": 0.35014560509798004, "symbol": "CTNNA3", "name": "catenin alpha 3", "organism": "Homo sapiens", "tissue": "heart"}, {"me": 1.8956529922831011, "pc": 0.1619743908042824, "marker_score": 0.34853631917348393, "symbol": "LRP4", "name": "LDL receptor related protein 4", "organism": "Homo sapiens", "tissue": "heart"}, {"me": 1.8403829859687968, "pc": 0.19243246209029743, "marker_score": 0.34263557701480135, "symbol": "LINC02256", "name": "LINC02256", "organism": "Homo sapiens", "tissue": "heart"}, {"me": 2.14567486789056, "pc": 0.4852373342843622, "marker_score": 0.3423818513933303, "symbol": "LRRTM3", "name": "leucine rich repeat transmembrane neuronal 3", "organism": "Homo sapiens", "tissue": "heart"}, {"me": 1.9551780133683754, "pc": 0.31265988601370304, "marker_score": 0.34149938838325167, "symbol": "CH17-189H20.1", "name": "CH17-189H20.1", "organism": "Homo sapiens", "tissue": "heart"}, {"me": 2.124093379622506, "pc": 0.15391579279458462, "marker_score": 0.3257152447017696, "symbol": "ANKRD2", "name": "ankyrin repeat domain 2", "organism": "Homo sapiens", "tissue": "heart"}, {"me": 1.9973247219549901, "pc": 0.21208172447139026, "marker_score": 0.28695125048132253, "symbol": "IPO9-AS1", "name": "IPO9 antisense RNA 1", "organism": "Homo sapiens", "tissue": "heart"}, {"me": 2.0767574306963734, "pc": 0.47012832031383955, "marker_score": 0.27625038577345357, "symbol": "CKMT2", "name": "creatine kinase, mitochondrial 2", "organism": "Homo sapiens", "tissue": "heart"}, {"me": 3.2242297779918325, "pc": 0.7891047754908886, "marker_score": 0.2592334722124853, "symbol": "FHL2", "name": "four and a half LIM domains 2", "organism": "Homo sapiens", "tissue": "heart"}, {"me": 1.8347816255869909, "pc": 0.1843875808431694, "marker_score": 0.2587731698796616, "symbol": "ST7", "name": "ST7 overlapping transcript 3", "organism": "Homo sapiens", "tissue": "heart"}, {"me": 2.305888278177237, "pc": 0.6695974816023922, "marker_score": 0.25870875505848945, "symbol": "TRDN", "name": "triadin", "organism": "Homo sapiens", "tissue": "heart"}, {"me": 2.457072339512182, "pc": 0.7608893948850193, "marker_score": 0.25420475339435045, "symbol": "RBM20", "name": "RNA binding motif protein 20", "organism": "Homo sapiens", "tissue": "heart"}, {"me": 2.036162735027855, "pc": 0.3274671312076924, "marker_score": 0.2525358220594159, "symbol": "TCAP", "name": "titin-cap", "organism": "Homo sapiens", "tissue": "heart"}, {"me": 2.9261407528259045, "pc": 0.8894840439759408, "marker_score": 0.2382811558692802, "symbol": "PDLIM5", "name": "PDZ and LIM domain 5", "organism": "Homo sapiens", "tissue": "heart"}, {"me": 1.711125734532601, "pc": 0.05949645764606638, "marker_score": 0.237962467544392, "symbol": "RP11-701H24.9", "name": "RP11-701H24.9", "organism": "Homo sapiens", "tissue": "heart"}, {"me": 3.562502853050398, "pc": 0.11649646450444766, "marker_score": 0.23721934686181054, "symbol": "NPPA", "name": "natriuretic peptide A", "organism": "Homo sapiens", "tissue": "heart"}, {"me": 2.39000179445263, "pc": 0.43539061910607857, "marker_score": 0.2240178696981682, "symbol": "MYL2", "name": "myosin light chain 2", "organism": "Homo sapiens", "tissue": "heart"}, {"me": 2.050549950705859, "pc": 0.12934907103225496, "marker_score": 0.21640389784477043, "symbol": "GRXCR2", "name": "glutaredoxin and cysteine rich domain containing 2", "organism": "Homo sapiens", "tissue": "heart"}, {"me": 2.7036939231728856, "pc": 0.8232732310520071, "marker_score": 0.21587526858229727, "symbol": "CACNB2", "name": "calcium voltage-gated channel auxiliary subunit beta 2", "organism": "Homo sapiens", "tissue": "heart"}, {"me": 2.287777812353821, "pc": 0.483838224502253, "marker_score": 0.21194102872586074, "symbol": "TNNI3", "name": "troponin I3, cardiac type", "organism": "Homo sapiens", "tissue": "heart"}, {"me": 2.280536828130056, "pc": 0.25433621156734587, "marker_score": 0.20728305885773696, "symbol": "PRELID2", "name": "PRELI domain containing 2", "organism": "Homo sapiens", "tissue": "heart"}, {"me": 2.0740715553705407, "pc": 0.223960440856749, "marker_score": 0.19773090305819985, "symbol": "KCNMB2-AS1", "name": "KCNMB2-AS1", "organism": "Homo sapiens", "tissue": "heart"}, {"me": 2.40644532817013, "pc": 0.21370716083589952, "marker_score": 0.19340230687866872, "symbol": "ACTA1", "name": "actin alpha 1, skeletal muscle", "organism": "Homo sapiens", "tissue": "heart"}, {"me": 2.1316838031320904, "pc": 0.06045663102594526, "marker_score": 0.19290099669107003, "symbol": "ZNF385B", "name": "zinc finger protein 385B", "organism": "Homo sapiens", "tissue": "heart"}, {"me": 2.9240581260269813, "pc": 0.575994293826771, "marker_score": 0.190753993545859, "symbol": "ANKRD1", "name": "ankyrin repeat domain 1", "organism": "Homo sapiens", "tissue": "heart"}, {"me": 2.071952749493346, "pc": 0.3824096236806189, "marker_score": 0.18788827243349424, "symbol": "DPY19L2", "name": "dpy-19 like 2", "organism": "Homo sapiens", "tissue": "heart"}, {"me": 2.6257990415669616, "pc": 0.8483680481732702, "marker_score": 0.18629190208419172, "symbol": "LDB3", "name": "LIM domain binding 3", "organism": "Homo sapiens", "tissue": "heart"}, {"me": 1.864541749297453, "pc": 0.06025087958739978, "marker_score": 0.18224907816557692, "symbol": "COX6A2", "name": "cytochrome c oxidase subunit 6A2", "organism": "Homo sapiens", "tissue": "heart"}, {"me": 2.0100237470473687, "pc": 0.030067143552778675, "marker_score": 0.17208362880783068, "symbol": "SYNPR", "name": "synaptoporin", "organism": "Homo sapiens", "tissue": "heart"}, {"me": 1.8905865423576136, "pc": 0.12800482830042453, "marker_score": 0.16927748161931472, "symbol": "HSPB3", "name": "heat shock protein family B (small) member 3", "organism": "Homo sapiens", "tissue": "heart"}, {"me": 1.830836668845754, "pc": 0.04823499557634407, "marker_score": 0.16377838033528483, "symbol": "SPDYE2", "name": "speedy/RINGO cell cycle regulator family member E2", "organism": "Homo sapiens", "tissue": "heart"}, {"me": 1.736730321047664, "pc": 0.0282428141310088, "marker_score": 0.16068992310043345, "symbol": "MMP23B", "name": "matrix metallopeptidase 23B", "organism": "Homo sapiens", "tissue": "heart"}, {"me": 1.7179681705415115, "pc": 0.02452557147462056, "marker_score": 0.15749827873196057, "symbol": "RP11-57A19.7", "name": "RP11-57A19.7", "organism": "Homo sapiens", "tissue": "heart"}, {"me": 1.6993574654309487, "pc": 0.04566996097581049, "marker_score": 0.15578048131159333, "symbol": "TPTEP2-CSNK1E", "name": "TPTEP2-CSNK1E readthrough", "organism": "Homo sapiens", "tissue": "heart"}, {"me": 3.3386820186328903, "pc": 0.9011501505414692, "marker_score": 0.15454718494225891, "symbol": "DMD", "name": "dystrophin", "organism": "Homo sapiens", "tissue": "heart"}, {"me": 2.4398194333102006, "pc": 0.2149485278484572, "marker_score": 0.15130408196846404, "symbol": "RP11-121C2.3", "name": "uncharacterized LOC101927179", "organism": "Homo sapiens", "tissue": "heart"}, {"me": 2.026556389677842, "pc": 0.04305005932499811, "marker_score": 0.14946730090036206, "symbol": "KCNJ3", "name": "potassium inwardly rectifying channel subfamily J member 3", "organism": "Homo sapiens", "tissue": "heart"}, {"me": 2.0515858734350334, "pc": 0.07819926340985, "marker_score": 0.14535099848738178, "symbol": "LINC01170", "name": "LINC01170", "organism": "Homo sapiens", "tissue": "heart"}, {"me": 1.860228847828079, "pc": 0.0350806202720034, "marker_score": 0.13977051904829238, "symbol": "SLC26A3", "name": "solute carrier family 26 member 3", "organism": "Homo sapiens", "tissue": "heart"}, {"me": 2.0359995398430475, "pc": 0.14491073816757769, "marker_score": 0.1343534522331677, "symbol": "SH3RF2", "name": "SH3 domain containing ring finger 2", "organism": "Homo sapiens", "tissue": "heart"}, {"me": 1.703931848878114, "pc": 0.031726871823712165, "marker_score": 0.1222283861614339, "symbol": "AC116366.7", "name": "AC116366.7", "organism": "Homo sapiens", "tissue": "heart"}, {"me": 1.687921947664177, "pc": 0.03041692099830598, "marker_score": 0.12159945235422531, "symbol": "RP11-437B10.1", "name": "RP11-437B10.1", "organism": "Homo sapiens", "tissue": "heart"}, {"me": 2.436808859406026, "pc": 0.018524487850377552, "marker_score": 0.11771054994754358, "symbol": "HAMP", "name": "hepcidin antimicrobial peptide", "organism": "Homo sapiens", "tissue": "heart"}, {"me": 1.8083315318829012, "pc": 0.013291542930037653, "marker_score": 0.11528475269466551, "symbol": "AF121898.3", "name": "AF121898.3", "organism": "Homo sapiens", "tissue": "heart"}, {"me": 2.118169659543982, "pc": 0.16513610457659783, "marker_score": 0.11464821556365401, "symbol": "LINC02248", "name": "long intergenic non-protein coding RNA 2248", "organism": "Homo sapiens", "tissue": "heart"}, {"me": 1.990088824436146, "pc": 0.3349496251894628, "marker_score": 0.1085817314364648, "symbol": "MYH7B", "name": "myosin heavy chain 7B", "organism": "Homo sapiens", "tissue": "heart"}, {"me": 1.835790734970335, "pc": 0.11574204256311425, "marker_score": 0.10771288555200145, "symbol": "RP11-499P20.2", "name": "RP11-499P20.2", "organism": "Homo sapiens", "tissue": "heart"}, {"me": 2.264150756189571, "pc": 0.5582516614428663, "marker_score": 0.10418946827793094, "symbol": "PLCXD3", "name": "phosphatidylinositol specific phospholipase C X domain containing 3", "organism": "Homo sapiens", "tissue": "heart"}, {"me": 2.2980286661123728, "pc": 0.6341259335971524, "marker_score": 0.10320791189935946, "symbol": "THSD4", "name": "thrombospondin type 1 domain containing 4", "organism": "Homo sapiens", "tissue": "heart"}, {"me": 1.9876678720583785, "pc": 0.35132743969768254, "marker_score": 0.09919701854590528, "symbol": "SLC25A4", "name": "solute carrier family 25 member 4", "organism": "Homo sapiens", "tissue": "heart"}, {"me": 1.8905190729609147, "pc": 0.18244665893955708, "marker_score": 0.09627306647256588, "symbol": "FSD2", "name": "fibronectin type III and SPRY domain containing 2", "organism": "Homo sapiens", "tissue": "heart"}, {"me": 1.829911190162491, "pc": 0.13290171253780683, "marker_score": 0.09510625204577856, "symbol": "EXOG", "name": "exo/endonuclease G", "organism": "Homo sapiens", "tissue": "heart"}, {"me": 1.7059664734298423, "pc": 0.008134040203831091, "marker_score": 0.08969190228934246, "symbol": "CPLX3", "name": "complexin 3", "organism": "Homo sapiens", "tissue": "heart"}, {"me": 1.7634905378735906, "pc": 0.011480930270837478, "marker_score": 0.0881338319941825, "symbol": "GMEB1", "name": "glucocorticoid modulatory element binding protein 1", "organism": "Homo sapiens", "tissue": "heart"}, {"me": 1.701448990001364, "pc": 0.014141982209358948, "marker_score": 0.08731123942217534, "symbol": "RP11-745L13.2", "name": "RP11-745L13.2", "organism": "Homo sapiens", "tissue": "heart"}, {"me": 1.70959233647288, "pc": 0.023819158202281098, "marker_score": 0.08685400154518935, "symbol": "TIMM23B", "name": "translocase of inner mitochondrial membrane 23 homolog B", "organism": "Homo sapiens", "tissue": "heart"}, {"me": 1.8571474940003097, "pc": 0.049832998415713925, "marker_score": 0.08318179676206441, "symbol": "FAR2", "name": "fatty acyl-CoA reductase 2", "organism": "Homo sapiens", "tissue": "heart"}, {"me": 1.8690913159524445, "pc": 0.05779557908742378, "marker_score": 0.0824316572152132, "symbol": "LINC02137", "name": "LINC02137", "organism": "Homo sapiens", "tissue": "heart"}, {"me": 1.7465663454119433, "pc": 0.01274287242724972, "marker_score": 0.08033396851678978, "symbol": "S100A1", "name": "S100 calcium binding protein A1", "organism": "Homo sapiens", "tissue": "heart"}, {"me": 2.0067280750169325, "pc": 0.06581988519069729, "marker_score": 0.07927457730167459, "symbol": "GADD45G", "name": "growth arrest and DNA damage inducible gamma", "organism": "Homo sapiens", "tissue": "heart"}, {"me": 2.151171545793536, "pc": 0.030135727365627165, "marker_score": 0.07764989023073372, "symbol": "PKN2-AS1", "name": "PKN2 antisense RNA 1", "organism": "Homo sapiens", "tissue": "heart"}, {"me": 2.2557143599633194, "pc": 0.6422599738009835, "marker_score": 0.07695305218434453, "symbol": "FILIP1", "name": "filamin A interacting protein 1", "organism": "Homo sapiens", "tissue": "heart"}, {"me": 2.472090679896654, "pc": 0.7406160198070052, "marker_score": 0.07569947375157454, "symbol": "PPP1R12B", "name": "protein phosphatase 1 regulatory subunit 12B", "organism": "Homo sapiens", "tissue": "heart"}, {"me": 1.6508209521953876, "pc": 0.005706173228994493, "marker_score": 0.07531605121898412, "symbol": "RP5-1139B12.4", "name": "RP5-1139B12.4", "organism": "Homo sapiens", "tissue": "heart"}, {"me": 1.7023962603674994, "pc": 0.01580171048029244, "marker_score": 0.07476358572068148, "symbol": "RP11-577H5.5", "name": "RP11-577H5.5", "organism": "Homo sapiens", "tissue": "heart"}, {"me": 1.7017142922812205, "pc": 0.005445554740170225, "marker_score": 0.07351005256042124, "symbol": "CTB-73N10.1", "name": "CTB-73N10.1", "organism": "Homo sapiens", "tissue": "heart"}, {"me": 2.00154614804396, "pc": 0.29408738949433155, "marker_score": 0.0733400601557368, "symbol": "RP11-36B6.2", "name": "RP11-36B6.2", "organism": "Homo sapiens", "tissue": "heart"}, {"me": 1.7149033824424573, "pc": 0.0061176761060854415, "marker_score": 0.07195364195460122, "symbol": "LMAN1L", "name": "lectin, mannose binding 1 like", "organism": "Homo sapiens", "tissue": "heart"}, {"me": 1.7833593650692103, "pc": 0.06407099796306076, "marker_score": 0.07067770268070014, "symbol": "C14orf180", "name": "chromosome 14 open reading frame 180", "organism": "Homo sapiens", "tissue": "heart"}, {"me": 1.766719127581283, "pc": 0.011707256853237499, "marker_score": 0.07063566198720268, "symbol": "PGAM2", "name": "phosphoglycerate mutase 2", "organism": "Homo sapiens", "tissue": "heart"}, {"me": 1.8523131925152396, "pc": 0.008326074879806867, "marker_score": 0.0705354577639806, "symbol": "H2BC21", "name": "H2B clustered histone 21", "organism": "Homo sapiens", "tissue": "heart"}, {"me": 1.6502941449483235, "pc": 0.0059256414301096655, "marker_score": 0.06992765242288615, "symbol": "AC004076.9", "name": "AC004076.9", "organism": "Homo sapiens", "tissue": "heart"}, {"me": 1.6439944011409109, "pc": 0.005623872653576303, "marker_score": 0.06564974565432738, "symbol": "bP-21264C1.2", "name": "bP-21264C1.2", "organism": "Homo sapiens", "tissue": "heart"}, {"me": 1.7005980437854624, "pc": 0.004986043194085332, "marker_score": 0.06494625262230708, "symbol": "LINC01629", "name": "long intergenic non-protein coding RNA 1629", "organism": "Homo sapiens", "tissue": "heart"}, {"me": 1.8078107034486173, "pc": 0.007036699198255228, "marker_score": 0.06416011313413718, "symbol": "RP11-415I12.3", "name": "RP11-415I12.3", "organism": "Homo sapiens", "tissue": "heart"}, {"me": 1.6654328971685366, "pc": 0.007372759881212836, "marker_score": 0.06387016040232357, "symbol": "HPR", "name": "haptoglobin-related protein", "organism": "Homo sapiens", "tissue": "heart"}, {"me": 1.645969015092992, "pc": 0.0045951154608489305, "marker_score": 0.06382549952545705, "symbol": "RP11-642D21.2", "name": "RP11-642D21.2", "organism": "Homo sapiens", "tissue": "heart"}, {"me": 2.1520935856147534, "pc": 0.3380084632425055, "marker_score": 0.06237172487776565, "symbol": "PLN", "name": "phospholamban", "organism": "Homo sapiens", "tissue": "heart"}, {"me": 1.8361532173904718, "pc": 0.022385756513747624, "marker_score": 0.06179960391379359, "symbol": "HTR4", "name": "5-hydroxytryptamine receptor 4", "organism": "Homo sapiens", "tissue": "heart"}, {"me": 1.731864720310972, "pc": 0.005260378445479298, "marker_score": 0.06109793041905981, "symbol": "LINC01322", "name": "long intergenic non-protein coding RNA 1322", "organism": "Homo sapiens", "tissue": "heart"}, {"me": 4.300560780369651, "pc": 0.9811188763228103, "marker_score": 5.294778949936953, "symbol": "RYR2", "name": "ryanodine receptor 2", "organism": "Homo sapiens", "tissue": "All Tissues"}, {"me": 4.001046931235163, "pc": 0.9851996131872955, "marker_score": 5.13901207910761, "symbol": "TTN", "name": "titin", "organism": "Homo sapiens", "tissue": "All Tissues"}, {"me": 3.5187139945652173, "pc": 0.9464566173091827, "marker_score": 2.715368804020356, "symbol": "SLC8A1", "name": "solute carrier family 8 member A1", "organism": "Homo sapiens", "tissue": "All Tissues"}, {"me": 3.4515787937981055, "pc": 0.9115543149505854, "marker_score": 2.6295729084119555, "symbol": "FGF12", "name": "fibroblast growth factor 12", "organism": "Homo sapiens", "tissue": "All Tissues"}, {"me": 2.871255609017744, "pc": 0.8866789660304375, "marker_score": 2.4344121297695125, "symbol": "MYBPC3", "name": "myosin binding protein C3", "organism": "Homo sapiens", "tissue": "All Tissues"}, {"me": 3.015524917438571, "pc": 0.9018291302886693, "marker_score": 2.4081730028435384, "symbol": "CTNNA3", "name": "catenin alpha 3", "organism": "Homo sapiens", "tissue": "All Tissues"}, {"me": 3.125941278533223, "pc": 0.9103815317508761, "marker_score": 2.3581676207983278, "symbol": "CACNA1C", "name": "CACNA1C intronic transcript 2", "organism": "Homo sapiens", "tissue": "All Tissues"}, {"me": 2.6257990415669616, "pc": 0.8483680481732702, "marker_score": 2.162233266876011, "symbol": "LDB3", "name": "LIM domain binding 3", "organism": "Homo sapiens", "tissue": "All Tissues"}, {"me": 2.7507272250570307, "pc": 0.8538273196760101, "marker_score": 2.1493035175532147, "symbol": "MLIP", "name": "muscular LMNA interacting protein", "organism": "Homo sapiens", "tissue": "All Tissues"}, {"me": 2.6181360173135326, "pc": 0.8513788775573189, "marker_score": 2.1356842865741608, "symbol": "TNNT2", "name": "troponin T2, cardiac type", "organism": "Homo sapiens", "tissue": "All Tissues"}, {"me": 2.854631312740649, "pc": 0.8478605279581913, "marker_score": 1.9855900172285619, "symbol": "SGCD", "name": "sarcoglycan delta", "organism": "Homo sapiens", "tissue": "All Tissues"}, {"me": 3.226223210206848, "pc": 0.9157859362033373, "marker_score": 1.903010407888253, "symbol": "SORBS2", "name": "sorbin and SH3 domain containing 2", "organism": "Homo sapiens", "tissue": "All Tissues"}, {"me": 2.900461238614012, "pc": 0.8786820934523034, "marker_score": 1.8725749582929803, "symbol": "PALLD", "name": "palladin, cytoskeletal associated protein", "organism": "Homo sapiens", "tissue": "All Tissues"}, {"me": 2.6299945518126395, "pc": 0.8223747831036918, "marker_score": 1.8036997602924034, "symbol": "NEXN", "name": "nexilin F-actin binding protein", "organism": "Homo sapiens", "tissue": "All Tissues"}, {"me": 2.671260383409717, "pc": 0.7991180121667684, "marker_score": 1.769817846615933, "symbol": "MYOM1", "name": "myomesin 1", "organism": "Homo sapiens", "tissue": "All Tissues"}, {"me": 3.066765859939465, "pc": 0.8780442639928124, "marker_score": 1.7463293701516451, "symbol": "LAMA2", "name": "laminin subunit alpha 2", "organism": "Homo sapiens", "tissue": "All Tissues"}, {"me": 2.6423212914896923, "pc": 0.8057500668692176, "marker_score": 1.689611432020454, "symbol": "PDE3A", "name": "phosphodiesterase 3A", "organism": "Homo sapiens", "tissue": "All Tissues"}, {"me": 2.457072339512182, "pc": 0.7608893948850193, "marker_score": 1.6825395218477646, "symbol": "RBM20", "name": "RNA binding motif protein 20", "organism": "Homo sapiens", "tissue": "All Tissues"}, {"me": 2.9261407528259045, "pc": 0.8894840439759408, "marker_score": 1.595607468714139, "symbol": "PDLIM5", "name": "PDZ and LIM domain 5", "organism": "Homo sapiens", "tissue": "All Tissues"}, {"me": 3.2242297779918325, "pc": 0.7891047754908886, "marker_score": 1.570562053675961, "symbol": "FHL2", "name": "four and a half LIM domains 2", "organism": "Homo sapiens", "tissue": "All Tissues"}, {"me": 2.5378527579195387, "pc": 0.8099336794529756, "marker_score": 1.5028466368644424, "symbol": "PDE4DIP", "name": "phosphodiesterase 4D interacting protein", "organism": "Homo sapiens", "tissue": "All Tissues"}, {"me": 2.4475806345552003, "pc": 0.6722311000157742, "marker_score": 1.3632743658040765, "symbol": "TRDN-AS1", "name": "TRDN antisense RNA 1", "organism": "Homo sapiens", "tissue": "All Tissues"}, {"me": 2.305888278177237, "pc": 0.6695974816023922, "marker_score": 1.3587844232507835, "symbol": "TRDN", "name": "triadin", "organism": "Homo sapiens", "tissue": "All Tissues"}, {"me": 2.3624569106872095, "pc": 0.6875252902809879, "marker_score": 1.311010270112205, "symbol": "CMYA5", "name": "cardiomyopathy associated 5", "organism": "Homo sapiens", "tissue": "All Tissues"}, {"me": 2.3090520282939324, "pc": 0.6405659536236258, "marker_score": 1.2797100486513593, "symbol": "TECRL", "name": "trans-2,3-enoyl-CoA reductase like", "organism": "Homo sapiens", "tissue": "All Tissues"}, {"me": 2.5701995933081534, "pc": 0.7998724341081018, "marker_score": 1.2738617221989608, "symbol": "SORBS1", "name": "sorbin and SH3 domain containing 1", "organism": "Homo sapiens", "tissue": "All Tissues"}, {"me": 2.6434701328598904, "pc": 0.8219701386078858, "marker_score": 1.257224400005052, "symbol": "ABLIM1", "name": "actin binding LIM protein 1", "organism": "Homo sapiens", "tissue": "All Tissues"}, {"me": 2.8350345531036316, "pc": 0.6649817909976887, "marker_score": 1.2550923487245829, "symbol": "TTN-AS1", "name": "uncharacterized LOC101927055", "organism": "Homo sapiens", "tissue": "All Tissues"}, {"me": 2.2557143599633194, "pc": 0.6422599738009835, "marker_score": 1.2193122362682742, "symbol": "FILIP1", "name": "filamin A interacting protein 1", "organism": "Homo sapiens", "tissue": "All Tissues"}, {"me": 2.4242639533210437, "pc": 0.6761746692545625, "marker_score": 1.2161126102402398, "symbol": "CDH13", "name": "cadherin 13", "organism": "Homo sapiens", "tissue": "All Tissues"}, {"me": 3.3386820186328903, "pc": 0.9011501505414692, "marker_score": 1.212464376196057, "symbol": "DMD", "name": "dystrophin", "organism": "Homo sapiens", "tissue": "All Tissues"}, {"me": 2.472090679896654, "pc": 0.7406160198070052, "marker_score": 1.2000354736443999, "symbol": "PPP1R12B", "name": "protein phosphatase 1 regulatory subunit 12B", "organism": "Homo sapiens", "tissue": "All Tissues"}, {"me": 2.2729686821479733, "pc": 0.608050367952156, "marker_score": 1.1943113066948672, "symbol": "ACTN2", "name": "actinin alpha 2", "organism": "Homo sapiens", "tissue": "All Tissues"}, {"me": 2.7036939231728856, "pc": 0.8232732310520071, "marker_score": 1.16558777287218, "symbol": "CACNB2", "name": "calcium voltage-gated channel auxiliary subunit beta 2", "organism": "Homo sapiens", "tissue": "All Tissues"}, {"me": 2.9240581260269813, "pc": 0.575994293826771, "marker_score": 1.0696464204841667, "symbol": "ANKRD1", "name": "ankyrin repeat domain 1", "organism": "Homo sapiens", "tissue": "All Tissues"}, {"me": 2.2801072928353276, "pc": 0.5501793466705988, "marker_score": 1.061824642186771, "symbol": "PXDNL", "name": "peroxidasin like", "organism": "Homo sapiens", "tissue": "All Tissues"}, {"me": 2.264150756189571, "pc": 0.5582516614428663, "marker_score": 1.034383528293477, "symbol": "PLCXD3", "name": "phosphatidylinositol specific phospholipase C X domain containing 3", "organism": "Homo sapiens", "tissue": "All Tissues"}, {"me": 2.230918732308475, "pc": 0.5257703676778207, "marker_score": 1.018200963415064, "symbol": "MYH7", "name": "myosin heavy chain 7", "organism": "Homo sapiens", "tissue": "All Tissues"}, {"me": 2.2980286661123728, "pc": 0.6341259335971524, "marker_score": 1.0078568900933136, "symbol": "THSD4", "name": "thrombospondin type 1 domain containing 4", "organism": "Homo sapiens", "tissue": "All Tissues"}, {"me": 2.2697868940957613, "pc": 0.5216759140507657, "marker_score": 0.9975768937944189, "symbol": "SLC8A1-AS1", "name": "SLC8A1 antisense RNA 1", "organism": "Homo sapiens", "tissue": "All Tissues"}, {"me": 2.1420955634845833, "pc": 0.5093719780257464, "marker_score": 0.990388012342222, "symbol": "MYOM2", "name": "myomesin 2", "organism": "Homo sapiens", "tissue": "All Tissues"}, {"me": 2.414809506799065, "pc": 0.6938761513507582, "marker_score": 0.9791150060576053, "symbol": "CD36", "name": "CD36 molecule", "organism": "Homo sapiens", "tissue": "All Tissues"}, {"me": 2.3354071146698288, "pc": 0.504660270083055, "marker_score": 0.9586793633677304, "symbol": "ACTC1", "name": "actin alpha cardiac muscle 1", "organism": "Homo sapiens", "tissue": "All Tissues"}, {"me": 2.287777812353821, "pc": 0.483838224502253, "marker_score": 0.9256034513469522, "symbol": "TNNI3", "name": "troponin I3, cardiac type", "organism": "Homo sapiens", "tissue": "All Tissues"}, {"me": 2.14567486789056, "pc": 0.4852373342843622, "marker_score": 0.9197487599046537, "symbol": "LRRTM3", "name": "leucine rich repeat transmembrane neuronal 3", "organism": "Homo sapiens", "tissue": "All Tissues"}, {"me": 2.0767574306963734, "pc": 0.47012832031383955, "marker_score": 0.9163939594798737, "symbol": "CKMT2", "name": "creatine kinase, mitochondrial 2", "organism": "Homo sapiens", "tissue": "All Tissues"}, {"me": 2.280653292228728, "pc": 0.6014663219187008, "marker_score": 0.8958186902796013, "symbol": "CDH2", "name": "cadherin 2", "organism": "Homo sapiens", "tissue": "All Tissues"}, {"me": 2.1054214960239976, "pc": 0.4539836907693046, "marker_score": 0.8900833902010306, "symbol": "MYOZ2", "name": "myozenin 2", "organism": "Homo sapiens", "tissue": "All Tissues"}, {"me": 2.2483354099970896, "pc": 0.589134952368542, "marker_score": 0.8801538404133109, "symbol": "FHOD3", "name": "formin homology 2 domain containing 3", "organism": "Homo sapiens", "tissue": "All Tissues"}, {"me": 2.1431733714265304, "pc": 0.44406647143141276, "marker_score": 0.8633373818604065, "symbol": "MYO18B", "name": "myosin XVIIIB", "organism": "Homo sapiens", "tissue": "All Tissues"}, {"me": 2.0883054787302786, "pc": 0.4842565857606288, "marker_score": 0.858764526694588, "symbol": "PKP2", "name": "plakophilin 2", "organism": "Homo sapiens", "tissue": "All Tissues"}, {"me": 2.208961251593021, "pc": 0.4580232773460808, "marker_score": 0.8510020481325786, "symbol": "CDIN1", "name": "CDAN1 interacting nuclease 1", "organism": "Homo sapiens", "tissue": "All Tissues"}, {"me": 2.2258940505720988, "pc": 0.6227821709520119, "marker_score": 0.8440696125558644, "symbol": "AKAP6", "name": "A-kinase anchoring protein 6", "organism": "Homo sapiens", "tissue": "All Tissues"}, {"me": 2.3348323826499304, "pc": 0.6426989102032138, "marker_score": 0.832012294623824, "symbol": "LARGE1", "name": "LARGE xylosyl- and glucuronyltransferase 1", "organism": "Homo sapiens", "tissue": "All Tissues"}, {"me": 2.12745910819326, "pc": 0.42148868024168934, "marker_score": 0.8319075625130995, "symbol": "CHRM2", "name": "cholinergic receptor muscarinic 2", "organism": "Homo sapiens", "tissue": "All Tissues"}, {"me": 2.39000179445263, "pc": 0.43539061910607857, "marker_score": 0.8277915206773314, "symbol": "MYL2", "name": "myosin light chain 2", "organism": "Homo sapiens", "tissue": "All Tissues"}, {"me": 2.3787227951230627, "pc": 0.7523644269479517, "marker_score": 0.8031776496514035, "symbol": "NEBL", "name": "nebulette", "organism": "Homo sapiens", "tissue": "All Tissues"}, {"me": 2.1860767861198775, "pc": 0.4302879834301508, "marker_score": 0.8009708497238863, "symbol": "AC011288.2", "name": "AC011288.2", "organism": "Homo sapiens", "tissue": "All Tissues"}, {"me": 2.11949358249292, "pc": 0.4964439293038057, "marker_score": 0.7954545198248077, "symbol": "RCAN2", "name": "regulator of calcineurin 2", "organism": "Homo sapiens", "tissue": "All Tissues"}, {"me": 2.0426508257514207, "pc": 0.41996611959645286, "marker_score": 0.7753301789201557, "symbol": "DES", "name": "desmin", "organism": "Homo sapiens", "tissue": "All Tissues"}, {"me": 2.2117372458065736, "pc": 0.6161775497747022, "marker_score": 0.7595956236477228, "symbol": "SVIL", "name": "supervillin", "organism": "Homo sapiens", "tissue": "All Tissues"}, {"me": 2.0821684952288817, "pc": 0.46789934639626357, "marker_score": 0.7536339195211437, "symbol": "PDE7A", "name": "phosphodiesterase 7A", "organism": "Homo sapiens", "tissue": "All Tissues"}, {"me": 2.071952749493346, "pc": 0.3824096236806189, "marker_score": 0.7332631725899774, "symbol": "DPY19L2", "name": "dpy-19 like 2", "organism": "Homo sapiens", "tissue": "All Tissues"}, {"me": 2.2770907494198727, "pc": 0.5157434142393712, "marker_score": 0.7240001476959222, "symbol": "IL1RAPL1", "name": "interleukin 1 receptor accessory protein like 1", "organism": "Homo sapiens", "tissue": "All Tissues"}, {"me": 1.990088824436146, "pc": 0.3349496251894628, "marker_score": 0.697084299170591, "symbol": "MYH7B", "name": "myosin heavy chain 7B", "organism": "Homo sapiens", "tissue": "All Tissues"}, {"me": 2.1520935856147534, "pc": 0.3380084632425055, "marker_score": 0.6877630310907168, "symbol": "PLN", "name": "phospholamban", "organism": "Homo sapiens", "tissue": "All Tissues"}, {"me": 2.1705685343485404, "pc": 0.5175951771862805, "marker_score": 0.6841300650538381, "symbol": "SAMD4A", "name": "sterile alpha motif domain containing 4A", "organism": "Homo sapiens", "tissue": "All Tissues"}, {"me": 2.036162735027855, "pc": 0.3274671312076924, "marker_score": 0.6818880982146844, "symbol": "TCAP", "name": "titin-cap", "organism": "Homo sapiens", "tissue": "All Tissues"}, {"me": 2.4835010182257027, "pc": 0.7579677244576735, "marker_score": 0.6771850364390146, "symbol": "AKAP13", "name": "A-kinase anchoring protein 13", "organism": "Homo sapiens", "tissue": "All Tissues"}, {"me": 2.283522625560683, "pc": 0.5710905512081038, "marker_score": 0.6644114100470899, "symbol": "PLCL1", "name": "phospholipase C like 1 (inactive)", "organism": "Homo sapiens", "tissue": "All Tissues"}, {"me": 1.985937523739947, "pc": 0.3385502753640086, "marker_score": 0.6506410767540053, "symbol": "OBSCN", "name": "obscurin, cytoskeletal calmodulin and titin-interacting RhoGEF", "organism": "Homo sapiens", "tissue": "All Tissues"}, {"me": 2.1202855451012153, "pc": 0.48482583140727126, "marker_score": 0.6385016076146344, "symbol": "ATP2A2", "name": "ATPase sarcoplasmic/endoplasmic reticulum Ca2+ transporting 2", "organism": "Homo sapiens", "tissue": "All Tissues"}, {"me": 2.0939991336407506, "pc": 0.45976530619243244, "marker_score": 0.6327815953843988, "symbol": "PDE1C", "name": "phosphodiesterase 1C", "organism": "Homo sapiens", "tissue": "All Tissues"}, {"me": 1.9869910592382476, "pc": 0.29135089536167674, "marker_score": 0.6261204573454622, "symbol": "HSPB7", "name": "heat shock protein family B (small) member 7", "organism": "Homo sapiens", "tissue": "All Tissues"}, {"me": 1.9718500054299781, "pc": 0.2812279245852394, "marker_score": 0.6161482483208125, "symbol": "SPHKAP", "name": "SPHK1 interactor, AKAP domain containing", "organism": "Homo sapiens", "tissue": "All Tissues"}, {"me": 2.1079679335811896, "pc": 0.46925044750937883, "marker_score": 0.5975624565517448, "symbol": "PDZRN3", "name": "PDZ domain containing ring finger 3", "organism": "Homo sapiens", "tissue": "All Tissues"}, {"me": 2.3773157475853464, "pc": 0.2776409911732633, "marker_score": 0.5957726822402852, "symbol": "MYH6", "name": "myosin heavy chain 6", "organism": "Homo sapiens", "tissue": "All Tissues"}, {"me": 2.043915442932459, "pc": 0.3769297770340244, "marker_score": 0.5949046421171382, "symbol": "TMEM178B", "name": "transmembrane protein 178B", "organism": "Homo sapiens", "tissue": "All Tissues"}, {"me": 2.0014379029369627, "pc": 0.29919688355154417, "marker_score": 0.5879663975606905, "symbol": "DAPK2", "name": "death associated protein kinase 2", "organism": "Homo sapiens", "tissue": "All Tissues"}, {"me": 1.9076022480173958, "pc": 0.2680941244247533, "marker_score": 0.585405803269293, "symbol": "CCDC141", "name": "coiled-coil domain containing 141", "organism": "Homo sapiens", "tissue": "All Tissues"}, {"me": 2.09136333934316, "pc": 0.26009725184661914, "marker_score": 0.5791823567783327, "symbol": "LINC02147", "name": "LINC02147", "organism": "Homo sapiens", "tissue": "All Tissues"}, {"me": 2.26189670004226, "pc": 0.6410460403135652, "marker_score": 0.5766597245787022, "symbol": "PRKN", "name": "parkin RBR E3 ubiquitin protein ligase", "organism": "Homo sapiens", "tissue": "All Tissues"}, {"me": 2.1509394355732026, "pc": 0.5494935085421139, "marker_score": 0.5763713232201189, "symbol": "CAMK2D", "name": "calcium/calmodulin dependent protein kinase II delta", "organism": "Homo sapiens", "tissue": "All Tissues"}, {"me": 1.9547229070221088, "pc": 0.26259370263430426, "marker_score": 0.5757853528834611, "symbol": "MYOCD", "name": "myocardin", "organism": "Homo sapiens", "tissue": "All Tissues"}, {"me": 2.0876669618531767, "pc": 0.46256352575665094, "marker_score": 0.563037914894345, "symbol": "FRY", "name": "FRY microtubule binding protein", "organism": "Homo sapiens", "tissue": "All Tissues"}, {"me": 2.0545589941889135, "pc": 0.377265837716982, "marker_score": 0.5611710666831669, "symbol": "SYNPO2", "name": "synaptopodin 2", "organism": "Homo sapiens", "tissue": "All Tissues"}, {"me": 2.037655317705312, "pc": 0.24828026089282407, "marker_score": 0.5569752613715724, "symbol": "NRAP", "name": "nebulin related anchoring protein", "organism": "Homo sapiens", "tissue": "All Tissues"}, {"me": 1.8829582898739872, "pc": 0.2420597090674659, "marker_score": 0.5532814587199645, "symbol": "MPP3", "name": "MAGUK p55 scaffold protein 3", "organism": "Homo sapiens", "tissue": "All Tissues"}, {"me": 1.9809645328428616, "pc": 0.2865980371312763, "marker_score": 0.5530968738964684, "symbol": "RGS6", "name": "regulator of G protein signaling 6", "organism": "Homo sapiens", "tissue": "All Tissues"}, {"me": 2.0207906945555716, "pc": 0.2357225647602653, "marker_score": 0.5448258702309826, "symbol": "AC009264.1", "name": "uncharacterized LOC349160", "organism": "Homo sapiens", "tissue": "All Tissues"}, {"me": 1.8772624685172812, "pc": 0.2283978135480464, "marker_score": 0.5381433087613152, "symbol": "MYLK3", "name": "myosin light chain kinase 3", "organism": "Homo sapiens", "tissue": "All Tissues"}, {"me": 2.0678726012354236, "pc": 0.34876926347843384, "marker_score": 0.53787785742818, "symbol": "NIBAN1", "name": "niban apoptosis regulator 1", "organism": "Homo sapiens", "tissue": "All Tissues"}, {"me": 2.0981209010994166, "pc": 0.35627919098534366, "marker_score": 0.5351689947995967, "symbol": "GALNT17", "name": "polypeptide N-acetylgalactosaminyltransferase 17", "organism": "Homo sapiens", "tissue": "All Tissues"}, {"me": 2.0012064570378905, "pc": 0.38328063810379476, "marker_score": 0.5323429209690475, "symbol": "MITF", "name": "melanocyte inducing transcription factor", "organism": "Homo sapiens", "tissue": "All Tissues"}, {"me": 2.025886925523893, "pc": 0.43430013648178756, "marker_score": 0.5297364305813279, "symbol": "TACC2", "name": "transforming acidic coiled-coil containing protein 2", "organism": "Homo sapiens", "tissue": "All Tissues"}, {"me": 1.8773587824042566, "pc": 0.2217040334140336, "marker_score": 0.5278524377091509, "symbol": "SGCG", "name": "sarcoglycan gamma", "organism": "Homo sapiens", "tissue": "All Tissues"}, {"me": 2.2618991904674077, "pc": 0.6507575082129116, "marker_score": 0.5233261462519065, "symbol": "PLEKHA5", "name": "pleckstrin homology domain containing A5", "organism": "Homo sapiens", "tissue": "All Tissues"}, {"me": 1.9512596106346045, "pc": 0.2177947560816696, "marker_score": 0.5207728838702348, "symbol": "MLIP-AS1", "name": "MLIP-AS1", "organism": "Homo sapiens", "tissue": "All Tissues"}, {"me": 1.8619551353122197, "pc": 0.21409123018785106, "marker_score": 0.5161740928214862, "symbol": "MYOM3", "name": "myomesin 3", "organism": "Homo sapiens", "tissue": "All Tissues"}, {"me": 2.8238631845788023, "pc": 0.226415741356725, "marker_score": 0.514675438933923, "symbol": "MYL7", "name": "myosin light chain 7", "organism": "Homo sapiens", "tissue": "All Tissues"}]