[{"me": 2.66563582336272, "pc": 0.9127835683629675, "marker_score": 1.4673599215582809, "symbol": "C3", "name": "complement C3", "organism": "Homo sapiens", "tissue": "liver"}, {"me": 3.054249093631778, "pc": 0.7900827713059473, "marker_score": 1.3581922974724159, "symbol": "CFH", "name": "complement factor H", "organism": "Homo sapiens", "tissue": "liver"}, {"me": 2.6635780552793675, "pc": 0.7900827713059473, "marker_score": 1.3109621861026386, "symbol": "ACSM2B", "name": "acyl-CoA synthetase medium chain family member 2B", "organism": "Homo sapiens", "tissue": "liver"}, {"me": 2.4524039770958703, "pc": 0.7386572654812998, "marker_score": 1.2278335661395325, "symbol": "PLG", "name": "plasminogen", "organism": "Homo sapiens", "tissue": "liver"}, {"me": 3.442310520361991, "pc": 0.8468730839975476, "marker_score": 1.134665997049195, "symbol": "CYP3A5", "name": "cytochrome P450 family 3 subfamily A member 5", "organism": "Homo sapiens", "tissue": "liver"}, {"me": 2.1343363009489322, "pc": 0.7248620478234212, "marker_score": 1.1134313729781633, "symbol": "AGXT", "name": "alanine--glyoxylate aminotransferase", "organism": "Homo sapiens", "tissue": "liver"}, {"me": 2.494301265998887, "pc": 0.6886112814224402, "marker_score": 1.1033594397410462, "symbol": "ACSM2A", "name": "acyl-CoA synthetase medium chain family member 2A", "organism": "Homo sapiens", "tissue": "liver"}, {"me": 2.371974345880923, "pc": 0.677728387492336, "marker_score": 1.091220430401648, "symbol": "C9", "name": "complement C9", "organism": "Homo sapiens", "tissue": "liver"}, {"me": 2.4884959787562275, "pc": 0.6768853464132434, "marker_score": 1.053114412096258, "symbol": "CYP2C9", "name": "cytochrome P450 family 2 subfamily C member 9", "organism": "Homo sapiens", "tissue": "liver"}, {"me": 2.7233061192399366, "pc": 0.7234825260576333, "marker_score": 1.0210023275666193, "symbol": "CYP2C8", "name": "cytochrome P450 family 2 subfamily C member 8", "organism": "Homo sapiens", "tissue": "liver"}, {"me": 2.1934340602124984, "pc": 0.701486817903127, "marker_score": 1.008874644710463, "symbol": "MLXIPL", "name": "MLX interacting protein like", "organism": "Homo sapiens", "tissue": "liver"}, {"me": 2.448918175496517, "pc": 0.737047823421214, "marker_score": 0.9876780699897562, "symbol": "ECHDC2", "name": "enoyl-CoA hydratase domain containing 2", "organism": "Homo sapiens", "tissue": "liver"}, {"me": 2.117050222562755, "pc": 0.6564224402207235, "marker_score": 0.9785692891248091, "symbol": "HPX", "name": "hemopexin", "organism": "Homo sapiens", "tissue": "liver"}, {"me": 2.841389508452147, "pc": 0.8976854690374003, "marker_score": 0.9650583895623912, "symbol": "HP", "name": "haptoglobin", "organism": "Homo sapiens", "tissue": "liver"}, {"me": 2.5854720150131776, "pc": 0.6106683016554261, "marker_score": 0.9539282930252085, "symbol": "ADRA1A", "name": "adrenoceptor alpha 1A", "organism": "Homo sapiens", "tissue": "liver"}, {"me": 2.714112669086713, "pc": 0.6558093194359289, "marker_score": 0.9438343248350576, "symbol": "ACSL1", "name": "acyl-CoA synthetase long chain family member 1", "organism": "Homo sapiens", "tissue": "liver"}, {"me": 2.589493823266675, "pc": 0.6112814224402208, "marker_score": 0.9141214059570391, "symbol": "GHR", "name": "growth hormone receptor", "organism": "Homo sapiens", "tissue": "liver"}, {"me": 2.5265501913346995, "pc": 0.5983292458614347, "marker_score": 0.9070831564805149, "symbol": "ALDH1A2", "name": "aldehyde dehydrogenase 1 family member A2", "organism": "Homo sapiens", "tissue": "liver"}, {"me": 2.4895653713511514, "pc": 0.6222409564684243, "marker_score": 0.8903940755043886, "symbol": "C5", "name": "complement C5", "organism": "Homo sapiens", "tissue": "liver"}, {"me": 2.628491127591984, "pc": 0.606146535867566, "marker_score": 0.8899690977699749, "symbol": "CUX2", "name": "cut like homeobox 2", "organism": "Homo sapiens", "tissue": "liver"}, {"me": 2.446118233735863, "pc": 0.7250919681177191, "marker_score": 0.8727551394237857, "symbol": "ALDOB", "name": "aldolase, fructose-bisphosphate B", "organism": "Homo sapiens", "tissue": "liver"}, {"me": 2.2458354177601363, "pc": 0.5840741876149601, "marker_score": 0.8585197393602613, "symbol": "AOX1", "name": "aldehyde oxidase 1", "organism": "Homo sapiens", "tissue": "liver"}, {"me": 2.47058074627337, "pc": 0.6066830165542612, "marker_score": 0.8323194529027965, "symbol": "PCSK6", "name": "proprotein convertase subtilisin/kexin type 6", "organism": "Homo sapiens", "tissue": "liver"}, {"me": 2.356719899196173, "pc": 0.588749233599019, "marker_score": 0.8294187317413487, "symbol": "ADGRA3", "name": "adhesion G protein-coupled receptor A3", "organism": "Homo sapiens", "tissue": "liver"}, {"me": 2.166250691802819, "pc": 0.6145003065603925, "marker_score": 0.8251614001084524, "symbol": "NNMT", "name": "nicotinamide N-methyltransferase", "organism": "Homo sapiens", "tissue": "liver"}, {"me": 2.1272210600412436, "pc": 0.6039239730226855, "marker_score": 0.8036664859199955, "symbol": "HPN", "name": "hepsin", "organism": "Homo sapiens", "tissue": "liver"}, {"me": 1.9734475352042444, "pc": 0.48030349478847334, "marker_score": 0.7999486263016087, "symbol": "SLC22A7", "name": "solute carrier family 22 member 7", "organism": "Homo sapiens", "tissue": "liver"}, {"me": 2.032601637286948, "pc": 0.6564990803188228, "marker_score": 0.7970725563912933, "symbol": "ASGR1", "name": "asialoglycoprotein receptor 1", "organism": "Homo sapiens", "tissue": "liver"}, {"me": 2.0527654317579507, "pc": 0.4988503985285101, "marker_score": 0.7921337431987217, "symbol": "HSD17B6", "name": "hydroxysteroid 17-beta dehydrogenase 6", "organism": "Homo sapiens", "tissue": "liver"}, {"me": 2.258192603613429, "pc": 0.6060698957694666, "marker_score": 0.7889559672320153, "symbol": "SLC39A14", "name": "solute carrier family 39 member 14", "organism": "Homo sapiens", "tissue": "liver"}, {"me": 2.5232784231085525, "pc": 0.5824647455548743, "marker_score": 0.780519738780374, "symbol": "TPRG1", "name": "tumor protein p63 regulated 1", "organism": "Homo sapiens", "tissue": "liver"}, {"me": 2.750733905875852, "pc": 0.832158185162477, "marker_score": 0.777074319849163, "symbol": "FGG", "name": "fibrinogen gamma chain", "organism": "Homo sapiens", "tissue": "liver"}, {"me": 2.2865614418499396, "pc": 0.5715052115266708, "marker_score": 0.7723662318070359, "symbol": "MIR122HG", "name": "MIR122 host gene", "organism": "Homo sapiens", "tissue": "liver"}, {"me": 2.1783928455653525, "pc": 0.40634580012262417, "marker_score": 0.7659754946074195, "symbol": "CFHR3", "name": "complement factor H related 3", "organism": "Homo sapiens", "tissue": "liver"}, {"me": 4.122444691994997, "pc": 0.9803801348865726, "marker_score": 0.7582140270851193, "symbol": "NEAT1", "name": "nuclear paraspeckle assembly transcript 1", "organism": "Homo sapiens", "tissue": "liver"}, {"me": 2.049121769571799, "pc": 0.4429797670141018, "marker_score": 0.7520773828770755, "symbol": "DMGDH", "name": "dimethylglycine dehydrogenase", "organism": "Homo sapiens", "tissue": "liver"}, {"me": 2.129203122375714, "pc": 0.4563151440833844, "marker_score": 0.7511572090696386, "symbol": "SLC7A2", "name": "solute carrier family 7 member 2", "organism": "Homo sapiens", "tissue": "liver"}, {"me": 2.8456656598179415, "pc": 0.6672286940527283, "marker_score": 0.745291047709032, "symbol": "CPS1", "name": "carbamoyl-phosphate synthase 1", "organism": "Homo sapiens", "tissue": "liver"}, {"me": 2.684875008087474, "pc": 0.740343347639485, "marker_score": 0.7433442594551092, "symbol": "CP", "name": "ceruloplasmin", "organism": "Homo sapiens", "tissue": "liver"}, {"me": 2.6987186650130943, "pc": 0.7608828939301042, "marker_score": 0.7404685877681858, "symbol": "TF", "name": "transferrin", "organism": "Homo sapiens", "tissue": "liver"}, {"me": 2.1574143211344103, "pc": 0.48152973635806257, "marker_score": 0.7357305419196849, "symbol": "ABCB11", "name": "ATP binding cassette subfamily B member 11", "organism": "Homo sapiens", "tissue": "liver"}, {"me": 2.406362222829202, "pc": 0.5348712446351931, "marker_score": 0.7323077870770911, "symbol": "ESR1", "name": "estrogen receptor 1", "organism": "Homo sapiens", "tissue": "liver"}, {"me": 2.028145127624046, "pc": 0.46183323114653585, "marker_score": 0.7296206928143479, "symbol": "UPB1", "name": "beta-ureidopropionase 1", "organism": "Homo sapiens", "tissue": "liver"}, {"me": 2.1392422109441984, "pc": 0.5363274064990803, "marker_score": 0.7273403050528862, "symbol": "ABLIM3", "name": "actin binding LIM protein family member 3", "organism": "Homo sapiens", "tissue": "liver"}, {"me": 2.00675629292143, "pc": 0.44918761496014714, "marker_score": 0.7215585460610354, "symbol": "ACMSD", "name": "aminocarboxymuconate semialdehyde decarboxylase", "organism": "Homo sapiens", "tissue": "liver"}, {"me": 1.947250471147064, "pc": 0.4346259963212753, "marker_score": 0.7204500076685969, "symbol": "PLGLB1", "name": "plasminogen like B1", "organism": "Homo sapiens", "tissue": "liver"}, {"me": 1.8731600555699706, "pc": 0.4430564071122011, "marker_score": 0.7194358061192943, "symbol": "F12", "name": "coagulation factor XII", "organism": "Homo sapiens", "tissue": "liver"}, {"me": 2.185776980571327, "pc": 0.5399294911097486, "marker_score": 0.7175195468784972, "symbol": "TAT", "name": "tyrosine aminotransferase", "organism": "Homo sapiens", "tissue": "liver"}, {"me": 2.0337063555420016, "pc": 0.4005211526670754, "marker_score": 0.7137788342221405, "symbol": "LINC02027", "name": "LINC02027", "organism": "Homo sapiens", "tissue": "liver"}, {"me": 1.9722851427429116, "pc": 0.4432863274064991, "marker_score": 0.7124536602284968, "symbol": "EHHADH", "name": "enoyl-CoA hydratase and 3-hydroxyacyl CoA dehydrogenase", "organism": "Homo sapiens", "tissue": "liver"}, {"me": 2.014608328683036, "pc": 0.38626609442060084, "marker_score": 0.704226872140507, "symbol": "AR", "name": "androgen receptor", "organism": "Homo sapiens", "tissue": "liver"}, {"me": 2.380361698707242, "pc": 0.5735744941753526, "marker_score": 0.6989362705414434, "symbol": "PIK3C2G", "name": "phosphatidylinositol-4-phosphate 3-kinase catalytic subunit type 2 gamma", "organism": "Homo sapiens", "tissue": "liver"}, {"me": 2.104916787824645, "pc": 0.41017780502759044, "marker_score": 0.6977378734215631, "symbol": "MTHFD2L", "name": "methylenetetrahydrofolate dehydrogenase (NADP+ dependent) 2 like", "organism": "Homo sapiens", "tissue": "liver"}, {"me": 1.986586202463902, "pc": 0.45646842427958306, "marker_score": 0.6944791226010176, "symbol": "HGD", "name": "homogentisate 1,2-dioxygenase", "organism": "Homo sapiens", "tissue": "liver"}, {"me": 2.6949342368436646, "pc": 0.6466125076640098, "marker_score": 0.6890618940875288, "symbol": "ADK", "name": "adenosine kinase", "organism": "Homo sapiens", "tissue": "liver"}, {"me": 2.3780585190080563, "pc": 0.38051808706315143, "marker_score": 0.6886790148580015, "symbol": "IL1RAPL2", "name": "interleukin 1 receptor accessory protein like 2", "organism": "Homo sapiens", "tissue": "liver"}, {"me": 2.0150973835257786, "pc": 0.49946351931330474, "marker_score": 0.6882847178302339, "symbol": "MAT1A", "name": "methionine adenosyltransferase 1A", "organism": "Homo sapiens", "tissue": "liver"}, {"me": 2.0490438194099765, "pc": 0.6176425505824648, "marker_score": 0.6827607906380966, "symbol": "FTCD", "name": "formimidoyltransferase cyclodeaminase", "organism": "Homo sapiens", "tissue": "liver"}, {"me": 1.952329801282551, "pc": 0.49149294911097485, "marker_score": 0.6768942115579111, "symbol": "AZGP1", "name": "alpha-2-glycoprotein 1, zinc-binding", "organism": "Homo sapiens", "tissue": "liver"}, {"me": 2.318142061533683, "pc": 0.5551808706315144, "marker_score": 0.6767290844745668, "symbol": "ZC3H13", "name": "zinc finger CCCH-type containing 13", "organism": "Homo sapiens", "tissue": "liver"}, {"me": 1.9235567002751237, "pc": 0.44918761496014714, "marker_score": 0.673858499030396, "symbol": "POR", "name": "cytochrome p450 oxidoreductase", "organism": "Homo sapiens", "tissue": "liver"}, {"me": 1.9829794979659763, "pc": 0.4921827099938688, "marker_score": 0.6730931208570187, "symbol": "SLC13A5", "name": "solute carrier family 13 member 5", "organism": "Homo sapiens", "tissue": "liver"}, {"me": 2.5990939238871222, "pc": 0.4820662170447578, "marker_score": 0.6726210108462771, "symbol": "BHMT", "name": "betaine--homocysteine S-methyltransferase", "organism": "Homo sapiens", "tissue": "liver"}, {"me": 2.099736103003279, "pc": 0.38565297363580625, "marker_score": 0.6725035285645786, "symbol": "MLIP", "name": "muscular LMNA interacting protein", "organism": "Homo sapiens", "tissue": "liver"}, {"me": 2.834458133475882, "pc": 0.4973175965665236, "marker_score": 0.6711076022360227, "symbol": "CYP2B6", "name": "cytochrome P450 family 2 subfamily B member 6", "organism": "Homo sapiens", "tissue": "liver"}, {"me": 1.9909916817320936, "pc": 0.4451256897608829, "marker_score": 0.6703869089559797, "symbol": "ALDH1L1", "name": "aldehyde dehydrogenase 1 family member L1", "organism": "Homo sapiens", "tissue": "liver"}, {"me": 2.0170419501345696, "pc": 0.44849785407725323, "marker_score": 0.6693909523013345, "symbol": "DPYS", "name": "dihydropyrimidinase", "organism": "Homo sapiens", "tissue": "liver"}, {"me": 1.954367135317271, "pc": 0.40159411404046597, "marker_score": 0.6640837869338757, "symbol": "PNPLA3", "name": "patatin like phospholipase domain containing 3", "organism": "Homo sapiens", "tissue": "liver"}, {"me": 2.1510640718067506, "pc": 0.4632127529123237, "marker_score": 0.6621928811022681, "symbol": "GBE1", "name": "1,4-alpha-glucan branching enzyme 1", "organism": "Homo sapiens", "tissue": "liver"}, {"me": 2.6675152308757664, "pc": 0.6502145922746781, "marker_score": 0.6588711016422515, "symbol": "SORBS2", "name": "sorbin and SH3 domain containing 2", "organism": "Homo sapiens", "tissue": "liver"}, {"me": 1.9225078335768886, "pc": 0.42611894543225015, "marker_score": 0.6550146369409904, "symbol": "C4BPA", "name": "complement component 4 binding protein alpha", "organism": "Homo sapiens", "tissue": "liver"}, {"me": 1.912102812079973, "pc": 0.39914163090128757, "marker_score": 0.6531919696511137, "symbol": "ABCA6", "name": "ATP binding cassette subfamily A member 6", "organism": "Homo sapiens", "tissue": "liver"}, {"me": 2.0028234709857395, "pc": 0.47562844880441446, "marker_score": 0.6529087160758653, "symbol": "C8A", "name": "complement C8 alpha chain", "organism": "Homo sapiens", "tissue": "liver"}, {"me": 2.1859051776960783, "pc": 0.4885806253832005, "marker_score": 0.6506280856490048, "symbol": "PCK1", "name": "phosphoenolpyruvate carboxykinase 1", "organism": "Homo sapiens", "tissue": "liver"}, {"me": 2.177684692203092, "pc": 0.4685009196811772, "marker_score": 0.6413050617055202, "symbol": "ABCB4", "name": "ATP binding cassette subfamily B member 4", "organism": "Homo sapiens", "tissue": "liver"}, {"me": 2.6353281475009, "pc": 0.63864193746168, "marker_score": 0.6371257673545256, "symbol": "PID1", "name": "phosphotyrosine interaction domain containing 1", "organism": "Homo sapiens", "tissue": "liver"}, {"me": 1.9587691411822397, "pc": 0.32234825260576333, "marker_score": 0.6317411467130657, "symbol": "SLCO1B1", "name": "solute carrier organic anion transporter family member 1B1", "organism": "Homo sapiens", "tissue": "liver"}, {"me": 2.1557381661743285, "pc": 0.47348252605763336, "marker_score": 0.6290208100169215, "symbol": "GAS2", "name": "growth arrest specific 2", "organism": "Homo sapiens", "tissue": "liver"}, {"me": 2.273676597376265, "pc": 0.5528050275904353, "marker_score": 0.6232888063106714, "symbol": "FGGY", "name": "FGGY carbohydrate kinase domain containing", "organism": "Homo sapiens", "tissue": "liver"}, {"me": 2.0500016590250967, "pc": 0.49624463519313305, "marker_score": 0.6173511195484992, "symbol": "ACACB", "name": "acetyl-CoA carboxylase beta", "organism": "Homo sapiens", "tissue": "liver"}, {"me": 2.45689058870031, "pc": 0.5938074800735745, "marker_score": 0.6147640760445604, "symbol": "SHROOM3", "name": "shroom family member 3", "organism": "Homo sapiens", "tissue": "liver"}, {"me": 1.8226947751627365, "pc": 0.31200183936235437, "marker_score": 0.613902474838006, "symbol": "HAO1", "name": "hydroxyacid oxidase 1", "organism": "Homo sapiens", "tissue": "liver"}, {"me": 2.148208445161919, "pc": 0.5407725321888412, "marker_score": 0.6135971407826278, "symbol": "LONP2", "name": "lon peptidase 2, peroxisomal", "organism": "Homo sapiens", "tissue": "liver"}, {"me": 2.051711257155593, "pc": 0.4083384426732066, "marker_score": 0.6106115026138116, "symbol": "AFM", "name": "afamin", "organism": "Homo sapiens", "tissue": "liver"}, {"me": 2.7583293759266123, "pc": 0.5169374616799509, "marker_score": 0.6068112061876514, "symbol": "CRP", "name": "C-reactive protein", "organism": "Homo sapiens", "tissue": "liver"}, {"me": 2.013867438682712, "pc": 0.41715205395462907, "marker_score": 0.6047157316420535, "symbol": "PPARA", "name": "peroxisome proliferator activated receptor alpha", "organism": "Homo sapiens", "tissue": "liver"}, {"me": 2.1292671567693247, "pc": 0.5026824034334764, "marker_score": 0.6031408905366358, "symbol": "PRKAG2", "name": "protein kinase AMP-activated non-catalytic subunit gamma 2", "organism": "Homo sapiens", "tissue": "liver"}, {"me": 2.0404435546037107, "pc": 0.3572961373390558, "marker_score": 0.5998442450435993, "symbol": "LINC02499", "name": "long intergenic non-protein coding RNA 2499", "organism": "Homo sapiens", "tissue": "liver"}, {"me": 1.8742364171248016, "pc": 0.3380594727161251, "marker_score": 0.5972899264032446, "symbol": "SLC28A1", "name": "solute carrier family 28 member 1", "organism": "Homo sapiens", "tissue": "liver"}, {"me": 2.108224058160571, "pc": 0.39186082158185165, "marker_score": 0.5971587214882331, "symbol": "NOS1AP", "name": "nitric oxide synthase 1 adaptor protein", "organism": "Homo sapiens", "tissue": "liver"}, {"me": 2.02662656413295, "pc": 0.5133353770692827, "marker_score": 0.5965216467034199, "symbol": "CPB2", "name": "carboxypeptidase B2", "organism": "Homo sapiens", "tissue": "liver"}, {"me": 2.0105228489979265, "pc": 0.3326946658491723, "marker_score": 0.5959020980946196, "symbol": "LINC01818", "name": "LINC01818", "organism": "Homo sapiens", "tissue": "liver"}, {"me": 1.8745802298760283, "pc": 0.33537706928264865, "marker_score": 0.594683137140898, "symbol": "N4BP2L1", "name": "NEDD4 binding protein 2 like 1", "organism": "Homo sapiens", "tissue": "liver"}, {"me": 1.954771491509202, "pc": 0.5455242182709994, "marker_score": 0.5869502251138287, "symbol": "C1S", "name": "complement C1s", "organism": "Homo sapiens", "tissue": "liver"}, {"me": 2.2059515912792005, "pc": 0.5118025751072961, "marker_score": 0.5847219446625279, "symbol": "ADH1B", "name": "alcohol dehydrogenase 1B (class I), beta polypeptide", "organism": "Homo sapiens", "tissue": "liver"}, {"me": 2.117317376229732, "pc": 0.42067749846719804, "marker_score": 0.5806785036920679, "symbol": "GPAM", "name": "glycerol-3-phosphate acyltransferase, mitochondrial", "organism": "Homo sapiens", "tissue": "liver"}, {"me": 2.323581819032511, "pc": 0.5374770079705702, "marker_score": 0.5727135962421779, "symbol": "AGMO", "name": "alkylglycerol monooxygenase", "organism": "Homo sapiens", "tissue": "liver"}, {"me": 1.9108558372333193, "pc": 0.36641630901287553, "marker_score": 0.5719317969217819, "symbol": "FYB2", "name": "FYN binding protein 2", "organism": "Homo sapiens", "tissue": "liver"}, {"me": 1.89835655072556, "pc": 0.37630288166768855, "marker_score": 0.5680417307792263, "symbol": "SORL1", "name": "sortilin related receptor 1", "organism": "Homo sapiens", "tissue": "liver"}, {"me": 2.2086454860584936, "pc": 0.5057480073574494, "marker_score": 0.5649862893570512, "symbol": "LINC01146", "name": "HIF1A stabilizing long noncoding RNA", "organism": "Homo sapiens", "tissue": "liver"}, {"me": 3.869496333119209, "pc": 0.9842887798896383, "marker_score": 4.21524946597079, "symbol": "ALB", "name": "albumin", "organism": "Homo sapiens", "tissue": "All Tissues"}, {"me": 3.039010412214719, "pc": 0.8966125076640098, "marker_score": 2.3929846093997202, "symbol": "FGB", "name": "fibrinogen beta chain", "organism": "Homo sapiens", "tissue": "All Tissues"}, {"me": 2.841389508452147, "pc": 0.8976854690374003, "marker_score": 2.3741708132093113, "symbol": "HP", "name": "haptoglobin", "organism": "Homo sapiens", "tissue": "All Tissues"}, {"me": 2.6193611363079867, "pc": 0.8607449417535254, "marker_score": 2.1740761375297915, "symbol": "FGA", "name": "fibrinogen alpha chain", "organism": "Homo sapiens", "tissue": "All Tissues"}, {"me": 2.66563582336272, "pc": 0.9127835683629675, "marker_score": 2.161525438539276, "symbol": "C3", "name": "complement C3", "organism": "Homo sapiens", "tissue": "All Tissues"}, {"me": 2.750733905875852, "pc": 0.832158185162477, "marker_score": 1.9561011554763041, "symbol": "FGG", "name": "fibrinogen gamma chain", "organism": "Homo sapiens", "tissue": "All Tissues"}, {"me": 2.619579517196694, "pc": 0.8205855303494789, "marker_score": 1.907001214052288, "symbol": "APOB", "name": "apolipoprotein B", "organism": "Homo sapiens", "tissue": "All Tissues"}, {"me": 3.442310520361991, "pc": 0.8468730839975476, "marker_score": 1.8552356128755918, "symbol": "CYP3A5", "name": "cytochrome P450 family 3 subfamily A member 5", "organism": "Homo sapiens", "tissue": "All Tissues"}, {"me": 2.6635780552793675, "pc": 0.7900827713059473, "marker_score": 1.729422047824103, "symbol": "ACSM2B", "name": "acyl-CoA synthetase medium chain family member 2B", "organism": "Homo sapiens", "tissue": "All Tissues"}, {"me": 2.6986529022289516, "pc": 0.7719190680564071, "marker_score": 1.6575753956214132, "symbol": "FGL1", "name": "fibrinogen like 1", "organism": "Homo sapiens", "tissue": "All Tissues"}, {"me": 2.6987186650130943, "pc": 0.7608828939301042, "marker_score": 1.5887875576937167, "symbol": "TF", "name": "transferrin", "organism": "Homo sapiens", "tissue": "All Tissues"}, {"me": 2.4524039770958703, "pc": 0.7386572654812998, "marker_score": 1.573241255982912, "symbol": "PLG", "name": "plasminogen", "organism": "Homo sapiens", "tissue": "All Tissues"}, {"me": 3.054249093631778, "pc": 0.7900827713059473, "marker_score": 1.5502741253215624, "symbol": "CFH", "name": "complement factor H", "organism": "Homo sapiens", "tissue": "All Tissues"}, {"me": 2.1343363009489322, "pc": 0.7248620478234212, "marker_score": 1.5471234787357906, "symbol": "AGXT", "name": "alanine--glyoxylate aminotransferase", "organism": "Homo sapiens", "tissue": "All Tissues"}, {"me": 2.1934340602124984, "pc": 0.701486817903127, "marker_score": 1.4607345475472433, "symbol": "MLXIPL", "name": "MLX interacting protein like", "organism": "Homo sapiens", "tissue": "All Tissues"}, {"me": 2.7233061192399366, "pc": 0.7234825260576333, "marker_score": 1.4223095058297337, "symbol": "CYP2C8", "name": "cytochrome P450 family 2 subfamily C member 8", "organism": "Homo sapiens", "tissue": "All Tissues"}, {"me": 2.371974345880923, "pc": 0.677728387492336, "marker_score": 1.3676562524574336, "symbol": "C9", "name": "complement C9", "organism": "Homo sapiens", "tissue": "All Tissues"}, {"me": 2.80695876765477, "pc": 0.9061925199264255, "marker_score": 1.364824297547371, "symbol": "SERPINA1", "name": "serpin family A member 1", "organism": "Homo sapiens", "tissue": "All Tissues"}, {"me": 2.494301265998887, "pc": 0.6886112814224402, "marker_score": 1.3644431498444827, "symbol": "ACSM2A", "name": "acyl-CoA synthetase medium chain family member 2A", "organism": "Homo sapiens", "tissue": "All Tissues"}, {"me": 2.032601637286948, "pc": 0.6564990803188228, "marker_score": 1.3334831661795186, "symbol": "ASGR1", "name": "asialoglycoprotein receptor 1", "organism": "Homo sapiens", "tissue": "All Tissues"}, {"me": 2.701033968258188, "pc": 0.7207234825260577, "marker_score": 1.3329461753062273, "symbol": "APOC3", "name": "apolipoprotein C3", "organism": "Homo sapiens", "tissue": "All Tissues"}, {"me": 2.4884959787562275, "pc": 0.6768853464132434, "marker_score": 1.327359814716266, "symbol": "CYP2C9", "name": "cytochrome P450 family 2 subfamily C member 9", "organism": "Homo sapiens", "tissue": "All Tissues"}, {"me": 2.117050222562755, "pc": 0.6564224402207235, "marker_score": 1.3271356061085318, "symbol": "HPX", "name": "hemopexin", "organism": "Homo sapiens", "tissue": "All Tissues"}, {"me": 2.448918175496517, "pc": 0.737047823421214, "marker_score": 1.3122903294404809, "symbol": "ECHDC2", "name": "enoyl-CoA hydratase domain containing 2", "organism": "Homo sapiens", "tissue": "All Tissues"}, {"me": 2.684875008087474, "pc": 0.740343347639485, "marker_score": 1.2906628181677906, "symbol": "CP", "name": "ceruloplasmin", "organism": "Homo sapiens", "tissue": "All Tissues"}, {"me": 2.8456656598179415, "pc": 0.6672286940527283, "marker_score": 1.2527377466281173, "symbol": "CPS1", "name": "carbamoyl-phosphate synthase 1", "organism": "Homo sapiens", "tissue": "All Tissues"}, {"me": 2.0490438194099765, "pc": 0.6176425505824648, "marker_score": 1.2256941564527566, "symbol": "FTCD", "name": "formimidoyltransferase cyclodeaminase", "organism": "Homo sapiens", "tissue": "All Tissues"}, {"me": 2.4895653713511514, "pc": 0.6222409564684243, "marker_score": 1.2049920790282644, "symbol": "C5", "name": "complement C5", "organism": "Homo sapiens", "tissue": "All Tissues"}, {"me": 2.5854720150131776, "pc": 0.6106683016554261, "marker_score": 1.1991648334911507, "symbol": "ADRA1A", "name": "adrenoceptor alpha 1A", "organism": "Homo sapiens", "tissue": "All Tissues"}, {"me": 2.1272210600412436, "pc": 0.6039239730226855, "marker_score": 1.199152450778644, "symbol": "HPN", "name": "hepsin", "organism": "Homo sapiens", "tissue": "All Tissues"}, {"me": 2.6353281475009, "pc": 0.63864193746168, "marker_score": 1.1934081315241931, "symbol": "PID1", "name": "phosphotyrosine interaction domain containing 1", "organism": "Homo sapiens", "tissue": "All Tissues"}, {"me": 2.446118233735863, "pc": 0.7250919681177191, "marker_score": 1.1806254463139787, "symbol": "ALDOB", "name": "aldolase, fructose-bisphosphate B", "organism": "Homo sapiens", "tissue": "All Tissues"}, {"me": 2.628491127591984, "pc": 0.606146535867566, "marker_score": 1.1762166666557554, "symbol": "CUX2", "name": "cut like homeobox 2", "organism": "Homo sapiens", "tissue": "All Tissues"}, {"me": 2.47058074627337, "pc": 0.6066830165542612, "marker_score": 1.16989143806097, "symbol": "PCSK6", "name": "proprotein convertase subtilisin/kexin type 6", "organism": "Homo sapiens", "tissue": "All Tissues"}, {"me": 2.2458354177601363, "pc": 0.5840741876149601, "marker_score": 1.1436043655785053, "symbol": "AOX1", "name": "aldehyde oxidase 1", "organism": "Homo sapiens", "tissue": "All Tissues"}, {"me": 2.5265501913346995, "pc": 0.5983292458614347, "marker_score": 1.139115610242102, "symbol": "ALDH1A2", "name": "aldehyde dehydrogenase 1 family member A2", "organism": "Homo sapiens", "tissue": "All Tissues"}, {"me": 2.356719899196173, "pc": 0.588749233599019, "marker_score": 1.134588133386455, "symbol": "ADGRA3", "name": "adhesion G protein-coupled receptor A3", "organism": "Homo sapiens", "tissue": "All Tissues"}, {"me": 2.286441635543363, "pc": 0.5797057020232986, "marker_score": 1.1316494263069417, "symbol": "A1CF", "name": "APOBEC1 complementation factor", "organism": "Homo sapiens", "tissue": "All Tissues"}, {"me": 2.5232784231085525, "pc": 0.5824647455548743, "marker_score": 1.1289335667323412, "symbol": "TPRG1", "name": "tumor protein p63 regulated 1", "organism": "Homo sapiens", "tissue": "All Tissues"}, {"me": 2.714112669086713, "pc": 0.6558093194359289, "marker_score": 1.127530036951676, "symbol": "ACSL1", "name": "acyl-CoA synthetase long chain family member 1", "organism": "Homo sapiens", "tissue": "All Tissues"}, {"me": 2.380361698707242, "pc": 0.5735744941753526, "marker_score": 1.1185243570851537, "symbol": "PIK3C2G", "name": "phosphatidylinositol-4-phosphate 3-kinase catalytic subunit type 2 gamma", "organism": "Homo sapiens", "tissue": "All Tissues"}, {"me": 2.589493823266675, "pc": 0.6112814224402208, "marker_score": 1.1130431168476447, "symbol": "GHR", "name": "growth hormone receptor", "organism": "Homo sapiens", "tissue": "All Tissues"}, {"me": 2.2865614418499396, "pc": 0.5715052115266708, "marker_score": 1.1114895336234218, "symbol": "MIR122HG", "name": "MIR122 host gene", "organism": "Homo sapiens", "tissue": "All Tissues"}, {"me": 2.258192603613429, "pc": 0.6060698957694666, "marker_score": 1.0824215679029665, "symbol": "SLC39A14", "name": "solute carrier family 39 member 14", "organism": "Homo sapiens", "tissue": "All Tissues"}, {"me": 2.1218532232799916, "pc": 0.5519619865113428, "marker_score": 1.0719161570734752, "symbol": "PAH", "name": "phenylalanine hydroxylase", "organism": "Homo sapiens", "tissue": "All Tissues"}, {"me": 2.323581819032511, "pc": 0.5374770079705702, "marker_score": 1.0428389095014268, "symbol": "AGMO", "name": "alkylglycerol monooxygenase", "organism": "Homo sapiens", "tissue": "All Tissues"}, {"me": 2.185776980571327, "pc": 0.5399294911097486, "marker_score": 1.0400605394294773, "symbol": "TAT", "name": "tyrosine aminotransferase", "organism": "Homo sapiens", "tissue": "All Tissues"}, {"me": 2.273676597376265, "pc": 0.5528050275904353, "marker_score": 1.0362552325848877, "symbol": "FGGY", "name": "FGGY carbohydrate kinase domain containing", "organism": "Homo sapiens", "tissue": "All Tissues"}, {"me": 2.406362222829202, "pc": 0.5348712446351931, "marker_score": 1.0285950857495334, "symbol": "ESR1", "name": "estrogen receptor 1", "organism": "Homo sapiens", "tissue": "All Tissues"}, {"me": 2.1392422109441984, "pc": 0.5363274064990803, "marker_score": 1.0223783295448303, "symbol": "ABLIM3", "name": "actin binding LIM protein family member 3", "organism": "Homo sapiens", "tissue": "All Tissues"}, {"me": 2.02662656413295, "pc": 0.5133353770692827, "marker_score": 0.9992738108666551, "symbol": "CPB2", "name": "carboxypeptidase B2", "organism": "Homo sapiens", "tissue": "All Tissues"}, {"me": 2.2086454860584936, "pc": 0.5057480073574494, "marker_score": 0.9838938645865039, "symbol": "LINC01146", "name": "HIF1A stabilizing long noncoding RNA", "organism": "Homo sapiens", "tissue": "All Tissues"}, {"me": 2.0983564268867925, "pc": 0.5483599019006744, "marker_score": 0.9757545384539383, "symbol": "ABCC3", "name": "ATP binding cassette subfamily C member 3", "organism": "Homo sapiens", "tissue": "All Tissues"}, {"me": 2.0150973835257786, "pc": 0.49946351931330474, "marker_score": 0.9728440931959509, "symbol": "MAT1A", "name": "methionine adenosyltransferase 1A", "organism": "Homo sapiens", "tissue": "All Tissues"}, {"me": 2.702452153110048, "pc": 0.752835683629675, "marker_score": 0.9717640769989375, "symbol": "APOA1", "name": "apolipoprotein A1", "organism": "Homo sapiens", "tissue": "All Tissues"}, {"me": 2.0527654317579507, "pc": 0.4988503985285101, "marker_score": 0.9697673130131578, "symbol": "HSD17B6", "name": "hydroxysteroid 17-beta dehydrogenase 6", "organism": "Homo sapiens", "tissue": "All Tissues"}, {"me": 2.7583293759266123, "pc": 0.5169374616799509, "marker_score": 0.96761940489429, "symbol": "CRP", "name": "C-reactive protein", "organism": "Homo sapiens", "tissue": "All Tissues"}, {"me": 2.2667503930686808, "pc": 0.575797057020233, "marker_score": 0.9671956664041929, "symbol": "RALGAPA2", "name": "Ral GTPase activating protein catalytic subunit alpha 2", "organism": "Homo sapiens", "tissue": "All Tissues"}, {"me": 1.8841782876285447, "pc": 0.49187614960147147, "marker_score": 0.9665926803027276, "symbol": "SERPINF2", "name": "serpin family F member 2", "organism": "Homo sapiens", "tissue": "All Tissues"}, {"me": 2.1247139135191158, "pc": 0.49915695892090745, "marker_score": 0.9630024500817305, "symbol": "CYP2E1", "name": "cytochrome P450 family 2 subfamily E member 1", "organism": "Homo sapiens", "tissue": "All Tissues"}, {"me": 2.0978723036504423, "pc": 0.49363887185775596, "marker_score": 0.962434517568404, "symbol": "C6", "name": "complement C6", "organism": "Homo sapiens", "tissue": "All Tissues"}, {"me": 1.9829794979659763, "pc": 0.4921827099938688, "marker_score": 0.9611374767026888, "symbol": "SLC13A5", "name": "solute carrier family 13 member 5", "organism": "Homo sapiens", "tissue": "All Tissues"}, {"me": 2.90462555922612, "pc": 0.6466891477621092, "marker_score": 0.9569713413456261, "symbol": "EXT1", "name": "exostosin glycosyltransferase 1", "organism": "Homo sapiens", "tissue": "All Tissues"}, {"me": 2.6949342368436646, "pc": 0.6466125076640098, "marker_score": 0.9425271531478253, "symbol": "ADK", "name": "adenosine kinase", "organism": "Homo sapiens", "tissue": "All Tissues"}, {"me": 1.9734475352042444, "pc": 0.48030349478847334, "marker_score": 0.9390963202146035, "symbol": "SLC22A7", "name": "solute carrier family 22 member 7", "organism": "Homo sapiens", "tissue": "All Tissues"}, {"me": 2.1574143211344103, "pc": 0.48152973635806257, "marker_score": 0.9374570107539345, "symbol": "ABCB11", "name": "ATP binding cassette subfamily B member 11", "organism": "Homo sapiens", "tissue": "All Tissues"}, {"me": 2.1253519804475407, "pc": 0.4799202942979767, "marker_score": 0.9358961148918142, "symbol": "NR1H4", "name": "nuclear receptor subfamily 1 group H member 4", "organism": "Homo sapiens", "tissue": "All Tissues"}, {"me": 1.9170975323518757, "pc": 0.4760116492949111, "marker_score": 0.9332645209446542, "symbol": "KNG1", "name": "kininogen 1", "organism": "Homo sapiens", "tissue": "All Tissues"}, {"me": 2.0028234709857395, "pc": 0.47562844880441446, "marker_score": 0.9324229941619981, "symbol": "C8A", "name": "complement C8 alpha chain", "organism": "Homo sapiens", "tissue": "All Tissues"}, {"me": 2.45689058870031, "pc": 0.5938074800735745, "marker_score": 0.9287389621001081, "symbol": "SHROOM3", "name": "shroom family member 3", "organism": "Homo sapiens", "tissue": "All Tissues"}, {"me": 2.1557381661743285, "pc": 0.47348252605763336, "marker_score": 0.9234733016207562, "symbol": "GAS2", "name": "growth arrest specific 2", "organism": "Homo sapiens", "tissue": "All Tissues"}, {"me": 3.111538771733225, "pc": 0.5642244022072348, "marker_score": 0.9223479543389468, "symbol": "SAA1", "name": "serum amyloid A1", "organism": "Homo sapiens", "tissue": "All Tissues"}, {"me": 2.834458133475882, "pc": 0.4973175965665236, "marker_score": 0.9185053935722337, "symbol": "CYP2B6", "name": "cytochrome P450 family 2 subfamily B member 6", "organism": "Homo sapiens", "tissue": "All Tissues"}, {"me": 2.1637719547948646, "pc": 0.5342581238503985, "marker_score": 0.9136430347216048, "symbol": "ABCA1", "name": "ATP binding cassette subfamily A member 1", "organism": "Homo sapiens", "tissue": "All Tissues"}, {"me": 1.9991564236962562, "pc": 0.4688074800735745, "marker_score": 0.905163260054001, "symbol": "APOH", "name": "apolipoprotein H", "organism": "Homo sapiens", "tissue": "All Tissues"}, {"me": 2.028145127624046, "pc": 0.46183323114653585, "marker_score": 0.9046382218797517, "symbol": "UPB1", "name": "beta-ureidopropionase 1", "organism": "Homo sapiens", "tissue": "All Tissues"}, {"me": 2.668813312162079, "pc": 0.6236971183323115, "marker_score": 0.9022545179242347, "symbol": "DPYD", "name": "dihydropyrimidine dehydrogenase", "organism": "Homo sapiens", "tissue": "All Tissues"}, {"me": 2.177260751644206, "pc": 0.47486204782342123, "marker_score": 0.9019439600548388, "symbol": "AMBP", "name": "alpha-1-microglobulin/bikunin precursor", "organism": "Homo sapiens", "tissue": "All Tissues"}, {"me": 1.90744574761339, "pc": 0.4596106683016554, "marker_score": 0.9018694394032074, "symbol": "CYP4F3", "name": "cytochrome P450 family 4 subfamily F member 3", "organism": "Homo sapiens", "tissue": "All Tissues"}, {"me": 2.177684692203092, "pc": 0.4685009196811772, "marker_score": 0.9017331750665422, "symbol": "ABCB4", "name": "ATP binding cassette subfamily B member 4", "organism": "Homo sapiens", "tissue": "All Tissues"}, {"me": 2.5990939238871222, "pc": 0.4820662170447578, "marker_score": 0.8996257722066834, "symbol": "BHMT", "name": "betaine--homocysteine S-methyltransferase", "organism": "Homo sapiens", "tissue": "All Tissues"}, {"me": 1.986586202463902, "pc": 0.45646842427958306, "marker_score": 0.8910348134545965, "symbol": "HGD", "name": "homogentisate 1,2-dioxygenase", "organism": "Homo sapiens", "tissue": "All Tissues"}, {"me": 2.318142061533683, "pc": 0.5551808706315144, "marker_score": 0.8908490939171634, "symbol": "ZC3H13", "name": "zinc finger CCCH-type containing 13", "organism": "Homo sapiens", "tissue": "All Tissues"}, {"me": 2.00675629292143, "pc": 0.44918761496014714, "marker_score": 0.8837786617020229, "symbol": "ACMSD", "name": "aminocarboxymuconate semialdehyde decarboxylase", "organism": "Homo sapiens", "tissue": "All Tissues"}, {"me": 2.42552017778477, "pc": 0.6089055793991416, "marker_score": 0.8810859787633671, "symbol": "CH507-528H12.1", "name": "CH507-528H12.1", "organism": "Homo sapiens", "tissue": "All Tissues"}, {"me": 2.0170419501345696, "pc": 0.44849785407725323, "marker_score": 0.8776340050361383, "symbol": "DPYS", "name": "dihydropyrimidinase", "organism": "Homo sapiens", "tissue": "All Tissues"}, {"me": 1.8731600555699706, "pc": 0.4430564071122011, "marker_score": 0.8730328907058373, "symbol": "F12", "name": "coagulation factor XII", "organism": "Homo sapiens", "tissue": "All Tissues"}, {"me": 1.9722851427429116, "pc": 0.4432863274064991, "marker_score": 0.8729637714798397, "symbol": "EHHADH", "name": "enoyl-CoA hydratase and 3-hydroxyacyl CoA dehydrogenase", "organism": "Homo sapiens", "tissue": "All Tissues"}, {"me": 2.049121769571799, "pc": 0.4429797670141018, "marker_score": 0.8722797024719319, "symbol": "DMGDH", "name": "dimethylglycine dehydrogenase", "organism": "Homo sapiens", "tissue": "All Tissues"}, {"me": 1.9289607007575758, "pc": 0.44259656652360513, "marker_score": 0.8687748874650412, "symbol": "ITIH3", "name": "inter-alpha-trypsin inhibitor heavy chain 3", "organism": "Homo sapiens", "tissue": "All Tissues"}, {"me": 1.8946402687696542, "pc": 0.43868792152053954, "marker_score": 0.8685426880792821, "symbol": "TFR2", "name": "transferrin receptor 2", "organism": "Homo sapiens", "tissue": "All Tissues"}, {"me": 2.148208445161919, "pc": 0.5407725321888412, "marker_score": 0.8683859319392306, "symbol": "LONP2", "name": "lon peptidase 2, peroxisomal", "organism": "Homo sapiens", "tissue": "All Tissues"}, {"me": 1.9909916817320936, "pc": 0.4451256897608829, "marker_score": 0.8641015063092266, "symbol": "ALDH1L1", "name": "aldehyde dehydrogenase 1 family member L1", "organism": "Homo sapiens", "tissue": "All Tissues"}, {"me": 1.947250471147064, "pc": 0.4346259963212753, "marker_score": 0.8602456296876788, "symbol": "PLGLB1", "name": "plasminogen like B1", "organism": "Homo sapiens", "tissue": "All Tissues"}, {"me": 2.5895097366930133, "pc": 0.6932863274064991, "marker_score": 0.8571098596766578, "symbol": "XIST", "name": "X inactive specific transcript", "organism": "Homo sapiens", "tissue": "All Tissues"}, {"me": 1.9970292504570384, "pc": 0.46114347026364194, "marker_score": 0.8520662769291525, "symbol": "ARHGEF10L", "name": "Rho guanine nucleotide exchange factor 10 like", "organism": "Homo sapiens", "tissue": "All Tissues"}, {"me": 2.1397520416976996, "pc": 0.4630594727161251, "marker_score": 0.8491490498672064, "symbol": "PDE3B", "name": "phosphodiesterase 3B", "organism": "Homo sapiens", "tissue": "All Tissues"}, {"me": 2.5074748491905927, "pc": 0.6272992029429798, "marker_score": 0.8486909474541995, "symbol": "EHBP1", "name": "EH domain binding protein 1", "organism": "Homo sapiens", "tissue": "All Tissues"}, {"me": 2.505532514230126, "pc": 0.5958001226241569, "marker_score": 0.8455548387584735, "symbol": "PCCA", "name": "propionyl-CoA carboxylase subunit alpha", "organism": "Homo sapiens", "tissue": "All Tissues"}, {"me": 1.9225078335768886, "pc": 0.42611894543225015, "marker_score": 0.8448241725339427, "symbol": "C4BPA", "name": "complement component 4 binding protein alpha", "organism": "Homo sapiens", "tissue": "All Tissues"}]