[{"me": 3.7299397012527056, "pc": 0.9693559666857398, "marker_score": 2.2626843552964946, "symbol": "Fabp7", "name": "fatty acid binding protein 7, brain", "organism": "Mus musculus", "tissue": "brain"}, {"me": 3.2270254726451397, "pc": 0.9499968211583699, "marker_score": 1.6011713883306067, "symbol": "Scd2", "name": "stearoyl-Coenzyme A desaturase 2", "organism": "Mus musculus", "tissue": "brain"}, {"me": 3.351890668055649, "pc": 0.9459596922881303, "marker_score": 1.4817631921644814, "symbol": "Ptprz1", "name": "protein tyrosine phosphatase, receptor type Z, polypeptide 1", "organism": "Mus musculus", "tissue": "brain"}, {"me": 3.8097308581287845, "pc": 0.9764765719371861, "marker_score": 1.367760308933825, "symbol": "Ptn", "name": "pleiotrophin", "organism": "Mus musculus", "tissue": "brain"}, {"me": 3.025686822522002, "pc": 0.9355013033250683, "marker_score": 1.366922593089386, "symbol": "Dbi", "name": "diazepam binding inhibitor", "organism": "Mus musculus", "tissue": "brain"}, {"me": 2.5037900245574907, "pc": 0.6698772967130777, "marker_score": 1.1920828016418696, "symbol": "Ncan", "name": "neurocan", "organism": "Mus musculus", "tissue": "brain"}, {"me": 2.248914901967242, "pc": 0.7239176044249476, "marker_score": 1.1442494571937272, "symbol": "Ttyh1", "name": "tweety family member 1", "organism": "Mus musculus", "tissue": "brain"}, {"me": 3.0301679251503746, "pc": 0.9882700743848941, "marker_score": 1.1316971376198206, "symbol": "Marcks", "name": "myristoylated alanine rich protein kinase C substrate", "organism": "Mus musculus", "tissue": "brain"}, {"me": 2.205056252187281, "pc": 0.6358319028545998, "marker_score": 1.1276114783532467, "symbol": "Ndrg2", "name": "N-myc downstream regulated gene 2", "organism": "Mus musculus", "tissue": "brain"}, {"me": 2.4793402053190503, "pc": 0.6854854091169178, "marker_score": 1.1201628775772272, "symbol": "Mfge8", "name": "milk fat globule EGF and factor V/VIII domain containing", "organism": "Mus musculus", "tissue": "brain"}, {"me": 2.3217799771864347, "pc": 0.7367601246105919, "marker_score": 1.0683180683378561, "symbol": "Hmgcs1", "name": "3-hydroxy-3-methylglutaryl-Coenzyme A synthase 1", "organism": "Mus musculus", "tissue": "brain"}, {"me": 2.79655661897666, "pc": 0.9492974759997457, "marker_score": 0.9841744479614021, "symbol": "Ckb", "name": "creatine kinase, brain", "organism": "Mus musculus", "tissue": "brain"}, {"me": 2.172686967280726, "pc": 0.5780723504355013, "marker_score": 0.9622475594681136, "symbol": "Ednrb", "name": "endothelin receptor type B", "organism": "Mus musculus", "tissue": "brain"}, {"me": 2.5985520524626025, "pc": 0.901010871638375, "marker_score": 0.9409867964269089, "symbol": "Tubb2b", "name": "tubulin, beta 2B class IIB", "organism": "Mus musculus", "tissue": "brain"}, {"me": 2.254903678666224, "pc": 0.4790514336575752, "marker_score": 0.9096173150859267, "symbol": "Slc6a11", "name": "solute carrier family 6 (neurotransmitter transporter, GABA), member 11", "organism": "Mus musculus", "tissue": "brain"}, {"me": 3.1623967339536927, "pc": 0.8676966113548223, "marker_score": 0.8593103575326528, "symbol": "Cpe", "name": "carboxypeptidase E", "organism": "Mus musculus", "tissue": "brain"}, {"me": 2.016217774849161, "pc": 0.5057854917668002, "marker_score": 0.8467424663719711, "symbol": "Ttyh3", "name": "tweety family member 3", "organism": "Mus musculus", "tissue": "brain"}, {"me": 2.2185299315330207, "pc": 0.447167652107572, "marker_score": 0.8274122588677558, "symbol": "Tnc", "name": "tenascin C", "organism": "Mus musculus", "tissue": "brain"}, {"me": 2.370060654865021, "pc": 0.6605950791531566, "marker_score": 0.816127913159739, "symbol": "Fabp5", "name": "fatty acid binding protein 5, epidermal", "organism": "Mus musculus", "tissue": "brain"}, {"me": 2.3356685756365936, "pc": 0.6529022824082904, "marker_score": 0.8082545537511174, "symbol": "Serpine2", "name": "serine (or cysteine) peptidase inhibitor, clade E, member 2", "organism": "Mus musculus", "tissue": "brain"}, {"me": 2.1382215404178777, "pc": 0.6671434929111831, "marker_score": 0.802949663866236, "symbol": "Cspg5", "name": "chondroitin sulfate proteoglycan 5", "organism": "Mus musculus", "tissue": "brain"}, {"me": 1.9559752680186662, "pc": 0.3865789306376756, "marker_score": 0.7538013094400853, "symbol": "Mmd2", "name": "monocyte to macrophage differentiation-associated 2", "organism": "Mus musculus", "tissue": "brain"}, {"me": 2.1321218274429317, "pc": 0.6350054040307712, "marker_score": 0.7279271775716101, "symbol": "Sox9", "name": "SRY (sex determining region Y)-box 9", "organism": "Mus musculus", "tissue": "brain"}, {"me": 2.0858226102941178, "pc": 0.3523428062813911, "marker_score": 0.6495805420532774, "symbol": "Olig1", "name": "oligodendrocyte transcription factor 1", "organism": "Mus musculus", "tissue": "brain"}, {"me": 2.0152093930127633, "pc": 0.46325259075592856, "marker_score": 0.6424404763950894, "symbol": "Plpp3", "name": "phospholipid phosphatase 3", "organism": "Mus musculus", "tissue": "brain"}, {"me": 2.9807113265782443, "pc": 0.9874435755610655, "marker_score": 0.6156183613575563, "symbol": "Actg1", "name": "actin, gamma, cytoplasmic 1", "organism": "Mus musculus", "tissue": "brain"}, {"me": 1.9156759510869565, "pc": 0.3436327802148897, "marker_score": 0.6019510834091161, "symbol": "Adgrg1", "name": "adhesion G protein-coupled receptor G1", "organism": "Mus musculus", "tissue": "brain"}, {"me": 2.488718494693843, "pc": 0.7548477334859177, "marker_score": 0.5856130850940068, "symbol": "Slc1a3", "name": "solute carrier family 1 (glial high affinity glutamate transporter), member 3", "organism": "Mus musculus", "tissue": "brain"}, {"me": 1.9100022858898504, "pc": 0.2699790196452413, "marker_score": 0.5735439315304712, "symbol": "Aldh1l1", "name": "aldehyde dehydrogenase 1 family, member L1", "organism": "Mus musculus", "tissue": "brain"}, {"me": 2.169232319980621, "pc": 0.6233390552482675, "marker_score": 0.562850694860941, "symbol": "Pea15a", "name": "proliferation and apoptosis adaptor protein 15A", "organism": "Mus musculus", "tissue": "brain"}, {"me": 1.952284767253358, "pc": 0.3431559539703732, "marker_score": 0.5549207093324156, "symbol": "Msmo1", "name": "methylsterol monoxygenase 1", "organism": "Mus musculus", "tissue": "brain"}, {"me": 1.9730789512410478, "pc": 0.3240193273571111, "marker_score": 0.5514439903705605, "symbol": "Ptch1", "name": "patched 1", "organism": "Mus musculus", "tissue": "brain"}, {"me": 2.1877423576035766, "pc": 0.4657320872274143, "marker_score": 0.5464416496159163, "symbol": "Clu", "name": "clusterin", "organism": "Mus musculus", "tissue": "brain"}, {"me": 1.912571792994093, "pc": 0.32827897514145843, "marker_score": 0.54603689493962, "symbol": "Phgdh", "name": "3-phosphoglycerate dehydrogenase", "organism": "Mus musculus", "tissue": "brain"}, {"me": 2.573136427566807, "pc": 0.9040625596032805, "marker_score": 0.5392397654656649, "symbol": "Nnat", "name": "neuronatin", "organism": "Mus musculus", "tissue": "brain"}, {"me": 2.031579862349333, "pc": 0.4457053849577214, "marker_score": 0.5225388216476072, "symbol": "Glud1", "name": "glutamate dehydrogenase 1", "organism": "Mus musculus", "tissue": "brain"}, {"me": 2.7200547336148992, "pc": 0.9370589357238223, "marker_score": 0.5193996506028042, "symbol": "Qk", "name": "quaking, KH domain containing RNA binding", "organism": "Mus musculus", "tissue": "brain"}, {"me": 2.516678479381443, "pc": 0.8479560048318393, "marker_score": 0.5084956119428726, "symbol": "Gpm6b", "name": "glycoprotein m6b", "organism": "Mus musculus", "tissue": "brain"}, {"me": 2.076212250427573, "pc": 0.21374531120859558, "marker_score": 0.49249829756602564, "symbol": "Fgfbp3", "name": "fibroblast growth factor binding protein 3", "organism": "Mus musculus", "tissue": "brain"}, {"me": 2.2047799577149525, "pc": 0.45622735075338544, "marker_score": 0.4887897858720803, "symbol": "Bcan", "name": "brevican", "organism": "Mus musculus", "tissue": "brain"}, {"me": 1.9145020734693217, "pc": 0.24505690126517896, "marker_score": 0.46910771338212603, "symbol": "Paqr8", "name": "progestin and adipoQ receptor family member VIII", "organism": "Mus musculus", "tissue": "brain"}, {"me": 1.9046890593812376, "pc": 0.2388899485027656, "marker_score": 0.46455709800175454, "symbol": "2310022B05Rik", "name": "RIKEN cDNA 2310022B05 gene", "organism": "Mus musculus", "tissue": "brain"}, {"me": 1.8773601466049383, "pc": 0.19311462902918178, "marker_score": 0.4538995267520754, "symbol": "Fgfr3", "name": "fibroblast growth factor receptor 3", "organism": "Mus musculus", "tissue": "brain"}, {"me": 2.013464644869802, "pc": 0.32716638057091996, "marker_score": 0.44984516167041083, "symbol": "Metrn", "name": "meteorin, glial cell differentiation regulator", "organism": "Mus musculus", "tissue": "brain"}, {"me": 1.8753056380942787, "pc": 0.19724712314832474, "marker_score": 0.44583188926149997, "symbol": "Mlc1", "name": "megalencephalic leukoencephalopathy with subcortical cysts 1 homolog (human)", "organism": "Mus musculus", "tissue": "brain"}, {"me": 1.883027626467279, "pc": 0.2613325704113421, "marker_score": 0.43539537733396183, "symbol": "Cyp51", "name": "cytochrome P450, family 51", "organism": "Mus musculus", "tissue": "brain"}, {"me": 2.0022837577160493, "pc": 0.32185771504863625, "marker_score": 0.42720818475665184, "symbol": "Rfx4", "name": "regulatory factor X, 4 (influences HLA class II expression)", "organism": "Mus musculus", "tissue": "brain"}, {"me": 1.8942096198539176, "pc": 0.16755674232309747, "marker_score": 0.41363906346506757, "symbol": "Sall3", "name": "spalt like transcription factor 3", "organism": "Mus musculus", "tissue": "brain"}, {"me": 1.9523687538638959, "pc": 0.3342234089897641, "marker_score": 0.4121069310298104, "symbol": "Sox2", "name": "SRY (sex determining region Y)-box 2", "organism": "Mus musculus", "tissue": "brain"}, {"me": 1.9350541972203275, "pc": 0.23300909148706211, "marker_score": 0.4017715074154352, "symbol": "Gstm1", "name": "glutathione S-transferase, mu 1", "organism": "Mus musculus", "tissue": "brain"}, {"me": 1.824442262302117, "pc": 0.16666666666666666, "marker_score": 0.39070225586502055, "symbol": "Fads1", "name": "fatty acid desaturase 1", "organism": "Mus musculus", "tissue": "brain"}, {"me": 3.301581892946074, "pc": 0.817025875770869, "marker_score": 0.38426049853886485, "symbol": "Apoe", "name": "apolipoprotein E", "organism": "Mus musculus", "tissue": "brain"}, {"me": 1.818900803244846, "pc": 0.14339754593426154, "marker_score": 0.36535200167586723, "symbol": "Slc6a9", "name": "solute carrier family 6 (neurotransmitter transporter, glycine), member 9", "organism": "Mus musculus", "tissue": "brain"}, {"me": 1.8912095100648942, "pc": 0.25227287176552865, "marker_score": 0.355714911847603, "symbol": "Acot1", "name": "acyl-CoA thioesterase 1", "organism": "Mus musculus", "tissue": "brain"}, {"me": 1.8623756463579137, "pc": 0.17674359463411532, "marker_score": 0.35452968413541375, "symbol": "Psat1", "name": "phosphoserine aminotransferase 1", "organism": "Mus musculus", "tissue": "brain"}, {"me": 1.9579686631870246, "pc": 0.37189268230656747, "marker_score": 0.340303017116966, "symbol": "Agrn", "name": "agrin", "organism": "Mus musculus", "tissue": "brain"}, {"me": 1.869625084743581, "pc": 0.2315150359209104, "marker_score": 0.33482864425993525, "symbol": "Adcyap1r1", "name": "adenylate cyclase activating polypeptide 1 receptor 1", "organism": "Mus musculus", "tissue": "brain"}, {"me": 2.1082517869298845, "pc": 0.23348591773157862, "marker_score": 0.33160638445976504, "symbol": "Hes5", "name": "hes family bHLH transcription factor 5", "organism": "Mus musculus", "tissue": "brain"}, {"me": 1.8228956892058377, "pc": 0.16771568440460297, "marker_score": 0.32489176569330425, "symbol": "Plxnb1", "name": "plexin B1", "organism": "Mus musculus", "tissue": "brain"}, {"me": 1.8256392373292099, "pc": 0.17216606268675694, "marker_score": 0.3069065738458154, "symbol": "Asrgl1", "name": "asparaginase like 1", "organism": "Mus musculus", "tissue": "brain"}, {"me": 1.833967934553872, "pc": 0.1604997139042533, "marker_score": 0.30542094331064534, "symbol": "Cdo1", "name": "cysteine dioxygenase 1, cytosolic", "organism": "Mus musculus", "tissue": "brain"}, {"me": 1.8496719258105045, "pc": 0.1612944243117808, "marker_score": 0.3050757943902976, "symbol": "Idi1", "name": "isopentenyl-diphosphate delta isomerase", "organism": "Mus musculus", "tissue": "brain"}, {"me": 2.2304254885993484, "pc": 0.6343378472884481, "marker_score": 0.2905657808816295, "symbol": "Hbb-bs", "name": "hemoglobin, beta adult s chain", "organism": "Mus musculus", "tissue": "brain"}, {"me": 2.0920473855462083, "pc": 0.1303642952508106, "marker_score": 0.2884721681887336, "symbol": "Aqp4", "name": "aquaporin 4", "organism": "Mus musculus", "tissue": "brain"}, {"me": 1.8602964248035507, "pc": 0.10922499841057919, "marker_score": 0.2865585459448454, "symbol": "Wnt7b", "name": "wingless-type MMTV integration site family, member 7B", "organism": "Mus musculus", "tissue": "brain"}, {"me": 1.8967542189056792, "pc": 0.09571492148261174, "marker_score": 0.2856943056265885, "symbol": "Sox21", "name": "SRY (sex determining region Y)-box 21", "organism": "Mus musculus", "tissue": "brain"}, {"me": 2.0474322793120976, "pc": 0.4690380825227287, "marker_score": 0.28331187270244484, "symbol": "Tubb2a", "name": "tubulin, beta 2A class IIA", "organism": "Mus musculus", "tissue": "brain"}, {"me": 1.9653591820461214, "pc": 0.46592281772522093, "marker_score": 0.282790384144577, "symbol": "Maged1", "name": "MAGE family member D1", "organism": "Mus musculus", "tissue": "brain"}, {"me": 1.9765030784462863, "pc": 0.07575179604552101, "marker_score": 0.27900406522265153, "symbol": "Slc14a2", "name": "solute carrier family 14 (urea transporter), member 2", "organism": "Mus musculus", "tissue": "brain"}, {"me": 1.9856489217232403, "pc": 0.31747091359908447, "marker_score": 0.2737068743374955, "symbol": "Aldoc", "name": "aldolase C, fructose-bisphosphate", "organism": "Mus musculus", "tissue": "brain"}, {"me": 1.8013144324247974, "pc": 0.10197723949392841, "marker_score": 0.26876796384086427, "symbol": "Kcnj10", "name": "potassium inwardly-rectifying channel, subfamily J, member 10", "organism": "Mus musculus", "tissue": "brain"}, {"me": 1.7687134096323265, "pc": 0.08840358573335877, "marker_score": 0.2659065427234071, "symbol": "Tril", "name": "TLR4 interactor with leucine-rich repeats", "organism": "Mus musculus", "tissue": "brain"}, {"me": 2.3179945893045413, "pc": 0.8140695530548668, "marker_score": 0.26027625771042884, "symbol": "Nfib", "name": "nuclear factor I/B", "organism": "Mus musculus", "tissue": "brain"}, {"me": 1.7974441459276018, "pc": 0.1053786000381461, "marker_score": 0.2583170653097577, "symbol": "Fjx1", "name": "four jointed box 1", "organism": "Mus musculus", "tissue": "brain"}, {"me": 1.8865032201536855, "pc": 0.11040116981371988, "marker_score": 0.25165705623018975, "symbol": "Lxn", "name": "latexin", "organism": "Mus musculus", "tissue": "brain"}, {"me": 1.9485770419875592, "pc": 0.06707355839532074, "marker_score": 0.24918115509071084, "symbol": "Agt", "name": "angiotensinogen (serpin peptidase inhibitor, clade A, member 8)", "organism": "Mus musculus", "tissue": "brain"}, {"me": 1.804341540971768, "pc": 0.14581346557314515, "marker_score": 0.23949192000655553, "symbol": "Septin9", "name": "septin 9", "organism": "Mus musculus", "tissue": "brain"}, {"me": 1.8307947035037138, "pc": 0.16262953779642697, "marker_score": 0.23696063114244945, "symbol": "Pou3f3", "name": "POU domain, class 3, transcription factor 3", "organism": "Mus musculus", "tissue": "brain"}, {"me": 1.8519938396095674, "pc": 0.11612308474791785, "marker_score": 0.2364963679946507, "symbol": "A2m", "name": "alpha-2-macroglobulin", "organism": "Mus musculus", "tissue": "brain"}, {"me": 1.814991472167045, "pc": 0.08401678428380698, "marker_score": 0.2348476438408429, "symbol": "Gdpd2", "name": "glycerophosphodiester phosphodiesterase domain containing 2", "organism": "Mus musculus", "tissue": "brain"}, {"me": 1.878339306288405, "pc": 0.2379680844300337, "marker_score": 0.23299253571689843, "symbol": "Hmgcr", "name": "3-hydroxy-3-methylglutaryl-Coenzyme A reductase", "organism": "Mus musculus", "tissue": "brain"}, {"me": 1.8225917742519304, "pc": 0.05763239875389408, "marker_score": 0.22860492469732638, "symbol": "Fam181b", "name": "family with sequence similarity 181, member B", "organism": "Mus musculus", "tissue": "brain"}, {"me": 1.7791639241834554, "pc": 0.1041388518024032, "marker_score": 0.22790060498168768, "symbol": "Slc27a1", "name": "solute carrier family 27 (fatty acid transporter), member 1", "organism": "Mus musculus", "tissue": "brain"}, {"me": 1.800009631849315, "pc": 0.11602771949901455, "marker_score": 0.2211607997326439, "symbol": "Trib2", "name": "tribbles pseudokinase 2", "organism": "Mus musculus", "tissue": "brain"}, {"me": 1.8547108334954183, "pc": 0.1838641998855617, "marker_score": 0.21794747810359733, "symbol": "Rgma", "name": "repulsive guidance molecule family member A", "organism": "Mus musculus", "tissue": "brain"}, {"me": 2.007087513261358, "pc": 0.3820331871066183, "marker_score": 0.21599095694076206, "symbol": "Nr2f1", "name": "nuclear receptor subfamily 2, group F, member 1", "organism": "Mus musculus", "tissue": "brain"}, {"me": 1.778460755749912, "pc": 0.09018373704622036, "marker_score": 0.21509633827170013, "symbol": "Fasn", "name": "fatty acid synthase", "organism": "Mus musculus", "tissue": "brain"}, {"me": 1.8793348064530366, "pc": 0.05626549685294679, "marker_score": 0.21309616186067795, "symbol": "Col2a1", "name": "collagen, type II, alpha 1", "organism": "Mus musculus", "tissue": "brain"}, {"me": 1.7808182554097476, "pc": 0.13974187805963506, "marker_score": 0.21274017927912633, "symbol": "Hsd17b12", "name": "hydroxysteroid (17-beta) dehydrogenase 12", "organism": "Mus musculus", "tissue": "brain"}, {"me": 1.8120067221254974, "pc": 0.05591582427363469, "marker_score": 0.2101647731008205, "symbol": "Scd1", "name": "stearoyl-Coenzyme A desaturase 1", "organism": "Mus musculus", "tissue": "brain"}, {"me": 1.7510801444933253, "pc": 0.06548413758026575, "marker_score": 0.20815562380754712, "symbol": "Etv4", "name": "ets variant 4", "organism": "Mus musculus", "tissue": "brain"}, {"me": 1.8466306521835218, "pc": 0.04494882064975523, "marker_score": 0.20692917345049697, "symbol": "Has2", "name": "hyaluronan synthase 2", "organism": "Mus musculus", "tissue": "brain"}, {"me": 1.9408228358121484, "pc": 0.3051052196579566, "marker_score": 0.20573442036389503, "symbol": "Sema6a", "name": "sema domain, transmembrane domain (TM), and cytoplasmic domain, (semaphorin) 6A", "organism": "Mus musculus", "tissue": "brain"}, {"me": 1.7869928238239694, "pc": 0.09561955623370844, "marker_score": 0.19788201411605197, "symbol": "Btbd17", "name": "BTB (POZ) domain containing 17", "organism": "Mus musculus", "tissue": "brain"}, {"me": 1.7901411056518555, "pc": 0.040689172865407845, "marker_score": 0.19718391841996288, "symbol": "Ephb3", "name": "Eph receptor B3", "organism": "Mus musculus", "tissue": "brain"}, {"me": 1.8617393545217455, "pc": 0.10817598067264289, "marker_score": 0.1971524609924452, "symbol": "Slc5a3", "name": "solute carrier family 5 (inositol transporters), member 3", "organism": "Mus musculus", "tissue": "brain"}, {"me": 2.116020397958689, "pc": 0.0819505372242355, "marker_score": 0.19351517163578927, "symbol": "Cenpf", "name": "centromere protein F", "organism": "Mus musculus", "tissue": "brain"}, {"me": 1.8016874973836237, "pc": 0.09492021107508423, "marker_score": 0.19067132786707194, "symbol": "Slc7a10", "name": "solute carrier family 7 (cationic amino acid transporter, y+ system), member 10", "organism": "Mus musculus", "tissue": "brain"}, {"me": 1.799135038967148, "pc": 0.03906796363405175, "marker_score": 0.18857708845400722, "symbol": "Cybrd1", "name": "cytochrome b reductase 1", "organism": "Mus musculus", "tissue": "brain"}, {"me": 1.7967347721535516, "pc": 0.11412041452094857, "marker_score": 0.18401619810048606, "symbol": "Vcam1", "name": "vascular cell adhesion molecule 1", "organism": "Mus musculus", "tissue": "brain"}, {"me": 1.7369435628255208, "pc": 0.90625, "marker_score": 2.0315569878705917, "symbol": "FSCN1", "name": "fascin actin-bundling protein 1", "organism": "Homo sapiens", "tissue": "lung"}, {"me": 1.5950453802449813, "pc": 0.7864583333333334, "marker_score": 1.8609499246122494, "symbol": "PLP1", "name": "proteolipid protein 1", "organism": "Homo sapiens", "tissue": "lung"}, {"me": 1.8032069959138568, "pc": 0.7916666666666666, "marker_score": 1.769000042835776, "symbol": "CRABP1", "name": "cellular retinoic acid binding protein 1", "organism": "Homo sapiens", "tissue": "lung"}, {"me": 1.658300085912777, "pc": 0.8229166666666666, "marker_score": 1.5601627000380864, "symbol": "PLS3", "name": "plastin 3", "organism": "Homo sapiens", "tissue": "lung"}, {"me": 2.5383153115549395, "pc": 0.96875, "marker_score": 1.5538739535759707, "symbol": "MARCKSL1", "name": "MARCKS like 1", "organism": "Homo sapiens", "tissue": "lung"}, {"me": 1.419947574013158, "pc": 0.6927083333333334, "marker_score": 1.4962055099180367, "symbol": "GFRA1", "name": "GDNF family receptor alpha 1", "organism": "Homo sapiens", "tissue": "lung"}, {"me": 3.0558936866554056, "pc": 0.9635416666666666, "marker_score": 1.4111186997496254, "symbol": "MDK", "name": "midkine", "organism": "Homo sapiens", "tissue": "lung"}, {"me": 2.228049217621026, "pc": 0.9010416666666666, "marker_score": 1.4022130349670952, "symbol": "HSPA1B", "name": "heat shock protein family A (Hsp70) member 1B", "organism": "Homo sapiens", "tissue": "lung"}, {"me": 1.6187592512406643, "pc": 0.828125, "marker_score": 1.3660921465094316, "symbol": "AP1S2", "name": "adaptor related protein complex 1 subunit sigma 2", "organism": "Homo sapiens", "tissue": "lung"}, {"me": 1.69317591875449, "pc": 0.90625, "marker_score": 1.361415644667395, "symbol": "PTOV1", "name": "PTOV1 extended AT-hook containing adaptor protein", "organism": "Homo sapiens", "tissue": "lung"}, {"me": 1.4870982596544715, "pc": 0.640625, "marker_score": 1.3029826482773776, "symbol": "PTPRZ1", "name": "protein tyrosine phosphatase receptor type Z1", "organism": "Homo sapiens", "tissue": "lung"}, {"me": 1.460467529296875, "pc": 0.625, "marker_score": 1.2617017584442702, "symbol": "MOXD1", "name": "monooxygenase DBH like 1", "organism": "Homo sapiens", "tissue": "lung"}, {"me": 1.5160377448332225, "pc": 0.734375, "marker_score": 1.2450007969893773, "symbol": "PGRMC1", "name": "progesterone receptor membrane component 1", "organism": "Homo sapiens", "tissue": "lung"}, {"me": 2.813962286411051, "pc": 0.9322916666666666, "marker_score": 1.2441087887026523, "symbol": "HSPA1A", "name": "heat shock protein family A (Hsp70) member 1A", "organism": "Homo sapiens", "tissue": "lung"}, {"me": 1.5852950856655459, "pc": 0.8229166666666666, "marker_score": 1.2195342538603062, "symbol": "NME4", "name": "NME/NM23 nucleoside diphosphate kinase 4", "organism": "Homo sapiens", "tissue": "lung"}, {"me": 1.4503605365753174, "pc": 0.6666666666666666, "marker_score": 1.2091582202943723, "symbol": "CUEDC2", "name": "CUE domain containing 2", "organism": "Homo sapiens", "tissue": "lung"}, {"me": 1.6981605080997242, "pc": 0.8854166666666666, "marker_score": 1.2048137444048805, "symbol": "LSM7", "name": "LSM7 homolog, U6 small nuclear RNA and mRNA degradation associated", "organism": "Homo sapiens", "tissue": "lung"}, {"me": 1.6343203092876233, "pc": 0.7916666666666666, "marker_score": 1.201865460055177, "symbol": "ID4", "name": "inhibitor of DNA binding 4", "organism": "Homo sapiens", "tissue": "lung"}, {"me": 1.4671096801757812, "pc": 0.6875, "marker_score": 1.1755108005090866, "symbol": "DNAJC1", "name": "DnaJ heat shock protein family (Hsp40) member C1", "organism": "Homo sapiens", "tissue": "lung"}, {"me": 1.5074493408203125, "pc": 0.5989583333333334, "marker_score": 1.146644969900592, "symbol": "CENPV", "name": "centromere protein V", "organism": "Homo sapiens", "tissue": "lung"}, {"me": 1.469883411854237, "pc": 0.578125, "marker_score": 1.1335148406941982, "symbol": "CDH6", "name": "cadherin 6", "organism": "Homo sapiens", "tissue": "lung"}, {"me": 1.7722453851809448, "pc": 0.90625, "marker_score": 1.1235656174796407, "symbol": "SFPQ", "name": "splicing factor proline and glutamine rich", "organism": "Homo sapiens", "tissue": "lung"}, {"me": 1.6285391671316964, "pc": 0.7291666666666666, "marker_score": 1.1174748769435414, "symbol": "CCND1", "name": "cyclin D1", "organism": "Homo sapiens", "tissue": "lung"}, {"me": 2.2541046967377536, "pc": 0.9635416666666666, "marker_score": 1.115008091403486, "symbol": "LDHB", "name": "lactate dehydrogenase B", "organism": "Homo sapiens", "tissue": "lung"}, {"me": 2.482548713684082, "pc": 0.8333333333333334, "marker_score": 1.1134803268790958, "symbol": "DNAJB1", "name": "DnaJ heat shock protein family (Hsp40) member B1", "organism": "Homo sapiens", "tissue": "lung"}, {"me": 1.6012542431171124, "pc": 0.5416666666666666, "marker_score": 1.1100203223310245, "symbol": "TMSB15A", "name": "thymosin beta 15A", "organism": "Homo sapiens", "tissue": "lung"}, {"me": 1.5042443676529644, "pc": 0.5572916666666666, "marker_score": 1.0975763265292569, "symbol": "HMGA2", "name": "high mobility group AT-hook 2", "organism": "Homo sapiens", "tissue": "lung"}, {"me": 4.371232377721908, "pc": 0.9791666666666666, "marker_score": 1.0914914685048207, "symbol": "VIM", "name": "vimentin", "organism": "Homo sapiens", "tissue": "lung"}, {"me": 1.4370458266314339, "pc": 0.7083333333333334, "marker_score": 1.0813189814744075, "symbol": "METTL9", "name": "methyltransferase like 9", "organism": "Homo sapiens", "tissue": "lung"}, {"me": 2.9094079200257648, "pc": 0.9791666666666666, "marker_score": 1.074256993649458, "symbol": "HSP90AB1", "name": "heat shock protein 90 alpha family class B member 1", "organism": "Homo sapiens", "tissue": "lung"}, {"me": 1.3582617376268524, "pc": 0.5052083333333334, "marker_score": 1.046925591339142, "symbol": "KCNQ2", "name": "potassium voltage-gated channel subfamily Q member 2", "organism": "Homo sapiens", "tissue": "lung"}, {"me": 1.5724959700074914, "pc": 0.7604166666666666, "marker_score": 1.03972993277061, "symbol": "POSTN", "name": "periostin", "organism": "Homo sapiens", "tissue": "lung"}, {"me": 1.5995968824241593, "pc": 0.890625, "marker_score": 1.0333567381206523, "symbol": "RBP1", "name": "retinol binding protein 1", "organism": "Homo sapiens", "tissue": "lung"}, {"me": 1.4068830808003743, "pc": 0.5, "marker_score": 1.0154897221988894, "symbol": "NKAIN4", "name": "sodium/potassium transporting ATPase interacting 4", "organism": "Homo sapiens", "tissue": "lung"}, {"me": 1.478711060803346, "pc": 0.515625, "marker_score": 1.0105180718095896, "symbol": "THY1", "name": "Thy-1 cell surface antigen", "organism": "Homo sapiens", "tissue": "lung"}, {"me": 3.3939726177014804, "pc": 0.9895833333333334, "marker_score": 1.004706369566091, "symbol": "HSP90AA1", "name": "heat shock protein 90 alpha family class A member 1", "organism": "Homo sapiens", "tissue": "lung"}, {"me": 1.591234827334164, "pc": 0.8489583333333334, "marker_score": 1.0021910283202615, "symbol": "APEX1", "name": "apurinic/apyrimidinic endodeoxyribonuclease 1", "organism": "Homo sapiens", "tissue": "lung"}, {"me": 1.3949303260216346, "pc": 0.5416666666666666, "marker_score": 1.0015691821077677, "symbol": "BZW2", "name": "basic leucine zipper and W2 domains 2", "organism": "Homo sapiens", "tissue": "lung"}, {"me": 1.9688893814533077, "pc": 0.890625, "marker_score": 0.989975601755688, "symbol": "HSPE1", "name": "heat shock protein family E (Hsp10) member 1", "organism": "Homo sapiens", "tissue": "lung"}, {"me": 1.458987747995477, "pc": 0.4947916666666667, "marker_score": 0.9639044445595717, "symbol": "ERBB3", "name": "erb-b2 receptor tyrosine kinase 3", "organism": "Homo sapiens", "tissue": "lung"}, {"me": 1.4943587654515316, "pc": 0.7916666666666666, "marker_score": 0.9618372728918183, "symbol": "ZNF428", "name": "zinc finger protein 428", "organism": "Homo sapiens", "tissue": "lung"}, {"me": 1.7937252468532987, "pc": 0.703125, "marker_score": 0.960790457820317, "symbol": "ASCL1", "name": "achaete-scute family bHLH transcription factor 1", "organism": "Homo sapiens", "tissue": "lung"}, {"me": 1.4404782070202773, "pc": 0.4635416666666667, "marker_score": 0.9527795590831505, "symbol": "DLX2", "name": "distal-less homeobox 2", "organism": "Homo sapiens", "tissue": "lung"}, {"me": 1.5385636722340303, "pc": 0.7083333333333334, "marker_score": 0.9510789624422986, "symbol": "CDK4", "name": "cyclin dependent kinase 4", "organism": "Homo sapiens", "tissue": "lung"}, {"me": 1.4542746258597088, "pc": 0.609375, "marker_score": 0.9490740847418399, "symbol": "CBX5", "name": "chromobox 5", "organism": "Homo sapiens", "tissue": "lung"}, {"me": 1.9265816428444602, "pc": 0.9166666666666666, "marker_score": 0.9033902066746362, "symbol": "HSPD1", "name": "heat shock protein family D (Hsp60) member 1", "organism": "Homo sapiens", "tissue": "lung"}, {"me": 1.3546977426813938, "pc": 0.453125, "marker_score": 0.8956952782079638, "symbol": "CNP", "name": "2',3'-cyclic nucleotide 3' phosphodiesterase", "organism": "Homo sapiens", "tissue": "lung"}, {"me": 1.471739540637379, "pc": 0.7395833333333334, "marker_score": 0.8922186390002342, "symbol": "PRMT1", "name": "protein arginine methyltransferase 1", "organism": "Homo sapiens", "tissue": "lung"}, {"me": 1.9036958113960598, "pc": 0.9583333333333334, "marker_score": 0.8899735740566692, "symbol": "HNRNPK", "name": "heterogeneous nuclear ribonucleoprotein K", "organism": "Homo sapiens", "tissue": "lung"}, {"me": 1.86843017578125, "pc": 0.9114583333333334, "marker_score": 0.8874868820955489, "symbol": "CKB", "name": "creatine kinase B", "organism": "Homo sapiens", "tissue": "lung"}, {"me": 4.19265828668115, "pc": 0.9739583333333334, "marker_score": 0.8814202795057646, "symbol": "GAPDH", "name": "glyceraldehyde-3-phosphate dehydrogenase", "organism": "Homo sapiens", "tissue": "lung"}, {"me": 1.8089252097069184, "pc": 0.9010416666666666, "marker_score": 0.8807000340306848, "symbol": "FUS", "name": "FUS RNA binding protein", "organism": "Homo sapiens", "tissue": "lung"}, {"me": 1.6166869518803615, "pc": 0.796875, "marker_score": 0.8790720290264924, "symbol": "MARCKS", "name": "myristoylated alanine rich protein kinase C substrate", "organism": "Homo sapiens", "tissue": "lung"}, {"me": 3.929672486004345, "pc": 0.9739583333333334, "marker_score": 0.8788802363740607, "symbol": "ACTG1", "name": "actin gamma 1", "organism": "Homo sapiens", "tissue": "lung"}, {"me": 1.404205061431624, "pc": 0.609375, "marker_score": 0.8786449239368047, "symbol": "HNRNPL", "name": "heterogeneous nuclear ribonucleoprotein L", "organism": "Homo sapiens", "tissue": "lung"}, {"me": 2.7320164506153395, "pc": 0.96875, "marker_score": 0.877563455273582, "symbol": "STMN1", "name": "stathmin 1", "organism": "Homo sapiens", "tissue": "lung"}, {"me": 1.3970348582548253, "pc": 0.4427083333333333, "marker_score": 0.8740179852723715, "symbol": "MLLT11", "name": "MLLT11 transcription factor 7 cofactor", "organism": "Homo sapiens", "tissue": "lung"}, {"me": 1.4351686617223227, "pc": 0.4270833333333333, "marker_score": 0.8726405694139575, "symbol": "MPZ", "name": "myelin protein zero", "organism": "Homo sapiens", "tissue": "lung"}, {"me": 1.6745458082719282, "pc": 0.9166666666666666, "marker_score": 0.8695665621020153, "symbol": "CNN3", "name": "calponin 3", "organism": "Homo sapiens", "tissue": "lung"}, {"me": 1.7766977374473314, "pc": 0.9270833333333334, "marker_score": 0.8680069229086422, "symbol": "SEPTIN7", "name": "septin 7", "organism": "Homo sapiens", "tissue": "lung"}, {"me": 1.3836455649517951, "pc": 0.4895833333333333, "marker_score": 0.8663802431353342, "symbol": "CBX1", "name": "chromobox 1", "organism": "Homo sapiens", "tissue": "lung"}, {"me": 1.4265628662109375, "pc": 0.6510416666666666, "marker_score": 0.8658521395027278, "symbol": "SNRPB2", "name": "small nuclear ribonucleoprotein polypeptide B2", "organism": "Homo sapiens", "tissue": "lung"}, {"me": 1.5028045896499875, "pc": 0.65625, "marker_score": 0.8608976398809693, "symbol": "HNRNPH3", "name": "heterogeneous nuclear ribonucleoprotein H3", "organism": "Homo sapiens", "tissue": "lung"}, {"me": 1.5666979754412615, "pc": 0.703125, "marker_score": 0.8581423166993354, "symbol": "CACYBP", "name": "calcyclin binding protein", "organism": "Homo sapiens", "tissue": "lung"}, {"me": 1.3394399503382242, "pc": 0.4270833333333333, "marker_score": 0.8531432027215324, "symbol": "GPM6B", "name": "glycoprotein M6B", "organism": "Homo sapiens", "tissue": "lung"}, {"me": 1.475494069066541, "pc": 0.7552083333333334, "marker_score": 0.8496193660467646, "symbol": "CCT2", "name": "chaperonin containing TCP1 subunit 2", "organism": "Homo sapiens", "tissue": "lung"}, {"me": 1.7185332703733158, "pc": 0.8697916666666666, "marker_score": 0.8456099701172801, "symbol": "HNRNPA3", "name": "heterogeneous nuclear ribonucleoprotein A3", "organism": "Homo sapiens", "tissue": "lung"}, {"me": 1.6387176513671875, "pc": 0.4322916666666667, "marker_score": 0.8414445074872433, "symbol": "DLL3", "name": "delta like canonical Notch ligand 3", "organism": "Homo sapiens", "tissue": "lung"}, {"me": 1.5698795587244168, "pc": 0.7395833333333334, "marker_score": 0.8412304051237023, "symbol": "TUBB2B", "name": "tubulin beta 2B class IIb", "organism": "Homo sapiens", "tissue": "lung"}, {"me": 2.165402104945782, "pc": 0.953125, "marker_score": 0.840688983374765, "symbol": "RAN", "name": "RAN, member RAS oncogene family", "organism": "Homo sapiens", "tissue": "lung"}, {"me": 1.6139969423592808, "pc": 0.8645833333333334, "marker_score": 0.8395362246986917, "symbol": "SEM1", "name": "SEM1 26S proteasome subunit", "organism": "Homo sapiens", "tissue": "lung"}, {"me": 1.4009324980945121, "pc": 0.4270833333333333, "marker_score": 0.8373555541594567, "symbol": "MSRB2", "name": "methionine sulfoxide reductase B2", "organism": "Homo sapiens", "tissue": "lung"}, {"me": 1.5697409685920267, "pc": 0.7083333333333334, "marker_score": 0.8353759823728582, "symbol": "NNAT", "name": "neuronatin", "organism": "Homo sapiens", "tissue": "lung"}, {"me": 1.361394500732422, "pc": 0.4166666666666667, "marker_score": 0.8342307452387714, "symbol": "METRN", "name": "meteorin, glial cell differentiation regulator", "organism": "Homo sapiens", "tissue": "lung"}, {"me": 1.599412388955393, "pc": 0.8072916666666666, "marker_score": 0.8300552426304548, "symbol": "KHDRBS1", "name": "KH RNA binding domain containing, signal transduction associated 1", "organism": "Homo sapiens", "tissue": "lung"}, {"me": 3.951906880373677, "pc": 0.984375, "marker_score": 0.8264185253863472, "symbol": "RPLP0", "name": "ribosomal protein lateral stalk subunit P0", "organism": "Homo sapiens", "tissue": "lung"}, {"me": 1.4951943062447213, "pc": 0.7708333333333334, "marker_score": 0.8261574383760305, "symbol": "CCT3", "name": "chaperonin containing TCP1 subunit 3", "organism": "Homo sapiens", "tissue": "lung"}, {"me": 1.3713028366501268, "pc": 0.3854166666666667, "marker_score": 0.8151121708603271, "symbol": "DLX1", "name": "distal-less homeobox 1", "organism": "Homo sapiens", "tissue": "lung"}, {"me": 1.7493938577586208, "pc": 0.90625, "marker_score": 0.8146389827343171, "symbol": "HMGA1", "name": "high mobility group AT-hook 1", "organism": "Homo sapiens", "tissue": "lung"}, {"me": 1.362981649545523, "pc": 0.40625, "marker_score": 0.811088527589153, "symbol": "GAS7", "name": "growth arrest specific 7", "organism": "Homo sapiens", "tissue": "lung"}, {"me": 1.499411596010809, "pc": 0.7604166666666666, "marker_score": 0.8094899770345956, "symbol": "CCT4", "name": "chaperonin containing TCP1 subunit 4", "organism": "Homo sapiens", "tissue": "lung"}, {"me": 1.3691318066089184, "pc": 0.4010416666666667, "marker_score": 0.8085546461395754, "symbol": "NES", "name": "nestin", "organism": "Homo sapiens", "tissue": "lung"}, {"me": 1.7491864789256732, "pc": 0.9427083333333334, "marker_score": 0.8078515430303472, "symbol": "YWHAE", "name": "tyrosine 3-monooxygenase/tryptophan 5-monooxygenase activation protein epsilon", "organism": "Homo sapiens", "tissue": "lung"}, {"me": 1.8415428026188054, "pc": 0.8802083333333334, "marker_score": 0.8046988013741847, "symbol": "HSPA5", "name": "heat shock protein family A (Hsp70) member 5", "organism": "Homo sapiens", "tissue": "lung"}, {"me": 1.9960788265689389, "pc": 0.9479166666666666, "marker_score": 0.8031517224571695, "symbol": "SLC25A3", "name": "solute carrier family 25 member 3", "organism": "Homo sapiens", "tissue": "lung"}, {"me": 1.4718370179872255, "pc": 0.3854166666666667, "marker_score": 0.8030370172353016, "symbol": "PHOX2B", "name": "paired like homeobox 2B", "organism": "Homo sapiens", "tissue": "lung"}, {"me": 1.4787730091022995, "pc": 0.828125, "marker_score": 0.7994082231281969, "symbol": "RTRAF", "name": "RNA transcription, translation and transport factor", "organism": "Homo sapiens", "tissue": "lung"}, {"me": 1.3342741103399367, "pc": 0.4375, "marker_score": 0.7950542223176448, "symbol": "CRMP1", "name": "collapsin response mediator protein 1", "organism": "Homo sapiens", "tissue": "lung"}, {"me": 1.4364639282226563, "pc": 0.390625, "marker_score": 0.790108827864477, "symbol": "EFNB2", "name": "ephrin B2", "organism": "Homo sapiens", "tissue": "lung"}, {"me": 1.3845428260597024, "pc": 0.3854166666666667, "marker_score": 0.7896557689582799, "symbol": "HAND2", "name": "heart and neural crest derivatives expressed 2", "organism": "Homo sapiens", "tissue": "lung"}, {"me": 2.0434556749131945, "pc": 0.9375, "marker_score": 0.7895306115106027, "symbol": "HNRNPDL", "name": "heterogeneous nuclear ribonucleoprotein D like", "organism": "Homo sapiens", "tissue": "lung"}, {"me": 1.52102448668661, "pc": 0.8229166666666666, "marker_score": 0.7855852001579694, "symbol": "PHB2", "name": "prohibitin 2", "organism": "Homo sapiens", "tissue": "lung"}, {"me": 1.7608403669084822, "pc": 0.9114583333333334, "marker_score": 0.7855755291885373, "symbol": "HNRNPA0", "name": "heterogeneous nuclear ribonucleoprotein A0", "organism": "Homo sapiens", "tissue": "lung"}, {"me": 1.3937016929068216, "pc": 0.640625, "marker_score": 0.7840878544414406, "symbol": "PUF60", "name": "poly(U) binding splicing factor 60", "organism": "Homo sapiens", "tissue": "lung"}, {"me": 1.5343992569867302, "pc": 0.7083333333333334, "marker_score": 0.7751279349917121, "symbol": "HDAC2", "name": "histone deacetylase 2", "organism": "Homo sapiens", "tissue": "lung"}, {"me": 1.3126921220259233, "pc": 0.4010416666666667, "marker_score": 0.7738029197942633, "symbol": "CHD7", "name": "chromodomain helicase DNA binding protein 7", "organism": "Homo sapiens", "tissue": "lung"}, {"me": 1.9571340992964434, "pc": 0.9427083333333334, "marker_score": 0.7729311331129414, "symbol": "IGFBP2", "name": "insulin like growth factor binding protein 2", "organism": "Homo sapiens", "tissue": "lung"}, {"me": 1.491802266438802, "pc": 0.78125, "marker_score": 0.7717332011032265, "symbol": "PPP2R1A", "name": "protein phosphatase 2 scaffold subunit Aalpha", "organism": "Homo sapiens", "tissue": "lung"}, {"me": 1.531444091796875, "pc": 0.78125, "marker_score": 0.7685693747033675, "symbol": "SRSF9", "name": "serine and arginine rich splicing factor 9", "organism": "Homo sapiens", "tissue": "lung"}, {"me": 1.4507530799278847, "pc": 0.6770833333333334, "marker_score": 0.765388741360469, "symbol": "RCN2", "name": "reticulocalbin 2", "organism": "Homo sapiens", "tissue": "lung"}, {"me": 3.7299397012527056, "pc": 0.9693559666857398, "marker_score": 3.5398692729644408, "symbol": "Fabp7", "name": "fatty acid binding protein 7, brain", "organism": "Mus musculus", "tissue": "All Tissues"}, {"me": 3.351890668055649, "pc": 0.9459596922881303, "marker_score": 3.031970937693287, "symbol": "Ptprz1", "name": "protein tyrosine phosphatase, receptor type Z, polypeptide 1", "organism": "Mus musculus", "tissue": "All Tissues"}, {"me": 3.8097308581287845, "pc": 0.9764765719371861, "marker_score": 2.272873923290023, "symbol": "Ptn", "name": "pleiotrophin", "organism": "Mus musculus", "tissue": "All Tissues"}, {"me": 3.2270254726451397, "pc": 0.9499968211583699, "marker_score": 2.1527381539219017, "symbol": "Scd2", "name": "stearoyl-Coenzyme A desaturase 2", "organism": "Mus musculus", "tissue": "All Tissues"}, {"me": 3.0301679251503746, "pc": 0.9882700743848941, "marker_score": 2.096723821978743, "symbol": "Marcks", "name": "myristoylated alanine rich protein kinase C substrate", "organism": "Mus musculus", "tissue": "All Tissues"}, {"me": 2.79655661897666, "pc": 0.9492974759997457, "marker_score": 1.8764341680055452, "symbol": "Ckb", "name": "creatine kinase, brain", "organism": "Mus musculus", "tissue": "All Tissues"}, {"me": 2.5985520524626025, "pc": 0.901010871638375, "marker_score": 1.749298355596728, "symbol": "Tubb2b", "name": "tubulin, beta 2B class IIB", "organism": "Mus musculus", "tissue": "All Tissues"}, {"me": 2.7200547336148992, "pc": 0.9370589357238223, "marker_score": 1.7114147989431774, "symbol": "Qk", "name": "quaking, KH domain containing RNA binding", "organism": "Mus musculus", "tissue": "All Tissues"}, {"me": 2.488718494693843, "pc": 0.7548477334859177, "marker_score": 1.5064311253877725, "symbol": "Slc1a3", "name": "solute carrier family 1 (glial high affinity glutamate transporter), member 3", "organism": "Mus musculus", "tissue": "All Tissues"}, {"me": 2.248914901967242, "pc": 0.7239176044249476, "marker_score": 1.501036807875183, "symbol": "Ttyh1", "name": "tweety family member 1", "organism": "Mus musculus", "tissue": "All Tissues"}, {"me": 2.1382215404178777, "pc": 0.6671434929111831, "marker_score": 1.3362814652418344, "symbol": "Cspg5", "name": "chondroitin sulfate proteoglycan 5", "organism": "Mus musculus", "tissue": "All Tissues"}, {"me": 2.5037900245574907, "pc": 0.6698772967130777, "marker_score": 1.324250205132747, "symbol": "Ncan", "name": "neurocan", "organism": "Mus musculus", "tissue": "All Tissues"}, {"me": 2.497473927906876, "pc": 0.7345985123021171, "marker_score": 1.2524259207779982, "symbol": "Atp1a2", "name": "ATPase, Na+/K+ transporting, alpha 2 polypeptide", "organism": "Mus musculus", "tissue": "All Tissues"}, {"me": 2.573136427566807, "pc": 0.9040625596032805, "marker_score": 1.2066669651076274, "symbol": "Nnat", "name": "neuronatin", "organism": "Mus musculus", "tissue": "All Tissues"}, {"me": 2.205056252187281, "pc": 0.6358319028545998, "marker_score": 1.1053824479144043, "symbol": "Ndrg2", "name": "N-myc downstream regulated gene 2", "organism": "Mus musculus", "tissue": "All Tissues"}, {"me": 2.3217799771864347, "pc": 0.7367601246105919, "marker_score": 1.0779100175302156, "symbol": "Hmgcs1", "name": "3-hydroxy-3-methylglutaryl-Coenzyme A synthase 1", "organism": "Mus musculus", "tissue": "All Tissues"}, {"me": 2.172686967280726, "pc": 0.5780723504355013, "marker_score": 0.9507289477267471, "symbol": "Ednrb", "name": "endothelin receptor type B", "organism": "Mus musculus", "tissue": "All Tissues"}, {"me": 2.4793402053190503, "pc": 0.6854854091169178, "marker_score": 0.9355121872817191, "symbol": "Mfge8", "name": "milk fat globule EGF and factor V/VIII domain containing", "organism": "Mus musculus", "tissue": "All Tissues"}, {"me": 2.254903678666224, "pc": 0.4790514336575752, "marker_score": 0.932729932130197, "symbol": "Slc6a11", "name": "solute carrier family 6 (neurotransmitter transporter, GABA), member 11", "organism": "Mus musculus", "tissue": "All Tissues"}, {"me": 2.169232319980621, "pc": 0.6233390552482675, "marker_score": 0.9079108141812329, "symbol": "Pea15a", "name": "proliferation and apoptosis adaptor protein 15A", "organism": "Mus musculus", "tissue": "All Tissues"}, {"me": 2.2047799577149525, "pc": 0.45622735075338544, "marker_score": 0.8923057081137891, "symbol": "Bcan", "name": "brevican", "organism": "Mus musculus", "tissue": "All Tissues"}, {"me": 2.016217774849161, "pc": 0.5057854917668002, "marker_score": 0.8618270178693381, "symbol": "Ttyh3", "name": "tweety family member 3", "organism": "Mus musculus", "tissue": "All Tissues"}, {"me": 2.3179945893045413, "pc": 0.8140695530548668, "marker_score": 0.8269258702382052, "symbol": "Nfib", "name": "nuclear factor I/B", "organism": "Mus musculus", "tissue": "All Tissues"}, {"me": 2.516678479381443, "pc": 0.8479560048318393, "marker_score": 0.8193701922659188, "symbol": "Gpm6b", "name": "glycoprotein m6b", "organism": "Mus musculus", "tissue": "All Tissues"}, {"me": 2.2185299315330207, "pc": 0.447167652107572, "marker_score": 0.8190351022028468, "symbol": "Tnc", "name": "tenascin C", "organism": "Mus musculus", "tissue": "All Tissues"}, {"me": 3.025686822522002, "pc": 0.9355013033250683, "marker_score": 0.8107737370010197, "symbol": "Dbi", "name": "diazepam binding inhibitor", "organism": "Mus musculus", "tissue": "All Tissues"}, {"me": 1.9559752680186662, "pc": 0.3865789306376756, "marker_score": 0.784416013422165, "symbol": "Mmd2", "name": "monocyte to macrophage differentiation-associated 2", "organism": "Mus musculus", "tissue": "All Tissues"}, {"me": 2.0858226102941178, "pc": 0.3523428062813911, "marker_score": 0.7206027072388527, "symbol": "Olig1", "name": "oligodendrocyte transcription factor 1", "organism": "Mus musculus", "tissue": "All Tissues"}, {"me": 2.3356685756365936, "pc": 0.6529022824082904, "marker_score": 0.7178055002931325, "symbol": "Serpine2", "name": "serine (or cysteine) peptidase inhibitor, clade E, member 2", "organism": "Mus musculus", "tissue": "All Tissues"}, {"me": 1.9579686631870246, "pc": 0.37189268230656747, "marker_score": 0.6980163378294144, "symbol": "Agrn", "name": "agrin", "organism": "Mus musculus", "tissue": "All Tissues"}, {"me": 2.1321218274429317, "pc": 0.6350054040307712, "marker_score": 0.69285669218998, "symbol": "Sox9", "name": "SRY (sex determining region Y)-box 9", "organism": "Mus musculus", "tissue": "All Tissues"}, {"me": 2.0022837577160493, "pc": 0.32185771504863625, "marker_score": 0.6775980989059536, "symbol": "Rfx4", "name": "regulatory factor X, 4 (influences HLA class II expression)", "organism": "Mus musculus", "tissue": "All Tissues"}, {"me": 1.9856489217232403, "pc": 0.31747091359908447, "marker_score": 0.6425306208535108, "symbol": "Aldoc", "name": "aldolase C, fructose-bisphosphate", "organism": "Mus musculus", "tissue": "All Tissues"}, {"me": 1.9156759510869565, "pc": 0.3436327802148897, "marker_score": 0.6408711923532694, "symbol": "Adgrg1", "name": "adhesion G protein-coupled receptor G1", "organism": "Mus musculus", "tissue": "All Tissues"}, {"me": 1.9523687538638959, "pc": 0.3342234089897641, "marker_score": 0.6407820117230711, "symbol": "Sox2", "name": "SRY (sex determining region Y)-box 2", "organism": "Mus musculus", "tissue": "All Tissues"}, {"me": 2.013464644869802, "pc": 0.32716638057091996, "marker_score": 0.6251965479607728, "symbol": "Metrn", "name": "meteorin, glial cell differentiation regulator", "organism": "Mus musculus", "tissue": "All Tissues"}, {"me": 1.9730789512410478, "pc": 0.3240193273571111, "marker_score": 0.6239127976540604, "symbol": "Ptch1", "name": "patched 1", "organism": "Mus musculus", "tissue": "All Tissues"}, {"me": 3.1623967339536927, "pc": 0.8676966113548223, "marker_score": 0.5858332842159201, "symbol": "Cpe", "name": "carboxypeptidase E", "organism": "Mus musculus", "tissue": "All Tissues"}, {"me": 1.8582985617897727, "pc": 0.25176425710471106, "marker_score": 0.5757458839179223, "symbol": "Hepacam", "name": "hepatocyte cell adhesion molecule", "organism": "Mus musculus", "tissue": "All Tissues"}, {"me": 2.118536768670011, "pc": 0.6780787081187615, "marker_score": 0.5709568954830758, "symbol": "Nfia", "name": "nuclear factor I/A", "organism": "Mus musculus", "tissue": "All Tissues"}, {"me": 1.9145020734693217, "pc": 0.24505690126517896, "marker_score": 0.554475778458097, "symbol": "Paqr8", "name": "progestin and adipoQ receptor family member VIII", "organism": "Mus musculus", "tissue": "All Tissues"}, {"me": 2.0474322793120976, "pc": 0.4690380825227287, "marker_score": 0.5402103829128608, "symbol": "Tubb2a", "name": "tubulin, beta 2A class IIA", "organism": "Mus musculus", "tissue": "All Tissues"}, {"me": 2.1082517869298845, "pc": 0.23348591773157862, "marker_score": 0.5384435686095436, "symbol": "Hes5", "name": "hes family bHLH transcription factor 5", "organism": "Mus musculus", "tissue": "All Tissues"}, {"me": 2.5022350804113134, "pc": 0.7125691398054549, "marker_score": 0.5355531153028081, "symbol": "Mt3", "name": "metallothionein 3", "organism": "Mus musculus", "tissue": "All Tissues"}, {"me": 2.0152093930127633, "pc": 0.46325259075592856, "marker_score": 0.532305031945885, "symbol": "Plpp3", "name": "phospholipid phosphatase 3", "organism": "Mus musculus", "tissue": "All Tissues"}, {"me": 1.9408228358121484, "pc": 0.3051052196579566, "marker_score": 0.5225610082962179, "symbol": "Sema6a", "name": "sema domain, transmembrane domain (TM), and cytoplasmic domain, (semaphorin) 6A", "organism": "Mus musculus", "tissue": "All Tissues"}, {"me": 1.9100022858898504, "pc": 0.2699790196452413, "marker_score": 0.5192920559704038, "symbol": "Aldh1l1", "name": "aldehyde dehydrogenase 1 family, member L1", "organism": "Mus musculus", "tissue": "All Tissues"}, {"me": 1.869625084743581, "pc": 0.2315150359209104, "marker_score": 0.5152201758377298, "symbol": "Adcyap1r1", "name": "adenylate cyclase activating polypeptide 1 receptor 1", "organism": "Mus musculus", "tissue": "All Tissues"}, {"me": 2.076212250427573, "pc": 0.21374531120859558, "marker_score": 0.5105060014687919, "symbol": "Fgfbp3", "name": "fibroblast growth factor binding protein 3", "organism": "Mus musculus", "tissue": "All Tissues"}, {"me": 1.952284767253358, "pc": 0.3431559539703732, "marker_score": 0.5074678577846812, "symbol": "Msmo1", "name": "methylsterol monoxygenase 1", "organism": "Mus musculus", "tissue": "All Tissues"}, {"me": 1.8753056380942787, "pc": 0.19724712314832474, "marker_score": 0.49154298041288125, "symbol": "Mlc1", "name": "megalencephalic leukoencephalopathy with subcortical cysts 1 homolog (human)", "organism": "Mus musculus", "tissue": "All Tissues"}, {"me": 1.9046890593812376, "pc": 0.2388899485027656, "marker_score": 0.4849800608446597, "symbol": "2310022B05Rik", "name": "RIKEN cDNA 2310022B05 gene", "organism": "Mus musculus", "tissue": "All Tissues"}, {"me": 1.9433549803732146, "pc": 0.32494119142984296, "marker_score": 0.47903232963043413, "symbol": "Fzd3", "name": "frizzled class receptor 3", "organism": "Mus musculus", "tissue": "All Tissues"}, {"me": 2.007087513261358, "pc": 0.3820331871066183, "marker_score": 0.477313462586458, "symbol": "Nr2f1", "name": "nuclear receptor subfamily 2, group F, member 1", "organism": "Mus musculus", "tissue": "All Tissues"}, {"me": 2.031579862349333, "pc": 0.4457053849577214, "marker_score": 0.47298815687448936, "symbol": "Glud1", "name": "glutamate dehydrogenase 1", "organism": "Mus musculus", "tissue": "All Tissues"}, {"me": 2.0009920807778085, "pc": 0.22805009854409053, "marker_score": 0.4541729559286404, "symbol": "Pla2g7", "name": "phospholipase A2, group VII (platelet-activating factor acetylhydrolase, plasma)", "organism": "Mus musculus", "tissue": "All Tissues"}, {"me": 1.9829073766603416, "pc": 0.28479242164155383, "marker_score": 0.4459724671743645, "symbol": "Gm47283", "name": "erythroid differentiation regulator 1 x", "organism": "Mus musculus", "tissue": "All Tissues"}, {"me": 1.8942096198539176, "pc": 0.16755674232309747, "marker_score": 0.44425636701403537, "symbol": "Sall3", "name": "spalt like transcription factor 3", "organism": "Mus musculus", "tissue": "All Tissues"}, {"me": 1.8256392373292099, "pc": 0.17216606268675694, "marker_score": 0.41614664086461156, "symbol": "Asrgl1", "name": "asparaginase like 1", "organism": "Mus musculus", "tissue": "All Tissues"}, {"me": 1.8547108334954183, "pc": 0.1838641998855617, "marker_score": 0.41424164496889093, "symbol": "Rgma", "name": "repulsive guidance molecule family member A", "organism": "Mus musculus", "tissue": "All Tissues"}, {"me": 1.8228956892058377, "pc": 0.16771568440460297, "marker_score": 0.41082212115360317, "symbol": "Plxnb1", "name": "plexin B1", "organism": "Mus musculus", "tissue": "All Tissues"}, {"me": 1.9057776978352157, "pc": 0.21953080297539576, "marker_score": 0.38260417715220857, "symbol": "Abca1", "name": "ATP-binding cassette, sub-family A (ABC1), member 1", "organism": "Mus musculus", "tissue": "All Tissues"}, {"me": 1.818900803244846, "pc": 0.14339754593426154, "marker_score": 0.3815070786628859, "symbol": "Slc6a9", "name": "solute carrier family 6 (neurotransmitter transporter, glycine), member 9", "organism": "Mus musculus", "tissue": "All Tissues"}, {"me": 1.8361785035194633, "pc": 0.16822429906542055, "marker_score": 0.3805041639446285, "symbol": "Itgb8", "name": "integrin beta 8", "organism": "Mus musculus", "tissue": "All Tissues"}, {"me": 1.883027626467279, "pc": 0.2613325704113421, "marker_score": 0.37424147978284306, "symbol": "Cyp51", "name": "cytochrome P450, family 51", "organism": "Mus musculus", "tissue": "All Tissues"}, {"me": 2.0720477120266887, "pc": 0.3299319727891156, "marker_score": 0.37364063662573255, "symbol": "Sox11", "name": "SRY (sex determining region Y)-box 11", "organism": "Mus musculus", "tissue": "All Tissues"}, {"me": 1.9234371406393744, "pc": 0.17277004259647785, "marker_score": 0.3719703184909078, "symbol": "Tmem47", "name": "transmembrane protein 47", "organism": "Mus musculus", "tissue": "All Tissues"}, {"me": 1.8307947035037138, "pc": 0.16262953779642697, "marker_score": 0.3606863600560293, "symbol": "Pou3f3", "name": "POU domain, class 3, transcription factor 3", "organism": "Mus musculus", "tissue": "All Tissues"}, {"me": 1.8519938396095674, "pc": 0.11612308474791785, "marker_score": 0.35910020186590635, "symbol": "A2m", "name": "alpha-2-macroglobulin", "organism": "Mus musculus", "tissue": "All Tissues"}, {"me": 2.054052993679289, "pc": 0.5507025240002543, "marker_score": 0.3538119074368521, "symbol": "Ptprs", "name": "protein tyrosine phosphatase, receptor type, S", "organism": "Mus musculus", "tissue": "All Tissues"}, {"me": 1.8298696940502601, "pc": 0.20776908894398882, "marker_score": 0.3508037290678269, "symbol": "Cadm4", "name": "cell adhesion molecule 4", "organism": "Mus musculus", "tissue": "All Tissues"}, {"me": 1.8135971075910169, "pc": 0.14756182846970564, "marker_score": 0.34875694173046823, "symbol": "Lrig1", "name": "leucine-rich repeats and immunoglobulin-like domains 1", "organism": "Mus musculus", "tissue": "All Tissues"}, {"me": 2.5562491463303587, "pc": 0.8727509695466972, "marker_score": 0.3348394519242325, "symbol": "Tuba1a", "name": "tubulin, alpha 1A", "organism": "Mus musculus", "tissue": "All Tissues"}, {"me": 1.9543681572121006, "pc": 0.32627630491448917, "marker_score": 0.3291563517574401, "symbol": "Gm3764", "name": "predicted gene 3764", "organism": "Mus musculus", "tissue": "All Tissues"}, {"me": 1.8773601466049383, "pc": 0.19311462902918178, "marker_score": 0.32820782544034843, "symbol": "Fgfr3", "name": "fibroblast growth factor receptor 3", "organism": "Mus musculus", "tissue": "All Tissues"}, {"me": 1.8786270263167602, "pc": 0.1077309428444275, "marker_score": 0.32636193045039746, "symbol": "Pou3f2", "name": "POU domain, class 3, transcription factor 2", "organism": "Mus musculus", "tissue": "All Tissues"}, {"me": 1.8647689195815627, "pc": 0.09724076546506454, "marker_score": 0.3258283717103857, "symbol": "Otx2", "name": "orthodenticle homeobox 2", "organism": "Mus musculus", "tissue": "All Tissues"}, {"me": 1.824442262302117, "pc": 0.16666666666666666, "marker_score": 0.3218507815262638, "symbol": "Fads1", "name": "fatty acid desaturase 1", "organism": "Mus musculus", "tissue": "All Tissues"}, {"me": 1.7869928238239694, "pc": 0.09561955623370844, "marker_score": 0.3212285284808697, "symbol": "Btbd17", "name": "BTB (POZ) domain containing 17", "organism": "Mus musculus", "tissue": "All Tissues"}, {"me": 2.232832561676526, "pc": 0.47288448089516183, "marker_score": 0.3208165463195397, "symbol": "Luzp2", "name": "leucine zipper protein 2", "organism": "Mus musculus", "tissue": "All Tissues"}, {"me": 2.195021315891796, "pc": 0.5722868586687011, "marker_score": 0.31870903962597297, "symbol": "Slc4a4", "name": "solute carrier family 4 (anion exchanger), member 4", "organism": "Mus musculus", "tissue": "All Tissues"}, {"me": 1.8967542189056792, "pc": 0.09571492148261174, "marker_score": 0.3108605769568177, "symbol": "Sox21", "name": "SRY (sex determining region Y)-box 21", "organism": "Mus musculus", "tissue": "All Tissues"}, {"me": 2.2304254885993484, "pc": 0.6343378472884481, "marker_score": 0.31007262139592007, "symbol": "Hbb-bs", "name": "hemoglobin, beta adult s chain", "organism": "Mus musculus", "tissue": "All Tissues"}, {"me": 2.122090677411483, "pc": 0.7164473265941891, "marker_score": 0.30778915534274726, "symbol": "Eif4g2", "name": "eukaryotic translation initiation factor 4, gamma 2", "organism": "Mus musculus", "tissue": "All Tissues"}, {"me": 1.8013144324247974, "pc": 0.10197723949392841, "marker_score": 0.3044639478538855, "symbol": "Kcnj10", "name": "potassium inwardly-rectifying channel, subfamily J, member 10", "organism": "Mus musculus", "tissue": "All Tissues"}, {"me": 1.8744860836806418, "pc": 0.2555152902282408, "marker_score": 0.3034766445464065, "symbol": "Tead1", "name": "TEA domain family member 1", "organism": "Mus musculus", "tissue": "All Tissues"}, {"me": 1.8016874973836237, "pc": 0.09492021107508423, "marker_score": 0.3032117317403918, "symbol": "Slc7a10", "name": "solute carrier family 7 (cationic amino acid transporter, y+ system), member 10", "organism": "Mus musculus", "tissue": "All Tissues"}, {"me": 1.878339306288405, "pc": 0.2379680844300337, "marker_score": 0.30303105438439637, "symbol": "Hmgcr", "name": "3-hydroxy-3-methylglutaryl-Coenzyme A reductase", "organism": "Mus musculus", "tissue": "All Tissues"}, {"me": 2.0038271161434134, "pc": 0.4652552609828978, "marker_score": 0.2957435339668588, "symbol": "Arhgap5", "name": "Rho GTPase activating protein 5", "organism": "Mus musculus", "tissue": "All Tissues"}, {"me": 1.7974441459276018, "pc": 0.1053786000381461, "marker_score": 0.29455174997746325, "symbol": "Fjx1", "name": "four jointed box 1", "organism": "Mus musculus", "tissue": "All Tissues"}, {"me": 3.301581892946074, "pc": 0.817025875770869, "marker_score": 0.28678989212056627, "symbol": "Apoe", "name": "apolipoprotein E", "organism": "Mus musculus", "tissue": "All Tissues"}, {"me": 1.8602964248035507, "pc": 0.10922499841057919, "marker_score": 0.2865711662411359, "symbol": "Wnt7b", "name": "wingless-type MMTV integration site family, member 7B", "organism": "Mus musculus", "tissue": "All Tissues"}, {"me": 1.7935636215149617, "pc": 0.12057346303007184, "marker_score": 0.2841938066186958, "symbol": "Slc1a4", "name": "solute carrier family 1 (glutamate/neutral amino acid transporter), member 4", "organism": "Mus musculus", "tissue": "All Tissues"}, {"me": 2.0065642523223914, "pc": 0.16510903426791276, "marker_score": 0.2813679871955244, "symbol": "Zic1", "name": "zinc finger protein of the cerebellum 1", "organism": "Mus musculus", "tissue": "All Tissues"}, {"me": 2.101760723956882, "pc": 0.11408862610464747, "marker_score": 0.27383250310923746, "symbol": "Zic4", "name": "zinc finger protein of the cerebellum 4", "organism": "Mus musculus", "tissue": "All Tissues"}, {"me": 1.8406341831406645, "pc": 0.1636149787017611, "marker_score": 0.27234202318231726, "symbol": "Notch1", "name": "notch 1", "organism": "Mus musculus", "tissue": "All Tissues"}, {"me": 1.7791639241834554, "pc": 0.1041388518024032, "marker_score": 0.26468940998535, "symbol": "Slc27a1", "name": "solute carrier family 27 (fatty acid transporter), member 1", "organism": "Mus musculus", "tissue": "All Tissues"}, {"me": 1.814991472167045, "pc": 0.08401678428380698, "marker_score": 0.2612345021511075, "symbol": "Gdpd2", "name": "glycerophosphodiester phosphodiesterase domain containing 2", "organism": "Mus musculus", "tissue": "All Tissues"}, {"me": 1.9765030784462863, "pc": 0.07575179604552101, "marker_score": 0.2595747353658879, "symbol": "Slc14a2", "name": "solute carrier family 14 (urea transporter), member 2", "organism": "Mus musculus", "tissue": "All Tissues"}, {"me": 1.8747948138823065, "pc": 0.2817089452603471, "marker_score": 0.2584621714456503, "symbol": "Myo6", "name": "myosin VI", "organism": "Mus musculus", "tissue": "All Tissues"}, {"me": 1.69317591875449, "pc": 0.90625, "marker_score": 2.540010616517336, "symbol": "PTOV1", "name": "PTOV1 extended AT-hook containing adaptor protein", "organism": "Homo sapiens", "tissue": "All Tissues"}, {"me": 1.7369435628255208, "pc": 0.90625, "marker_score": 2.5388033365235048, "symbol": "FSCN1", "name": "fascin actin-bundling protein 1", "organism": "Homo sapiens", "tissue": "All Tissues"}, {"me": 1.5950453802449813, "pc": 0.7864583333333334, "marker_score": 2.0278966053579635, "symbol": "PLP1", "name": "proteolipid protein 1", "organism": "Homo sapiens", "tissue": "All Tissues"}, {"me": 1.8032069959138568, "pc": 0.7916666666666666, "marker_score": 1.9886346706678697, "symbol": "CRABP1", "name": "cellular retinoic acid binding protein 1", "organism": "Homo sapiens", "tissue": "All Tissues"}, {"me": 3.0558936866554056, "pc": 0.9635416666666666, "marker_score": 1.7304315623424424, "symbol": "MDK", "name": "midkine", "organism": "Homo sapiens", "tissue": "All Tissues"}, {"me": 1.658300085912777, "pc": 0.8229166666666666, "marker_score": 1.7157886350361773, "symbol": "PLS3", "name": "plastin 3", "organism": "Homo sapiens", "tissue": "All Tissues"}, {"me": 1.7937252468532987, "pc": 0.703125, "marker_score": 1.6348406726490028, "symbol": "ASCL1", "name": "achaete-scute family bHLH transcription factor 1", "organism": "Homo sapiens", "tissue": "All Tissues"}, {"me": 1.5724959700074914, "pc": 0.7604166666666666, "marker_score": 1.6171957680217535, "symbol": "POSTN", "name": "periostin", "organism": "Homo sapiens", "tissue": "All Tissues"}, {"me": 1.419947574013158, "pc": 0.6927083333333334, "marker_score": 1.6114700443161725, "symbol": "GFRA1", "name": "GDNF family receptor alpha 1", "organism": "Homo sapiens", "tissue": "All Tissues"}, {"me": 1.6855506896972656, "pc": 0.7083333333333334, "marker_score": 1.52742166374292, "symbol": "S100B", "name": "S100 calcium binding protein B", "organism": "Homo sapiens", "tissue": "All Tissues"}, {"me": 2.5383153115549395, "pc": 0.96875, "marker_score": 1.5245492265419427, "symbol": "MARCKSL1", "name": "MARCKS like 1", "organism": "Homo sapiens", "tissue": "All Tissues"}, {"me": 1.5697409685920267, "pc": 0.7083333333333334, "marker_score": 1.5167985148740346, "symbol": "NNAT", "name": "neuronatin", "organism": "Homo sapiens", "tissue": "All Tissues"}, {"me": 1.4503605365753174, "pc": 0.6666666666666666, "marker_score": 1.4324216802065437, "symbol": "CUEDC2", "name": "CUE domain containing 2", "organism": "Homo sapiens", "tissue": "All Tissues"}, {"me": 1.6343203092876233, "pc": 0.7916666666666666, "marker_score": 1.4179865617582077, "symbol": "ID4", "name": "inhibitor of DNA binding 4", "organism": "Homo sapiens", "tissue": "All Tissues"}, {"me": 1.460467529296875, "pc": 0.625, "marker_score": 1.4077973691566483, "symbol": "MOXD1", "name": "monooxygenase DBH like 1", "organism": "Homo sapiens", "tissue": "All Tissues"}, {"me": 1.5074493408203125, "pc": 0.5989583333333334, "marker_score": 1.3341094351951506, "symbol": "CENPV", "name": "centromere protein V", "organism": "Homo sapiens", "tissue": "All Tissues"}, {"me": 1.4870982596544715, "pc": 0.640625, "marker_score": 1.3330169216861443, "symbol": "PTPRZ1", "name": "protein tyrosine phosphatase receptor type Z1", "organism": "Homo sapiens", "tissue": "All Tissues"}, {"me": 1.6187592512406643, "pc": 0.828125, "marker_score": 1.3179483056579706, "symbol": "AP1S2", "name": "adaptor related protein complex 1 subunit sigma 2", "organism": "Homo sapiens", "tissue": "All Tissues"}, {"me": 1.491802266438802, "pc": 0.78125, "marker_score": 1.278438467599698, "symbol": "PPP2R1A", "name": "protein phosphatase 2 scaffold subunit Aalpha", "organism": "Homo sapiens", "tissue": "All Tissues"}, {"me": 1.5852950856655459, "pc": 0.8229166666666666, "marker_score": 1.27232799518559, "symbol": "NME4", "name": "NME/NM23 nucleoside diphosphate kinase 4", "organism": "Homo sapiens", "tissue": "All Tissues"}, {"me": 1.5698795587244168, "pc": 0.7395833333333334, "marker_score": 1.250497299771763, "symbol": "TUBB2B", "name": "tubulin beta 2B class IIb", "organism": "Homo sapiens", "tissue": "All Tissues"}, {"me": 4.371232377721908, "pc": 0.9791666666666666, "marker_score": 1.2503729408398456, "symbol": "VIM", "name": "vimentin", "organism": "Homo sapiens", "tissue": "All Tissues"}, {"me": 1.404205061431624, "pc": 0.609375, "marker_score": 1.248564913837968, "symbol": "HNRNPL", "name": "heterogeneous nuclear ribonucleoprotein L", "organism": "Homo sapiens", "tissue": "All Tissues"}, {"me": 4.19265828668115, "pc": 0.9739583333333334, "marker_score": 1.2201845746707674, "symbol": "GAPDH", "name": "glyceraldehyde-3-phosphate dehydrogenase", "organism": "Homo sapiens", "tissue": "All Tissues"}, {"me": 1.469883411854237, "pc": 0.578125, "marker_score": 1.2123279196052958, "symbol": "CDH6", "name": "cadherin 6", "organism": "Homo sapiens", "tissue": "All Tissues"}, {"me": 1.5385636722340303, "pc": 0.7083333333333334, "marker_score": 1.210884304793756, "symbol": "CDK4", "name": "cyclin dependent kinase 4", "organism": "Homo sapiens", "tissue": "All Tissues"}, {"me": 1.5042443676529644, "pc": 0.5572916666666666, "marker_score": 1.2020344807998429, "symbol": "HMGA2", "name": "high mobility group AT-hook 2", "organism": "Homo sapiens", "tissue": "All Tissues"}, {"me": 1.6012542431171124, "pc": 0.5416666666666666, "marker_score": 1.1983406710610622, "symbol": "TMSB15A", "name": "thymosin beta 15A", "organism": "Homo sapiens", "tissue": "All Tissues"}, {"me": 2.3954870804496435, "pc": 0.9583333333333334, "marker_score": 1.194562493686992, "symbol": "PCBP2", "name": "poly(rC) binding protein 2", "organism": "Homo sapiens", "tissue": "All Tissues"}, {"me": 1.7608403669084822, "pc": 0.9114583333333334, "marker_score": 1.1876829241562392, "symbol": "HNRNPA0", "name": "heterogeneous nuclear ribonucleoprotein A0", "organism": "Homo sapiens", "tissue": "All Tissues"}, {"me": 1.9571340992964434, "pc": 0.9427083333333334, "marker_score": 1.1695232901963615, "symbol": "IGFBP2", "name": "insulin like growth factor binding protein 2", "organism": "Homo sapiens", "tissue": "All Tissues"}, {"me": 1.3815301804315476, "pc": 0.546875, "marker_score": 1.1657115890542162, "symbol": "FXYD1", "name": "FXYD domain containing ion transport regulator 1", "organism": "Homo sapiens", "tissue": "All Tissues"}, {"me": 3.951906880373677, "pc": 0.984375, "marker_score": 1.1530125227552839, "symbol": "RPLP0", "name": "ribosomal protein lateral stalk subunit P0", "organism": "Homo sapiens", "tissue": "All Tissues"}, {"me": 1.5160377448332225, "pc": 0.734375, "marker_score": 1.148784484879587, "symbol": "PGRMC1", "name": "progesterone receptor membrane component 1", "organism": "Homo sapiens", "tissue": "All Tissues"}, {"me": 1.3582617376268524, "pc": 0.5052083333333334, "marker_score": 1.1379106823491376, "symbol": "KCNQ2", "name": "potassium voltage-gated channel subfamily Q member 2", "organism": "Homo sapiens", "tissue": "All Tissues"}, {"me": 1.4370458266314339, "pc": 0.7083333333333334, "marker_score": 1.1317740860676522, "symbol": "METTL9", "name": "methyltransferase like 9", "organism": "Homo sapiens", "tissue": "All Tissues"}, {"me": 1.4507530799278847, "pc": 0.6770833333333334, "marker_score": 1.1154171904487231, "symbol": "RCN2", "name": "reticulocalbin 2", "organism": "Homo sapiens", "tissue": "All Tissues"}, {"me": 1.818702827065678, "pc": 0.921875, "marker_score": 1.1079136844187434, "symbol": "PCBP1", "name": "poly(rC) binding protein 1", "organism": "Homo sapiens", "tissue": "All Tissues"}, {"me": 1.4068830808003743, "pc": 0.5, "marker_score": 1.1074521337777605, "symbol": "NKAIN4", "name": "sodium/potassium transporting ATPase interacting 4", "organism": "Homo sapiens", "tissue": "All Tissues"}, {"me": 1.4943587654515316, "pc": 0.7916666666666666, "marker_score": 1.1029037760934803, "symbol": "ZNF428", "name": "zinc finger protein 428", "organism": "Homo sapiens", "tissue": "All Tissues"}, {"me": 1.6285391671316964, "pc": 0.7291666666666666, "marker_score": 1.0936894025804398, "symbol": "CCND1", "name": "cyclin D1", "organism": "Homo sapiens", "tissue": "All Tissues"}, {"me": 1.3937016929068216, "pc": 0.640625, "marker_score": 1.0765448331745124, "symbol": "PUF60", "name": "poly(U) binding splicing factor 60", "organism": "Homo sapiens", "tissue": "All Tissues"}, {"me": 1.347829818725586, "pc": 0.5, "marker_score": 1.0710646842364475, "symbol": "NGRN", "name": "neugrin, neurite outgrowth associated", "organism": "Homo sapiens", "tissue": "All Tissues"}, {"me": 1.7722453851809448, "pc": 0.90625, "marker_score": 1.0675258639220944, "symbol": "SFPQ", "name": "splicing factor proline and glutamine rich", "organism": "Homo sapiens", "tissue": "All Tissues"}, {"me": 1.599412388955393, "pc": 0.8072916666666666, "marker_score": 1.0643512407577156, "symbol": "KHDRBS1", "name": "KH RNA binding domain containing, signal transduction associated 1", "organism": "Homo sapiens", "tissue": "All Tissues"}, {"me": 1.7989318179388116, "pc": 0.7135416666666666, "marker_score": 1.0550151625751167, "symbol": "H1-0", "name": "H1.0 linker histone", "organism": "Homo sapiens", "tissue": "All Tissues"}, {"me": 1.397503837210233, "pc": 0.6354166666666666, "marker_score": 1.0518570237360638, "symbol": "SMARCB1", "name": "SWI/SNF related, matrix associated, actin dependent regulator of chromatin, subfamily b, member 1", "organism": "Homo sapiens", "tissue": "All Tissues"}, {"me": 1.6252457230179398, "pc": 0.703125, "marker_score": 1.045631007513195, "symbol": "PSIP1", "name": "PC4 and SRSF1 interacting protein 1", "organism": "Homo sapiens", "tissue": "All Tissues"}, {"me": 1.478711060803346, "pc": 0.515625, "marker_score": 1.0364996388025522, "symbol": "THY1", "name": "Thy-1 cell surface antigen", "organism": "Homo sapiens", "tissue": "All Tissues"}, {"me": 1.4404782070202773, "pc": 0.4635416666666667, "marker_score": 1.0253761175390936, "symbol": "DLX2", "name": "distal-less homeobox 2", "organism": "Homo sapiens", "tissue": "All Tissues"}, {"me": 2.0434556749131945, "pc": 0.9375, "marker_score": 1.0195845626147861, "symbol": "HNRNPDL", "name": "heterogeneous nuclear ribonucleoprotein D like", "organism": "Homo sapiens", "tissue": "All Tissues"}, {"me": 1.3727779388427734, "pc": 0.5, "marker_score": 1.0159290682394329, "symbol": "EDNRB", "name": "endothelin receptor type B", "organism": "Homo sapiens", "tissue": "All Tissues"}, {"me": 1.6745458082719282, "pc": 0.9166666666666666, "marker_score": 1.0127223432842358, "symbol": "CNN3", "name": "calponin 3", "organism": "Homo sapiens", "tissue": "All Tissues"}, {"me": 1.5343992569867302, "pc": 0.7083333333333334, "marker_score": 1.0094141320289134, "symbol": "HDAC2", "name": "histone deacetylase 2", "organism": "Homo sapiens", "tissue": "All Tissues"}, {"me": 1.6981605080997242, "pc": 0.8854166666666666, "marker_score": 1.0082826793345534, "symbol": "LSM7", "name": "LSM7 homolog, U6 small nuclear RNA and mRNA degradation associated", "organism": "Homo sapiens", "tissue": "All Tissues"}, {"me": 1.591234827334164, "pc": 0.8489583333333334, "marker_score": 1.0053072408836343, "symbol": "APEX1", "name": "apurinic/apyrimidinic endodeoxyribonuclease 1", "organism": "Homo sapiens", "tissue": "All Tissues"}, {"me": 1.4351686617223227, "pc": 0.4270833333333333, "marker_score": 1.0017071609627466, "symbol": "MPZ", "name": "myelin protein zero", "organism": "Homo sapiens", "tissue": "All Tissues"}, {"me": 3.929672486004345, "pc": 0.9739583333333334, "marker_score": 0.9958343043325879, "symbol": "ACTG1", "name": "actin gamma 1", "organism": "Homo sapiens", "tissue": "All Tissues"}, {"me": 1.4671096801757812, "pc": 0.6875, "marker_score": 0.9953219358470113, "symbol": "DNAJC1", "name": "DnaJ heat shock protein family (Hsp40) member C1", "organism": "Homo sapiens", "tissue": "All Tissues"}, {"me": 1.4733914563255588, "pc": 0.7135416666666666, "marker_score": 0.9882466180691287, "symbol": "EWSR1", "name": "EWS RNA binding protein 1", "organism": "Homo sapiens", "tissue": "All Tissues"}, {"me": 1.4798308662746265, "pc": 0.4791666666666667, "marker_score": 0.9758787107301713, "symbol": "SOX2", "name": "SRY-box transcription factor 2", "organism": "Homo sapiens", "tissue": "All Tissues"}, {"me": 1.7766977374473314, "pc": 0.9270833333333334, "marker_score": 0.9681778311242157, "symbol": "SEPTIN7", "name": "septin 7", "organism": "Homo sapiens", "tissue": "All Tissues"}, {"me": 1.3836455649517951, "pc": 0.4895833333333333, "marker_score": 0.96754860208949, "symbol": "CBX1", "name": "chromobox 1", "organism": "Homo sapiens", "tissue": "All Tissues"}, {"me": 1.3546977426813938, "pc": 0.453125, "marker_score": 0.967395754854055, "symbol": "CNP", "name": "2',3'-cyclic nucleotide 3' phosphodiesterase", "organism": "Homo sapiens", "tissue": "All Tissues"}, {"me": 2.8392652428668477, "pc": 0.9583333333333334, "marker_score": 0.9665715166287427, "symbol": "TUBB", "name": "tubulin beta class I", "organism": "Homo sapiens", "tissue": "All Tissues"}, {"me": 1.8089252097069184, "pc": 0.9010416666666666, "marker_score": 0.9589337720200476, "symbol": "FUS", "name": "FUS RNA binding protein", "organism": "Homo sapiens", "tissue": "All Tissues"}, {"me": 1.6387176513671875, "pc": 0.4322916666666667, "marker_score": 0.9499798180523031, "symbol": "DLL3", "name": "delta like canonical Notch ligand 3", "organism": "Homo sapiens", "tissue": "All Tissues"}, {"me": 2.165402104945782, "pc": 0.953125, "marker_score": 0.9173234885603898, "symbol": "RAN", "name": "RAN, member RAS oncogene family", "organism": "Homo sapiens", "tissue": "All Tissues"}, {"me": 2.026710049417995, "pc": 0.7760416666666666, "marker_score": 0.9156672775512755, "symbol": "CCN1", "name": "cellular communication network factor 1", "organism": "Homo sapiens", "tissue": "All Tissues"}, {"me": 1.294090766411323, "pc": 0.4010416666666667, "marker_score": 0.9151969096092826, "symbol": "MACROH2A2", "name": "macroH2A.2 histone", "organism": "Homo sapiens", "tissue": "All Tissues"}, {"me": 1.3443050573367883, "pc": 0.5260416666666666, "marker_score": 0.9034391308270867, "symbol": "SMARCA4", "name": "SWI/SNF related, matrix associated, actin dependent regulator of chromatin, subfamily a, member 4", "organism": "Homo sapiens", "tissue": "All Tissues"}, {"me": 1.5995968824241593, "pc": 0.890625, "marker_score": 0.902987381013253, "symbol": "RBP1", "name": "retinol binding protein 1", "organism": "Homo sapiens", "tissue": "All Tissues"}, {"me": 1.3191327546772205, "pc": 0.3958333333333333, "marker_score": 0.9012836950425595, "symbol": "BCHE", "name": "butyrylcholinesterase", "organism": "Homo sapiens", "tissue": "All Tissues"}, {"me": 1.5351852025741186, "pc": 0.8125, "marker_score": 0.8939131217523878, "symbol": "NREP", "name": "neuronal regeneration related protein", "organism": "Homo sapiens", "tissue": "All Tissues"}, {"me": 1.52102448668661, "pc": 0.8229166666666666, "marker_score": 0.8888130456697174, "symbol": "PHB2", "name": "prohibitin 2", "organism": "Homo sapiens", "tissue": "All Tissues"}, {"me": 1.6009171249082423, "pc": 0.7760416666666666, "marker_score": 0.8877533348856089, "symbol": "ILF2", "name": "interleukin enhancer binding factor 2", "organism": "Homo sapiens", "tissue": "All Tissues"}, {"me": 1.3713028366501268, "pc": 0.3854166666666667, "marker_score": 0.8834889605522069, "symbol": "DLX1", "name": "distal-less homeobox 1", "organism": "Homo sapiens", "tissue": "All Tissues"}, {"me": 1.3666229248046875, "pc": 0.453125, "marker_score": 0.8791590645217209, "symbol": "ZNF503", "name": "zinc finger protein 503", "organism": "Homo sapiens", "tissue": "All Tissues"}, {"me": 1.9036958113960598, "pc": 0.9583333333333334, "marker_score": 0.8784350554263762, "symbol": "HNRNPK", "name": "heterogeneous nuclear ribonucleoprotein K", "organism": "Homo sapiens", "tissue": "All Tissues"}, {"me": 1.4718370179872255, "pc": 0.3854166666666667, "marker_score": 0.8779305797559342, "symbol": "PHOX2B", "name": "paired like homeobox 2B", "organism": "Homo sapiens", "tissue": "All Tissues"}, {"me": 1.4009324980945121, "pc": 0.4270833333333333, "marker_score": 0.8749644836247069, "symbol": "MSRB2", "name": "methionine sulfoxide reductase B2", "organism": "Homo sapiens", "tissue": "All Tissues"}, {"me": 1.3691318066089184, "pc": 0.4010416666666667, "marker_score": 0.8748001266541052, "symbol": "NES", "name": "nestin", "organism": "Homo sapiens", "tissue": "All Tissues"}, {"me": 1.3845428260597024, "pc": 0.3854166666666667, "marker_score": 0.87230332902734, "symbol": "HAND2", "name": "heart and neural crest derivatives expressed 2", "organism": "Homo sapiens", "tissue": "All Tissues"}, {"me": 1.471739540637379, "pc": 0.7395833333333334, "marker_score": 0.8585351742170433, "symbol": "PRMT1", "name": "protein arginine methyltransferase 1", "organism": "Homo sapiens", "tissue": "All Tissues"}, {"me": 5.255614591899671, "pc": 0.9895833333333334, "marker_score": 0.8583119107705042, "symbol": "EEF1A1", "name": "eukaryotic translation elongation factor 1 alpha 1", "organism": "Homo sapiens", "tissue": "All Tissues"}, {"me": 1.816033969267956, "pc": 0.9427083333333334, "marker_score": 0.8554003509299237, "symbol": "GNG5", "name": "G protein subunit gamma 5", "organism": "Homo sapiens", "tissue": "All Tissues"}, {"me": 2.7320164506153395, "pc": 0.96875, "marker_score": 0.8550425247781798, "symbol": "STMN1", "name": "stathmin 1", "organism": "Homo sapiens", "tissue": "All Tissues"}, {"me": 3.0581397804054054, "pc": 0.9635416666666666, "marker_score": 0.8518593051688734, "symbol": "HNRNPA1", "name": "heterogeneous nuclear ribonucleoprotein A1", "organism": "Homo sapiens", "tissue": "All Tissues"}, {"me": 1.3254255346349768, "pc": 0.3854166666666667, "marker_score": 0.8516324152527327, "symbol": "MDFI", "name": "MyoD family inhibitor", "organism": "Homo sapiens", "tissue": "All Tissues"}, {"me": 1.4542746258597088, "pc": 0.609375, "marker_score": 0.8472228045094643, "symbol": "CBX5", "name": "chromobox 5", "organism": "Homo sapiens", "tissue": "All Tissues"}, {"me": 1.2968613760811942, "pc": 0.3645833333333333, "marker_score": 0.8445153548052353, "symbol": "U2AF1L5", "name": "U2 small nuclear RNA auxiliary factor 1 like 5", "organism": "Homo sapiens", "tissue": "All Tissues"}, {"me": 1.3871942385278566, "pc": 0.515625, "marker_score": 0.843178427532681, "symbol": "PAFAH1B3", "name": "platelet activating factor acetylhydrolase 1b catalytic subunit 3", "organism": "Homo sapiens", "tissue": "All Tissues"}, {"me": 1.5545003679063585, "pc": 0.75, "marker_score": 0.8386838804282112, "symbol": "MAGED2", "name": "MAGE family member D2", "organism": "Homo sapiens", "tissue": "All Tissues"}, {"me": 2.2541046967377536, "pc": 0.9635416666666666, "marker_score": 0.8376755244016918, "symbol": "LDHB", "name": "lactate dehydrogenase B", "organism": "Homo sapiens", "tissue": "All Tissues"}, {"me": 1.3970348582548253, "pc": 0.4427083333333333, "marker_score": 0.837034219318286, "symbol": "MLLT11", "name": "MLLT11 transcription factor 7 cofactor", "organism": "Homo sapiens", "tissue": "All Tissues"}, {"me": 1.7274681037956185, "pc": 0.7447916666666666, "marker_score": 0.8229576718266358, "symbol": "VCAN", "name": "versican", "organism": "Homo sapiens", "tissue": "All Tissues"}, {"me": 1.5137088012695312, "pc": 0.78125, "marker_score": 0.8223330473618737, "symbol": "NONO", "name": "non-POU domain containing octamer binding", "organism": "Homo sapiens", "tissue": "All Tissues"}, {"me": 1.4825830032576377, "pc": 0.3489583333333333, "marker_score": 0.8213715358674956, "symbol": "LINC00682", "name": "long intergenic non-protein coding RNA 682", "organism": "Homo sapiens", "tissue": "All Tissues"}, {"me": 2.228049217621026, "pc": 0.9010416666666666, "marker_score": 0.8184540282141538, "symbol": "HSPA1B", "name": "heat shock protein family A (Hsp70) member 1B", "organism": "Homo sapiens", "tissue": "All Tissues"}, {"me": 1.417656982421875, "pc": 0.6510416666666666, "marker_score": 0.8151750039320003, "symbol": "ADH5", "name": "alcohol dehydrogenase 5 (class III), chi polypeptide", "organism": "Homo sapiens", "tissue": "All Tissues"}]