[{"me": 2.644364247374836, "pc": 0.7018028687985262, "marker_score": 0.6203867154794195, "symbol": "Ube2c", "name": "ubiquitin-conjugating enzyme E2C", "organism": "Mus musculus", "tissue": "bone marrow"}, {"me": 1.9504307300634955, "pc": 0.6113962363468878, "marker_score": 0.44732305926262045, "symbol": "Cdkn2d", "name": "cyclin dependent kinase inhibitor 2D", "organism": "Mus musculus", "tissue": "bone marrow"}, {"me": 2.1647567423360496, "pc": 0.678247137781287, "marker_score": 0.40110749352290825, "symbol": "H2ax", "name": "H2A.X variant histone", "organism": "Mus musculus", "tissue": "bone marrow"}, {"me": 1.7616296223446106, "pc": 0.5017765495459929, "marker_score": 0.3959123110375269, "symbol": "Nusap1", "name": "nucleolar and spindle associated protein 1", "organism": "Mus musculus", "tissue": "bone marrow"}, {"me": 1.799890960506135, "pc": 0.32175286221871296, "marker_score": 0.37699441153415536, "symbol": "Cenpf", "name": "centromere protein F", "organism": "Mus musculus", "tissue": "bone marrow"}, {"me": 3.480867288880429, "pc": 0.9938149756546915, "marker_score": 0.35773264604080685, "symbol": "H3f3a", "name": "H3.3 histone A", "organism": "Mus musculus", "tissue": "bone marrow"}, {"me": 2.3050241599355403, "pc": 0.8268193183313594, "marker_score": 0.3494917693108157, "symbol": "Ube2s", "name": "ubiquitin-conjugating enzyme E2S", "organism": "Mus musculus", "tissue": "bone marrow"}, {"me": 1.5807866522606382, "pc": 0.34017633899197264, "marker_score": 0.34472850476769196, "symbol": "Spc25", "name": "SPC25, NDC80 kinetochore complex component, homolog (S. cerevisiae)", "organism": "Mus musculus", "tissue": "bone marrow"}, {"me": 1.9486635522617772, "pc": 0.12291090933017502, "marker_score": 0.3176187525987668, "symbol": "Myl4", "name": "myosin, light polypeptide 4", "organism": "Mus musculus", "tissue": "bone marrow"}, {"me": 1.8126939497000512, "pc": 0.38662981971312016, "marker_score": 0.30486302675847843, "symbol": "Ptp4a3", "name": "protein tyrosine phosphatase 4a3", "organism": "Mus musculus", "tissue": "bone marrow"}, {"me": 2.092573313269877, "pc": 0.23503092512172655, "marker_score": 0.30048283130509607, "symbol": "Gch1", "name": "GTP cyclohydrolase 1", "organism": "Mus musculus", "tissue": "bone marrow"}, {"me": 1.7677709511274378, "pc": 0.24292670088169496, "marker_score": 0.2974755311775897, "symbol": "Orm1", "name": "orosomucoid 1", "organism": "Mus musculus", "tissue": "bone marrow"}, {"me": 2.1613414237519843, "pc": 0.7460192130543493, "marker_score": 0.29611694798303817, "symbol": "Cks2", "name": "CDC28 protein kinase regulatory subunit 2", "organism": "Mus musculus", "tissue": "bone marrow"}, {"me": 2.0235065832702244, "pc": 0.7385182260823793, "marker_score": 0.2895462097439543, "symbol": "Birc5", "name": "baculoviral IAP repeat-containing 5", "organism": "Mus musculus", "tissue": "bone marrow"}, {"me": 1.8556984283357771, "pc": 0.44874325569153833, "marker_score": 0.2523620166592637, "symbol": "Tuba1c", "name": "tubulin, alpha 1C", "organism": "Mus musculus", "tissue": "bone marrow"}, {"me": 1.7213072070902569, "pc": 0.21779181471246217, "marker_score": 0.251692447843048, "symbol": "Fzr1", "name": "fizzy and cell division cycle 20 related 1", "organism": "Mus musculus", "tissue": "bone marrow"}, {"me": 2.8472603824818767, "pc": 0.67166732464798, "marker_score": 0.24927428143895208, "symbol": "H2ac23", "name": "H2A clustered histone 23", "organism": "Mus musculus", "tissue": "bone marrow"}, {"me": 1.6944926052807487, "pc": 0.09843400447427293, "marker_score": 0.24740004665216073, "symbol": "Tinagl1", "name": "tubulointerstitial nephritis antigen-like 1", "organism": "Mus musculus", "tissue": "bone marrow"}, {"me": 1.6392677155973019, "pc": 0.12620081589682852, "marker_score": 0.2384421545846028, "symbol": "Trim59", "name": "tripartite motif-containing 59", "organism": "Mus musculus", "tissue": "bone marrow"}, {"me": 1.865336941340782, "pc": 0.11777865508619555, "marker_score": 0.2358762109354236, "symbol": "H2bu2", "name": "H2B clustered histone 27", "organism": "Mus musculus", "tissue": "bone marrow"}, {"me": 2.4787529555657253, "pc": 0.09435452033162259, "marker_score": 0.23386783438687805, "symbol": "Igll1", "name": "immunoglobulin lambda-like polypeptide 1", "organism": "Mus musculus", "tissue": "bone marrow"}, {"me": 1.9683961236933798, "pc": 0.2643768916962758, "marker_score": 0.22475330469002436, "symbol": "Ppp1r15a", "name": "protein phosphatase 1, regulatory subunit 15A", "organism": "Mus musculus", "tissue": "bone marrow"}, {"me": 2.2785227227332907, "pc": 0.7206211343597841, "marker_score": 0.22165445705605483, "symbol": "Tubb4b", "name": "tubulin, beta 4B class IVB", "organism": "Mus musculus", "tissue": "bone marrow"}, {"me": 2.5720195715923255, "pc": 0.09238057639163048, "marker_score": 0.22144484195872935, "symbol": "Vpreb1", "name": "V-set pre-B cell surrogate light chain 1A", "organism": "Mus musculus", "tissue": "bone marrow"}, {"me": 1.7213504675662878, "pc": 0.13028030003947888, "marker_score": 0.21732089504495825, "symbol": "Tmod1", "name": "tropomodulin 1", "organism": "Mus musculus", "tissue": "bone marrow"}, {"me": 1.7983389619211172, "pc": 0.5100671140939598, "marker_score": 0.21112746684279746, "symbol": "Cdk1", "name": "cyclin-dependent kinase 1", "organism": "Mus musculus", "tissue": "bone marrow"}, {"me": 1.6588726003881784, "pc": 0.1260692196341624, "marker_score": 0.21053188973784792, "symbol": "Mzt1", "name": "mitotic spindle organizing protein 1", "organism": "Mus musculus", "tissue": "bone marrow"}, {"me": 1.6967223983730308, "pc": 0.175417818133965, "marker_score": 0.2007786481361557, "symbol": "Cdc25b", "name": "cell division cycle 25B", "organism": "Mus musculus", "tissue": "bone marrow"}, {"me": 1.8711148385589702, "pc": 0.6337676010001316, "marker_score": 0.19831442389562626, "symbol": "Smc4", "name": "structural maintenance of chromosomes 4", "organism": "Mus musculus", "tissue": "bone marrow"}, {"me": 1.788637575153803, "pc": 0.17647058823529413, "marker_score": 0.19670987944374974, "symbol": "Gypc", "name": "glycophorin C", "organism": "Mus musculus", "tissue": "bone marrow"}, {"me": 1.3872085144858748, "pc": 0.10830372417423345, "marker_score": 0.19494187865638596, "symbol": "Pde2a", "name": "Pde2a", "organism": "Mus musculus", "tissue": "bone marrow"}, {"me": 1.8751078940493673, "pc": 0.5824450585603369, "marker_score": 0.19451403041867546, "symbol": "Mki67", "name": "antigen identified by monoclonal antibody Ki 67", "organism": "Mus musculus", "tissue": "bone marrow"}, {"me": 1.57249751484095, "pc": 0.2937228582708251, "marker_score": 0.19403099325267165, "symbol": "Cdkn2c", "name": "cyclin dependent kinase inhibitor 2C", "organism": "Mus musculus", "tissue": "bone marrow"}, {"me": 1.5232647875145124, "pc": 0.042505592841163314, "marker_score": 0.19135592506253876, "symbol": "Niban3", "name": "niban apoptosis regulator 3", "organism": "Mus musculus", "tissue": "bone marrow"}, {"me": 1.532868818803267, "pc": 0.301092248980129, "marker_score": 0.18878836558987308, "symbol": "Rad21", "name": "RAD21 cohesin complex component", "organism": "Mus musculus", "tissue": "bone marrow"}, {"me": 2.079777486716069, "pc": 0.6903539939465719, "marker_score": 0.1877597579888649, "symbol": "Arl6ip1", "name": "ADP-ribosylation factor-like 6 interacting protein 1", "organism": "Mus musculus", "tissue": "bone marrow"}, {"me": 1.5246296075448829, "pc": 0.08566916699565733, "marker_score": 0.18699475062869242, "symbol": "Dlgap5", "name": "DLG associated protein 5", "organism": "Mus musculus", "tissue": "bone marrow"}, {"me": 1.2867876188022884, "pc": 0.03342545071719963, "marker_score": 0.1835231821160523, "symbol": "Rsph9", "name": "radial spoke head 9 homolog (Chlamydomonas)", "organism": "Mus musculus", "tissue": "bone marrow"}, {"me": 1.6696193248820754, "pc": 0.3487300960652717, "marker_score": 0.1813128712582689, "symbol": "Cdkn3", "name": "cyclin-dependent kinase inhibitor 3", "organism": "Mus musculus", "tissue": "bone marrow"}, {"me": 1.6155087479921144, "pc": 0.22529280168443216, "marker_score": 0.18061714142102697, "symbol": "Fam53b", "name": "family with sequence similarity 53, member B", "organism": "Mus musculus", "tissue": "bone marrow"}, {"me": 1.5610891370917086, "pc": 0.28806421897618106, "marker_score": 0.16683809702676813, "symbol": "Marcksl1", "name": "MARCKS-like 1", "organism": "Mus musculus", "tissue": "bone marrow"}, {"me": 1.4694830781670027, "pc": 0.048953809711804186, "marker_score": 0.16532768672983106, "symbol": "Arntl", "name": "basic helix-loop-helix ARNT like 1", "organism": "Mus musculus", "tissue": "bone marrow"}, {"me": 1.6320688550358156, "pc": 0.05224371627845769, "marker_score": 0.16294929757876533, "symbol": "Bfsp2", "name": "beaded filament structural protein 2, phakinin", "organism": "Mus musculus", "tissue": "bone marrow"}, {"me": 1.607932366750985, "pc": 0.045927095670482955, "marker_score": 0.15420747229831808, "symbol": "Samd11", "name": "sterile alpha motif domain containing 11", "organism": "Mus musculus", "tissue": "bone marrow"}, {"me": 1.7386808942078025, "pc": 0.10330306619292012, "marker_score": 0.15373007927754148, "symbol": "Ift140", "name": "intraflagellar transport 140", "organism": "Mus musculus", "tissue": "bone marrow"}, {"me": 1.647333476069598, "pc": 0.08343203053033293, "marker_score": 0.15214432078092244, "symbol": "Mtfr1", "name": "mitochondrial fission regulator 1", "organism": "Mus musculus", "tissue": "bone marrow"}, {"me": 1.5496308684487514, "pc": 0.11330438215554678, "marker_score": 0.14772549931706117, "symbol": "Slc16a1", "name": "solute carrier family 16 (monocarboxylic acid transporters), member 1", "organism": "Mus musculus", "tissue": "bone marrow"}, {"me": 1.669879967670495, "pc": 0.09238057639163048, "marker_score": 0.14138876828063943, "symbol": "Fn3k", "name": "fructosamine 3 kinase", "organism": "Mus musculus", "tissue": "bone marrow"}, {"me": 1.747273659378184, "pc": 0.5166469272272668, "marker_score": 0.1385993846767, "symbol": "Top2a", "name": "topoisomerase (DNA) II alpha", "organism": "Mus musculus", "tissue": "bone marrow"}, {"me": 1.5001321619758545, "pc": 0.16554809843400448, "marker_score": 0.1385596490381574, "symbol": "Mapk13", "name": "mitogen-activated protein kinase 13", "organism": "Mus musculus", "tissue": "bone marrow"}, {"me": 1.969041446601849, "pc": 0.2152914857218055, "marker_score": 0.1377678131592721, "symbol": "Tspo2", "name": "translocator protein 2", "organism": "Mus musculus", "tissue": "bone marrow"}, {"me": 1.7654259361446716, "pc": 0.530990919857876, "marker_score": 0.1355650510598197, "symbol": "Ccna2", "name": "cyclin A2", "organism": "Mus musculus", "tissue": "bone marrow"}, {"me": 1.5364002096241918, "pc": 0.07632583234636137, "marker_score": 0.1354495416967061, "symbol": "Xrcc6", "name": "X-ray repair complementing defective repair in Chinese hamster cells 6", "organism": "Mus musculus", "tissue": "bone marrow"}, {"me": 2.9250162063524288, "pc": 0.8913014870377681, "marker_score": 0.1336981881762591, "symbol": "Cd24a", "name": "CD24a antigen", "organism": "Mus musculus", "tissue": "bone marrow"}, {"me": 1.552586949153703, "pc": 0.15015133570206607, "marker_score": 0.13046688895149308, "symbol": "Hmmr", "name": "hyaluronan mediated motility receptor (RHAMM)", "organism": "Mus musculus", "tissue": "bone marrow"}, {"me": 1.595026099163553, "pc": 0.048427424661139626, "marker_score": 0.12986645831455088, "symbol": "Rnf123", "name": "ring finger protein 123", "organism": "Mus musculus", "tissue": "bone marrow"}, {"me": 1.748696437753254, "pc": 0.13396499539413081, "marker_score": 0.12894203310584787, "symbol": "Smox", "name": "spermine oxidase", "organism": "Mus musculus", "tissue": "bone marrow"}, {"me": 1.4674903313845198, "pc": 0.09935517831293592, "marker_score": 0.1284418812809919, "symbol": "Neil3", "name": "nei like 3 (E. coli)", "organism": "Mus musculus", "tissue": "bone marrow"}, {"me": 1.7289584313264346, "pc": 0.1398868272141071, "marker_score": 0.1282710902152296, "symbol": "Slc43a1", "name": "solute carrier family 43, member 1", "organism": "Mus musculus", "tissue": "bone marrow"}, {"me": 1.574437962582237, "pc": 0.06250822476641664, "marker_score": 0.12670015890214611, "symbol": "Gpsm2", "name": "G-protein signalling modulator 2 (AGS3-like, C. elegans)", "organism": "Mus musculus", "tissue": "bone marrow"}, {"me": 1.6715738265240778, "pc": 0.016054744045269114, "marker_score": 0.12654313170516618, "symbol": "Apol10a", "name": "apolipoprotein L 10A", "organism": "Mus musculus", "tissue": "bone marrow"}, {"me": 1.5695154658167354, "pc": 0.0359257797078563, "marker_score": 0.12430241468224723, "symbol": "Brpf3", "name": "bromodomain and PHD finger containing, 3", "organism": "Mus musculus", "tissue": "bone marrow"}, {"me": 1.5739844900662783, "pc": 0.03210948809053823, "marker_score": 0.1240653939050841, "symbol": "Slc6a9", "name": "solute carrier family 6 (neurotransmitter transporter, glycine), member 9", "organism": "Mus musculus", "tissue": "bone marrow"}, {"me": 1.5675764106953693, "pc": 0.21739702592446375, "marker_score": 0.12371826578357031, "symbol": "Fbxo5", "name": "F-box protein 5", "organism": "Mus musculus", "tissue": "bone marrow"}, {"me": 1.3934774794336837, "pc": 0.02855638899855244, "marker_score": 0.12244890273002683, "symbol": "Rsph1", "name": "radial spoke head 1 homolog (Chlamydomonas)", "organism": "Mus musculus", "tissue": "bone marrow"}, {"me": 1.697405844259165, "pc": 0.19384129490722463, "marker_score": 0.12131666604832705, "symbol": "Smap1", "name": "small ArfGAP 1", "organism": "Mus musculus", "tissue": "bone marrow"}, {"me": 1.4982438682814323, "pc": 0.11277799710488222, "marker_score": 0.12081493752660874, "symbol": "Esco2", "name": "establishment of sister chromatid cohesion N-acetyltransferase 2", "organism": "Mus musculus", "tissue": "bone marrow"}, {"me": 1.7288580411903371, "pc": 0.09856560073693907, "marker_score": 0.12017123622046624, "symbol": "Hbq1b", "name": "hemoglobin, theta 1B", "organism": "Mus musculus", "tissue": "bone marrow"}, {"me": 1.5485590950387422, "pc": 0.03210948809053823, "marker_score": 0.11924177436230535, "symbol": "Vpreb2", "name": "V-set pre-B cell surrogate light chain 1B", "organism": "Mus musculus", "tissue": "bone marrow"}, {"me": 1.425377869338132, "pc": 0.058560336886432425, "marker_score": 0.116668253451922, "symbol": "Depdc1a", "name": "DEP domain containing 1a", "organism": "Mus musculus", "tissue": "bone marrow"}, {"me": 1.7114055515952529, "pc": 0.5336228451111988, "marker_score": 0.11639917397211585, "symbol": "Cdca8", "name": "cell division cycle associated 8", "organism": "Mus musculus", "tissue": "bone marrow"}, {"me": 1.3996445792061942, "pc": 0.04421634425582313, "marker_score": 0.11614833065294233, "symbol": "Olfml2b", "name": "olfactomedin-like 2B", "organism": "Mus musculus", "tissue": "bone marrow"}, {"me": 1.5362299731653979, "pc": 0.015396762731938412, "marker_score": 0.11333849689449929, "symbol": "Fhdc1", "name": "FH2 domain containing 1", "organism": "Mus musculus", "tissue": "bone marrow"}, {"me": 1.6694146365316582, "pc": 0.09066982497697065, "marker_score": 0.11286537354175454, "symbol": "Klf3", "name": "Kruppel-like factor 3 (basic)", "organism": "Mus musculus", "tissue": "bone marrow"}, {"me": 2.630922618374638, "pc": 0.18186603500460588, "marker_score": 0.11105868959239365, "symbol": "Apol11b", "name": "apolipoprotein L 11b", "organism": "Mus musculus", "tissue": "bone marrow"}, {"me": 1.7635241624532632, "pc": 0.5807343071456771, "marker_score": 0.10889659265216874, "symbol": "Lbr", "name": "lamin B receptor", "organism": "Mus musculus", "tissue": "bone marrow"}, {"me": 1.6838841931573276, "pc": 0.14883537307540465, "marker_score": 0.10880861849045659, "symbol": "Cd82", "name": "CD82 antigen", "organism": "Mus musculus", "tissue": "bone marrow"}, {"me": 1.7609235787898936, "pc": 0.30925121726542965, "marker_score": 0.10806366794680931, "symbol": "Ccnb1", "name": "cyclin B1", "organism": "Mus musculus", "tissue": "bone marrow"}, {"me": 1.4758312564098697, "pc": 0.06816686406106066, "marker_score": 0.10498998098075778, "symbol": "Cenpl", "name": "centromere protein L", "organism": "Mus musculus", "tissue": "bone marrow"}, {"me": 1.6578490818428457, "pc": 0.08185287537833925, "marker_score": 0.1046888048364405, "symbol": "Ptdss2", "name": "phosphatidylserine synthase 2", "organism": "Mus musculus", "tissue": "bone marrow"}, {"me": 1.5056412689574266, "pc": 0.12093696539018292, "marker_score": 0.10420599102702743, "symbol": "Slc1a5", "name": "solute carrier family 1 (neutral amino acid transporter), member 5", "organism": "Mus musculus", "tissue": "bone marrow"}, {"me": 1.758832491361178, "pc": 0.2737202263455718, "marker_score": 0.10400440211651421, "symbol": "Rbm38", "name": "RNA binding motif protein 38", "organism": "Mus musculus", "tissue": "bone marrow"}, {"me": 1.569004156650641, "pc": 0.030793525463876825, "marker_score": 0.10363368601191698, "symbol": "Tom1l1", "name": "target of myb1-like 1 (chicken)", "organism": "Mus musculus", "tissue": "bone marrow"}, {"me": 1.6088536712172117, "pc": 0.050796157389130146, "marker_score": 0.10276414090961652, "symbol": "Epor", "name": "erythropoietin receptor", "organism": "Mus musculus", "tissue": "bone marrow"}, {"me": 1.5908821866274698, "pc": 0.03829451243584682, "marker_score": 0.10249653194784544, "symbol": "Marchf8", "name": "membrane associated ring-CH-type finger 8", "organism": "Mus musculus", "tissue": "bone marrow"}, {"me": 1.5680007357460288, "pc": 0.17397025924463747, "marker_score": 0.10240422171284752, "symbol": "Cenpe", "name": "centromere protein E", "organism": "Mus musculus", "tissue": "bone marrow"}, {"me": 1.465390117228532, "pc": 0.015659955257270694, "marker_score": 0.09984289922613851, "symbol": "Kif18a", "name": "kinesin family member 18A", "organism": "Mus musculus", "tissue": "bone marrow"}, {"me": 1.7747144307175728, "pc": 0.15370443479405185, "marker_score": 0.09872913010418091, "symbol": "Icam4", "name": "intercellular adhesion molecule 4, Landsteiner-Wiener blood group", "organism": "Mus musculus", "tissue": "bone marrow"}, {"me": 1.945060322447593, "pc": 0.21186998289248585, "marker_score": 0.09791621325058622, "symbol": "Pdzk1ip1", "name": "PDZK1 interacting protein 1", "organism": "Mus musculus", "tissue": "bone marrow"}, {"me": 1.7319398872583294, "pc": 0.1352809580207922, "marker_score": 0.09419925353502759, "symbol": "Tfdp2", "name": "transcription factor Dp 2", "organism": "Mus musculus", "tissue": "bone marrow"}, {"me": 1.555942166236139, "pc": 0.016317936570601394, "marker_score": 0.09221719474080846, "symbol": "Snx22", "name": "sorting nexin 22", "organism": "Mus musculus", "tissue": "bone marrow"}, {"me": 1.1280997854764345, "pc": 0.008027372022634557, "marker_score": 0.08906174998916566, "symbol": "Bcat1", "name": "branched chain aminotransferase 1, cytosolic", "organism": "Mus musculus", "tissue": "bone marrow"}, {"me": 1.3764024328012936, "pc": 0.008027372022634557, "marker_score": 0.08878501519598263, "symbol": "Capsl", "name": "calcyphosine-like", "organism": "Mus musculus", "tissue": "bone marrow"}, {"me": 1.696809688084562, "pc": 0.01868666929859192, "marker_score": 0.08806809299092072, "symbol": "Myl10", "name": "myosin, light chain 10, regulatory", "organism": "Mus musculus", "tissue": "bone marrow"}, {"me": 1.3267256071329883, "pc": 0.04092643768916963, "marker_score": 0.08781820410204916, "symbol": "Rdm1", "name": "RAD52 motif 1", "organism": "Mus musculus", "tissue": "bone marrow"}, {"me": 1.5655549039545746, "pc": 0.012764837478615607, "marker_score": 0.08613226708301953, "symbol": "Cep76", "name": "centrosomal protein 76", "organism": "Mus musculus", "tissue": "bone marrow"}, {"me": 1.2218276977539062, "pc": 0.008553757073299119, "marker_score": 0.08572541451777821, "symbol": "Tmprss3", "name": "transmembrane protease, serine 3", "organism": "Mus musculus", "tissue": "bone marrow"}, {"me": 1.539333818543632, "pc": 0.03487300960652717, "marker_score": 0.08515008677440766, "symbol": "Ubp1", "name": "upstream binding protein 1", "organism": "Mus musculus", "tissue": "bone marrow"}, {"me": 1.3940113988415948, "pc": 0.04961179102513489, "marker_score": 0.08477433529677622, "symbol": "Prep", "name": "prolyl endopeptidase", "organism": "Mus musculus", "tissue": "bone marrow"}, {"me": 1.2979601267221812, "pc": 0.00973812343729438, "marker_score": 0.0841481000356065, "symbol": "Sit1", "name": "suppression inducing transmembrane adaptor 1", "organism": "Mus musculus", "tissue": "bone marrow"}, {"me": 3.9586088119014615, "pc": 0.9393939393939394, "marker_score": 3.093373028130136, "symbol": "MPO", "name": "myeloperoxidase", "organism": "Homo sapiens", "tissue": "lung"}, {"me": 2.756817102432251, "pc": 0.9696969696969697, "marker_score": 2.848723137949756, "symbol": "RETN", "name": "resistin", "organism": "Homo sapiens", "tissue": "lung"}, {"me": 4.835842248165246, "pc": 1.0, "marker_score": 1.7174225693426755, "symbol": "LYZ", "name": "lysozyme", "organism": "Homo sapiens", "tissue": "lung"}, {"me": 1.9264949035644532, "pc": 0.7575757575757576, "marker_score": 1.6415309905303737, "symbol": "AZU1", "name": "azurocidin 1", "organism": "Homo sapiens", "tissue": "lung"}, {"me": 3.5431931594322466, "pc": 0.8787878787878788, "marker_score": 1.3685721741218628, "symbol": "S100A8", "name": "S100 calcium binding protein A8", "organism": "Homo sapiens", "tissue": "lung"}, {"me": 1.623731803894043, "pc": 0.6060606060606061, "marker_score": 1.2190267685446377, "symbol": "RNASE2", "name": "ribonuclease A family member 2", "organism": "Homo sapiens", "tissue": "lung"}, {"me": 4.007200761274858, "pc": 1.0, "marker_score": 1.0914711552369063, "symbol": "RPL39", "name": "ribosomal protein L39", "organism": "Homo sapiens", "tissue": "lung"}, {"me": 2.184924477025082, "pc": 0.5757575757575758, "marker_score": 1.0432407628451095, "symbol": "PRTN3", "name": "proteinase 3", "organism": "Homo sapiens", "tissue": "lung"}, {"me": 1.4973781810087317, "pc": 0.5151515151515151, "marker_score": 0.8452035910386744, "symbol": "C20orf27", "name": "adipose secreted signaling protein", "organism": "Homo sapiens", "tissue": "lung"}, {"me": 2.0427106659987877, "pc": 0.8787878787878788, "marker_score": 0.7116542370800455, "symbol": "TSPO", "name": "translocator protein", "organism": "Homo sapiens", "tissue": "lung"}, {"me": 5.022572835286458, "pc": 1.0, "marker_score": 0.7082685948562499, "symbol": "RPLP1", "name": "ribosomal protein lateral stalk subunit P1", "organism": "Homo sapiens", "tissue": "lung"}, {"me": 3.381314826734138, "pc": 1.0, "marker_score": 0.5996044371715368, "symbol": "RPS15", "name": "ribosomal protein S15", "organism": "Homo sapiens", "tissue": "lung"}, {"me": 3.650541132146662, "pc": 1.0, "marker_score": 0.588903496767006, "symbol": "RPS24", "name": "ribosomal protein S24", "organism": "Homo sapiens", "tissue": "lung"}, {"me": 1.6156350453694661, "pc": 0.45454545454545453, "marker_score": 0.5583514294363284, "symbol": "CLEC11A", "name": "C-type lectin domain containing 11A", "organism": "Homo sapiens", "tissue": "lung"}, {"me": 1.73880781950774, "pc": 0.8181818181818182, "marker_score": 0.5371594701503064, "symbol": "TKT", "name": "transketolase", "organism": "Homo sapiens", "tissue": "lung"}, {"me": 1.7623550415039062, "pc": 0.6060606060606061, "marker_score": 0.5353138460846549, "symbol": "PLAC8", "name": "placenta associated 8", "organism": "Homo sapiens", "tissue": "lung"}, {"me": 2.658214275653546, "pc": 0.7878787878787878, "marker_score": 0.49026106022839333, "symbol": "S100A9", "name": "S100 calcium binding protein A9", "organism": "Homo sapiens", "tissue": "lung"}, {"me": 3.970334139737216, "pc": 1.0, "marker_score": 0.48390106448034825, "symbol": "RPL28", "name": "ribosomal protein L28", "organism": "Homo sapiens", "tissue": "lung"}, {"me": 3.098280241995147, "pc": 1.0, "marker_score": 0.4694898937132696, "symbol": "RPS21", "name": "ribosomal protein S21", "organism": "Homo sapiens", "tissue": "lung"}, {"me": 1.6336246490478517, "pc": 0.6060606060606061, "marker_score": 0.396648582927006, "symbol": "PYCARD", "name": "PYD and CARD domain containing", "organism": "Homo sapiens", "tissue": "lung"}, {"me": 1.6396400814964658, "pc": 0.6363636363636364, "marker_score": 0.3737762441946453, "symbol": "NAA38", "name": "N-alpha-acetyltransferase 38, NatC auxiliary subunit", "organism": "Homo sapiens", "tissue": "lung"}, {"me": 3.2179477576053506, "pc": 1.0, "marker_score": 0.3368087617901081, "symbol": "RPLP2", "name": "ribosomal protein lateral stalk subunit P2", "organism": "Homo sapiens", "tissue": "lung"}, {"me": 3.478773406057647, "pc": 1.0, "marker_score": 0.3292684343403621, "symbol": "RPS28", "name": "ribosomal protein S28", "organism": "Homo sapiens", "tissue": "lung"}, {"me": 3.3943338105172822, "pc": 1.0, "marker_score": 0.29155317533482084, "symbol": "RPL37", "name": "ribosomal protein L37", "organism": "Homo sapiens", "tissue": "lung"}, {"me": 1.6081182691786025, "pc": 0.5454545454545454, "marker_score": 0.29110974090093494, "symbol": "STXBP2", "name": "syntaxin binding protein 2", "organism": "Homo sapiens", "tissue": "lung"}, {"me": 1.6840496063232422, "pc": 0.5454545454545454, "marker_score": 0.2794062343792536, "symbol": "MNDA", "name": "myeloid cell nuclear differentiation antigen", "organism": "Homo sapiens", "tissue": "lung"}, {"me": 2.650564432144165, "pc": 0.9696969696969697, "marker_score": 0.2787244826066047, "symbol": "SERF2", "name": "small EDRK-rich factor 2", "organism": "Homo sapiens", "tissue": "lung"}, {"me": 1.707292383367365, "pc": 0.6666666666666666, "marker_score": 0.24759194743092514, "symbol": "HCST", "name": "hematopoietic cell signal transducer", "organism": "Homo sapiens", "tissue": "lung"}, {"me": 2.8822185631954307, "pc": 1.0, "marker_score": 0.20928708308923477, "symbol": "RPL36", "name": "ribosomal protein L36", "organism": "Homo sapiens", "tissue": "lung"}, {"me": 4.113704796993371, "pc": 1.0, "marker_score": 0.20658951533950987, "symbol": "RPS8", "name": "ribosomal protein S8", "organism": "Homo sapiens", "tissue": "lung"}, {"me": 3.3050740559895835, "pc": 1.0, "marker_score": 0.18417338477302775, "symbol": "RPL12", "name": "ribosomal protein L12", "organism": "Homo sapiens", "tissue": "lung"}, {"me": 1.7646524180536685, "pc": 0.696969696969697, "marker_score": 0.18170995993372277, "symbol": "HMGB2", "name": "high mobility group box 2", "organism": "Homo sapiens", "tissue": "lung"}, {"me": 2.656108461577317, "pc": 0.8787878787878788, "marker_score": 0.17907012996675353, "symbol": "LGALS1", "name": "galectin 1", "organism": "Homo sapiens", "tissue": "lung"}, {"me": 1.4085355122884116, "pc": 0.45454545454545453, "marker_score": 0.15713155964544698, "symbol": "H2AJ", "name": "H2A.J histone", "organism": "Homo sapiens", "tissue": "lung"}, {"me": 3.305891325979522, "pc": 1.0, "marker_score": 0.15226352932479387, "symbol": "RPS13", "name": "ribosomal protein S13", "organism": "Homo sapiens", "tissue": "lung"}, {"me": 1.781619110107422, "pc": 0.7575757575757576, "marker_score": 0.14210499219685518, "symbol": "COX8A", "name": "cytochrome c oxidase subunit 8A", "organism": "Homo sapiens", "tissue": "lung"}, {"me": 1.5398569107055664, "pc": 0.48484848484848486, "marker_score": 0.12063313583763034, "symbol": "LAMTOR4", "name": "late endosomal/lysosomal adaptor, MAPK and MTOR activator 4", "organism": "Homo sapiens", "tissue": "lung"}, {"me": 3.5459020137786865, "pc": 0.9696969696969697, "marker_score": 0.10209777754183517, "symbol": "RPS19", "name": "ribosomal protein S19", "organism": "Homo sapiens", "tissue": "lung"}, {"me": 1.7140604257583618, "pc": 0.48484848484848486, "marker_score": 0.0840143804340454, "symbol": "NME2", "name": "NME/NM23 nucleoside diphosphate kinase 2", "organism": "Homo sapiens", "tissue": "lung"}, {"me": 1.9393369129725866, "pc": 0.8484848484848485, "marker_score": 0.08213665383324036, "symbol": "H2AZ1", "name": "H2A.Z variant histone 1", "organism": "Homo sapiens", "tissue": "lung"}, {"me": 1.804450307573591, "pc": 0.8484848484848485, "marker_score": 0.081308440051528, "symbol": "COX6B1", "name": "cytochrome c oxidase subunit 6B1", "organism": "Homo sapiens", "tissue": "lung"}, {"me": 2.666125673236269, "pc": 1.0, "marker_score": 0.06848389933728682, "symbol": "FAU", "name": "FAU ubiquitin like and ribosomal protein S30 fusion", "organism": "Homo sapiens", "tissue": "lung"}, {"me": 2.486949920654297, "pc": 0.9696969696969697, "marker_score": 0.06573093979601978, "symbol": "RPL22", "name": "ribosomal protein L22", "organism": "Homo sapiens", "tissue": "lung"}, {"me": 1.565093391820004, "pc": 0.5757575757575758, "marker_score": 0.04258421177277349, "symbol": "NDUFA1", "name": "NADH:ubiquinone oxidoreductase subunit A1", "organism": "Homo sapiens", "tissue": "lung"}, {"me": 2.6265690326690674, "pc": 0.9696969696969697, "marker_score": 0.040199800460831714, "symbol": "PFN1", "name": "profilin 1", "organism": "Homo sapiens", "tissue": "lung"}, {"me": 1.9960475790089574, "pc": 0.8787878787878788, "marker_score": 0.03832582338573445, "symbol": "ATP5MG", "name": "ATP synthase membrane subunit g", "organism": "Homo sapiens", "tissue": "lung"}, {"me": 3.4305315884676846, "pc": 1.0, "marker_score": 0.0270770303075609, "symbol": "RPS14", "name": "ribosomal protein S14", "organism": "Homo sapiens", "tissue": "lung"}, {"me": 2.1924105677111396, "pc": 0.8787878787878788, "marker_score": 0.024318358932522904, "symbol": "CYBA", "name": "cytochrome b-245 alpha chain", "organism": "Homo sapiens", "tissue": "lung"}, {"me": 2.1376608646277226, "pc": 1.0, "marker_score": 0.007316346258500767, "symbol": "ATP5MC2", "name": "ATP synthase membrane subunit c locus 2", "organism": "Homo sapiens", "tissue": "lung"}, {"me": 1.5242796579996745, "pc": 0.45454545454545453, "marker_score": 0.001291721419767045, "symbol": "GNAI2", "name": "G protein subunit alpha i2", "organism": "Homo sapiens", "tissue": "lung"}, {"me": 2.7688710285739035, "pc": 0.8210188159706288, "marker_score": 1.1154239998047446, "symbol": "RETN", "name": "resistin", "organism": "Homo sapiens", "tissue": "bone marrow"}, {"me": 2.618328105475786, "pc": 0.3184947223497017, "marker_score": 0.6589051349168941, "symbol": "PGLYRP1", "name": "peptidoglycan recognition protein 1", "organism": "Homo sapiens", "tissue": "bone marrow"}, {"me": 3.645705386321458, "pc": 0.3090867370353373, "marker_score": 0.6509521459152938, "symbol": "LTF", "name": "lactotransferrin", "organism": "Homo sapiens", "tissue": "bone marrow"}, {"me": 3.312248801132936, "pc": 0.2911886186324002, "marker_score": 0.6231068070338761, "symbol": "LCN2", "name": "lipocalin 2", "organism": "Homo sapiens", "tissue": "bone marrow"}, {"me": 3.7684225422020745, "pc": 0.28866452501147316, "marker_score": 0.619047791274927, "symbol": "CAMP", "name": "cathelicidin antimicrobial peptide", "organism": "Homo sapiens", "tissue": "bone marrow"}, {"me": 2.0694454931493462, "pc": 0.4258834327673245, "marker_score": 0.5631975680975325, "symbol": "RP11-1143G9.4", "name": "RP11-1143G9.4", "organism": "Homo sapiens", "tissue": "bone marrow"}, {"me": 1.8886756382890793, "pc": 0.41716383662230383, "marker_score": 0.5336812012355105, "symbol": "S100P", "name": "S100 calcium binding protein P", "organism": "Homo sapiens", "tissue": "bone marrow"}, {"me": 1.9397430742517838, "pc": 0.21707205139972466, "marker_score": 0.5122435340523755, "symbol": "BPI", "name": "bactericidal permeability increasing protein", "organism": "Homo sapiens", "tissue": "bone marrow"}, {"me": 1.8555879623025329, "pc": 0.20881138136759983, "marker_score": 0.4949934654791838, "symbol": "HP", "name": "haptoglobin", "organism": "Homo sapiens", "tissue": "bone marrow"}, {"me": 2.1945673196518114, "pc": 0.18655346489215235, "marker_score": 0.46476236395305065, "symbol": "CRISP3", "name": "cysteine rich secretory protein 3", "organism": "Homo sapiens", "tissue": "bone marrow"}, {"me": 2.1353483675326226, "pc": 0.6906837999082148, "marker_score": 0.4529542576580281, "symbol": "MNDA", "name": "myeloid cell nuclear differentiation antigen", "organism": "Homo sapiens", "tissue": "bone marrow"}, {"me": 3.088308447439105, "pc": 0.18770078017439193, "marker_score": 0.4486007567930692, "symbol": "DEFA4", "name": "defensin alpha 4", "organism": "Homo sapiens", "tissue": "bone marrow"}, {"me": 1.8836936355482603, "pc": 0.16177145479577787, "marker_score": 0.43463956980791774, "symbol": "CEACAM8", "name": "CEA cell adhesion molecule 8", "organism": "Homo sapiens", "tissue": "bone marrow"}, {"me": 4.126458121037138, "pc": 0.1583295089490592, "marker_score": 0.416649986030454, "symbol": "DEFA3", "name": "defensin alpha 3", "organism": "Homo sapiens", "tissue": "bone marrow"}, {"me": 2.042558165385145, "pc": 0.148462597521799, "marker_score": 0.3942707502963986, "symbol": "FOLR3", "name": "folate receptor gamma", "organism": "Homo sapiens", "tissue": "bone marrow"}, {"me": 3.232124749823253, "pc": 0.47797154658100044, "marker_score": 0.3680853064788337, "symbol": "AZU1", "name": "azurocidin 1", "organism": "Homo sapiens", "tissue": "bone marrow"}, {"me": 1.86150918532687, "pc": 0.12069756769160166, "marker_score": 0.3659182908897659, "symbol": "CHI3L1", "name": "chitinase 3 like 1", "organism": "Homo sapiens", "tissue": "bone marrow"}, {"me": 1.9206004744594536, "pc": 0.11817347407067462, "marker_score": 0.36228551400942716, "symbol": "CD177", "name": "CD177 molecule", "organism": "Homo sapiens", "tissue": "bone marrow"}, {"me": 1.775006679701398, "pc": 0.12092703074804956, "marker_score": 0.35796112932462154, "symbol": "ANXA3", "name": "annexin A3", "organism": "Homo sapiens", "tissue": "bone marrow"}, {"me": 2.01170205000405, "pc": 0.12276273519963286, "marker_score": 0.3243705952379833, "symbol": "ARG1", "name": "arginase 1", "organism": "Homo sapiens", "tissue": "bone marrow"}, {"me": 4.103085496690539, "pc": 0.3820559889857733, "marker_score": 0.3221283913573833, "symbol": "PRTN3", "name": "proteinase 3", "organism": "Homo sapiens", "tissue": "bone marrow"}, {"me": 2.004459941978554, "pc": 0.08788435061955026, "marker_score": 0.2984042436260616, "symbol": "MMP8", "name": "matrix metallopeptidase 8", "organism": "Homo sapiens", "tissue": "bone marrow"}, {"me": 2.101310759938824, "pc": 0.08765488756310234, "marker_score": 0.2915123916755745, "symbol": "TFF3", "name": "trefoil factor 3", "organism": "Homo sapiens", "tissue": "bone marrow"}, {"me": 1.7415798714689887, "pc": 0.0713630105553006, "marker_score": 0.27512103630699564, "symbol": "CEACAM1", "name": "CEA cell adhesion molecule 1", "organism": "Homo sapiens", "tissue": "bone marrow"}, {"me": 2.517786552156054, "pc": 0.18747131711794401, "marker_score": 0.2709335080810701, "symbol": "ELANE", "name": "elastase, neutrophil expressed", "organism": "Homo sapiens", "tissue": "bone marrow"}, {"me": 1.7686611864054314, "pc": 0.24552547039926573, "marker_score": 0.2663043632840489, "symbol": "CDA", "name": "cytidine deaminase", "organism": "Homo sapiens", "tissue": "bone marrow"}, {"me": 1.7349178889914485, "pc": 0.33754015603487836, "marker_score": 0.2641327866151923, "symbol": "GCA", "name": "grancalcin", "organism": "Homo sapiens", "tissue": "bone marrow"}, {"me": 1.8185816626566493, "pc": 0.0617255621844883, "marker_score": 0.25105259002892816, "symbol": "CTB-61M7.2", "name": "CTB-61M7.2", "organism": "Homo sapiens", "tissue": "bone marrow"}, {"me": 1.4944669914245605, "pc": 0.09178522257916476, "marker_score": 0.24712841918881778, "symbol": "CEBPE", "name": "CCAAT enhancer binding protein epsilon", "organism": "Homo sapiens", "tissue": "bone marrow"}, {"me": 1.7790735056906035, "pc": 0.060578246902248736, "marker_score": 0.24637481387387655, "symbol": "OLR1", "name": "oxidized low density lipoprotein receptor 1", "organism": "Homo sapiens", "tissue": "bone marrow"}, {"me": 1.7490899658203125, "pc": 0.05736576411197797, "marker_score": 0.24428103691939884, "symbol": "ABCA13", "name": "ATP binding cassette subfamily A member 13", "organism": "Homo sapiens", "tissue": "bone marrow"}, {"me": 1.7404837950372494, "pc": 0.054382744378155115, "marker_score": 0.23716430279423184, "symbol": "CEACAM6", "name": "CEA cell adhesion molecule 6", "organism": "Homo sapiens", "tissue": "bone marrow"}, {"me": 1.854314225691336, "pc": 0.2354290959155576, "marker_score": 0.23603071009512366, "symbol": "PADI4", "name": "peptidyl arginine deiminase 4", "organism": "Homo sapiens", "tissue": "bone marrow"}, {"me": 1.7575526888675101, "pc": 0.052088113813676, "marker_score": 0.23271530892807746, "symbol": "CHIT1", "name": "chitinase 1", "organism": "Homo sapiens", "tissue": "bone marrow"}, {"me": 1.8181484832763672, "pc": 0.05736576411197797, "marker_score": 0.22274698584325459, "symbol": "ORM1", "name": "orosomucoid 1", "organism": "Homo sapiens", "tissue": "bone marrow"}, {"me": 3.0062341634937795, "pc": 0.03969710876548876, "marker_score": 0.1930413305555793, "symbol": "OLFM4", "name": "olfactomedin 4", "organism": "Homo sapiens", "tissue": "bone marrow"}, {"me": 1.5398119787375133, "pc": 0.04956402019274897, "marker_score": 0.16788180736897926, "symbol": "B4GALT5", "name": "beta-1,4-galactosyltransferase 5", "organism": "Homo sapiens", "tissue": "bone marrow"}, {"me": 1.7537523976872476, "pc": 0.02042221202386416, "marker_score": 0.14119249624330749, "symbol": "DEFA1B", "name": "defensin alpha 1B", "organism": "Homo sapiens", "tissue": "bone marrow"}, {"me": 1.751960831719476, "pc": 0.02547039926571822, "marker_score": 0.11670710876082575, "symbol": "DEFB1", "name": "defensin beta 1", "organism": "Homo sapiens", "tissue": "bone marrow"}, {"me": 2.05877406455649, "pc": 0.7771913721890775, "marker_score": 0.112319785472742, "symbol": "TSPO", "name": "translocator protein", "organism": "Homo sapiens", "tissue": "bone marrow"}, {"me": 2.1756758601028725, "pc": 0.03694355208811381, "marker_score": 0.11195833969835631, "symbol": "EPX", "name": "eosinophil peroxidase", "organism": "Homo sapiens", "tissue": "bone marrow"}, {"me": 3.2567815250820584, "pc": 0.06608536025699863, "marker_score": 0.11003059348172628, "symbol": "CLC", "name": "Charcot-Leyden crystal galectin", "organism": "Homo sapiens", "tissue": "bone marrow"}, {"me": 3.619662685248688, "pc": 0.9318494722349702, "marker_score": 0.10967646582145962, "symbol": "LYZ", "name": "lysozyme", "organism": "Homo sapiens", "tissue": "bone marrow"}, {"me": 1.5037027724245762, "pc": 0.010784763653051858, "marker_score": 0.10323315613431487, "symbol": "COL17A1", "name": "collagen type XVII alpha 1 chain", "organism": "Homo sapiens", "tissue": "bone marrow"}, {"me": 1.6235822330821643, "pc": 0.010096374483708122, "marker_score": 0.10061376297216107, "symbol": "CEACAM3", "name": "CEA cell adhesion molecule 3", "organism": "Homo sapiens", "tissue": "bone marrow"}, {"me": 1.6710122664344502, "pc": 0.42909591555759524, "marker_score": 0.10042118393330121, "symbol": "RNASE2", "name": "ribonuclease A family member 2", "organism": "Homo sapiens", "tissue": "bone marrow"}, {"me": 1.3015390579347257, "pc": 0.09912804038549794, "marker_score": 0.09330539874071388, "symbol": "SERPINB10", "name": "serpin family B member 10", "organism": "Homo sapiens", "tissue": "bone marrow"}, {"me": 1.5818336356070735, "pc": 0.014226709499770536, "marker_score": 0.09308542922127488, "symbol": "GPR84", "name": "G protein-coupled receptor 84", "organism": "Homo sapiens", "tissue": "bone marrow"}, {"me": 1.6430350741170678, "pc": 0.10853602569986233, "marker_score": 0.081757060676833, "symbol": "GYG1", "name": "glycogenin 1", "organism": "Homo sapiens", "tissue": "bone marrow"}, {"me": 1.4289040178866, "pc": 0.13584212941716384, "marker_score": 0.06941132677522466, "symbol": "RGL4", "name": "ral guanine nucleotide dissociation stimulator like 4", "organism": "Homo sapiens", "tissue": "bone marrow"}, {"me": 1.483726172720283, "pc": 0.104176227627352, "marker_score": 0.053545022980842516, "symbol": "MSRB1", "name": "methionine sulfoxide reductase B1", "organism": "Homo sapiens", "tissue": "bone marrow"}, {"me": 1.712780481306636, "pc": 0.09614502065167509, "marker_score": 0.04791037571958642, "symbol": "CYSTM1", "name": "cysteine rich transmembrane module containing 1", "organism": "Homo sapiens", "tissue": "bone marrow"}, {"me": 1.522481671086064, "pc": 0.024782010096374485, "marker_score": 0.04464350007582867, "symbol": "SLPI", "name": "secretory leukocyte peptidase inhibitor", "organism": "Homo sapiens", "tissue": "bone marrow"}, {"me": 1.2424467621427593, "pc": 0.007572280862781092, "marker_score": 0.042936774177813275, "symbol": "HLA-G", "name": "major histocompatibility complex, class I, G", "organism": "Homo sapiens", "tissue": "bone marrow"}, {"me": 2.182925245496962, "pc": 0.010325837540156035, "marker_score": 0.0416290612695924, "symbol": "PRG3", "name": "proteoglycan 3, pro eosinophil major basic protein 2", "organism": "Homo sapiens", "tissue": "bone marrow"}, {"me": 1.1014872550964356, "pc": 0.018357044515832952, "marker_score": 0.04106293285543942, "symbol": "PLPPR3", "name": "phospholipid phosphatase related 3", "organism": "Homo sapiens", "tissue": "bone marrow"}, {"me": 1.9048863923227466, "pc": 0.02547039926571822, "marker_score": 0.04031487871171016, "symbol": "VNN1", "name": "vanin 1", "organism": "Homo sapiens", "tissue": "bone marrow"}, {"me": 1.308821786043331, "pc": 0.050711335474988524, "marker_score": 0.03701078721989016, "symbol": "VSTM1", "name": "V-set and transmembrane domain containing 1", "organism": "Homo sapiens", "tissue": "bone marrow"}, {"me": 1.487248939016591, "pc": 0.010555300596603947, "marker_score": 0.03640820337495556, "symbol": "HCAR2", "name": "hydroxycarboxylic acid receptor 2", "organism": "Homo sapiens", "tissue": "bone marrow"}, {"me": 1.570865168305218, "pc": 0.2260211106011932, "marker_score": 0.03566368527559671, "symbol": "EMB", "name": "embigin", "organism": "Homo sapiens", "tissue": "bone marrow"}, {"me": 1.2630092193196703, "pc": 0.0328132170720514, "marker_score": 0.03550500918964824, "symbol": "FUT4", "name": "fucosyltransferase 4", "organism": "Homo sapiens", "tissue": "bone marrow"}, {"me": 1.0118822370256697, "pc": 0.0048187241854061496, "marker_score": 0.03162323922615251, "symbol": "LINC01140", "name": "long intergenic non-protein coding RNA 1140", "organism": "Homo sapiens", "tissue": "bone marrow"}, {"me": 1.4807806000229, "pc": 0.14800367140890316, "marker_score": 0.026163414482380725, "symbol": "RNASE3", "name": "ribonuclease A family member 3", "organism": "Homo sapiens", "tissue": "bone marrow"}, {"me": 1.0939040656562324, "pc": 0.02547039926571822, "marker_score": 0.020399014661398686, "symbol": "KBTBD11", "name": "kelch repeat and BTB domain containing 11", "organism": "Homo sapiens", "tissue": "bone marrow"}, {"me": 1.8278247138668346, "pc": 0.03969710876548876, "marker_score": 0.017762931109976763, "symbol": "FCGR3B", "name": "Fc gamma receptor IIIb", "organism": "Homo sapiens", "tissue": "bone marrow"}, {"me": 1.2306982585362025, "pc": 0.03212482790270767, "marker_score": 0.01084724197133441, "symbol": "CLEC5A", "name": "C-type lectin domain containing 5A", "organism": "Homo sapiens", "tissue": "bone marrow"}, {"me": 1.1462403774261474, "pc": 0.004589261128958238, "marker_score": 0.004826145291017353, "symbol": "AF213884.2", "name": "AF213884.2", "organism": "Homo sapiens", "tissue": "bone marrow"}, {"me": 1.427023309469223, "pc": 0.036714089031665904, "marker_score": 0.00428314086133145, "symbol": "CLEC4O", "name": "CLEC4O", "organism": "Homo sapiens", "tissue": "bone marrow"}, {"me": 3.5582260968405683, "pc": 0.9913146466640348, "marker_score": 1.2648102397511947, "symbol": "S100a9", "name": "S100 calcium binding protein A9 (calgranulin B)", "organism": "Mus musculus", "tissue": "All Tissues"}, {"me": 3.480867288880429, "pc": 0.9938149756546915, "marker_score": 1.1835170651211033, "symbol": "H3f3a", "name": "H3.3 histone A", "organism": "Mus musculus", "tissue": "All Tissues"}, {"me": 3.7605201474821333, "pc": 0.994341360705356, "marker_score": 1.1264627837899406, "symbol": "S100a8", "name": "S100 calcium binding protein A8 (calgranulin A)", "organism": "Mus musculus", "tissue": "All Tissues"}, {"me": 2.8472603824818767, "pc": 0.67166732464798, "marker_score": 1.1006914934993748, "symbol": "H2ac23", "name": "H2A clustered histone 23", "organism": "Mus musculus", "tissue": "All Tissues"}, {"me": 3.571397276972896, "pc": 0.8787998420844848, "marker_score": 1.096116959468, "symbol": "Hmgb2", "name": "high mobility group box 2", "organism": "Mus musculus", "tissue": "All Tissues"}, {"me": 1.9504307300634955, "pc": 0.6113962363468878, "marker_score": 1.0695466103602027, "symbol": "Cdkn2d", "name": "cyclin dependent kinase inhibitor 2D", "organism": "Mus musculus", "tissue": "All Tissues"}, {"me": 2.0235065832702244, "pc": 0.7385182260823793, "marker_score": 0.9934709864394347, "symbol": "Birc5", "name": "baculoviral IAP repeat-containing 5", "organism": "Mus musculus", "tissue": "All Tissues"}, {"me": 2.644364247374836, "pc": 0.7018028687985262, "marker_score": 0.9825285534066652, "symbol": "Ube2c", "name": "ubiquitin-conjugating enzyme E2C", "organism": "Mus musculus", "tissue": "All Tissues"}, {"me": 3.170972559031535, "pc": 0.8512962231872615, "marker_score": 0.9763546275856894, "symbol": "Camp", "name": "cathelicidin antimicrobial peptide", "organism": "Mus musculus", "tissue": "All Tissues"}, {"me": 3.160306687777139, "pc": 0.8012896433741282, "marker_score": 0.8986098113406756, "symbol": "Ngp", "name": "neutrophilic granule protein", "organism": "Mus musculus", "tissue": "All Tissues"}, {"me": 2.1613414237519843, "pc": 0.7460192130543493, "marker_score": 0.8930543290841358, "symbol": "Cks2", "name": "CDC28 protein kinase regulatory subunit 2", "organism": "Mus musculus", "tissue": "All Tissues"}, {"me": 1.7635241624532632, "pc": 0.5807343071456771, "marker_score": 0.8908146135597845, "symbol": "Lbr", "name": "lamin B receptor", "organism": "Mus musculus", "tissue": "All Tissues"}, {"me": 1.7665546804234602, "pc": 0.5811290959336755, "marker_score": 0.8138493894947146, "symbol": "Cdca3", "name": "cell division cycle associated 3", "organism": "Mus musculus", "tissue": "All Tissues"}, {"me": 1.8711148385589702, "pc": 0.6337676010001316, "marker_score": 0.7885810016808641, "symbol": "Smc4", "name": "structural maintenance of chromosomes 4", "organism": "Mus musculus", "tissue": "All Tissues"}, {"me": 1.7616296223446106, "pc": 0.5017765495459929, "marker_score": 0.7858918306489491, "symbol": "Nusap1", "name": "nucleolar and spindle associated protein 1", "organism": "Mus musculus", "tissue": "All Tissues"}, {"me": 2.2744471300644373, "pc": 0.39057770759310434, "marker_score": 0.7858422072260423, "symbol": "Cebpe", "name": "CCAAT/enhancer binding protein (C/EBP), epsilon", "organism": "Mus musculus", "tissue": "All Tissues"}, {"me": 2.9250162063524288, "pc": 0.8913014870377681, "marker_score": 0.7820558922132946, "symbol": "Cd24a", "name": "CD24a antigen", "organism": "Mus musculus", "tissue": "All Tissues"}, {"me": 2.1647567423360496, "pc": 0.678247137781287, "marker_score": 0.7665497021550386, "symbol": "H2ax", "name": "H2A.X variant histone", "organism": "Mus musculus", "tissue": "All Tissues"}, {"me": 1.8634129233557446, "pc": 0.3596525858665614, "marker_score": 0.7235758807584587, "symbol": "Trem3", "name": "triggering receptor expressed on myeloid cells 3", "organism": "Mus musculus", "tissue": "All Tissues"}, {"me": 2.1951478234288433, "pc": 0.38005000657981314, "marker_score": 0.7063656371632664, "symbol": "Cd177", "name": "CD177 antigen", "organism": "Mus musculus", "tissue": "All Tissues"}, {"me": 1.9956736037076521, "pc": 0.5554678247137781, "marker_score": 0.6916715651649104, "symbol": "Rrm2", "name": "ribonucleotide reductase M2", "organism": "Mus musculus", "tissue": "All Tissues"}, {"me": 3.692530750093006, "pc": 0.44216344255823137, "marker_score": 0.6905948445110122, "symbol": "Ltf", "name": "lactotransferrin", "organism": "Mus musculus", "tissue": "All Tissues"}, {"me": 1.6696193248820754, "pc": 0.3487300960652717, "marker_score": 0.6747404909770783, "symbol": "Cdkn3", "name": "cyclin-dependent kinase inhibitor 3", "organism": "Mus musculus", "tissue": "All Tissues"}, {"me": 1.8751078940493673, "pc": 0.5824450585603369, "marker_score": 0.6743852327999537, "symbol": "Mki67", "name": "antigen identified by monoclonal antibody Ki 67", "organism": "Mus musculus", "tissue": "All Tissues"}, {"me": 2.3050241599355403, "pc": 0.8268193183313594, "marker_score": 0.6659986130189215, "symbol": "Ube2s", "name": "ubiquitin-conjugating enzyme E2S", "organism": "Mus musculus", "tissue": "All Tissues"}, {"me": 3.6440721675851155, "pc": 0.3014870377681274, "marker_score": 0.6528424614613084, "symbol": "Gypa", "name": "glycophorin A", "organism": "Mus musculus", "tissue": "All Tissues"}, {"me": 2.7634975195140723, "pc": 0.299249901302803, "marker_score": 0.6443930259256027, "symbol": "Slc4a1", "name": "solute carrier family 4 (anion exchanger), member 1", "organism": "Mus musculus", "tissue": "All Tissues"}, {"me": 1.7654259361446716, "pc": 0.530990919857876, "marker_score": 0.6433651307398971, "symbol": "Ccna2", "name": "cyclin A2", "organism": "Mus musculus", "tissue": "All Tissues"}, {"me": 2.1666354416466826, "pc": 0.329253849190683, "marker_score": 0.6424817853634393, "symbol": "Ube2l6", "name": "ubiquitin-conjugating enzyme E2L 6", "organism": "Mus musculus", "tissue": "All Tissues"}, {"me": 2.8987469188669786, "pc": 0.2953020134228188, "marker_score": 0.6365961116239284, "symbol": "Rhd", "name": "Rh blood group, D antigen", "organism": "Mus musculus", "tissue": "All Tissues"}, {"me": 3.290164614506806, "pc": 0.3045137518094486, "marker_score": 0.6356024616277647, "symbol": "Alas2", "name": "aminolevulinic acid synthase 2, erythroid", "organism": "Mus musculus", "tissue": "All Tissues"}, {"me": 1.8319357087845407, "pc": 0.5286221871298855, "marker_score": 0.6317611743815609, "symbol": "Ccnb2", "name": "cyclin B2", "organism": "Mus musculus", "tissue": "All Tissues"}, {"me": 2.476641036276322, "pc": 0.2937228582708251, "marker_score": 0.6312357665198876, "symbol": "Slc25a37", "name": "solute carrier family 25, member 37", "organism": "Mus musculus", "tissue": "All Tissues"}, {"me": 2.562131056561215, "pc": 0.28806421897618106, "marker_score": 0.6260775058939756, "symbol": "Hemgn", "name": "hemogen", "organism": "Mus musculus", "tissue": "All Tissues"}, {"me": 1.8753149144080765, "pc": 0.3332017370706672, "marker_score": 0.6253039219351332, "symbol": "Adpgk", "name": "ADP-dependent glucokinase", "organism": "Mus musculus", "tissue": "All Tissues"}, {"me": 1.7114055515952529, "pc": 0.5336228451111988, "marker_score": 0.6233981427396181, "symbol": "Cdca8", "name": "cell division cycle associated 8", "organism": "Mus musculus", "tissue": "All Tissues"}, {"me": 2.4560285027472526, "pc": 0.29938149756546917, "marker_score": 0.606725272380824, "symbol": "Cd79a", "name": "CD79A antigen (immunoglobulin-associated alpha)", "organism": "Mus musculus", "tissue": "All Tissues"}, {"me": 2.560582433670071, "pc": 0.2963547835241479, "marker_score": 0.601954600646096, "symbol": "Fech", "name": "ferrochelatase", "organism": "Mus musculus", "tissue": "All Tissues"}, {"me": 1.7983389619211172, "pc": 0.5100671140939598, "marker_score": 0.5977862174350085, "symbol": "Cdk1", "name": "cyclin-dependent kinase 1", "organism": "Mus musculus", "tissue": "All Tissues"}, {"me": 2.4595248693786815, "pc": 0.2904329517041716, "marker_score": 0.5966493006343642, "symbol": "Cpox", "name": "coproporphyrinogen oxidase", "organism": "Mus musculus", "tissue": "All Tissues"}, {"me": 1.6502722290447325, "pc": 0.2754309777602316, "marker_score": 0.5953126955106287, "symbol": "Pnkp", "name": "polynucleotide kinase 3'- phosphatase", "organism": "Mus musculus", "tissue": "All Tissues"}, {"me": 2.04230849847561, "pc": 0.26977233846558757, "marker_score": 0.5886431808704842, "symbol": "Fcnb", "name": "ficolin B", "organism": "Mus musculus", "tissue": "All Tissues"}, {"me": 2.0910122483507734, "pc": 0.28924858534017633, "marker_score": 0.5865910189459888, "symbol": "Cd79b", "name": "CD79B antigen", "organism": "Mus musculus", "tissue": "All Tissues"}, {"me": 2.0610610138174805, "pc": 0.25595473088564286, "marker_score": 0.5803454952586081, "symbol": "Klf1", "name": "Kruppel-like factor 1 (erythroid)", "organism": "Mus musculus", "tissue": "All Tissues"}, {"me": 1.907858120437956, "pc": 0.3605737597052244, "marker_score": 0.5796409384722744, "symbol": "Clec4a2", "name": "C-type lectin domain family 4, member a2", "organism": "Mus musculus", "tissue": "All Tissues"}, {"me": 1.8567515623036073, "pc": 0.5234899328859061, "marker_score": 0.5752828261396336, "symbol": "Cenpa", "name": "centromere protein A", "organism": "Mus musculus", "tissue": "All Tissues"}, {"me": 2.0707499979686688, "pc": 0.25305961310698777, "marker_score": 0.5732715937480388, "symbol": "Cldn13", "name": "claudin 13", "organism": "Mus musculus", "tissue": "All Tissues"}, {"me": 2.8362375773791766, "pc": 0.33083300434267665, "marker_score": 0.5664869400032917, "symbol": "Hmbs", "name": "hydroxymethylbilane synthase", "organism": "Mus musculus", "tissue": "All Tissues"}, {"me": 1.7677709511274378, "pc": 0.24292670088169496, "marker_score": 0.555416143318051, "symbol": "Orm1", "name": "orosomucoid 1", "organism": "Mus musculus", "tissue": "All Tissues"}, {"me": 1.8863946484238752, "pc": 0.3772864850638242, "marker_score": 0.5496445816883921, "symbol": "Ncf4", "name": "neutrophil cytosolic factor 4", "organism": "Mus musculus", "tissue": "All Tissues"}, {"me": 3.442457454219745, "pc": 0.5784971706803527, "marker_score": 0.5464369473947256, "symbol": "Lcn2", "name": "lipocalin 2", "organism": "Mus musculus", "tissue": "All Tissues"}, {"me": 2.966551594122989, "pc": 0.760757994472957, "marker_score": 0.5462360950732481, "symbol": "Hmgn2", "name": "high mobility group nucleosomal binding domain 2", "organism": "Mus musculus", "tissue": "All Tissues"}, {"me": 1.9716544750430292, "pc": 0.22937228582708252, "marker_score": 0.5371690766568987, "symbol": "Trim10", "name": "tripartite motif-containing 10", "organism": "Mus musculus", "tissue": "All Tissues"}, {"me": 1.6105717593859457, "pc": 0.22542439794709832, "marker_score": 0.533993970153443, "symbol": "Itgb2l", "name": "integrin beta 2-like", "organism": "Mus musculus", "tissue": "All Tissues"}, {"me": 1.57249751484095, "pc": 0.2937228582708251, "marker_score": 0.5316814384233141, "symbol": "Cdkn2c", "name": "cyclin dependent kinase inhibitor 2C", "organism": "Mus musculus", "tissue": "All Tissues"}, {"me": 2.4663871974111005, "pc": 0.2738518226082379, "marker_score": 0.5209871063642043, "symbol": "Ctse", "name": "cathepsin E", "organism": "Mus musculus", "tissue": "All Tissues"}, {"me": 1.969041446601849, "pc": 0.2152914857218055, "marker_score": 0.5164612108655393, "symbol": "Tspo2", "name": "translocator protein 2", "organism": "Mus musculus", "tissue": "All Tissues"}, {"me": 1.9767785233058286, "pc": 0.2342413475457297, "marker_score": 0.5130094946057225, "symbol": "Tspan33", "name": "tetraspanin 33", "organism": "Mus musculus", "tissue": "All Tissues"}, {"me": 1.7765671546014576, "pc": 0.5687590472430583, "marker_score": 0.5024056325467342, "symbol": "Tmpo", "name": "thymopoietin", "organism": "Mus musculus", "tissue": "All Tissues"}, {"me": 1.747273659378184, "pc": 0.5166469272272668, "marker_score": 0.5010573311252599, "symbol": "Top2a", "name": "topoisomerase (DNA) II alpha", "organism": "Mus musculus", "tissue": "All Tissues"}, {"me": 1.6155087479921144, "pc": 0.22529280168443216, "marker_score": 0.49956677147863043, "symbol": "Fam53b", "name": "family with sequence similarity 53, member B", "organism": "Mus musculus", "tissue": "All Tissues"}, {"me": 2.0745996195369405, "pc": 0.6323200421108041, "marker_score": 0.4975503787541896, "symbol": "Tuba4a", "name": "tubulin, alpha 4A", "organism": "Mus musculus", "tissue": "All Tissues"}, {"me": 1.6001290738103218, "pc": 0.34359784182129227, "marker_score": 0.4965861312797568, "symbol": "Asf1b", "name": "anti-silencing function 1B histone chaperone", "organism": "Mus musculus", "tissue": "All Tissues"}, {"me": 1.9820054860607785, "pc": 0.6354783524147914, "marker_score": 0.4951159461480553, "symbol": "Dek", "name": "DEK proto-oncogene (DNA binding)", "organism": "Mus musculus", "tissue": "All Tissues"}, {"me": 1.9745015496318397, "pc": 0.23568890643505724, "marker_score": 0.48822179793686643, "symbol": "Dhrs11", "name": "dehydrogenase/reductase (SDR family) member 11", "organism": "Mus musculus", "tissue": "All Tissues"}, {"me": 2.155339372462297, "pc": 0.2835899460455323, "marker_score": 0.48564904202637765, "symbol": "Urod", "name": "uroporphyrinogen decarboxylase", "organism": "Mus musculus", "tissue": "All Tissues"}, {"me": 2.8828244092987805, "pc": 0.2104224240031583, "marker_score": 0.4848604362174592, "symbol": "Vpreb3", "name": "V-set pre-B cell surrogate light chain 3", "organism": "Mus musculus", "tissue": "All Tissues"}, {"me": 1.5420615072065442, "pc": 0.19002500328990657, "marker_score": 0.4800634947627216, "symbol": "1700020L24Rik", "name": "RIKEN cDNA 1700020L24 gene", "organism": "Mus musculus", "tissue": "All Tissues"}, {"me": 1.9714300792660662, "pc": 0.2702987235162521, "marker_score": 0.4766363122568271, "symbol": "Isca1", "name": "iron-sulfur cluster assembly 1", "organism": "Mus musculus", "tissue": "All Tissues"}, {"me": 1.5433899302283243, "pc": 0.19199894722989866, "marker_score": 0.47515640927289515, "symbol": "Gca", "name": "grancalcin", "organism": "Mus musculus", "tissue": "All Tissues"}, {"me": 2.626490342705968, "pc": 0.4057112777997105, "marker_score": 0.47247858982792035, "symbol": "Ifitm6", "name": "interferon induced transmembrane protein 6", "organism": "Mus musculus", "tissue": "All Tissues"}, {"me": 1.845958568431713, "pc": 0.18476115278326097, "marker_score": 0.47191058410334097, "symbol": "Rhag", "name": "Rhesus blood group-associated A glycoprotein", "organism": "Mus musculus", "tissue": "All Tissues"}, {"me": 2.1142836880520117, "pc": 0.2681931833135939, "marker_score": 0.46170968559531567, "symbol": "Ubac1", "name": "ubiquitin associated domain containing 1", "organism": "Mus musculus", "tissue": "All Tissues"}, {"me": 2.0272235112808916, "pc": 0.2981971312014739, "marker_score": 0.46150083311011675, "symbol": "Rad23a", "name": "RAD23 homolog A, nucleotide excision repair protein", "organism": "Mus musculus", "tissue": "All Tissues"}, {"me": 2.630922618374638, "pc": 0.18186603500460588, "marker_score": 0.4570162667868689, "symbol": "Apol11b", "name": "apolipoprotein L 11b", "organism": "Mus musculus", "tissue": "All Tissues"}, {"me": 1.9832277616831306, "pc": 0.34636136333728124, "marker_score": 0.45249893177722916, "symbol": "Lrg1", "name": "leucine-rich alpha-2-glycoprotein 1", "organism": "Mus musculus", "tissue": "All Tissues"}, {"me": 1.788637575153803, "pc": 0.17647058823529413, "marker_score": 0.4521934294697544, "symbol": "Gypc", "name": "glycophorin C", "organism": "Mus musculus", "tissue": "All Tissues"}, {"me": 1.6526101027862936, "pc": 0.16633767601000132, "marker_score": 0.44022330814663296, "symbol": "Ms4a3", "name": "membrane-spanning 4-domains, subfamily A, member 3", "organism": "Mus musculus", "tissue": "All Tissues"}, {"me": 1.6367029840337133, "pc": 0.27714172917489144, "marker_score": 0.4331390662619672, "symbol": "Cpne3", "name": "copine III", "organism": "Mus musculus", "tissue": "All Tissues"}, {"me": 1.79105105539998, "pc": 0.1659428872220029, "marker_score": 0.43256119150407396, "symbol": "Ppox", "name": "protoporphyrinogen oxidase", "organism": "Mus musculus", "tissue": "All Tissues"}, {"me": 2.079777486716069, "pc": 0.6903539939465719, "marker_score": 0.43015593690873793, "symbol": "Arl6ip1", "name": "ADP-ribosylation factor-like 6 interacting protein 1", "organism": "Mus musculus", "tissue": "All Tissues"}, {"me": 1.758832491361178, "pc": 0.2737202263455718, "marker_score": 0.42454877508532274, "symbol": "Rbm38", "name": "RNA binding motif protein 38", "organism": "Mus musculus", "tissue": "All Tissues"}, {"me": 1.7747144307175728, "pc": 0.15370443479405185, "marker_score": 0.42283683077665857, "symbol": "Icam4", "name": "intercellular adhesion molecule 4, Landsteiner-Wiener blood group", "organism": "Mus musculus", "tissue": "All Tissues"}, {"me": 1.6762666289272572, "pc": 0.4649295959994736, "marker_score": 0.4184376142913141, "symbol": "Smc2", "name": "structural maintenance of chromosomes 2", "organism": "Mus musculus", "tissue": "All Tissues"}, {"me": 1.8126939497000512, "pc": 0.38662981971312016, "marker_score": 0.4163304689790444, "symbol": "Ptp4a3", "name": "protein tyrosine phosphatase 4a3", "organism": "Mus musculus", "tissue": "All Tissues"}, {"me": 1.6403892413147139, "pc": 0.24147914199236742, "marker_score": 0.41158213054973786, "symbol": "Ltb4r1", "name": "leukotriene B4 receptor 1", "organism": "Mus musculus", "tissue": "All Tissues"}, {"me": 1.6967223983730308, "pc": 0.175417818133965, "marker_score": 0.4072127752111706, "symbol": "Cdc25b", "name": "cell division cycle 25B", "organism": "Mus musculus", "tissue": "All Tissues"}, {"me": 2.6476702540999235, "pc": 0.34504540071061984, "marker_score": 0.40713919878920646, "symbol": "Blvrb", "name": "biliverdin reductase B (flavin reductase (NADPH))", "organism": "Mus musculus", "tissue": "All Tissues"}, {"me": 1.836312604771317, "pc": 0.1643637320700092, "marker_score": 0.4020595791870033, "symbol": "Tifa", "name": "TRAF-interacting protein with forkhead-associated domain", "organism": "Mus musculus", "tissue": "All Tissues"}, {"me": 1.7289584313264346, "pc": 0.1398868272141071, "marker_score": 0.40048391327057165, "symbol": "Slc43a1", "name": "solute carrier family 43, member 1", "organism": "Mus musculus", "tissue": "All Tissues"}, {"me": 1.5802949973088465, "pc": 0.2521384392683248, "marker_score": 0.3944719312627772, "symbol": "Arrb2", "name": "arrestin, beta 2", "organism": "Mus musculus", "tissue": "All Tissues"}, {"me": 1.6027725883152173, "pc": 0.1483089880247401, "marker_score": 0.39153955147656533, "symbol": "E2f2", "name": "E2F transcription factor 2", "organism": "Mus musculus", "tissue": "All Tissues"}, {"me": 1.4975229527828466, "pc": 0.1802868798526122, "marker_score": 0.388718395697293, "symbol": "Lyl1", "name": "lymphoblastomic leukemia 1", "organism": "Mus musculus", "tissue": "All Tissues"}, {"me": 1.8556984283357771, "pc": 0.44874325569153833, "marker_score": 0.385793174780302, "symbol": "Tuba1c", "name": "tubulin, alpha 1C", "organism": "Mus musculus", "tissue": "All Tissues"}, {"me": 1.799890960506135, "pc": 0.32175286221871296, "marker_score": 0.37951449166558454, "symbol": "Cenpf", "name": "centromere protein F", "organism": "Mus musculus", "tissue": "All Tissues"}, {"me": 1.5237177864449922, "pc": 0.1284379523621529, "marker_score": 0.3780260331387172, "symbol": "Pou2af1", "name": "POU domain, class 2, associating factor 1", "organism": "Mus musculus", "tissue": "All Tissues"}, {"me": 3.178432674425158, "pc": 0.8756415317804974, "marker_score": 0.37336709237318016, "symbol": "H2az1", "name": "H2A.Z variant histone 1", "organism": "Mus musculus", "tissue": "All Tissues"}, {"me": 1.685770002634206, "pc": 0.2966179760494802, "marker_score": 0.3732498366444657, "symbol": "Lta4h", "name": "leukotriene A4 hydrolase", "organism": "Mus musculus", "tissue": "All Tissues"}, {"me": 1.4957424357786018, "pc": 0.15528358994604552, "marker_score": 0.36662984780468927, "symbol": "Abhd5", "name": "abhydrolase domain containing 5", "organism": "Mus musculus", "tissue": "All Tissues"}, {"me": 1.5240658205501065, "pc": 0.21634425582313463, "marker_score": 0.36620310769454584, "symbol": "Rgs19", "name": "regulator of G-protein signaling 19", "organism": "Mus musculus", "tissue": "All Tissues"}, {"me": 2.768764143439211, "pc": 0.8221361876565703, "marker_score": 1.8028253392247695, "symbol": "RETN", "name": "resistin", "organism": "Homo sapiens", "tissue": "All Tissues"}, {"me": 4.32663014122016, "pc": 0.7813709861079481, "marker_score": 1.3913591668243823, "symbol": "S100A8", "name": "S100 calcium binding protein A8", "organism": "Homo sapiens", "tissue": "All Tissues"}, {"me": 2.1326656051797, "pc": 0.6895923479845137, "marker_score": 1.1407138164754955, "symbol": "MNDA", "name": "myeloid cell nuclear differentiation antigen", "organism": "Homo sapiens", "tissue": "All Tissues"}, {"me": 3.9374293397922004, "pc": 0.7722614438624459, "marker_score": 1.0508550380394233, "symbol": "S100A9", "name": "S100 calcium binding protein A9", "organism": "Homo sapiens", "tissue": "All Tissues"}, {"me": 2.3331218314991573, "pc": 0.5358688225916648, "marker_score": 1.0293208235643774, "symbol": "FCN1", "name": "ficolin 1", "organism": "Homo sapiens", "tissue": "All Tissues"}, {"me": 3.5106694701455763, "pc": 0.5217490321111364, "marker_score": 0.9549575967340782, "symbol": "MPO", "name": "myeloperoxidase", "organism": "Homo sapiens", "tissue": "All Tissues"}, {"me": 3.6294657265085912, "pc": 0.9323616488271464, "marker_score": 0.8655992977940967, "symbol": "LYZ", "name": "lysozyme", "organism": "Homo sapiens", "tissue": "All Tissues"}, {"me": 1.8269286608316766, "pc": 0.4438624459120929, "marker_score": 0.8590859371567335, "symbol": "MS4A3", "name": "membrane spanning 4-domains A3", "organism": "Homo sapiens", "tissue": "All Tissues"}, {"me": 3.216640400026962, "pc": 0.480072876337964, "marker_score": 0.8473629229024882, "symbol": "AZU1", "name": "azurocidin 1", "organism": "Homo sapiens", "tissue": "All Tissues"}, {"me": 1.670511929951017, "pc": 0.4304258710999772, "marker_score": 0.836380869441135, "symbol": "RNASE2", "name": "ribonuclease A family member 2", "organism": "Homo sapiens", "tissue": "All Tissues"}, {"me": 3.140433696674186, "pc": 0.39467091778638125, "marker_score": 0.7318635723643381, "symbol": "S100A12", "name": "S100 calcium binding protein A12", "organism": "Homo sapiens", "tissue": "All Tissues"}, {"me": 2.067963497411942, "pc": 0.42382145297198814, "marker_score": 0.7279731710290032, "symbol": "RP11-1143G9.4", "name": "RP11-1143G9.4", "organism": "Homo sapiens", "tissue": "All Tissues"}, {"me": 4.081443600869802, "pc": 0.3835117285356411, "marker_score": 0.726256140677622, "symbol": "PRTN3", "name": "proteinase 3", "organism": "Homo sapiens", "tissue": "All Tissues"}, {"me": 1.6638051210319258, "pc": 0.5108175814165338, "marker_score": 0.7072681978194449, "symbol": "STXBP2", "name": "syntaxin binding protein 2", "organism": "Homo sapiens", "tissue": "All Tissues"}, {"me": 2.618328105475786, "pc": 0.3161011159189251, "marker_score": 0.6595903935421623, "symbol": "PGLYRP1", "name": "peptidoglycan recognition protein 1", "organism": "Homo sapiens", "tissue": "All Tissues"}, {"me": 2.105134852854596, "pc": 0.3126850375768618, "marker_score": 0.6548385009514482, "symbol": "PRSS57", "name": "serine protease 57", "organism": "Homo sapiens", "tissue": "All Tissues"}, {"me": 3.645705386321458, "pc": 0.30676383511728533, "marker_score": 0.6497355810673271, "symbol": "LTF", "name": "lactotransferrin", "organism": "Homo sapiens", "tissue": "All Tissues"}, {"me": 3.7684225422020745, "pc": 0.286495103621043, "marker_score": 0.6190789176155568, "symbol": "CAMP", "name": "cathelicidin antimicrobial peptide", "organism": "Homo sapiens", "tissue": "All Tissues"}, {"me": 1.7349178889914485, "pc": 0.33500341607834205, "marker_score": 0.6143450226675005, "symbol": "GCA", "name": "grancalcin", "organism": "Homo sapiens", "tissue": "All Tissues"}, {"me": 2.296768191388545, "pc": 0.29833750854019586, "marker_score": 0.6008861924505708, "symbol": "CTSG", "name": "cathepsin G", "organism": "Homo sapiens", "tissue": "All Tissues"}, {"me": 1.854181928318919, "pc": 0.23388749715326804, "marker_score": 0.5399174898236307, "symbol": "PADI4", "name": "peptidyl arginine deiminase 4", "organism": "Homo sapiens", "tissue": "All Tissues"}, {"me": 1.768275086619273, "pc": 0.24390799362332044, "marker_score": 0.5251365693446932, "symbol": "CDA", "name": "cytidine deaminase", "organism": "Homo sapiens", "tissue": "All Tissues"}, {"me": 1.9397430742517838, "pc": 0.21544067410612616, "marker_score": 0.5131058647729213, "symbol": "BPI", "name": "bactericidal permeability increasing protein", "organism": "Homo sapiens", "tissue": "All Tissues"}, {"me": 1.8329103102588051, "pc": 0.7581416533819175, "marker_score": 0.5064363300787668, "symbol": "TKT", "name": "transketolase", "organism": "Homo sapiens", "tissue": "All Tissues"}, {"me": 1.8613810157915816, "pc": 0.3104076520154862, "marker_score": 0.4963025972348536, "symbol": "CLEC11A", "name": "C-type lectin domain containing 11A", "organism": "Homo sapiens", "tissue": "All Tissues"}, {"me": 2.0586376703874287, "pc": 0.7779549077658847, "marker_score": 0.4847779667477222, "symbol": "TSPO", "name": "translocator protein", "organism": "Homo sapiens", "tissue": "All Tissues"}, {"me": 1.8555879623025329, "pc": 0.20724208608517422, "marker_score": 0.4781860894706017, "symbol": "HP", "name": "haptoglobin", "organism": "Homo sapiens", "tissue": "All Tissues"}, {"me": 2.1945673196518114, "pc": 0.18515144613983148, "marker_score": 0.47055419962026446, "symbol": "CRISP3", "name": "cysteine rich secretory protein 3", "organism": "Homo sapiens", "tissue": "All Tissues"}, {"me": 3.088308447439105, "pc": 0.18629013892051924, "marker_score": 0.4489289600494375, "symbol": "DEFA4", "name": "defensin alpha 4", "organism": "Homo sapiens", "tissue": "All Tissues"}, {"me": 2.517786552156054, "pc": 0.18606240036438168, "marker_score": 0.44504658623009785, "symbol": "ELANE", "name": "elastase, neutrophil expressed", "organism": "Homo sapiens", "tissue": "All Tissues"}, {"me": 1.8836936355482603, "pc": 0.16055568207697563, "marker_score": 0.4351513256728834, "symbol": "CEACAM8", "name": "CEA cell adhesion molecule 8", "organism": "Homo sapiens", "tissue": "All Tissues"}, {"me": 4.126458121037138, "pc": 0.15713960373491231, "marker_score": 0.4169861168895317, "symbol": "DEFA3", "name": "defensin alpha 3", "organism": "Homo sapiens", "tissue": "All Tissues"}, {"me": 1.5592200107559337, "pc": 0.2871783192894557, "marker_score": 0.41566712315306187, "symbol": "GIHCG", "name": "GIHCG inhibitor of miR-200b/200a/429 expression", "organism": "Homo sapiens", "tissue": "All Tissues"}, {"me": 2.042558165385145, "pc": 0.1473468458209975, "marker_score": 0.40398660940793857, "symbol": "FOLR3", "name": "folate receptor gamma", "organism": "Homo sapiens", "tissue": "All Tissues"}, {"me": 1.480253437083381, "pc": 0.1478023229332726, "marker_score": 0.40381993999391463, "symbol": "RNASE3", "name": "ribonuclease A family member 3", "organism": "Homo sapiens", "tissue": "All Tissues"}, {"me": 1.4289040178866, "pc": 0.134821225233432, "marker_score": 0.3867040913944866, "symbol": "RGL4", "name": "ral guanine nucleotide dissociation stimulator like 4", "organism": "Homo sapiens", "tissue": "All Tissues"}, {"me": 1.569505224816117, "pc": 0.22523343202004098, "marker_score": 0.3732359603579162, "symbol": "EMB", "name": "embigin", "organism": "Homo sapiens", "tissue": "All Tissues"}, {"me": 2.0967092411839485, "pc": 0.4037804600318834, "marker_score": 0.3710714451032904, "symbol": "HBG2", "name": "hemoglobin subunit gamma 2", "organism": "Homo sapiens", "tissue": "All Tissues"}, {"me": 2.01170205000405, "pc": 0.12184012753359144, "marker_score": 0.36518993375995207, "symbol": "ARG1", "name": "arginase 1", "organism": "Homo sapiens", "tissue": "All Tissues"}, {"me": 1.9206004744594536, "pc": 0.11728535641084036, "marker_score": 0.3624864938659105, "symbol": "CD177", "name": "CD177 molecule", "organism": "Homo sapiens", "tissue": "All Tissues"}, {"me": 1.8732119700535625, "pc": 0.3347756775222045, "marker_score": 0.3410102536863477, "symbol": "CYBB", "name": "cytochrome b-245 beta chain", "organism": "Homo sapiens", "tissue": "All Tissues"}, {"me": 1.710359052637252, "pc": 0.14598041448417218, "marker_score": 0.33363748542557464, "symbol": "C1QTNF4", "name": "C1q and TNF related 4", "organism": "Homo sapiens", "tissue": "All Tissues"}, {"me": 1.3014593266892707, "pc": 0.09906627191983602, "marker_score": 0.32872503935259556, "symbol": "SERPINB10", "name": "serpin family B member 10", "organism": "Homo sapiens", "tissue": "All Tissues"}, {"me": 1.4944669914245605, "pc": 0.09109542245502164, "marker_score": 0.31062143701954437, "symbol": "CEBPE", "name": "CCAAT enhancer binding protein epsilon", "organism": "Homo sapiens", "tissue": "All Tissues"}, {"me": 1.7202672372412067, "pc": 0.2557503985424732, "marker_score": 0.3084301763027971, "symbol": "LTA4H", "name": "leukotriene A4 hydrolase", "organism": "Homo sapiens", "tissue": "All Tissues"}, {"me": 2.004459941978554, "pc": 0.08722386700068321, "marker_score": 0.30570099976008086, "symbol": "MMP8", "name": "matrix metallopeptidase 8", "organism": "Homo sapiens", "tissue": "All Tissues"}, {"me": 1.86150918532687, "pc": 0.11979048052835345, "marker_score": 0.30168158834265824, "symbol": "CHI3L1", "name": "chitinase 3 like 1", "organism": "Homo sapiens", "tissue": "All Tissues"}, {"me": 1.9456873258416296, "pc": 0.3138237303575495, "marker_score": 0.29604871445196346, "symbol": "HBA2", "name": "hemoglobin subunit alpha 2", "organism": "Homo sapiens", "tissue": "All Tissues"}, {"me": 1.4210275908842445, "pc": 0.08517421999544524, "marker_score": 0.2903494907700862, "symbol": "CPA3", "name": "carboxypeptidase A3", "organism": "Homo sapiens", "tissue": "All Tissues"}, {"me": 1.7142338966391448, "pc": 0.47779549077658845, "marker_score": 0.28749685387152857, "symbol": "PLAC8", "name": "placenta associated 8", "organism": "Homo sapiens", "tissue": "All Tissues"}, {"me": 1.783017098190438, "pc": 0.26645411068093827, "marker_score": 0.2790180010636033, "symbol": "HBA1", "name": "hemoglobin subunit alpha 1", "organism": "Homo sapiens", "tissue": "All Tissues"}, {"me": 1.3523930959355857, "pc": 0.10680938282851286, "marker_score": 0.2622494725037288, "symbol": "PRAM1", "name": "PML-RARA regulated adaptor molecule 1", "organism": "Homo sapiens", "tissue": "All Tissues"}, {"me": 1.7708991164884371, "pc": 0.18833978592575723, "marker_score": 0.2615943463516216, "symbol": "PLBD1", "name": "phospholipase B domain containing 1", "organism": "Homo sapiens", "tissue": "All Tissues"}, {"me": 2.573188005093329, "pc": 0.07606467774994306, "marker_score": 0.25187187805384165, "symbol": "PRG2", "name": "proteoglycan 2, pro eosinophil major basic protein", "organism": "Homo sapiens", "tissue": "All Tissues"}, {"me": 1.8185816626566493, "pc": 0.06126167160100205, "marker_score": 0.2513919619438445, "symbol": "CTB-61M7.2", "name": "CTB-61M7.2", "organism": "Homo sapiens", "tissue": "All Tissues"}, {"me": 1.2191902773474959, "pc": 0.06308358005010248, "marker_score": 0.24787464569041423, "symbol": "SPNS3", "name": "SPNS lysolipid transporter 3, sphingosine-1-phosphate (putative)", "organism": "Homo sapiens", "tissue": "All Tissues"}, {"me": 1.4916370285459724, "pc": 0.05716237759052607, "marker_score": 0.24399659120887474, "symbol": "MCEMP1", "name": "mast cell expressed membrane protein 1", "organism": "Homo sapiens", "tissue": "All Tissues"}, {"me": 1.483726172720283, "pc": 0.10339330448644955, "marker_score": 0.24328336871915543, "symbol": "MSRB1", "name": "methionine sulfoxide reductase B1", "organism": "Homo sapiens", "tissue": "All Tissues"}, {"me": 3.2567815250820584, "pc": 0.06558870416761557, "marker_score": 0.24194167854734605, "symbol": "CLC", "name": "Charcot-Leyden crystal galectin", "organism": "Homo sapiens", "tissue": "All Tissues"}, {"me": 1.4154145319416458, "pc": 0.10772033705306308, "marker_score": 0.24191156802855507, "symbol": "UQCRHL", "name": "ubiquinol-cytochrome c reductase hinge protein like", "organism": "Homo sapiens", "tissue": "All Tissues"}, {"me": 1.8181484832763672, "pc": 0.05693463903438852, "marker_score": 0.24125518416052966, "symbol": "ORM1", "name": "orosomucoid 1", "organism": "Homo sapiens", "tissue": "All Tissues"}, {"me": 1.7575526888675101, "pc": 0.051696652243224776, "marker_score": 0.23299954285151042, "symbol": "CHIT1", "name": "chitinase 1", "organism": "Homo sapiens", "tissue": "All Tissues"}, {"me": 2.2363356935217027, "pc": 0.05351856069232521, "marker_score": 0.23149194468988485, "symbol": "MMP9", "name": "matrix metallopeptidase 9", "organism": "Homo sapiens", "tissue": "All Tissues"}, {"me": 1.308821786043331, "pc": 0.05033022090639945, "marker_score": 0.22732442030837374, "symbol": "VSTM1", "name": "V-set and transmembrane domain containing 1", "organism": "Homo sapiens", "tissue": "All Tissues"}, {"me": 1.464426217255769, "pc": 0.04919152812571168, "marker_score": 0.22323823547976945, "symbol": "IL5RA", "name": "interleukin 5 receptor subunit alpha", "organism": "Homo sapiens", "tissue": "All Tissues"}, {"me": 1.6418260230737574, "pc": 0.0774311090867684, "marker_score": 0.21821998281058036, "symbol": "ITGAM", "name": "integrin subunit alpha M", "organism": "Homo sapiens", "tissue": "All Tissues"}, {"me": 1.3673397092676873, "pc": 0.15258483261216124, "marker_score": 0.21571342280074624, "symbol": "MYB", "name": "MYB proto-oncogene, transcription factor", "organism": "Homo sapiens", "tissue": "All Tissues"}, {"me": 1.5002735007892956, "pc": 0.11273058528808927, "marker_score": 0.20705660728189929, "symbol": "CFP", "name": "complement factor properdin", "organism": "Homo sapiens", "tissue": "All Tissues"}, {"me": 1.176506264418501, "pc": 0.04941926668184924, "marker_score": 0.2054107874928746, "symbol": "MLC1", "name": "modulator of VRAC current 1", "organism": "Homo sapiens", "tissue": "All Tissues"}, {"me": 1.8278247138668346, "pc": 0.03939877021179686, "marker_score": 0.20057591125134888, "symbol": "FCGR3B", "name": "Fc gamma receptor IIIb", "organism": "Homo sapiens", "tissue": "All Tissues"}, {"me": 3.5545242716658523, "pc": 0.9902072420860851, "marker_score": 0.19898409974006526, "symbol": "RPL39", "name": "ribosomal protein L39", "organism": "Homo sapiens", "tissue": "All Tissues"}, {"me": 1.259741444723301, "pc": 0.048052835345023914, "marker_score": 0.19831016424670256, "symbol": "TRH", "name": "thyrotropin releasing hormone", "organism": "Homo sapiens", "tissue": "All Tissues"}, {"me": 1.2985512422760148, "pc": 0.05033022090639945, "marker_score": 0.19664782463889902, "symbol": "PRSS21", "name": "serine protease 21", "organism": "Homo sapiens", "tissue": "All Tissues"}, {"me": 1.427023309469223, "pc": 0.036438168982008655, "marker_score": 0.19159177841924258, "symbol": "CLEC4O", "name": "CLEC4O", "organism": "Homo sapiens", "tissue": "All Tissues"}, {"me": 1.4557889545405354, "pc": 0.04919152812571168, "marker_score": 0.18206196372863045, "symbol": "BST1", "name": "bone marrow stromal cell antigen 1", "organism": "Homo sapiens", "tissue": "All Tissues"}, {"me": 1.2306982585362025, "pc": 0.031883397859257576, "marker_score": 0.1788582943991361, "symbol": "CLEC5A", "name": "C-type lectin domain containing 5A", "organism": "Homo sapiens", "tissue": "All Tissues"}, {"me": 2.1756758601028725, "pc": 0.036665907538146206, "marker_score": 0.17738089195564893, "symbol": "EPX", "name": "eosinophil peroxidase", "organism": "Homo sapiens", "tissue": "All Tissues"}, {"me": 1.3839422803500603, "pc": 0.05283534502391255, "marker_score": 0.17506583849784998, "symbol": "C19orf38", "name": "chromosome 19 open reading frame 38", "organism": "Homo sapiens", "tissue": "All Tissues"}, {"me": 1.6288630286259438, "pc": 0.030516966522432246, "marker_score": 0.17042733651579514, "symbol": "HDC", "name": "histidine decarboxylase", "organism": "Homo sapiens", "tissue": "All Tissues"}, {"me": 1.2630092193196703, "pc": 0.032566613527670235, "marker_score": 0.16948770435246377, "symbol": "FUT4", "name": "fucosyltransferase 4", "organism": "Homo sapiens", "tissue": "All Tissues"}, {"me": 1.2317800738594749, "pc": 0.027556365292644044, "marker_score": 0.16510180608880465, "symbol": "KCNE5", "name": "potassium voltage-gated channel subfamily E regulatory subunit 5", "organism": "Homo sapiens", "tissue": "All Tissues"}, {"me": 1.8872698449931475, "pc": 0.41493964928262356, "marker_score": 0.16291278960176958, "symbol": "S100P", "name": "S100 calcium binding protein P", "organism": "Homo sapiens", "tissue": "All Tissues"}, {"me": 1.77575417962998, "pc": 0.1304941926668185, "marker_score": 0.15773912868227202, "symbol": "IGLL1", "name": "immunoglobulin lambda like polypeptide 1", "organism": "Homo sapiens", "tissue": "All Tissues"}, {"me": 1.7790735056906035, "pc": 0.06012297882031428, "marker_score": 0.15648644704397968, "symbol": "OLR1", "name": "oxidized low density lipoprotein receptor 1", "organism": "Homo sapiens", "tissue": "All Tissues"}, {"me": 1.8614874257027536, "pc": 0.2634935094511501, "marker_score": 0.15471412954500308, "symbol": "ALOX5AP", "name": "arachidonate 5-lipoxygenase activating protein", "organism": "Homo sapiens", "tissue": "All Tissues"}, {"me": 2.080671731663666, "pc": 0.4980642222728308, "marker_score": 0.1533032921496904, "symbol": "RP11-84E17.1", "name": "RP11-84E17.1", "organism": "Homo sapiens", "tissue": "All Tissues"}, {"me": 1.479755047040108, "pc": 0.03552721475745844, "marker_score": 0.15280900248201745, "symbol": "MIR223HG", "name": "MIR223 host gene", "organism": "Homo sapiens", "tissue": "All Tissues"}, {"me": 1.2775427965613884, "pc": 0.028011842404919152, "marker_score": 0.15257224007352427, "symbol": "GATA1", "name": "GATA binding protein 1", "organism": "Homo sapiens", "tissue": "All Tissues"}, {"me": 1.7062382547565729, "pc": 0.5267592803461626, "marker_score": 0.1471427804503697, "symbol": "SERPINB1", "name": "serpin family B member 1", "organism": "Homo sapiens", "tissue": "All Tissues"}, {"me": 1.4110098020725341, "pc": 0.09610567069004783, "marker_score": 0.14409352971497363, "symbol": "NCF4", "name": "neutrophil cytosolic factor 4", "organism": "Homo sapiens", "tissue": "All Tissues"}, {"me": 1.1696402869248754, "pc": 0.044864495559098154, "marker_score": 0.1435161727391196, "symbol": "TRGC1", "name": "T cell receptor gamma constant 1", "organism": "Homo sapiens", "tissue": "All Tissues"}, {"me": 1.7537523976872476, "pc": 0.020268731496242313, "marker_score": 0.14120530382489876, "symbol": "DEFA1B", "name": "defensin alpha 1B", "organism": "Homo sapiens", "tissue": "All Tissues"}, {"me": 1.593199379590093, "pc": 0.11159189250740151, "marker_score": 0.1396867251654375, "symbol": "PYGL", "name": "glycogen phosphorylase L", "organism": "Homo sapiens", "tissue": "All Tissues"}, {"me": 1.6430350741170678, "pc": 0.10772033705306308, "marker_score": 0.13954470669213154, "symbol": "GYG1", "name": "glycogenin 1", "organism": "Homo sapiens", "tissue": "All Tissues"}, {"me": 2.70438908670137, "pc": 0.7319517194260988, "marker_score": 0.13861045254925788, "symbol": "SRGN", "name": "serglycin", "organism": "Homo sapiens", "tissue": "All Tissues"}, {"me": 1.1014872550964356, "pc": 0.018219084491004327, "marker_score": 0.1346908410413688, "symbol": "PLPPR3", "name": "phospholipid phosphatase related 3", "organism": "Homo sapiens", "tissue": "All Tissues"}, {"me": 1.3481481203468897, "pc": 0.02117968572079253, "marker_score": 0.13359615800273048, "symbol": "ALAS2", "name": "5'-aminolevulinate synthase 2", "organism": "Homo sapiens", "tissue": "All Tissues"}, {"me": 1.3267484692966236, "pc": 0.12388977453882942, "marker_score": 0.1294427749653479, "symbol": "GRK2", "name": "G protein-coupled receptor kinase 2", "organism": "Homo sapiens", "tissue": "All Tissues"}, {"me": 1.6509514147235502, "pc": 0.03529947620132089, "marker_score": 0.12805074389423543, "symbol": "C3AR1", "name": "complement C3a receptor 1", "organism": "Homo sapiens", "tissue": "All Tissues"}, {"me": 1.2325665610177177, "pc": 0.015941698929628788, "marker_score": 0.12523326356571884, "symbol": "RP11-84C10.2", "name": "RP11-84C10.2", "organism": "Homo sapiens", "tissue": "All Tissues"}]