[{"me": 2.966407700981693, "pc": 0.9520080828492044, "marker_score": 2.700087044834214, "symbol": "FSTL3", "name": "follistatin like 3", "organism": "Homo sapiens", "tissue": "placenta"}, {"me": 2.498380544690413, "pc": 0.9484718363223036, "marker_score": 2.5910566082205837, "symbol": "QSOX1", "name": "quiescin sulfhydryl oxidase 1", "organism": "Homo sapiens", "tissue": "placenta"}, {"me": 2.4534710217198583, "pc": 0.8903763576660773, "marker_score": 2.3847556811250925, "symbol": "XAGE2", "name": "X antigen family member 2", "organism": "Homo sapiens", "tissue": "placenta"}, {"me": 3.395474734966261, "pc": 0.954533973225562, "marker_score": 2.3284144189362252, "symbol": "KRT8", "name": "keratin 8", "organism": "Homo sapiens", "tissue": "placenta"}, {"me": 1.877337425542633, "pc": 0.8931548370800707, "marker_score": 2.210681016227261, "symbol": "GATA3", "name": "GATA binding protein 3", "organism": "Homo sapiens", "tissue": "placenta"}, {"me": 2.306407623601424, "pc": 0.8691588785046729, "marker_score": 2.162578748064736, "symbol": "PGF", "name": "placental growth factor", "organism": "Homo sapiens", "tissue": "placenta"}, {"me": 2.330963134765625, "pc": 0.8850719878757262, "marker_score": 2.109704479965099, "symbol": "SLC16A3", "name": "solute carrier family 16 member 3", "organism": "Homo sapiens", "tissue": "placenta"}, {"me": 2.2495087756081373, "pc": 0.8800202071230109, "marker_score": 2.090647775794698, "symbol": "GCSH", "name": "glycine cleavage system protein H", "organism": "Homo sapiens", "tissue": "placenta"}, {"me": 2.4174523587420045, "pc": 0.9477140692093963, "marker_score": 2.0787800179892892, "symbol": "CDKN1C", "name": "cyclin dependent kinase inhibitor 1C", "organism": "Homo sapiens", "tissue": "placenta"}, {"me": 2.08877811945922, "pc": 0.8903763576660773, "marker_score": 2.0685031518363606, "symbol": "MFAP5", "name": "microfibril associated protein 5", "organism": "Homo sapiens", "tissue": "placenta"}, {"me": 1.731706382584398, "pc": 0.8305127557464006, "marker_score": 1.9081899292204028, "symbol": "FHL2", "name": "four and a half LIM domains 2", "organism": "Homo sapiens", "tissue": "placenta"}, {"me": 1.795011771458021, "pc": 0.8423844405152816, "marker_score": 1.9070523203938252, "symbol": "PRSS8", "name": "serine protease 8", "organism": "Homo sapiens", "tissue": "placenta"}, {"me": 3.073363562160787, "pc": 0.9307906036878, "marker_score": 1.9054657854215642, "symbol": "KRT7", "name": "keratin 7", "organism": "Homo sapiens", "tissue": "placenta"}, {"me": 1.9338611625091375, "pc": 0.8638545087143218, "marker_score": 1.8864292571238104, "symbol": "BZW2", "name": "basic leucine zipper and W2 domains 2", "organism": "Homo sapiens", "tissue": "placenta"}, {"me": 2.0758659183464743, "pc": 0.8489517554938115, "marker_score": 1.8791080916707643, "symbol": "XAGE3", "name": "X antigen family member 3", "organism": "Homo sapiens", "tissue": "placenta"}, {"me": 3.6685860602856954, "pc": 0.9482192472846679, "marker_score": 1.864391801884781, "symbol": "KRT19", "name": "keratin 19", "organism": "Homo sapiens", "tissue": "placenta"}, {"me": 2.5244829048820354, "pc": 0.8886082344026269, "marker_score": 1.8401094307567, "symbol": "PHLDA2", "name": "pleckstrin homology like domain family A member 2", "organism": "Homo sapiens", "tissue": "placenta"}, {"me": 2.033708106884058, "pc": 0.8714321798433948, "marker_score": 1.7962821084037437, "symbol": "EFNA1", "name": "ephrin A1", "organism": "Homo sapiens", "tissue": "placenta"}, {"me": 2.069269994994504, "pc": 0.8042434958322808, "marker_score": 1.7632272036903431, "symbol": "ASCL2", "name": "achaete-scute family bHLH transcription factor 2", "organism": "Homo sapiens", "tissue": "placenta"}, {"me": 1.7376434363894468, "pc": 0.8173781257893408, "marker_score": 1.7410667177532952, "symbol": "PPP1R14B", "name": "protein phosphatase 1 regulatory inhibitor subunit 14B", "organism": "Homo sapiens", "tissue": "placenta"}, {"me": 2.162117605256466, "pc": 0.8691588785046729, "marker_score": 1.731322307192728, "symbol": "C12orf75", "name": "chromosome 12 open reading frame 75", "organism": "Homo sapiens", "tissue": "placenta"}, {"me": 2.3307477549036677, "pc": 0.816115180601162, "marker_score": 1.7295633925432292, "symbol": "CCNE1", "name": "cyclin E1", "organism": "Homo sapiens", "tissue": "placenta"}, {"me": 1.6358812798596596, "pc": 0.8459206870421824, "marker_score": 1.72099201491046, "symbol": "ARID3A", "name": "AT-rich interaction domain 3A", "organism": "Homo sapiens", "tissue": "placenta"}, {"me": 2.0265680597157445, "pc": 0.7852993180095984, "marker_score": 1.7205852392827594, "symbol": "HAPLN3", "name": "hyaluronan and proteoglycan link protein 3", "organism": "Homo sapiens", "tissue": "placenta"}, {"me": 1.7318488332106323, "pc": 0.8148522354129831, "marker_score": 1.71055402628615, "symbol": "DIO2", "name": "iodothyronine deiodinase 2", "organism": "Homo sapiens", "tissue": "placenta"}, {"me": 1.5539118039099526, "pc": 0.7994443041172014, "marker_score": 1.6575437803549713, "symbol": "LIMA1", "name": "LIM domain and actin binding 1", "organism": "Homo sapiens", "tissue": "placenta"}, {"me": 1.5648199818121693, "pc": 0.7638292498105582, "marker_score": 1.6430105615590866, "symbol": "C1QTNF6", "name": "C1q and TNF related 6", "organism": "Homo sapiens", "tissue": "placenta"}, {"me": 1.5863367050219648, "pc": 0.7906036877999495, "marker_score": 1.6407884531177057, "symbol": "TGFB1", "name": "transforming growth factor beta 1", "organism": "Homo sapiens", "tissue": "placenta"}, {"me": 1.6146508796790915, "pc": 0.7979287698913867, "marker_score": 1.6360440491934825, "symbol": "PTN", "name": "pleiotrophin", "organism": "Homo sapiens", "tissue": "placenta"}, {"me": 1.9461951340359183, "pc": 0.8403637282141955, "marker_score": 1.611360201022309, "symbol": "HMGB3", "name": "high mobility group box 3", "organism": "Homo sapiens", "tissue": "placenta"}, {"me": 1.491997262598854, "pc": 0.782520838595605, "marker_score": 1.588947653190435, "symbol": "TLE5", "name": "TLE family member 5, transcriptional modulator", "organism": "Homo sapiens", "tissue": "placenta"}, {"me": 1.7101379431499848, "pc": 0.8340490022733014, "marker_score": 1.5810239356722453, "symbol": "KDELR1", "name": "KDEL endoplasmic reticulum protein retention receptor 1", "organism": "Homo sapiens", "tissue": "placenta"}, {"me": 2.009105493746364, "pc": 0.8684011113917656, "marker_score": 1.5783403575669026, "symbol": "ISM2", "name": "isthmin 2", "organism": "Homo sapiens", "tissue": "placenta"}, {"me": 3.3842260085574574, "pc": 0.9297802475372569, "marker_score": 1.5541932619291763, "symbol": "KRT18", "name": "keratin 18", "organism": "Homo sapiens", "tissue": "placenta"}, {"me": 1.9832430086336337, "pc": 0.8411214953271028, "marker_score": 1.5528409104299916, "symbol": "TUBA1C", "name": "tubulin alpha 1c", "organism": "Homo sapiens", "tissue": "placenta"}, {"me": 1.597211686611464, "pc": 0.8350593584238444, "marker_score": 1.5413984735488435, "symbol": "PTPRF", "name": "protein tyrosine phosphatase receptor type F", "organism": "Homo sapiens", "tissue": "placenta"}, {"me": 2.1981227855854706, "pc": 0.8666329881283152, "marker_score": 1.533429635618607, "symbol": "SRI", "name": "sorcin", "organism": "Homo sapiens", "tissue": "placenta"}, {"me": 1.8553121766745861, "pc": 0.8239454407678707, "marker_score": 1.532911226368268, "symbol": "GLRX", "name": "glutaredoxin", "organism": "Homo sapiens", "tissue": "placenta"}, {"me": 1.6668172829940098, "pc": 0.8327860570851225, "marker_score": 1.519425694196143, "symbol": "ITGA5", "name": "integrin subunit alpha 5", "organism": "Homo sapiens", "tissue": "placenta"}, {"me": 1.9527271094207674, "pc": 0.8623389744885072, "marker_score": 1.5001444000517723, "symbol": "HMGN3", "name": "high mobility group nucleosomal binding domain 3", "organism": "Homo sapiens", "tissue": "placenta"}, {"me": 1.4744128507297964, "pc": 0.7938873452892145, "marker_score": 1.4967303175029443, "symbol": "SH3BP5", "name": "SH3 domain binding protein 5", "organism": "Homo sapiens", "tissue": "placenta"}, {"me": 1.7274280193856602, "pc": 0.799696893154837, "marker_score": 1.4819661191364206, "symbol": "CKS1B", "name": "CDC28 protein kinase regulatory subunit 1B", "organism": "Homo sapiens", "tissue": "placenta"}, {"me": 2.259943850485226, "pc": 0.8719373579186663, "marker_score": 1.4705295783896768, "symbol": "JPT1", "name": "Jupiter microtubule associated homolog 1", "organism": "Homo sapiens", "tissue": "placenta"}, {"me": 2.151428314715309, "pc": 0.8373326597625663, "marker_score": 1.4397532454289654, "symbol": "ADM", "name": "adrenomedullin", "organism": "Homo sapiens", "tissue": "placenta"}, {"me": 1.5642630828373016, "pc": 0.7956554685526648, "marker_score": 1.4380491911312165, "symbol": "DCXR", "name": "dicarbonyl and L-xylulose reductase", "organism": "Homo sapiens", "tissue": "placenta"}, {"me": 2.761743966402582, "pc": 0.9684263702955291, "marker_score": 1.4261721864118821, "symbol": "FN1", "name": "fibronectin 1", "organism": "Homo sapiens", "tissue": "placenta"}, {"me": 1.4845368838880006, "pc": 0.7504420308158626, "marker_score": 1.4213637045045133, "symbol": "RFK", "name": "riboflavin kinase", "organism": "Homo sapiens", "tissue": "placenta"}, {"me": 1.659321125345662, "pc": 0.7307400858802728, "marker_score": 1.4174210043257458, "symbol": "VGLL1", "name": "vestigial like family member 1", "organism": "Homo sapiens", "tissue": "placenta"}, {"me": 1.7732484879032258, "pc": 0.798686537004294, "marker_score": 1.4031081381780082, "symbol": "ADAM12", "name": "ADAM metallopeptidase domain 12", "organism": "Homo sapiens", "tissue": "placenta"}, {"me": 1.3976451732494213, "pc": 0.7638292498105582, "marker_score": 1.4019789370883782, "symbol": "DSP", "name": "desmoplakin", "organism": "Homo sapiens", "tissue": "placenta"}, {"me": 1.8371189369006562, "pc": 0.7506946198534984, "marker_score": 1.4006012260116592, "symbol": "EBI3", "name": "Epstein-Barr virus induced 3", "organism": "Homo sapiens", "tissue": "placenta"}, {"me": 2.644721155581267, "pc": 0.7436221267996969, "marker_score": 1.3943370508765955, "symbol": "HLA-G", "name": "major histocompatibility complex, class I, G", "organism": "Homo sapiens", "tissue": "placenta"}, {"me": 2.248486100269352, "pc": 0.9201818641070978, "marker_score": 1.39321105574813, "symbol": "P4HB", "name": "prolyl 4-hydroxylase subunit beta", "organism": "Homo sapiens", "tissue": "placenta"}, {"me": 1.5959474269869465, "pc": 0.7643344278858297, "marker_score": 1.3864229536390074, "symbol": "CNPY2", "name": "canopy FGF signaling regulator 2", "organism": "Homo sapiens", "tissue": "placenta"}, {"me": 1.9708091019897813, "pc": 0.8774943167466532, "marker_score": 1.384890275570861, "symbol": "TMED9", "name": "transmembrane p24 trafficking protein 9", "organism": "Homo sapiens", "tissue": "placenta"}, {"me": 2.884583204586451, "pc": 0.9451881788330386, "marker_score": 1.3823255795520548, "symbol": "TPM1", "name": "tropomyosin 1", "organism": "Homo sapiens", "tissue": "placenta"}, {"me": 1.8985930647907159, "pc": 0.8855771659509978, "marker_score": 1.3710311212213677, "symbol": "S100P", "name": "S100 calcium binding protein P", "organism": "Homo sapiens", "tissue": "placenta"}, {"me": 1.5606249432231105, "pc": 0.6951250315736297, "marker_score": 1.3704755531634805, "symbol": "AIF1L", "name": "allograft inflammatory factor 1 like", "organism": "Homo sapiens", "tissue": "placenta"}, {"me": 1.6107447471694591, "pc": 0.7613033594342006, "marker_score": 1.3619492578724082, "symbol": "BNIP3", "name": "BCL2 interacting protein 3", "organism": "Homo sapiens", "tissue": "placenta"}, {"me": 1.5169151577102804, "pc": 0.6756756756756757, "marker_score": 1.3590848856506055, "symbol": "MYCNUT", "name": "MYCN upstream transcript", "organism": "Homo sapiens", "tissue": "placenta"}, {"me": 1.7061340111687726, "pc": 0.8396059611012882, "marker_score": 1.357694654888971, "symbol": "IDH2", "name": "isocitrate dehydrogenase (NADP(+)) 2", "organism": "Homo sapiens", "tissue": "placenta"}, {"me": 1.6815482335161205, "pc": 0.7168476888103056, "marker_score": 1.3556649933828646, "symbol": "RALBP1", "name": "ralA binding protein 1", "organism": "Homo sapiens", "tissue": "placenta"}, {"me": 1.7564248399056286, "pc": 0.7494316746653196, "marker_score": 1.3548569558194758, "symbol": "MT1X", "name": "metallothionein 1X", "organism": "Homo sapiens", "tissue": "placenta"}, {"me": 2.29866720307309, "pc": 0.7602930032836575, "marker_score": 1.352038792174744, "symbol": "NOTUM", "name": "notum, palmitoleoyl-protein carboxylesterase", "organism": "Homo sapiens", "tissue": "placenta"}, {"me": 1.5656238142609744, "pc": 0.8113159888860824, "marker_score": 1.3419511632573005, "symbol": "TOMM20", "name": "translocase of outer mitochondrial membrane 20", "organism": "Homo sapiens", "tissue": "placenta"}, {"me": 1.5757354494764182, "pc": 0.7658499621116444, "marker_score": 1.3256475107903485, "symbol": "CENPX", "name": "centromere protein X", "organism": "Homo sapiens", "tissue": "placenta"}, {"me": 1.4448290302200135, "pc": 0.7433695377620612, "marker_score": 1.3203921292748155, "symbol": "TCF7L2", "name": "transcription factor 7 like 2", "organism": "Homo sapiens", "tissue": "placenta"}, {"me": 1.3239827473958334, "pc": 0.6819904016165699, "marker_score": 1.3194828535216154, "symbol": "SDC4", "name": "syndecan 4", "organism": "Homo sapiens", "tissue": "placenta"}, {"me": 2.607469598663083, "pc": 0.9045213437736802, "marker_score": 1.3150707334308045, "symbol": "TAGLN2", "name": "transgelin 2", "organism": "Homo sapiens", "tissue": "placenta"}, {"me": 1.512687624439308, "pc": 0.6898206617832786, "marker_score": 1.3128693342405469, "symbol": "MT1F", "name": "metallothionein 1F", "organism": "Homo sapiens", "tissue": "placenta"}, {"me": 1.4934517812829409, "pc": 0.7188684011113917, "marker_score": 1.3068156280543086, "symbol": "PTGES", "name": "prostaglandin E synthase", "organism": "Homo sapiens", "tissue": "placenta"}, {"me": 1.732452245811959, "pc": 0.787825208385956, "marker_score": 1.3026493273392463, "symbol": "CLTB", "name": "clathrin light chain B", "organism": "Homo sapiens", "tissue": "placenta"}, {"me": 1.5119839271155167, "pc": 0.7357918666329881, "marker_score": 1.3020232326154877, "symbol": "HEBP2", "name": "heme binding protein 2", "organism": "Homo sapiens", "tissue": "placenta"}, {"me": 1.4034494032382798, "pc": 0.7246779489770144, "marker_score": 1.2938721532068331, "symbol": "TMED3", "name": "transmembrane p24 trafficking protein 3", "organism": "Homo sapiens", "tissue": "placenta"}, {"me": 1.3823487772744083, "pc": 0.7256883051275574, "marker_score": 1.2739140026804887, "symbol": "FLNB", "name": "filamin B", "organism": "Homo sapiens", "tissue": "placenta"}, {"me": 1.4318524435489495, "pc": 0.6792119222025764, "marker_score": 1.26975926316635, "symbol": "ABCA7", "name": "ATP binding cassette subfamily A member 7", "organism": "Homo sapiens", "tissue": "placenta"}, {"me": 1.4619810415877226, "pc": 0.6665824703207881, "marker_score": 1.2634598856702095, "symbol": "CDK7", "name": "cyclin dependent kinase 7", "organism": "Homo sapiens", "tissue": "placenta"}, {"me": 1.355847276636684, "pc": 0.6809800454660268, "marker_score": 1.2634227353270029, "symbol": "ERVH48-1", "name": "endogenous retrovirus group 48 member 1, envelope", "organism": "Homo sapiens", "tissue": "placenta"}, {"me": 1.5968186584072503, "pc": 0.6549633745895428, "marker_score": 1.255724235851904, "symbol": "CA2", "name": "carbonic anhydrase 2", "organism": "Homo sapiens", "tissue": "placenta"}, {"me": 1.4009655020769753, "pc": 0.7448850719878757, "marker_score": 1.243781172992394, "symbol": "TMEM167A", "name": "transmembrane protein 167A", "organism": "Homo sapiens", "tissue": "placenta"}, {"me": 1.4555972325165678, "pc": 0.7241727709017428, "marker_score": 1.24185515358598, "symbol": "ARPC1A", "name": "actin related protein 2/3 complex subunit 1A", "organism": "Homo sapiens", "tissue": "placenta"}, {"me": 1.392575259907317, "pc": 0.7102803738317757, "marker_score": 1.2412376798602263, "symbol": "QPRT", "name": "quinolinate phosphoribosyltransferase", "organism": "Homo sapiens", "tissue": "placenta"}, {"me": 1.2332414485006438, "pc": 0.6375347309926749, "marker_score": 1.240814102581366, "symbol": "DSC2", "name": "desmocollin 2", "organism": "Homo sapiens", "tissue": "placenta"}, {"me": 1.6516237066661577, "pc": 0.8269765092194998, "marker_score": 1.233244343093135, "symbol": "TECR", "name": "trans-2,3-enoyl-CoA reductase", "organism": "Homo sapiens", "tissue": "placenta"}, {"me": 1.505044478255909, "pc": 0.6572366759282647, "marker_score": 1.2327850856617342, "symbol": "GJA5", "name": "gap junction protein alpha 5", "organism": "Homo sapiens", "tissue": "placenta"}, {"me": 1.3959023444324337, "pc": 0.722909825713564, "marker_score": 1.2276219426246084, "symbol": "SDF4", "name": "stromal cell derived factor 4", "organism": "Homo sapiens", "tissue": "placenta"}, {"me": 1.7263483961810766, "pc": 0.6734023743369538, "marker_score": 1.2264421425760466, "symbol": "HTRA4", "name": "HtrA serine peptidase 4", "organism": "Homo sapiens", "tissue": "placenta"}, {"me": 1.3427149050782694, "pc": 0.6837585248800202, "marker_score": 1.216490982351165, "symbol": "PLOD1", "name": "procollagen-lysine,2-oxoglutarate 5-dioxygenase 1", "organism": "Homo sapiens", "tissue": "placenta"}, {"me": 1.5188999004633343, "pc": 0.7870674412730487, "marker_score": 1.2156190613888316, "symbol": "EIF4H", "name": "eukaryotic translation initiation factor 4H", "organism": "Homo sapiens", "tissue": "placenta"}, {"me": 1.4048651786128106, "pc": 0.6812326345036626, "marker_score": 1.2143682918142786, "symbol": "SLC39A1", "name": "solute carrier family 39 member 1", "organism": "Homo sapiens", "tissue": "placenta"}, {"me": 1.4193452969597649, "pc": 0.6984086890628947, "marker_score": 1.2071690393059167, "symbol": "GLO1", "name": "glyoxalase I", "organism": "Homo sapiens", "tissue": "placenta"}, {"me": 3.097148753978588, "pc": 0.8729477140692093, "marker_score": 1.2042154484170686, "symbol": "LY6E", "name": "lymphocyte antigen 6 family member E", "organism": "Homo sapiens", "tissue": "placenta"}, {"me": 1.2513913310207299, "pc": 0.6610255114928012, "marker_score": 1.2041076058004647, "symbol": "JPT2", "name": "Jupiter microtubule associated homolog 2", "organism": "Homo sapiens", "tissue": "placenta"}, {"me": 1.344261846561861, "pc": 0.6175801970194493, "marker_score": 1.2038668103393182, "symbol": "SLCO4A1", "name": "solute carrier organic anion transporter family member 4A1", "organism": "Homo sapiens", "tissue": "placenta"}, {"me": 1.9988146385983643, "pc": 0.8724425359939378, "marker_score": 1.2007012443216756, "symbol": "KDELR2", "name": "KDEL endoplasmic reticulum protein retention receptor 2", "organism": "Homo sapiens", "tissue": "placenta"}, {"me": 1.2514311189104796, "pc": 0.6345036625410457, "marker_score": 1.2003735307333208, "symbol": "PKP2", "name": "plakophilin 2", "organism": "Homo sapiens", "tissue": "placenta"}, {"me": 1.6632017428076187, "pc": 0.7923718110633998, "marker_score": 1.2001084591931415, "symbol": "PRDX4", "name": "peroxiredoxin 4", "organism": "Homo sapiens", "tissue": "placenta"}, {"me": 1.200024215574187, "pc": 0.6213690325839859, "marker_score": 1.198851306090928, "symbol": "DSCR8", "name": "Down syndrome critical region 8", "organism": "Homo sapiens", "tissue": "placenta"}, {"me": 1.5070525388149556, "pc": 0.7971710027784794, "marker_score": 1.197561429263789, "symbol": "PDIA4", "name": "protein disulfide isomerase family A member 4", "organism": "Homo sapiens", "tissue": "placenta"}, {"me": 1.5841373199819981, "pc": 0.8418792624400101, "marker_score": 1.1868797802527769, "symbol": "PHPT1", "name": "phosphohistidine phosphatase 1", "organism": "Homo sapiens", "tissue": "placenta"}, {"me": 2.966407700981693, "pc": 0.9520080828492044, "marker_score": 2.7971930805143206, "symbol": "FSTL3", "name": "follistatin like 3", "organism": "Homo sapiens", "tissue": "All Tissues"}, {"me": 2.4174523587420045, "pc": 0.9477140692093963, "marker_score": 2.7015178845690104, "symbol": "CDKN1C", "name": "cyclin dependent kinase inhibitor 1C", "organism": "Homo sapiens", "tissue": "All Tissues"}, {"me": 2.498380544690413, "pc": 0.9484718363223036, "marker_score": 2.691949897591745, "symbol": "QSOX1", "name": "quiescin sulfhydryl oxidase 1", "organism": "Homo sapiens", "tissue": "All Tissues"}, {"me": 2.4534710217198583, "pc": 0.8903763576660773, "marker_score": 2.522035605787603, "symbol": "XAGE2", "name": "X antigen family member 2", "organism": "Homo sapiens", "tissue": "All Tissues"}, {"me": 1.877337425542633, "pc": 0.8931548370800707, "marker_score": 2.413899696717774, "symbol": "GATA3", "name": "GATA binding protein 3", "organism": "Homo sapiens", "tissue": "All Tissues"}, {"me": 2.330963134765625, "pc": 0.8850719878757262, "marker_score": 2.41083980533565, "symbol": "SLC16A3", "name": "solute carrier family 16 member 3", "organism": "Homo sapiens", "tissue": "All Tissues"}, {"me": 2.2495087756081373, "pc": 0.8800202071230109, "marker_score": 2.4041891054412208, "symbol": "GCSH", "name": "glycine cleavage system protein H", "organism": "Homo sapiens", "tissue": "All Tissues"}, {"me": 2.08877811945922, "pc": 0.8903763576660773, "marker_score": 2.21570879449678, "symbol": "MFAP5", "name": "microfibril associated protein 5", "organism": "Homo sapiens", "tissue": "All Tissues"}, {"me": 2.306407623601424, "pc": 0.8691588785046729, "marker_score": 2.2085231425033878, "symbol": "PGF", "name": "placental growth factor", "organism": "Homo sapiens", "tissue": "All Tissues"}, {"me": 3.165075769626077, "pc": 0.9676686031826218, "marker_score": 2.1695856703506773, "symbol": "IGF2", "name": "insulin like growth factor 2", "organism": "Homo sapiens", "tissue": "All Tissues"}, {"me": 1.6358812798596596, "pc": 0.8459206870421824, "marker_score": 2.113323499319458, "symbol": "ARID3A", "name": "AT-rich interaction domain 3A", "organism": "Homo sapiens", "tissue": "All Tissues"}, {"me": 2.0758659183464743, "pc": 0.8489517554938115, "marker_score": 2.0381385858532393, "symbol": "XAGE3", "name": "X antigen family member 3", "organism": "Homo sapiens", "tissue": "All Tissues"}, {"me": 2.5244829048820354, "pc": 0.8886082344026269, "marker_score": 2.00913953507309, "symbol": "PHLDA2", "name": "pleckstrin homology like domain family A member 2", "organism": "Homo sapiens", "tissue": "All Tissues"}, {"me": 1.795011771458021, "pc": 0.8423844405152816, "marker_score": 1.9687444702498935, "symbol": "PRSS8", "name": "serine protease 8", "organism": "Homo sapiens", "tissue": "All Tissues"}, {"me": 1.9338611625091375, "pc": 0.8638545087143218, "marker_score": 1.9622636129611712, "symbol": "BZW2", "name": "basic leucine zipper and W2 domains 2", "organism": "Homo sapiens", "tissue": "All Tissues"}, {"me": 2.033708106884058, "pc": 0.8714321798433948, "marker_score": 1.9551062199553753, "symbol": "EFNA1", "name": "ephrin A1", "organism": "Homo sapiens", "tissue": "All Tissues"}, {"me": 2.1081217496027933, "pc": 0.8545087143217984, "marker_score": 1.9412970694559368, "symbol": "CLIC3", "name": "chloride intracellular channel 3", "organism": "Homo sapiens", "tissue": "All Tissues"}, {"me": 2.3307477549036677, "pc": 0.816115180601162, "marker_score": 1.8135892177462694, "symbol": "CCNE1", "name": "cyclin E1", "organism": "Homo sapiens", "tissue": "All Tissues"}, {"me": 1.9461951340359183, "pc": 0.8403637282141955, "marker_score": 1.7990185655616115, "symbol": "HMGB3", "name": "high mobility group box 3", "organism": "Homo sapiens", "tissue": "All Tissues"}, {"me": 2.502421210398944, "pc": 0.8610760293003283, "marker_score": 1.7941431589003969, "symbol": "IGFBP3", "name": "insulin like growth factor binding protein 3", "organism": "Homo sapiens", "tissue": "All Tissues"}, {"me": 2.069269994994504, "pc": 0.8042434958322808, "marker_score": 1.7930525334535654, "symbol": "ASCL2", "name": "achaete-scute family bHLH transcription factor 2", "organism": "Homo sapiens", "tissue": "All Tissues"}, {"me": 1.6668172829940098, "pc": 0.8327860570851225, "marker_score": 1.7479496943511312, "symbol": "ITGA5", "name": "integrin subunit alpha 5", "organism": "Homo sapiens", "tissue": "All Tissues"}, {"me": 1.7318488332106323, "pc": 0.8148522354129831, "marker_score": 1.737040092654111, "symbol": "DIO2", "name": "iodothyronine deiodinase 2", "organism": "Homo sapiens", "tissue": "All Tissues"}, {"me": 2.0265680597157445, "pc": 0.7852993180095984, "marker_score": 1.7298589493730296, "symbol": "HAPLN3", "name": "hyaluronan and proteoglycan link protein 3", "organism": "Homo sapiens", "tissue": "All Tissues"}, {"me": 2.215118062118348, "pc": 0.8686537004294014, "marker_score": 1.6867320591765878, "symbol": "FLT1", "name": "fms related receptor tyrosine kinase 1", "organism": "Homo sapiens", "tissue": "All Tissues"}, {"me": 2.009105493746364, "pc": 0.8684011113917656, "marker_score": 1.683971169580359, "symbol": "ISM2", "name": "isthmin 2", "organism": "Homo sapiens", "tissue": "All Tissues"}, {"me": 1.5648199818121693, "pc": 0.7638292498105582, "marker_score": 1.6549511982015883, "symbol": "C1QTNF6", "name": "C1q and TNF related 6", "organism": "Homo sapiens", "tissue": "All Tissues"}, {"me": 2.151428314715309, "pc": 0.8373326597625663, "marker_score": 1.6502373010829172, "symbol": "ADM", "name": "adrenomedullin", "organism": "Homo sapiens", "tissue": "All Tissues"}, {"me": 2.088581000856431, "pc": 0.8110633998484466, "marker_score": 1.6478289729092808, "symbol": "AKR1B1", "name": "aldo-keto reductase family 1 member B", "organism": "Homo sapiens", "tissue": "All Tissues"}, {"me": 2.222325043014603, "pc": 0.9037635766607729, "marker_score": 1.6361644530352415, "symbol": "MORF4L2", "name": "mortality factor 4 like 2", "organism": "Homo sapiens", "tissue": "All Tissues"}, {"me": 3.097148753978588, "pc": 0.8729477140692093, "marker_score": 1.6046564442382876, "symbol": "LY6E", "name": "lymphocyte antigen 6 family member E", "organism": "Homo sapiens", "tissue": "All Tissues"}, {"me": 3.073363562160787, "pc": 0.9307906036878, "marker_score": 1.5888132441071836, "symbol": "KRT7", "name": "keratin 7", "organism": "Homo sapiens", "tissue": "All Tissues"}, {"me": 2.5051914655203262, "pc": 0.8822935084617327, "marker_score": 1.5828620880066477, "symbol": "TFPI", "name": "tissue factor pathway inhibitor", "organism": "Homo sapiens", "tissue": "All Tissues"}, {"me": 1.4845368838880006, "pc": 0.7504420308158626, "marker_score": 1.5695418297246613, "symbol": "RFK", "name": "riboflavin kinase", "organism": "Homo sapiens", "tissue": "All Tissues"}, {"me": 2.9684635092260976, "pc": 0.8110633998484466, "marker_score": 1.5642998463278703, "symbol": "CGA", "name": "glycoprotein hormones, alpha polypeptide", "organism": "Homo sapiens", "tissue": "All Tissues"}, {"me": 1.6288026350635594, "pc": 0.7451376610255115, "marker_score": 1.5488410619221424, "symbol": "HSPA2", "name": "heat shock protein family A (Hsp70) member 2", "organism": "Homo sapiens", "tissue": "All Tissues"}, {"me": 1.659321125345662, "pc": 0.7307400858802728, "marker_score": 1.5359981072558446, "symbol": "VGLL1", "name": "vestigial like family member 1", "organism": "Homo sapiens", "tissue": "All Tissues"}, {"me": 1.5811439016485909, "pc": 0.7976761808537509, "marker_score": 1.5329962562582373, "symbol": "VASP", "name": "vasodilator stimulated phosphoprotein", "organism": "Homo sapiens", "tissue": "All Tissues"}, {"me": 2.761743966402582, "pc": 0.9684263702955291, "marker_score": 1.5198577054980469, "symbol": "FN1", "name": "fibronectin 1", "organism": "Homo sapiens", "tissue": "All Tissues"}, {"me": 2.259943850485226, "pc": 0.8719373579186663, "marker_score": 1.5044219786814237, "symbol": "JPT1", "name": "Jupiter microtubule associated homolog 1", "organism": "Homo sapiens", "tissue": "All Tissues"}, {"me": 1.7732484879032258, "pc": 0.798686537004294, "marker_score": 1.4972832572349715, "symbol": "ADAM12", "name": "ADAM metallopeptidase domain 12", "organism": "Homo sapiens", "tissue": "All Tissues"}, {"me": 1.4664942353055748, "pc": 0.729477140692094, "marker_score": 1.4956309116074515, "symbol": "CYP11A1", "name": "cytochrome P450 family 11 subfamily A member 1", "organism": "Homo sapiens", "tissue": "All Tissues"}, {"me": 2.056272020526961, "pc": 0.8759787825208386, "marker_score": 1.490841743227765, "symbol": "CTSL", "name": "cathepsin L", "organism": "Homo sapiens", "tissue": "All Tissues"}, {"me": 1.3171627140619464, "pc": 0.7130588532457691, "marker_score": 1.4907684961337209, "symbol": "TFAP2A", "name": "transcription factor AP-2 alpha", "organism": "Homo sapiens", "tissue": "All Tissues"}, {"me": 2.109217070892257, "pc": 0.9019954533973226, "marker_score": 1.4863637866576038, "symbol": "IFI6", "name": "interferon alpha inducible protein 6", "organism": "Homo sapiens", "tissue": "All Tissues"}, {"me": 1.7064169322540614, "pc": 0.8396059611012882, "marker_score": 1.483778924586956, "symbol": "CALU", "name": "calumenin", "organism": "Homo sapiens", "tissue": "All Tissues"}, {"me": 1.9988146385983643, "pc": 0.8724425359939378, "marker_score": 1.4743070644616556, "symbol": "KDELR2", "name": "KDEL endoplasmic reticulum protein retention receptor 2", "organism": "Homo sapiens", "tissue": "All Tissues"}, {"me": 1.5757354494764182, "pc": 0.7658499621116444, "marker_score": 1.45730266788792, "symbol": "CENPX", "name": "centromere protein X", "organism": "Homo sapiens", "tissue": "All Tissues"}, {"me": 1.8553121766745861, "pc": 0.8239454407678707, "marker_score": 1.4207883741862581, "symbol": "GLRX", "name": "glutaredoxin", "organism": "Homo sapiens", "tissue": "All Tissues"}, {"me": 1.392575259907317, "pc": 0.7102803738317757, "marker_score": 1.4183316299219857, "symbol": "QPRT", "name": "quinolinate phosphoribosyltransferase", "organism": "Homo sapiens", "tissue": "All Tissues"}, {"me": 1.8371189369006562, "pc": 0.7506946198534984, "marker_score": 1.4177662955487722, "symbol": "EBI3", "name": "Epstein-Barr virus induced 3", "organism": "Homo sapiens", "tissue": "All Tissues"}, {"me": 1.731706382584398, "pc": 0.8305127557464006, "marker_score": 1.4046823977258829, "symbol": "FHL2", "name": "four and a half LIM domains 2", "organism": "Homo sapiens", "tissue": "All Tissues"}, {"me": 1.4744128507297964, "pc": 0.7938873452892145, "marker_score": 1.4028104457890302, "symbol": "SH3BP5", "name": "SH3 domain binding protein 5", "organism": "Homo sapiens", "tissue": "All Tissues"}, {"me": 2.644721155581267, "pc": 0.7436221267996969, "marker_score": 1.400595855110622, "symbol": "HLA-G", "name": "major histocompatibility complex, class I, G", "organism": "Homo sapiens", "tissue": "All Tissues"}, {"me": 2.884583204586451, "pc": 0.9451881788330386, "marker_score": 1.3854302608503963, "symbol": "TPM1", "name": "tropomyosin 1", "organism": "Homo sapiens", "tissue": "All Tissues"}, {"me": 1.3398090201364437, "pc": 0.7173528668855772, "marker_score": 1.384150313830709, "symbol": "SLC44A2", "name": "solute carrier family 44 member 2", "organism": "Homo sapiens", "tissue": "All Tissues"}, {"me": 1.9708091019897813, "pc": 0.8774943167466532, "marker_score": 1.379458436047323, "symbol": "TMED9", "name": "transmembrane p24 trafficking protein 9", "organism": "Homo sapiens", "tissue": "All Tissues"}, {"me": 1.436397097889006, "pc": 0.7799949482192473, "marker_score": 1.3793004574496415, "symbol": "AP3S1", "name": "adaptor related protein complex 3 subunit sigma 1", "organism": "Homo sapiens", "tissue": "All Tissues"}, {"me": 1.7274280193856602, "pc": 0.799696893154837, "marker_score": 1.3752642464851994, "symbol": "CKS1B", "name": "CDC28 protein kinase regulatory subunit 1B", "organism": "Homo sapiens", "tissue": "All Tissues"}, {"me": 1.5169151577102804, "pc": 0.6756756756756757, "marker_score": 1.371884988144486, "symbol": "MYCNUT", "name": "MYCN upstream transcript", "organism": "Homo sapiens", "tissue": "All Tissues"}, {"me": 2.29866720307309, "pc": 0.7602930032836575, "marker_score": 1.370813768926998, "symbol": "NOTUM", "name": "notum, palmitoleoyl-protein carboxylesterase", "organism": "Homo sapiens", "tissue": "All Tissues"}, {"me": 1.5606249432231105, "pc": 0.6951250315736297, "marker_score": 1.3649989715702437, "symbol": "AIF1L", "name": "allograft inflammatory factor 1 like", "organism": "Homo sapiens", "tissue": "All Tissues"}, {"me": 2.162117605256466, "pc": 0.8691588785046729, "marker_score": 1.3633963317573312, "symbol": "C12orf75", "name": "chromosome 12 open reading frame 75", "organism": "Homo sapiens", "tissue": "All Tissues"}, {"me": 1.4934517812829409, "pc": 0.7188684011113917, "marker_score": 1.359349895702266, "symbol": "PTGES", "name": "prostaglandin E synthase", "organism": "Homo sapiens", "tissue": "All Tissues"}, {"me": 1.4318524435489495, "pc": 0.6792119222025764, "marker_score": 1.3579872940260567, "symbol": "ABCA7", "name": "ATP binding cassette subfamily A member 7", "organism": "Homo sapiens", "tissue": "All Tissues"}, {"me": 1.35493920678491, "pc": 0.7009345794392523, "marker_score": 1.355543514019865, "symbol": "MMP14", "name": "matrix metallopeptidase 14", "organism": "Homo sapiens", "tissue": "All Tissues"}, {"me": 1.5863367050219648, "pc": 0.7906036877999495, "marker_score": 1.3531883101023374, "symbol": "TGFB1", "name": "transforming growth factor beta 1", "organism": "Homo sapiens", "tissue": "All Tissues"}, {"me": 1.3427149050782694, "pc": 0.6837585248800202, "marker_score": 1.3503517254033495, "symbol": "PLOD1", "name": "procollagen-lysine,2-oxoglutarate 5-dioxygenase 1", "organism": "Homo sapiens", "tissue": "All Tissues"}, {"me": 3.395474734966261, "pc": 0.954533973225562, "marker_score": 1.3502961766063208, "symbol": "KRT8", "name": "keratin 8", "organism": "Homo sapiens", "tissue": "All Tissues"}, {"me": 2.1981227855854706, "pc": 0.8666329881283152, "marker_score": 1.3406446183538374, "symbol": "SRI", "name": "sorcin", "organism": "Homo sapiens", "tissue": "All Tissues"}, {"me": 1.355847276636684, "pc": 0.6809800454660268, "marker_score": 1.3388120423694572, "symbol": "ERVH48-1", "name": "endogenous retrovirus group 48 member 1, envelope", "organism": "Homo sapiens", "tissue": "All Tissues"}, {"me": 1.4619810415877226, "pc": 0.6665824703207881, "marker_score": 1.335687565659451, "symbol": "CDK7", "name": "cyclin dependent kinase 7", "organism": "Homo sapiens", "tissue": "All Tissues"}, {"me": 1.6320315254760225, "pc": 0.7163425107350341, "marker_score": 1.3322111148490416, "symbol": "TUBB6", "name": "tubulin beta 6 class V", "organism": "Homo sapiens", "tissue": "All Tissues"}, {"me": 1.4048651786128106, "pc": 0.6812326345036626, "marker_score": 1.3239500676374436, "symbol": "SLC39A1", "name": "solute carrier family 39 member 1", "organism": "Homo sapiens", "tissue": "All Tissues"}, {"me": 1.2513913310207299, "pc": 0.6610255114928012, "marker_score": 1.3173822488443914, "symbol": "JPT2", "name": "Jupiter microtubule associated homolog 2", "organism": "Homo sapiens", "tissue": "All Tissues"}, {"me": 1.8985930647907159, "pc": 0.8855771659509978, "marker_score": 1.3115508538306015, "symbol": "S100P", "name": "S100 calcium binding protein P", "organism": "Homo sapiens", "tissue": "All Tissues"}, {"me": 3.3842260085574574, "pc": 0.9297802475372569, "marker_score": 1.301303853958039, "symbol": "KRT18", "name": "keratin 18", "organism": "Homo sapiens", "tissue": "All Tissues"}, {"me": 1.505044478255909, "pc": 0.6572366759282647, "marker_score": 1.2847663379311471, "symbol": "GJA5", "name": "gap junction protein alpha 5", "organism": "Homo sapiens", "tissue": "All Tissues"}, {"me": 1.3959023444324337, "pc": 0.722909825713564, "marker_score": 1.2773936355886277, "symbol": "SDF4", "name": "stromal cell derived factor 4", "organism": "Homo sapiens", "tissue": "All Tissues"}, {"me": 1.3619910842703975, "pc": 0.6640565799444305, "marker_score": 1.271820021098395, "symbol": "GM2A", "name": "ganglioside GM2 activator", "organism": "Homo sapiens", "tissue": "All Tissues"}, {"me": 1.3637790796946894, "pc": 0.6587522101540794, "marker_score": 1.269437820996001, "symbol": "GATA2", "name": "GATA binding protein 2", "organism": "Homo sapiens", "tissue": "All Tissues"}, {"me": 1.5642630828373016, "pc": 0.7956554685526648, "marker_score": 1.2665305046461879, "symbol": "DCXR", "name": "dicarbonyl and L-xylulose reductase", "organism": "Homo sapiens", "tissue": "All Tissues"}, {"me": 1.5959474269869465, "pc": 0.7643344278858297, "marker_score": 1.2595999765906352, "symbol": "CNPY2", "name": "canopy FGF signaling regulator 2", "organism": "Homo sapiens", "tissue": "All Tissues"}, {"me": 2.174385353051751, "pc": 0.8944177822682495, "marker_score": 1.2576354612281613, "symbol": "RPS27L", "name": "ribosomal protein S27 like", "organism": "Homo sapiens", "tissue": "All Tissues"}, {"me": 1.323628276754654, "pc": 0.6716342510735034, "marker_score": 1.256370712006603, "symbol": "HMG20B", "name": "high mobility group 20B", "organism": "Homo sapiens", "tissue": "All Tissues"}, {"me": 1.732452245811959, "pc": 0.787825208385956, "marker_score": 1.2518072814344492, "symbol": "CLTB", "name": "clathrin light chain B", "organism": "Homo sapiens", "tissue": "All Tissues"}, {"me": 1.7852676123903508, "pc": 0.7774690578428897, "marker_score": 1.2486371921947161, "symbol": "CITED2", "name": "Cbp/p300 interacting transactivator with Glu/Asp rich carboxy-terminal domain 2", "organism": "Homo sapiens", "tissue": "All Tissues"}, {"me": 1.200024215574187, "pc": 0.6213690325839859, "marker_score": 1.2449201164639498, "symbol": "DSCR8", "name": "Down syndrome critical region 8", "organism": "Homo sapiens", "tissue": "All Tissues"}, {"me": 1.9423571715309147, "pc": 0.8946703713058853, "marker_score": 1.241691598919695, "symbol": "COL4A1", "name": "collagen type IV alpha 1 chain", "organism": "Homo sapiens", "tissue": "All Tissues"}, {"me": 1.3969932592425218, "pc": 0.6375347309926749, "marker_score": 1.2415321605682668, "symbol": "BCAR4", "name": "breast cancer anti-estrogen resistance 4", "organism": "Homo sapiens", "tissue": "All Tissues"}, {"me": 1.9832430086336337, "pc": 0.8411214953271028, "marker_score": 1.2392179310954192, "symbol": "TUBA1C", "name": "tubulin alpha 1c", "organism": "Homo sapiens", "tissue": "All Tissues"}, {"me": 1.7263483961810766, "pc": 0.6734023743369538, "marker_score": 1.236298437970709, "symbol": "HTRA4", "name": "HtrA serine peptidase 4", "organism": "Homo sapiens", "tissue": "All Tissues"}, {"me": 1.6516237066661577, "pc": 0.8269765092194998, "marker_score": 1.2351290140796238, "symbol": "TECR", "name": "trans-2,3-enoyl-CoA reductase", "organism": "Homo sapiens", "tissue": "All Tissues"}, {"me": 1.8189902397555096, "pc": 0.8252083859560495, "marker_score": 1.2339761305263055, "symbol": "PLIN2", "name": "perilipin 2", "organism": "Homo sapiens", "tissue": "All Tissues"}, {"me": 2.607469598663083, "pc": 0.9045213437736802, "marker_score": 1.2328196669684792, "symbol": "TAGLN2", "name": "transgelin 2", "organism": "Homo sapiens", "tissue": "All Tissues"}, {"me": 1.5591940406122689, "pc": 0.8060116190957313, "marker_score": 1.2256037644435087, "symbol": "UGP2", "name": "UDP-glucose pyrophosphorylase 2", "organism": "Homo sapiens", "tissue": "All Tissues"}, {"me": 2.105146062246156, "pc": 0.8706744127304875, "marker_score": 1.2249893067786695, "symbol": "PDIA6", "name": "protein disulfide isomerase family A member 6", "organism": "Homo sapiens", "tissue": "All Tissues"}, {"me": 1.3192769833659246, "pc": 0.6297044708259661, "marker_score": 1.224545100543496, "symbol": "CD276", "name": "CD276 molecule", "organism": "Homo sapiens", "tissue": "All Tissues"}, {"me": 1.3493214542704417, "pc": 0.6718868401111392, "marker_score": 1.2184613442417944, "symbol": "UPP1", "name": "uridine phosphorylase 1", "organism": "Homo sapiens", "tissue": "All Tissues"}, {"me": 1.658280539115515, "pc": 0.8188936600151553, "marker_score": 1.215262083597571, "symbol": "SLC2A1", "name": "solute carrier family 2 member 1", "organism": "Homo sapiens", "tissue": "All Tissues"}]