[{"me": 2.31658935546875, "pc": 0.8700361010830325, "marker_score": 2.42545081314289, "symbol": "Ndnf", "name": "neuron-derived neurotrophic factor", "organism": "Mus musculus", "tissue": "brain"}, {"me": 2.4427457980024134, "pc": 0.8880866425992779, "marker_score": 2.2228283335436885, "symbol": "Ramp1", "name": "receptor (calcitonin) activity modifying protein 1", "organism": "Mus musculus", "tissue": "brain"}, {"me": 3.2053551480339024, "pc": 0.9783393501805054, "marker_score": 2.084848594417825, "symbol": "Reln", "name": "reelin", "organism": "Mus musculus", "tissue": "brain"}, {"me": 2.2015178359557535, "pc": 0.7725631768953068, "marker_score": 1.6514269114016429, "symbol": "Dach1", "name": "dachshund family transcription factor 1", "organism": "Mus musculus", "tissue": "brain"}, {"me": 3.109761787183357, "pc": 0.9530685920577617, "marker_score": 1.628691567474462, "symbol": "Kcnb2", "name": "potassium voltage gated channel, Shab-related subfamily, member 2", "organism": "Mus musculus", "tissue": "brain"}, {"me": 2.366363375794654, "pc": 0.7364620938628159, "marker_score": 1.6046956609279348, "symbol": "Thsd7b", "name": "thrombospondin, type I, domain containing 7B", "organism": "Mus musculus", "tissue": "brain"}, {"me": 2.598814470494689, "pc": 0.9133574007220217, "marker_score": 1.275780748656012, "symbol": "Fat3", "name": "FAT atypical cadherin 3", "organism": "Mus musculus", "tissue": "brain"}, {"me": 2.0864874945746528, "pc": 0.6498194945848376, "marker_score": 1.1850615800815418, "symbol": "Tmem163", "name": "transmembrane protein 163", "organism": "Mus musculus", "tissue": "brain"}, {"me": 3.089622273164637, "pc": 0.9819494584837545, "marker_score": 1.0516200517057117, "symbol": "Kcnh7", "name": "potassium voltage-gated channel, subfamily H (eag-related), member 7", "organism": "Mus musculus", "tissue": "brain"}, {"me": 2.1341429919731327, "pc": 0.592057761732852, "marker_score": 1.0473717527969346, "symbol": "Cdh4", "name": "cadherin 4", "organism": "Mus musculus", "tissue": "brain"}, {"me": 2.532824418676181, "pc": 0.9169675090252708, "marker_score": 1.0194707132569212, "symbol": "Robo2", "name": "roundabout guidance receptor 2", "organism": "Mus musculus", "tissue": "brain"}, {"me": 2.9941561185396637, "pc": 0.9386281588447654, "marker_score": 1.01281310673201, "symbol": "Stmn1", "name": "stathmin 1", "organism": "Mus musculus", "tissue": "brain"}, {"me": 2.581437110900879, "pc": 0.924187725631769, "marker_score": 0.9925774777245363, "symbol": "B3galt1", "name": "UDP-Gal:betaGlcNAc beta 1,3-galactosyltransferase, polypeptide 1", "organism": "Mus musculus", "tissue": "brain"}, {"me": 1.9412969163626679, "pc": 0.4368231046931408, "marker_score": 0.9406314194892631, "symbol": "Trp73", "name": "transformation related protein 73", "organism": "Mus musculus", "tissue": "brain"}, {"me": 2.0868710377177253, "pc": 0.4404332129963899, "marker_score": 0.8327619050046384, "symbol": "Gclm", "name": "glutamate-cysteine ligase, modifier subunit", "organism": "Mus musculus", "tissue": "brain"}, {"me": 2.020953010110294, "pc": 0.49097472924187724, "marker_score": 0.8245820265058554, "symbol": "Cacna2d2", "name": "calcium channel, voltage-dependent, alpha 2/delta subunit 2", "organism": "Mus musculus", "tissue": "brain"}, {"me": 1.9175163059059632, "pc": 0.3935018050541516, "marker_score": 0.8123606090288258, "symbol": "Cep112", "name": "centrosomal protein 112", "organism": "Mus musculus", "tissue": "brain"}, {"me": 1.99752021558357, "pc": 0.3574007220216607, "marker_score": 0.7936522805878642, "symbol": "Nhlh2", "name": "nescient helix loop helix 2", "organism": "Mus musculus", "tissue": "brain"}, {"me": 2.4499604430379747, "pc": 0.855595667870036, "marker_score": 0.7750204289400765, "symbol": "Clstn2", "name": "calsyntenin 2", "organism": "Mus musculus", "tissue": "brain"}, {"me": 2.383289840986144, "pc": 0.38267148014440433, "marker_score": 0.7738873517226298, "symbol": "Calb2", "name": "calbindin 2", "organism": "Mus musculus", "tissue": "brain"}, {"me": 2.7135764382102274, "pc": 0.9927797833935018, "marker_score": 0.6890172182309409, "symbol": "Rpl9-ps6", "name": "ribosomal protein L9, pseudogene 6", "organism": "Mus musculus", "tissue": "brain"}, {"me": 1.9366635774311267, "pc": 0.2743682310469314, "marker_score": 0.6208324596581646, "symbol": "Ebf3", "name": "early B cell factor 3", "organism": "Mus musculus", "tissue": "brain"}, {"me": 1.883047524984781, "pc": 0.2779783393501805, "marker_score": 0.5766235492627345, "symbol": "Elapor1", "name": "endosome-lysosome associated apoptosis and autophagy regulator 1", "organism": "Mus musculus", "tissue": "brain"}, {"me": 2.1104086890009235, "pc": 0.7328519855595668, "marker_score": 0.5629278573743522, "symbol": "Bex2", "name": "brain expressed X-linked 2", "organism": "Mus musculus", "tissue": "brain"}, {"me": 2.1006294720545764, "pc": 0.7617328519855595, "marker_score": 0.5612729824611865, "symbol": "Hint1", "name": "histidine triad nucleotide binding protein 1", "organism": "Mus musculus", "tissue": "brain"}, {"me": 3.688500174640739, "pc": 0.9891696750902527, "marker_score": 0.5083248295524778, "symbol": "Cntnap2", "name": "contactin associated protein-like 2", "organism": "Mus musculus", "tissue": "brain"}, {"me": 1.940016632080078, "pc": 0.18050541516245489, "marker_score": 0.4971810226951835, "symbol": "Gm30835", "name": "Gm30835", "organism": "Mus musculus", "tissue": "brain"}, {"me": 2.6351375295155086, "pc": 0.9675090252707581, "marker_score": 0.48209120910496384, "symbol": "Hsp90ab1", "name": "heat shock protein 90 alpha (cytosolic), class B member 1", "organism": "Mus musculus", "tissue": "brain"}, {"me": 1.8531522166972259, "pc": 0.17689530685920576, "marker_score": 0.4680479271570951, "symbol": "Diablo", "name": "diablo, IAP-binding mitochondrial protein", "organism": "Mus musculus", "tissue": "brain"}, {"me": 2.0387488917300574, "pc": 0.5487364620938628, "marker_score": 0.46358104202472955, "symbol": "Pdzd2", "name": "PDZ domain containing 2", "organism": "Mus musculus", "tissue": "brain"}, {"me": 2.260068722988697, "pc": 0.8483754512635379, "marker_score": 0.45534877852533934, "symbol": "Rrm2b", "name": "ribonucleotide reductase M2 B (TP53 inducible)", "organism": "Mus musculus", "tissue": "brain"}, {"me": 1.8718070172249002, "pc": 0.16967509025270758, "marker_score": 0.4475490434299759, "symbol": "Pkib", "name": "protein kinase inhibitor beta, cAMP dependent, testis specific", "organism": "Mus musculus", "tissue": "brain"}, {"me": 1.827826458474864, "pc": 0.16606498194945848, "marker_score": 0.4436096033069359, "symbol": "Smad1", "name": "SMAD family member 1", "organism": "Mus musculus", "tissue": "brain"}, {"me": 3.2595071231617645, "pc": 0.8592057761732852, "marker_score": 0.44136514454052744, "symbol": "Ubb", "name": "ubiquitin B", "organism": "Mus musculus", "tissue": "brain"}, {"me": 1.7593172073364258, "pc": 0.1444043321299639, "marker_score": 0.4373649385458588, "symbol": "Syndig1l", "name": "synapse differentiation inducing 1 like", "organism": "Mus musculus", "tissue": "brain"}, {"me": 1.8518300642047012, "pc": 0.20577617328519857, "marker_score": 0.43360901865783846, "symbol": "1500009L16Rik", "name": "RIKEN cDNA 1500009L16 gene", "organism": "Mus musculus", "tissue": "brain"}, {"me": 2.136082803049395, "pc": 0.7833935018050542, "marker_score": 0.422037004345094, "symbol": "Tecpr2", "name": "tectonin beta-propeller repeat containing 2", "organism": "Mus musculus", "tissue": "brain"}, {"me": 1.8108522415161132, "pc": 0.1444043321299639, "marker_score": 0.42169171088697915, "symbol": "Lhx1os", "name": "LIM homeobox 1, opposite strand", "organism": "Mus musculus", "tissue": "brain"}, {"me": 1.9741571599786931, "pc": 0.3176895306859206, "marker_score": 0.4026547810597249, "symbol": "Epha3", "name": "Eph receptor A3", "organism": "Mus musculus", "tissue": "brain"}, {"me": 1.8615363912379488, "pc": 0.33935018050541516, "marker_score": 0.39596256108176237, "symbol": "Fndc3b", "name": "fibronectin type III domain containing 3B", "organism": "Mus musculus", "tissue": "brain"}, {"me": 2.3336657954197304, "pc": 0.9205776173285198, "marker_score": 0.3886334741625753, "symbol": "Vmp1", "name": "vacuole membrane protein 1", "organism": "Mus musculus", "tissue": "brain"}, {"me": 2.024441926375679, "pc": 0.5812274368231047, "marker_score": 0.38558280278150214, "symbol": "Bex3", "name": "brain expressed X-linked 3", "organism": "Mus musculus", "tissue": "brain"}, {"me": 1.8842695024278429, "pc": 0.1299638989169675, "marker_score": 0.3837757785074324, "symbol": "Flrt3", "name": "fibronectin leucine rich transmembrane protein 3", "organism": "Mus musculus", "tissue": "brain"}, {"me": 2.0719478546626986, "pc": 0.6823104693140795, "marker_score": 0.38005735643201066, "symbol": "Ly6h", "name": "lymphocyte antigen 6 complex, locus H", "organism": "Mus musculus", "tissue": "brain"}, {"me": 1.8270723209824673, "pc": 0.1552346570397112, "marker_score": 0.3723375281186467, "symbol": "Plekha7", "name": "pleckstrin homology domain containing, family A member 7", "organism": "Mus musculus", "tissue": "brain"}, {"me": 1.9812964362067145, "pc": 0.5342960288808665, "marker_score": 0.36562042897957164, "symbol": "Nr2f2", "name": "nuclear receptor subfamily 2, group F, member 2", "organism": "Mus musculus", "tissue": "brain"}, {"me": 1.8451566569010416, "pc": 0.27075812274368233, "marker_score": 0.34084286079857334, "symbol": "Pcbp3", "name": "poly(rC) binding protein 3", "organism": "Mus musculus", "tissue": "brain"}, {"me": 1.825963592529297, "pc": 0.09025270758122744, "marker_score": 0.33941000843679203, "symbol": "Emx2", "name": "empty spiracles homeobox 2", "organism": "Mus musculus", "tissue": "brain"}, {"me": 2.242357182799533, "pc": 0.8700361010830325, "marker_score": 0.3301160855538488, "symbol": "Nfib", "name": "nuclear factor I/B", "organism": "Mus musculus", "tissue": "brain"}, {"me": 2.0367920215313253, "pc": 0.09386281588447654, "marker_score": 0.3284986508961635, "symbol": "Nppc", "name": "natriuretic peptide type C", "organism": "Mus musculus", "tissue": "brain"}, {"me": 2.0107498168945312, "pc": 0.3249097472924188, "marker_score": 0.32686075148026345, "symbol": "Ndn", "name": "necdin, MAGE family member", "organism": "Mus musculus", "tissue": "brain"}, {"me": 2.462920298218256, "pc": 0.9133574007220217, "marker_score": 0.3036080273022467, "symbol": "Rps27rt", "name": "ribosomal protein S27, retrogene", "organism": "Mus musculus", "tissue": "brain"}, {"me": 2.2257659632131594, "pc": 0.7870036101083032, "marker_score": 0.2938647725327849, "symbol": "Nav2", "name": "neuron navigator 2", "organism": "Mus musculus", "tissue": "brain"}, {"me": 1.8081825657894737, "pc": 0.06859205776173286, "marker_score": 0.2922313999361831, "symbol": "Shisal2b", "name": "shisa like 2B", "organism": "Mus musculus", "tissue": "brain"}, {"me": 2.2144274992101334, "pc": 0.12274368231046931, "marker_score": 0.2605689296862515, "symbol": "Tmem158", "name": "transmembrane protein 158", "organism": "Mus musculus", "tissue": "brain"}, {"me": 2.0820118918347714, "pc": 0.48375451263537905, "marker_score": 0.26028784814220296, "symbol": "Maml3", "name": "mastermind like transcriptional coactivator 3", "organism": "Mus musculus", "tissue": "brain"}, {"me": 1.946540931602577, "pc": 0.555956678700361, "marker_score": 0.2533531694852991, "symbol": "Taf1c", "name": "TATA-box binding protein associated factor, RNA polymerase I, C", "organism": "Mus musculus", "tissue": "brain"}, {"me": 1.9419940816945043, "pc": 0.5234657039711191, "marker_score": 0.25284980019627473, "symbol": "Gm10036", "name": "ribosomal protein L11 pseudogene", "organism": "Mus musculus", "tissue": "brain"}, {"me": 1.845606689453125, "pc": 0.09025270758122744, "marker_score": 0.24713438411725783, "symbol": "Slc17a6", "name": "solute carrier family 17 (sodium-dependent inorganic phosphate cotransporter), member 6", "organism": "Mus musculus", "tissue": "brain"}, {"me": 2.141905618370126, "pc": 0.7870036101083032, "marker_score": 0.2463322913763697, "symbol": "Wdr89", "name": "WD repeat domain 89", "organism": "Mus musculus", "tissue": "brain"}, {"me": 1.9778445850719104, "pc": 0.3176895306859206, "marker_score": 0.23837763376471302, "symbol": "Adcy8", "name": "adenylate cyclase 8", "organism": "Mus musculus", "tissue": "brain"}, {"me": 1.7778485616048176, "pc": 0.07581227436823104, "marker_score": 0.22243234083698987, "symbol": "Bex4", "name": "brain expressed X-linked 4", "organism": "Mus musculus", "tissue": "brain"}, {"me": 3.846184723568659, "pc": 0.9891696750902527, "marker_score": 0.22170123598416486, "symbol": "Snhg11", "name": "small nucleolar RNA host gene 11", "organism": "Mus musculus", "tissue": "brain"}, {"me": 1.8664006625904757, "pc": 0.24548736462093862, "marker_score": 0.22119207355020643, "symbol": "Fmn1", "name": "formin 1", "organism": "Mus musculus", "tissue": "brain"}, {"me": 1.8354467153549194, "pc": 0.11552346570397112, "marker_score": 0.21309509394226825, "symbol": "Ntng2", "name": "netrin G2", "organism": "Mus musculus", "tissue": "brain"}, {"me": 1.817405368970788, "pc": 0.08303249097472924, "marker_score": 0.2018999443631331, "symbol": "Fkbp9", "name": "FK506 binding protein 9", "organism": "Mus musculus", "tissue": "brain"}, {"me": 2.013298678110881, "pc": 0.2996389891696751, "marker_score": 0.19815615727628047, "symbol": "Hs3st5", "name": "heparan sulfate (glucosamine) 3-O-sulfotransferase 5", "organism": "Mus musculus", "tissue": "brain"}, {"me": 1.914200869473544, "pc": 0.07942238267148015, "marker_score": 0.19813606821242655, "symbol": "Gm29683", "name": "predicted gene, 29683", "organism": "Mus musculus", "tissue": "brain"}, {"me": 2.270162461679193, "pc": 0.855595667870036, "marker_score": 0.19236453691416622, "symbol": "Msi2", "name": "musashi RNA-binding protein 2", "organism": "Mus musculus", "tissue": "brain"}, {"me": 1.7678593722256748, "pc": 0.11913357400722022, "marker_score": 0.19104304467197492, "symbol": "Vbp1", "name": "von Hippel-Lindau binding protein 1", "organism": "Mus musculus", "tissue": "brain"}, {"me": 1.7821634465997869, "pc": 0.07942238267148015, "marker_score": 0.19005938862824015, "symbol": "Cib2", "name": "calcium and integrin binding family member 2", "organism": "Mus musculus", "tissue": "brain"}, {"me": 1.7589526176452637, "pc": 0.08664259927797834, "marker_score": 0.18800739601814054, "symbol": "Vps28", "name": "vacuolar protein sorting 28", "organism": "Mus musculus", "tissue": "brain"}, {"me": 1.9417296882689468, "pc": 0.4584837545126354, "marker_score": 0.1764777041727853, "symbol": "Bri3", "name": "brain protein I3", "organism": "Mus musculus", "tissue": "brain"}, {"me": 1.9252134569648172, "pc": 0.5306859205776173, "marker_score": 0.1729330080810756, "symbol": "Rpl27-ps3", "name": "ribosomal protein L27, pseudogene 3", "organism": "Mus musculus", "tissue": "brain"}, {"me": 2.1479147502354214, "pc": 0.8086642599277978, "marker_score": 0.16894011501859735, "symbol": "Gm11808", "name": "ubiquitin A-52 residue ribosomal protein fusion product 1 pseudogene", "organism": "Mus musculus", "tissue": "brain"}, {"me": 1.7883519624408923, "pc": 0.1371841155234657, "marker_score": 0.16682158933712124, "symbol": "H2bu2", "name": "H2B clustered histone 27", "organism": "Mus musculus", "tissue": "brain"}, {"me": 1.790988006591797, "pc": 0.09025270758122744, "marker_score": 0.16162033568178327, "symbol": "Traf5", "name": "TNF receptor-associated factor 5", "organism": "Mus musculus", "tissue": "brain"}, {"me": 1.90582958020662, "pc": 0.06859205776173286, "marker_score": 0.15717936320325196, "symbol": "Ndst4", "name": "N-deacetylase/N-sulfotransferase (heparin glucosaminyl) 4", "organism": "Mus musculus", "tissue": "brain"}, {"me": 1.9687002999441965, "pc": 0.1263537906137184, "marker_score": 0.15376497478085174, "symbol": "Pou6f2", "name": "POU domain, class 6, transcription factor 2", "organism": "Mus musculus", "tissue": "brain"}, {"me": 2.1161779116277826, "pc": 0.7906137184115524, "marker_score": 0.15307457883909786, "symbol": "Heph", "name": "hephaestin", "organism": "Mus musculus", "tissue": "brain"}, {"me": 1.8669730798522037, "pc": 0.24187725631768953, "marker_score": 0.14636301488408854, "symbol": "Rps12-ps3", "name": "ribosomal protein S12, pseudogene 3", "organism": "Mus musculus", "tissue": "brain"}, {"me": 1.7099227905273438, "pc": 0.06498194945848375, "marker_score": 0.12575158454282412, "symbol": "Wnt7b", "name": "wingless-type MMTV integration site family, member 7B", "organism": "Mus musculus", "tissue": "brain"}, {"me": 1.9362281350528492, "pc": 0.36823104693140796, "marker_score": 0.11489750084716348, "symbol": "Gm2000", "name": "ribosomal protein L35 pseudogene", "organism": "Mus musculus", "tissue": "brain"}, {"me": 1.7793583117033307, "pc": 0.1371841155234657, "marker_score": 0.10912154364303438, "symbol": "Rab39", "name": "RAB39, member RAS oncogene family", "organism": "Mus musculus", "tissue": "brain"}, {"me": 1.7799207051595052, "pc": 0.21660649819494585, "marker_score": 0.10852120602582485, "symbol": "Ramac", "name": "RNA guanine-7 methyltransferase activating subunit", "organism": "Mus musculus", "tissue": "brain"}, {"me": 1.9829513004847936, "pc": 0.20216606498194944, "marker_score": 0.1046220376089354, "symbol": "Pcdh11x", "name": "protocadherin 11 X-linked", "organism": "Mus musculus", "tissue": "brain"}, {"me": 1.9938489337300145, "pc": 0.4657039711191336, "marker_score": 0.10309024999531025, "symbol": "Pea15a", "name": "proliferation and apoptosis adaptor protein 15A", "organism": "Mus musculus", "tissue": "brain"}, {"me": 1.8715745879382621, "pc": 0.296028880866426, "marker_score": 0.09942049593842989, "symbol": "Bex1", "name": "brain expressed X-linked 1", "organism": "Mus musculus", "tissue": "brain"}, {"me": 1.982875923488451, "pc": 0.4151624548736462, "marker_score": 0.09887186454832841, "symbol": "Mif", "name": "macrophage migration inhibitory factor (glycosylation-inhibiting factor)", "organism": "Mus musculus", "tissue": "brain"}, {"me": 1.8948153541201638, "pc": 0.37906137184115524, "marker_score": 0.0972007641447481, "symbol": "Gabarapl2", "name": "gamma-aminobutyric acid (GABA) A receptor-associated protein-like 2", "organism": "Mus musculus", "tissue": "brain"}, {"me": 1.970776178140556, "pc": 0.40794223826714804, "marker_score": 0.09715527423911124, "symbol": "Tspan3", "name": "tetraspanin 3", "organism": "Mus musculus", "tissue": "brain"}, {"me": 1.9077963101661812, "pc": 0.21299638989169675, "marker_score": 0.09601297262571526, "symbol": "Aff2", "name": "AF4/FMR2 family, member 2", "organism": "Mus musculus", "tissue": "brain"}, {"me": 1.792471694946289, "pc": 0.07220216606498195, "marker_score": 0.08945696554256788, "symbol": "Unc119", "name": "unc-119 lipid binding chaperone", "organism": "Mus musculus", "tissue": "brain"}, {"me": 1.7697998329445168, "pc": 0.09747292418772563, "marker_score": 0.0806241197023605, "symbol": "Bbx", "name": "bobby sox HMG box containing", "organism": "Mus musculus", "tissue": "brain"}, {"me": 1.9064366476876395, "pc": 0.20216606498194944, "marker_score": 0.07784801538648087, "symbol": "Ap1s2", "name": "adaptor-related protein complex 1, sigma 2 subunit", "organism": "Mus musculus", "tissue": "brain"}, {"me": 1.781165313720703, "pc": 0.07220216606498195, "marker_score": 0.06352298853841133, "symbol": "Yipf4", "name": "Yip1 domain family, member 4", "organism": "Mus musculus", "tissue": "brain"}, {"me": 1.8253750271267362, "pc": 0.1624548736462094, "marker_score": 0.06302314273983602, "symbol": "Ralgps2", "name": "Ral GEF with PH domain and SH3 binding motif 2", "organism": "Mus musculus", "tissue": "brain"}, {"me": 1.8186543408562155, "pc": 0.12274368231046931, "marker_score": 0.05876986318335786, "symbol": "Cystm1", "name": "cysteine-rich transmembrane module containing 1", "organism": "Mus musculus", "tissue": "brain"}, {"me": 1.8814808436802455, "pc": 0.1263537906137184, "marker_score": 0.05532072177353054, "symbol": "Ctla4", "name": "cytotoxic T-lymphocyte-associated protein 4", "organism": "Mus musculus", "tissue": "brain"}, {"me": 2.031925024575745, "pc": 0.5451263537906137, "marker_score": 0.05435802533099652, "symbol": "Dync1i1", "name": "dynein cytoplasmic 1 intermediate chain 1", "organism": "Mus musculus", "tissue": "brain"}, {"me": 3.0105311696122334, "pc": 0.7980535279805353, "marker_score": 1.9542795218449855, "symbol": "GAP43", "name": "growth associated protein 43", "organism": "Homo sapiens", "tissue": "brain"}, {"me": 2.29931877654733, "pc": 0.7518248175182481, "marker_score": 1.6161724193764888, "symbol": "AC005943.2", "name": "AC005943.2", "organism": "Homo sapiens", "tissue": "brain"}, {"me": 2.657614267545681, "pc": 0.732360097323601, "marker_score": 1.608218299955228, "symbol": "UCHL1", "name": "ubiquitin C-terminal hydrolase L1", "organism": "Homo sapiens", "tissue": "brain"}, {"me": 3.12817251755416, "pc": 0.7931873479318735, "marker_score": 1.5690107804301991, "symbol": "TXN", "name": "thioredoxin", "organism": "Homo sapiens", "tissue": "brain"}, {"me": 3.6283478238689364, "pc": 0.9781021897810219, "marker_score": 1.5472566312589378, "symbol": "STMN2", "name": "stathmin 2", "organism": "Homo sapiens", "tissue": "brain"}, {"me": 2.1549819593775785, "pc": 0.7372262773722628, "marker_score": 1.5421511656042457, "symbol": "ATP5MJ", "name": "ATP synthase membrane subunit j", "organism": "Homo sapiens", "tissue": "brain"}, {"me": 2.7833489031831093, "pc": 0.8832116788321168, "marker_score": 1.519177451295455, "symbol": "COX7A2", "name": "cytochrome c oxidase subunit 7A2", "organism": "Homo sapiens", "tissue": "brain"}, {"me": 2.249714814827417, "pc": 0.6982968369829684, "marker_score": 1.4702289723317767, "symbol": "ATP5MC1", "name": "ATP synthase membrane subunit c locus 1", "organism": "Homo sapiens", "tissue": "brain"}, {"me": 2.208618389284479, "pc": 0.6593673965936739, "marker_score": 1.4626480367485009, "symbol": "GNG3", "name": "G protein subunit gamma 3", "organism": "Homo sapiens", "tissue": "brain"}, {"me": 2.644542987530048, "pc": 0.8223844282238443, "marker_score": 1.453293667937043, "symbol": "MLLT11", "name": "MLLT11 transcription factor 7 cofactor", "organism": "Homo sapiens", "tissue": "brain"}, {"me": 1.9408204405457823, "pc": 0.6958637469586375, "marker_score": 1.4117604529280219, "symbol": "BEX1", "name": "brain expressed X-linked 1", "organism": "Homo sapiens", "tissue": "brain"}, {"me": 1.8697059660804778, "pc": 0.6301703163017032, "marker_score": 1.386918679209661, "symbol": "BEX2", "name": "brain expressed X-linked 2", "organism": "Homo sapiens", "tissue": "brain"}, {"me": 3.2093764165155716, "pc": 0.7128953771289538, "marker_score": 1.373641725648479, "symbol": "RELN", "name": "reelin", "organism": "Homo sapiens", "tissue": "brain"}, {"me": 2.80795568922546, "pc": 0.7931873479318735, "marker_score": 1.3631437152406782, "symbol": "COX6A1", "name": "cytochrome c oxidase subunit 6A1", "organism": "Homo sapiens", "tissue": "brain"}, {"me": 2.3081628113879002, "pc": 0.683698296836983, "marker_score": 1.3502448732048988, "symbol": "MGST3", "name": "microsomal glutathione S-transferase 3", "organism": "Homo sapiens", "tissue": "brain"}, {"me": 2.728960182883523, "pc": 0.6690997566909975, "marker_score": 1.3316182780164671, "symbol": "PCP4", "name": "Purkinje cell protein 4", "organism": "Homo sapiens", "tissue": "brain"}, {"me": 2.222686767578125, "pc": 0.6520681265206812, "marker_score": 1.3310613686230253, "symbol": "VAMP2", "name": "vesicle associated membrane protein 2", "organism": "Homo sapiens", "tissue": "brain"}, {"me": 1.9748031843954057, "pc": 0.6520681265206812, "marker_score": 1.329355730398846, "symbol": "COPS9", "name": "COP9 signalosome subunit 9", "organism": "Homo sapiens", "tissue": "brain"}, {"me": 4.218256955030488, "pc": 0.9975669099756691, "marker_score": 1.3254572174413175, "symbol": "TMSB10", "name": "thymosin beta 10", "organism": "Homo sapiens", "tissue": "brain"}, {"me": 2.2177787025134785, "pc": 0.7615571776155717, "marker_score": 1.3205444265481554, "symbol": "ATP5MK", "name": "ATP synthase membrane subunit k", "organism": "Homo sapiens", "tissue": "brain"}, {"me": 2.9533575621400745, "pc": 0.8978102189781022, "marker_score": 1.3097818564163934, "symbol": "CALM2", "name": "calmodulin 2", "organism": "Homo sapiens", "tissue": "brain"}, {"me": 2.2374929589537618, "pc": 0.7761557177615572, "marker_score": 1.3082814945942267, "symbol": "ATP5ME", "name": "ATP synthase membrane subunit e", "organism": "Homo sapiens", "tissue": "brain"}, {"me": 2.281486712004009, "pc": 0.7396593673965937, "marker_score": 1.2977286168506987, "symbol": "NDUFB2", "name": "NADH:ubiquinone oxidoreductase subunit B2", "organism": "Homo sapiens", "tissue": "brain"}, {"me": 2.698937118937778, "pc": 0.8199513381995134, "marker_score": 1.2717746438874178, "symbol": "RTN1", "name": "reticulon 1", "organism": "Homo sapiens", "tissue": "brain"}, {"me": 2.258883166871342, "pc": 0.7274939172749392, "marker_score": 1.2710450585139834, "symbol": "UQCR10", "name": "ubiquinol-cytochrome c reductase, complex III subunit X", "organism": "Homo sapiens", "tissue": "brain"}, {"me": 2.630803203202814, "pc": 0.610705596107056, "marker_score": 1.234083585477637, "symbol": "IGFBP5", "name": "insulin like growth factor binding protein 5", "organism": "Homo sapiens", "tissue": "brain"}, {"me": 2.3743560129643964, "pc": 0.7858880778588808, "marker_score": 1.2149151585029077, "symbol": "BEX3", "name": "brain expressed X-linked 3", "organism": "Homo sapiens", "tissue": "brain"}, {"me": 1.9024446660822087, "pc": 0.6423357664233577, "marker_score": 1.202625522241868, "symbol": "YWHAZ", "name": "tyrosine 3-monooxygenase/tryptophan 5-monooxygenase activation protein zeta", "organism": "Homo sapiens", "tissue": "brain"}, {"me": 2.2686479284408243, "pc": 0.5717761557177615, "marker_score": 1.1942277862013344, "symbol": "CALB2", "name": "calbindin 2", "organism": "Homo sapiens", "tissue": "brain"}, {"me": 1.9792464615462662, "pc": 0.5620437956204379, "marker_score": 1.1918400037164156, "symbol": "OLFM1", "name": "olfactomedin 1", "organism": "Homo sapiens", "tissue": "brain"}, {"me": 2.1010908254886265, "pc": 0.6885644768856448, "marker_score": 1.1846563202815645, "symbol": "TBCA", "name": "tubulin folding cofactor A", "organism": "Homo sapiens", "tissue": "brain"}, {"me": 2.218079440876589, "pc": 0.7177615571776156, "marker_score": 1.166955557139626, "symbol": "SELENOW", "name": "selenoprotein W", "organism": "Homo sapiens", "tissue": "brain"}, {"me": 1.9440306254795618, "pc": 0.5450121654501217, "marker_score": 1.1655311704712152, "symbol": "NSG1", "name": "neuronal vesicle trafficking associated 1", "organism": "Homo sapiens", "tissue": "brain"}, {"me": 3.2292887369791665, "pc": 0.9124087591240876, "marker_score": 1.1636504175298825, "symbol": "MAP1B", "name": "microtubule associated protein 1B", "organism": "Homo sapiens", "tissue": "brain"}, {"me": 1.7400353025283493, "pc": 0.5766423357664233, "marker_score": 1.1502295452976983, "symbol": "ATOX1", "name": "antioxidant 1 copper chaperone", "organism": "Homo sapiens", "tissue": "brain"}, {"me": 1.8507499048265361, "pc": 0.5742092457420924, "marker_score": 1.1446376119094377, "symbol": "PSMB5", "name": "proteasome 20S subunit beta 5", "organism": "Homo sapiens", "tissue": "brain"}, {"me": 1.86997778941009, "pc": 0.5742092457420924, "marker_score": 1.1338760497716147, "symbol": "NDUFA13", "name": "NADH:ubiquinone oxidoreductase subunit A13", "organism": "Homo sapiens", "tissue": "brain"}, {"me": 2.245392676921206, "pc": 0.6253041362530414, "marker_score": 1.1291669170143661, "symbol": "CYCS", "name": "cytochrome c, somatic", "organism": "Homo sapiens", "tissue": "brain"}, {"me": 2.000173273445672, "pc": 0.5815085158150851, "marker_score": 1.1235727202701238, "symbol": "CALM3", "name": "calmodulin 3", "organism": "Homo sapiens", "tissue": "brain"}, {"me": 1.8450870957485466, "pc": 0.5231143552311436, "marker_score": 1.12284512207167, "symbol": "TMEM14A", "name": "transmembrane protein 14A", "organism": "Homo sapiens", "tissue": "brain"}, {"me": 1.8170833670936817, "pc": 0.5571776155717761, "marker_score": 1.107552357355317, "symbol": "TCEAL4", "name": "transcription elongation factor A like 4", "organism": "Homo sapiens", "tissue": "brain"}, {"me": 2.3318254625475086, "pc": 0.7201946472019465, "marker_score": 1.0880603396516004, "symbol": "COX5B", "name": "cytochrome c oxidase subunit 5B", "organism": "Homo sapiens", "tissue": "brain"}, {"me": 1.8861893363620923, "pc": 0.559610705596107, "marker_score": 1.0872078572924484, "symbol": "SNRPN", "name": "small nuclear ribonucleoprotein polypeptide N", "organism": "Homo sapiens", "tissue": "brain"}, {"me": 2.062036456483783, "pc": 0.6423357664233577, "marker_score": 1.0863644954614373, "symbol": "PHPT1", "name": "phosphohistidine phosphatase 1", "organism": "Homo sapiens", "tissue": "brain"}, {"me": 1.9990588848407451, "pc": 0.6326034063260341, "marker_score": 1.0794441720916554, "symbol": "CDC42", "name": "cell division cycle 42", "organism": "Homo sapiens", "tissue": "brain"}, {"me": 2.903143906011814, "pc": 0.7980535279805353, "marker_score": 1.0770037149025977, "symbol": "TUBA1B", "name": "tubulin alpha 1b", "organism": "Homo sapiens", "tissue": "brain"}, {"me": 2.170168597172394, "pc": 0.805352798053528, "marker_score": 1.071203030345698, "symbol": "YWHAE", "name": "tyrosine 3-monooxygenase/tryptophan 5-monooxygenase activation protein epsilon", "organism": "Homo sapiens", "tissue": "brain"}, {"me": 1.6830691658490078, "pc": 0.51338199513382, "marker_score": 1.0704205680013563, "symbol": "EMX2", "name": "empty spiracles homeobox 2", "organism": "Homo sapiens", "tissue": "brain"}, {"me": 1.7103526494274401, "pc": 0.5328467153284672, "marker_score": 1.0686936366222377, "symbol": "NDUFA5", "name": "NADH:ubiquinone oxidoreductase subunit A5", "organism": "Homo sapiens", "tissue": "brain"}, {"me": 1.8978533257378472, "pc": 0.5474452554744526, "marker_score": 1.0669707362081335, "symbol": "NDUFA12", "name": "NADH:ubiquinone oxidoreductase subunit A12", "organism": "Homo sapiens", "tissue": "brain"}, {"me": 1.9729353643096654, "pc": 0.5498783454987834, "marker_score": 1.0666379700982336, "symbol": "RP11-411B6.6", "name": "RP11-411B6.6", "organism": "Homo sapiens", "tissue": "brain"}, {"me": 2.9677458389945652, "pc": 0.8394160583941606, "marker_score": 1.0650420319006504, "symbol": "NDUFA4", "name": "NDUFA4 mitochondrial complex associated", "organism": "Homo sapiens", "tissue": "brain"}, {"me": 1.8756143202161575, "pc": 0.5425790754257908, "marker_score": 1.064173363591791, "symbol": "NDUFB9", "name": "NADH:ubiquinone oxidoreductase subunit B9", "organism": "Homo sapiens", "tissue": "brain"}, {"me": 1.9229715812106092, "pc": 0.5790754257907542, "marker_score": 1.0544420682364408, "symbol": "DYNLT1", "name": "dynein light chain Tctex-type 1", "organism": "Homo sapiens", "tissue": "brain"}, {"me": 2.9218681380593563, "pc": 0.8223844282238443, "marker_score": 1.0538237289429255, "symbol": "CALM1", "name": "calmodulin 1", "organism": "Homo sapiens", "tissue": "brain"}, {"me": 1.7755819582471661, "pc": 0.49635036496350365, "marker_score": 1.0529481983969218, "symbol": "ISOC1", "name": "isochorismatase domain containing 1", "organism": "Homo sapiens", "tissue": "brain"}, {"me": 1.905961090663694, "pc": 0.5158150851581509, "marker_score": 1.0218255518278951, "symbol": "RHEB", "name": "Ras homolog, mTORC1 binding", "organism": "Homo sapiens", "tissue": "brain"}, {"me": 2.1585105922034984, "pc": 0.7128953771289538, "marker_score": 1.0204873955510483, "symbol": "PRDX2", "name": "peroxiredoxin 2", "organism": "Homo sapiens", "tissue": "brain"}, {"me": 1.7326508278070494, "pc": 0.5231143552311436, "marker_score": 1.0164985830947029, "symbol": "AP2B1", "name": "adaptor related protein complex 2 subunit beta 1", "organism": "Homo sapiens", "tissue": "brain"}, {"me": 2.845791286892361, "pc": 0.9635036496350365, "marker_score": 1.0129873583386009, "symbol": "RPL36", "name": "ribosomal protein L36", "organism": "Homo sapiens", "tissue": "brain"}, {"me": 1.7004652981552781, "pc": 0.5085158150851582, "marker_score": 1.0115127686947456, "symbol": "HMGCS1", "name": "3-hydroxy-3-methylglutaryl-CoA synthase 1", "organism": "Homo sapiens", "tissue": "brain"}, {"me": 2.1211241604989035, "pc": 0.6934306569343066, "marker_score": 1.0069625884850848, "symbol": "ATP5PF", "name": "ATP synthase peripheral stalk subunit F6", "organism": "Homo sapiens", "tissue": "brain"}, {"me": 1.872265965805441, "pc": 0.4793187347931874, "marker_score": 0.9992752780176567, "symbol": "DUSP23", "name": "dual specificity phosphatase 23", "organism": "Homo sapiens", "tissue": "brain"}, {"me": 1.7064207502939168, "pc": 0.5012165450121655, "marker_score": 0.9940780882454502, "symbol": "YWHAG", "name": "tyrosine 3-monooxygenase/tryptophan 5-monooxygenase activation protein gamma", "organism": "Homo sapiens", "tissue": "brain"}, {"me": 1.7349997915872712, "pc": 0.49878345498783455, "marker_score": 0.9782428731500092, "symbol": "TSTD1", "name": "thiosulfate sulfurtransferase like domain containing 1", "organism": "Homo sapiens", "tissue": "brain"}, {"me": 1.747624138893165, "pc": 0.49391727493917276, "marker_score": 0.9775954089702823, "symbol": "SNAP25", "name": "synaptosome associated protein 25", "organism": "Homo sapiens", "tissue": "brain"}, {"me": 1.7406382751464844, "pc": 0.48661800486618007, "marker_score": 0.9767028650130504, "symbol": "NDRG4", "name": "NDRG family member 4", "organism": "Homo sapiens", "tissue": "brain"}, {"me": 1.9756437448354869, "pc": 0.5060827250608273, "marker_score": 0.975484368560316, "symbol": "KIF5C", "name": "kinesin family member 5C", "organism": "Homo sapiens", "tissue": "brain"}, {"me": 1.700433807373047, "pc": 0.48661800486618007, "marker_score": 0.9739741417117053, "symbol": "ELOC", "name": "elongin C", "organism": "Homo sapiens", "tissue": "brain"}, {"me": 2.242281920157823, "pc": 0.7250608272506083, "marker_score": 0.9723240168457792, "symbol": "UQCRQ", "name": "ubiquinol-cytochrome c reductase complex III subunit VII", "organism": "Homo sapiens", "tissue": "brain"}, {"me": 1.7046462550307766, "pc": 0.48175182481751827, "marker_score": 0.9704007541565989, "symbol": "SCOC", "name": "short coiled-coil protein", "organism": "Homo sapiens", "tissue": "brain"}, {"me": 2.2400685780083953, "pc": 0.6520681265206812, "marker_score": 0.9676358078420384, "symbol": "PRDX5", "name": "peroxiredoxin 5", "organism": "Homo sapiens", "tissue": "brain"}, {"me": 1.647993844957208, "pc": 0.48418491484184917, "marker_score": 0.9642703445275563, "symbol": "TIMM13", "name": "translocase of inner mitochondrial membrane 13", "organism": "Homo sapiens", "tissue": "brain"}, {"me": 2.1634203144148283, "pc": 0.6204379562043796, "marker_score": 0.9634036191243981, "symbol": "SOD1", "name": "superoxide dismutase 1", "organism": "Homo sapiens", "tissue": "brain"}, {"me": 1.657476223892902, "pc": 0.48418491484184917, "marker_score": 0.9598441075246182, "symbol": "LSM8", "name": "LSM8 homolog, U6 small nuclear RNA associated", "organism": "Homo sapiens", "tissue": "brain"}, {"me": 1.9496994018554688, "pc": 0.48661800486618007, "marker_score": 0.9551263590399167, "symbol": "ACAT2", "name": "acetyl-CoA acetyltransferase 2", "organism": "Homo sapiens", "tissue": "brain"}, {"me": 1.8747091247263739, "pc": 0.5036496350364964, "marker_score": 0.9531928425442099, "symbol": "FDPS", "name": "farnesyl diphosphate synthase", "organism": "Homo sapiens", "tissue": "brain"}, {"me": 1.6596229511071305, "pc": 0.44038929440389296, "marker_score": 0.9530101177654315, "symbol": "C3orf14", "name": "centrosomal protein 15", "organism": "Homo sapiens", "tissue": "brain"}, {"me": 2.0671338243174637, "pc": 0.6739659367396593, "marker_score": 0.951507244633023, "symbol": "ATP5MF", "name": "ATP synthase membrane subunit f", "organism": "Homo sapiens", "tissue": "brain"}, {"me": 1.746974281642748, "pc": 0.44768856447688565, "marker_score": 0.9473410460591543, "symbol": "ATP6V0E2", "name": "ATPase H+ transporting V0 subunit e2", "organism": "Homo sapiens", "tissue": "brain"}, {"me": 1.7271605534340018, "pc": 0.48905109489051096, "marker_score": 0.9460602528368851, "symbol": "STMN4", "name": "stathmin 4", "organism": "Homo sapiens", "tissue": "brain"}, {"me": 1.6841383713942308, "pc": 0.4744525547445255, "marker_score": 0.9449088361856689, "symbol": "VDAC1", "name": "voltage dependent anion channel 1", "organism": "Homo sapiens", "tissue": "brain"}, {"me": 1.656787109375, "pc": 0.48661800486618007, "marker_score": 0.9421277642479355, "symbol": "STMP1", "name": "short transmembrane mitochondrial protein 1", "organism": "Homo sapiens", "tissue": "brain"}, {"me": 1.759753040431701, "pc": 0.4720194647201946, "marker_score": 0.9400666804003625, "symbol": "PIN1", "name": "peptidylprolyl cis/trans isomerase, NIMA-interacting 1", "organism": "Homo sapiens", "tissue": "brain"}, {"me": 1.7056175530289805, "pc": 0.43552311435523117, "marker_score": 0.9353095241453737, "symbol": "RAB3A", "name": "RAB3A, member RAS oncogene family", "organism": "Homo sapiens", "tissue": "brain"}, {"me": 1.878362851451105, "pc": 0.6399026763990268, "marker_score": 0.9334982458196173, "symbol": "NEDD8", "name": "NEDD8 ubiquitin like modifier", "organism": "Homo sapiens", "tissue": "brain"}, {"me": 1.7707093384888795, "pc": 0.5401459854014599, "marker_score": 0.9333908971068857, "symbol": "BEX4", "name": "brain expressed X-linked 4", "organism": "Homo sapiens", "tissue": "brain"}, {"me": 2.3353502926410443, "pc": 0.7250608272506083, "marker_score": 0.9284821246579769, "symbol": "PEBP1", "name": "phosphatidylethanolamine binding protein 1", "organism": "Homo sapiens", "tissue": "brain"}, {"me": 2.3874841448904456, "pc": 0.635036496350365, "marker_score": 0.9265404520677287, "symbol": "MIF", "name": "macrophage migration inhibitory factor", "organism": "Homo sapiens", "tissue": "brain"}, {"me": 1.5668549269772647, "pc": 0.43309002433090027, "marker_score": 0.9182827277478607, "symbol": "BEX5", "name": "brain expressed X-linked 5", "organism": "Homo sapiens", "tissue": "brain"}, {"me": 1.862598179408482, "pc": 0.4257907542579075, "marker_score": 0.9180779458421846, "symbol": "KIF1A", "name": "kinesin family member 1A", "organism": "Homo sapiens", "tissue": "brain"}, {"me": 1.8430774889494244, "pc": 0.46228710462287104, "marker_score": 0.9165835833912602, "symbol": "MDH1", "name": "malate dehydrogenase 1", "organism": "Homo sapiens", "tissue": "brain"}, {"me": 1.8133996192445145, "pc": 0.45742092457420924, "marker_score": 0.9149387515398596, "symbol": "SNCA", "name": "synuclein alpha", "organism": "Homo sapiens", "tissue": "brain"}, {"me": 2.075421958134092, "pc": 0.5644768856447688, "marker_score": 0.9127754395008226, "symbol": "ATP5F1A", "name": "ATP synthase F1 subunit alpha", "organism": "Homo sapiens", "tissue": "brain"}, {"me": 1.896281085947834, "pc": 0.45985401459854014, "marker_score": 0.9122183909602376, "symbol": "C9orf16", "name": "bublin coiled coil protein", "organism": "Homo sapiens", "tissue": "brain"}, {"me": 1.6437046744606711, "pc": 0.4282238442822384, "marker_score": 0.9107548026518617, "symbol": "IDS", "name": "iduronate 2-sulfatase", "organism": "Homo sapiens", "tissue": "brain"}, {"me": 1.6049561974597952, "pc": 0.41605839416058393, "marker_score": 0.9054958577184514, "symbol": "PRKAG2-AS1", "name": "PRKAG2-AS1", "organism": "Homo sapiens", "tissue": "brain"}, {"me": 1.7734182721617593, "pc": 0.4209245742092457, "marker_score": 0.9045588483951417, "symbol": "SCG5", "name": "secretogranin V", "organism": "Homo sapiens", "tissue": "brain"}, {"me": 1.5966248907436982, "pc": 0.44038929440389296, "marker_score": 0.90423504298438, "symbol": "SEZ6L2", "name": "seizure related 6 homolog like 2", "organism": "Homo sapiens", "tissue": "brain"}, {"me": 1.6433982410650143, "pc": 0.4233576642335766, "marker_score": 0.9013663187758985, "symbol": "GDI1", "name": "GDP dissociation inhibitor 1", "organism": "Homo sapiens", "tissue": "brain"}, {"me": 3.2053551480339024, "pc": 0.9783393501805054, "marker_score": 3.8780210907506025, "symbol": "Reln", "name": "reelin", "organism": "Mus musculus", "tissue": "All Tissues"}, {"me": 2.31658935546875, "pc": 0.8700361010830325, "marker_score": 2.530446174118615, "symbol": "Ndnf", "name": "neuron-derived neurotrophic factor", "organism": "Mus musculus", "tissue": "All Tissues"}, {"me": 2.4427457980024134, "pc": 0.8880866425992779, "marker_score": 2.412409821823153, "symbol": "Ramp1", "name": "receptor (calcitonin) activity modifying protein 1", "organism": "Mus musculus", "tissue": "All Tissues"}, {"me": 3.109761787183357, "pc": 0.9530685920577617, "marker_score": 2.0008788590900433, "symbol": "Kcnb2", "name": "potassium voltage gated channel, Shab-related subfamily, member 2", "organism": "Mus musculus", "tissue": "All Tissues"}, {"me": 2.2015178359557535, "pc": 0.7725631768953068, "marker_score": 1.8531418041488186, "symbol": "Dach1", "name": "dachshund family transcription factor 1", "organism": "Mus musculus", "tissue": "All Tissues"}, {"me": 2.366363375794654, "pc": 0.7364620938628159, "marker_score": 1.795764754072031, "symbol": "Thsd7b", "name": "thrombospondin, type I, domain containing 7B", "organism": "Mus musculus", "tissue": "All Tissues"}, {"me": 2.598814470494689, "pc": 0.9133574007220217, "marker_score": 1.7895595347014623, "symbol": "Fat3", "name": "FAT atypical cadherin 3", "organism": "Mus musculus", "tissue": "All Tissues"}, {"me": 3.089622273164637, "pc": 0.9819494584837545, "marker_score": 1.6887585062755726, "symbol": "Kcnh7", "name": "potassium voltage-gated channel, subfamily H (eag-related), member 7", "organism": "Mus musculus", "tissue": "All Tissues"}, {"me": 3.688500174640739, "pc": 0.9891696750902527, "marker_score": 1.4989197003133807, "symbol": "Cntnap2", "name": "contactin associated protein-like 2", "organism": "Mus musculus", "tissue": "All Tissues"}, {"me": 2.0864874945746528, "pc": 0.6498194945848376, "marker_score": 1.4243769481081618, "symbol": "Tmem163", "name": "transmembrane protein 163", "organism": "Mus musculus", "tissue": "All Tissues"}, {"me": 2.1341429919731327, "pc": 0.592057761732852, "marker_score": 1.3176825539725192, "symbol": "Cdh4", "name": "cadherin 4", "organism": "Mus musculus", "tissue": "All Tissues"}, {"me": 2.581437110900879, "pc": 0.924187725631769, "marker_score": 1.2291167930673628, "symbol": "B3galt1", "name": "UDP-Gal:betaGlcNAc beta 1,3-galactosyltransferase, polypeptide 1", "organism": "Mus musculus", "tissue": "All Tissues"}, {"me": 2.4499604430379747, "pc": 0.855595667870036, "marker_score": 1.1829610648535223, "symbol": "Clstn2", "name": "calsyntenin 2", "organism": "Mus musculus", "tissue": "All Tissues"}, {"me": 2.9941561185396637, "pc": 0.9386281588447654, "marker_score": 1.1805667582801913, "symbol": "Stmn1", "name": "stathmin 1", "organism": "Mus musculus", "tissue": "All Tissues"}, {"me": 2.0387488917300574, "pc": 0.5487364620938628, "marker_score": 1.1789450663423322, "symbol": "Pdzd2", "name": "PDZ domain containing 2", "organism": "Mus musculus", "tissue": "All Tissues"}, {"me": 2.532824418676181, "pc": 0.9169675090252708, "marker_score": 1.1223674730040283, "symbol": "Robo2", "name": "roundabout guidance receptor 2", "organism": "Mus musculus", "tissue": "All Tissues"}, {"me": 2.020953010110294, "pc": 0.49097472924187724, "marker_score": 1.0367325051576581, "symbol": "Cacna2d2", "name": "calcium channel, voltage-dependent, alpha 2/delta subunit 2", "organism": "Mus musculus", "tissue": "All Tissues"}, {"me": 1.9412969163626679, "pc": 0.4368231046931408, "marker_score": 1.0134508306622976, "symbol": "Trp73", "name": "transformation related protein 73", "organism": "Mus musculus", "tissue": "All Tissues"}, {"me": 2.270162461679193, "pc": 0.855595667870036, "marker_score": 0.9892759273822109, "symbol": "Msi2", "name": "musashi RNA-binding protein 2", "organism": "Mus musculus", "tissue": "All Tissues"}, {"me": 1.9175163059059632, "pc": 0.3935018050541516, "marker_score": 0.9618489920454524, "symbol": "Cep112", "name": "centrosomal protein 112", "organism": "Mus musculus", "tissue": "All Tissues"}, {"me": 2.952527402052239, "pc": 0.9675090252707581, "marker_score": 0.9242698121702734, "symbol": "Calm2", "name": "calmodulin 2", "organism": "Mus musculus", "tissue": "All Tissues"}, {"me": 2.242357182799533, "pc": 0.8700361010830325, "marker_score": 0.9153253617413925, "symbol": "Nfib", "name": "nuclear factor I/B", "organism": "Mus musculus", "tissue": "All Tissues"}, {"me": 2.7135764382102274, "pc": 0.9927797833935018, "marker_score": 0.9045364321362378, "symbol": "Rpl9-ps6", "name": "ribosomal protein L9, pseudogene 6", "organism": "Mus musculus", "tissue": "All Tissues"}, {"me": 1.99752021558357, "pc": 0.3574007220216607, "marker_score": 0.8887027396487833, "symbol": "Nhlh2", "name": "nescient helix loop helix 2", "organism": "Mus musculus", "tissue": "All Tissues"}, {"me": 2.580241507317822, "pc": 0.8267148014440433, "marker_score": 0.8885687274720616, "symbol": "Pcp4", "name": "Purkinje cell protein 4", "organism": "Mus musculus", "tissue": "All Tissues"}, {"me": 2.0868710377177253, "pc": 0.4404332129963899, "marker_score": 0.8781582441036135, "symbol": "Gclm", "name": "glutamate-cysteine ligase, modifier subunit", "organism": "Mus musculus", "tissue": "All Tissues"}, {"me": 2.383289840986144, "pc": 0.38267148014440433, "marker_score": 0.877338232316753, "symbol": "Calb2", "name": "calbindin 2", "organism": "Mus musculus", "tissue": "All Tissues"}, {"me": 2.3285659263873923, "pc": 0.8375451263537906, "marker_score": 0.7499482086863091, "symbol": "Car10", "name": "carbonic anhydrase 10", "organism": "Mus musculus", "tissue": "All Tissues"}, {"me": 1.9812964362067145, "pc": 0.5342960288808665, "marker_score": 0.7175563931278105, "symbol": "Nr2f2", "name": "nuclear receptor subfamily 2, group F, member 2", "organism": "Mus musculus", "tissue": "All Tissues"}, {"me": 1.8615363912379488, "pc": 0.33935018050541516, "marker_score": 0.7007858637734701, "symbol": "Fndc3b", "name": "fibronectin type III domain containing 3B", "organism": "Mus musculus", "tissue": "All Tissues"}, {"me": 2.013298678110881, "pc": 0.2996389891696751, "marker_score": 0.698314560354632, "symbol": "Hs3st5", "name": "heparan sulfate (glucosamine) 3-O-sulfotransferase 5", "organism": "Mus musculus", "tissue": "All Tissues"}, {"me": 1.9366635774311267, "pc": 0.2743682310469314, "marker_score": 0.6947541994307455, "symbol": "Ebf3", "name": "early B cell factor 3", "organism": "Mus musculus", "tissue": "All Tissues"}, {"me": 2.1456919807699784, "pc": 0.7256317689530686, "marker_score": 0.6774509084225515, "symbol": "Gap43", "name": "growth associated protein 43", "organism": "Mus musculus", "tissue": "All Tissues"}, {"me": 2.672147735835999, "pc": 0.9169675090252708, "marker_score": 0.6755601571312941, "symbol": "Lingo2", "name": "leucine rich repeat and Ig domain containing 2", "organism": "Mus musculus", "tissue": "All Tissues"}, {"me": 2.0820118918347714, "pc": 0.48375451263537905, "marker_score": 0.6612946341125524, "symbol": "Maml3", "name": "mastermind like transcriptional coactivator 3", "organism": "Mus musculus", "tissue": "All Tissues"}, {"me": 1.8451566569010416, "pc": 0.27075812274368233, "marker_score": 0.657964949221711, "symbol": "Pcbp3", "name": "poly(rC) binding protein 3", "organism": "Mus musculus", "tissue": "All Tissues"}, {"me": 2.3336657954197304, "pc": 0.9205776173285198, "marker_score": 0.6531035089567669, "symbol": "Vmp1", "name": "vacuole membrane protein 1", "organism": "Mus musculus", "tissue": "All Tissues"}, {"me": 2.462920298218256, "pc": 0.9133574007220217, "marker_score": 0.6438000676481657, "symbol": "Rps27rt", "name": "ribosomal protein S27, retrogene", "organism": "Mus musculus", "tissue": "All Tissues"}, {"me": 2.136082803049395, "pc": 0.7833935018050542, "marker_score": 0.6216098170036439, "symbol": "Tecpr2", "name": "tectonin beta-propeller repeat containing 2", "organism": "Mus musculus", "tissue": "All Tissues"}, {"me": 2.260068722988697, "pc": 0.8483754512635379, "marker_score": 0.6179814624476897, "symbol": "Rrm2b", "name": "ribonucleotide reductase M2 B (TP53 inducible)", "organism": "Mus musculus", "tissue": "All Tissues"}, {"me": 2.0719478546626986, "pc": 0.6823104693140795, "marker_score": 0.6159133582737052, "symbol": "Ly6h", "name": "lymphocyte antigen 6 complex, locus H", "organism": "Mus musculus", "tissue": "All Tissues"}, {"me": 1.9741571599786931, "pc": 0.3176895306859206, "marker_score": 0.6069089465212393, "symbol": "Epha3", "name": "Eph receptor A3", "organism": "Mus musculus", "tissue": "All Tissues"}, {"me": 1.9847393348568776, "pc": 0.4404332129963899, "marker_score": 0.6033557768795579, "symbol": "Kcnc2", "name": "potassium voltage gated channel, Shaw-related subfamily, member 2", "organism": "Mus musculus", "tissue": "All Tissues"}, {"me": 3.846184723568659, "pc": 0.9891696750902527, "marker_score": 0.5802439767717893, "symbol": "Snhg11", "name": "small nucleolar RNA host gene 11", "organism": "Mus musculus", "tissue": "All Tissues"}, {"me": 2.0356986827420114, "pc": 0.48014440433212996, "marker_score": 0.5698629865731942, "symbol": "Utrn", "name": "utrophin", "organism": "Mus musculus", "tissue": "All Tissues"}, {"me": 3.7970194275125917, "pc": 0.9855595667870036, "marker_score": 0.5681416923519191, "symbol": "Lsamp", "name": "limbic system-associated membrane protein", "organism": "Mus musculus", "tissue": "All Tissues"}, {"me": 2.123688441685268, "pc": 0.631768953068592, "marker_score": 0.5678469679891983, "symbol": "Hs6st3", "name": "heparan sulfate 6-O-sulfotransferase 3", "organism": "Mus musculus", "tissue": "All Tissues"}, {"me": 1.940016632080078, "pc": 0.18050541516245489, "marker_score": 0.561342157648729, "symbol": "Gm30835", "name": "Gm30835", "organism": "Mus musculus", "tissue": "All Tissues"}, {"me": 2.2257659632131594, "pc": 0.7870036101083032, "marker_score": 0.5578623588618226, "symbol": "Nav2", "name": "neuron navigator 2", "organism": "Mus musculus", "tissue": "All Tissues"}, {"me": 1.8518300642047012, "pc": 0.20577617328519857, "marker_score": 0.5393802601128281, "symbol": "1500009L16Rik", "name": "RIKEN cDNA 1500009L16 gene", "organism": "Mus musculus", "tissue": "All Tissues"}, {"me": 1.957600202716765, "pc": 0.22021660649819494, "marker_score": 0.5332966964248284, "symbol": "Fxyd7", "name": "FXYD domain-containing ion transport regulator 7", "organism": "Mus musculus", "tissue": "All Tissues"}, {"me": 2.326596609358925, "pc": 0.8772563176895307, "marker_score": 0.5190512265008093, "symbol": "Eif4a2", "name": "eukaryotic translation initiation factor 4A2", "organism": "Mus musculus", "tissue": "All Tissues"}, {"me": 2.031925024575745, "pc": 0.5451263537906137, "marker_score": 0.5182513651396247, "symbol": "Dync1i1", "name": "dynein cytoplasmic 1 intermediate chain 1", "organism": "Mus musculus", "tissue": "All Tissues"}, {"me": 2.1731407752403844, "pc": 0.703971119133574, "marker_score": 0.5082708469719088, "symbol": "Cacna2d1", "name": "calcium channel, voltage-dependent, alpha2/delta subunit 1", "organism": "Mus musculus", "tissue": "All Tissues"}, {"me": 1.8531522166972259, "pc": 0.17689530685920576, "marker_score": 0.4887461849667097, "symbol": "Diablo", "name": "diablo, IAP-binding mitochondrial protein", "organism": "Mus musculus", "tissue": "All Tissues"}, {"me": 1.9778445850719104, "pc": 0.3176895306859206, "marker_score": 0.4870329959885148, "symbol": "Adcy8", "name": "adenylate cyclase 8", "organism": "Mus musculus", "tissue": "All Tissues"}, {"me": 1.9064366476876395, "pc": 0.20216606498194944, "marker_score": 0.48519806893445067, "symbol": "Ap1s2", "name": "adaptor-related protein complex 1, sigma 2 subunit", "organism": "Mus musculus", "tissue": "All Tissues"}, {"me": 1.8718070172249002, "pc": 0.16967509025270758, "marker_score": 0.48253484975649474, "symbol": "Pkib", "name": "protein kinase inhibitor beta, cAMP dependent, testis specific", "organism": "Mus musculus", "tissue": "All Tissues"}, {"me": 1.827826458474864, "pc": 0.16606498194945848, "marker_score": 0.47828745569811976, "symbol": "Smad1", "name": "SMAD family member 1", "organism": "Mus musculus", "tissue": "All Tissues"}, {"me": 1.9938489337300145, "pc": 0.4657039711191336, "marker_score": 0.4738213707650859, "symbol": "Pea15a", "name": "proliferation and apoptosis adaptor protein 15A", "organism": "Mus musculus", "tissue": "All Tissues"}, {"me": 1.8108522415161132, "pc": 0.1444043321299639, "marker_score": 0.47310556198254633, "symbol": "Lhx1os", "name": "LIM homeobox 1, opposite strand", "organism": "Mus musculus", "tissue": "All Tissues"}, {"me": 1.8664006625904757, "pc": 0.24548736462093862, "marker_score": 0.4647853434243898, "symbol": "Fmn1", "name": "formin 1", "organism": "Mus musculus", "tissue": "All Tissues"}, {"me": 2.1479147502354214, "pc": 0.8086642599277978, "marker_score": 0.44957134357871936, "symbol": "Gm11808", "name": "ubiquitin A-52 residue ribosomal protein fusion product 1 pseudogene", "organism": "Mus musculus", "tissue": "All Tissues"}, {"me": 1.961175266700455, "pc": 0.2851985559566787, "marker_score": 0.4392912817748385, "symbol": "Ripor2", "name": "RHO family interacting cell polarization regulator 2", "organism": "Mus musculus", "tissue": "All Tissues"}, {"me": 1.7593172073364258, "pc": 0.1444043321299639, "marker_score": 0.4353854055628098, "symbol": "Syndig1l", "name": "synapse differentiation inducing 1 like", "organism": "Mus musculus", "tissue": "All Tissues"}, {"me": 1.946540931602577, "pc": 0.555956678700361, "marker_score": 0.4300762727947546, "symbol": "Taf1c", "name": "TATA-box binding protein associated factor, RNA polymerase I, C", "organism": "Mus musculus", "tissue": "All Tissues"}, {"me": 1.8258717854817708, "pc": 0.1407942238267148, "marker_score": 0.427648765437576, "symbol": "Tbr1", "name": "T-box brain transcription factor 1", "organism": "Mus musculus", "tissue": "All Tissues"}, {"me": 1.9077963101661812, "pc": 0.21299638989169675, "marker_score": 0.4266383396013451, "symbol": "Aff2", "name": "AF4/FMR2 family, member 2", "organism": "Mus musculus", "tissue": "All Tissues"}, {"me": 1.9252134569648172, "pc": 0.5306859205776173, "marker_score": 0.41426534930162445, "symbol": "Rpl27-ps3", "name": "ribosomal protein L27, pseudogene 3", "organism": "Mus musculus", "tissue": "All Tissues"}, {"me": 1.9419940816945043, "pc": 0.5234657039711191, "marker_score": 0.400933346535241, "symbol": "Gm10036", "name": "ribosomal protein L11 pseudogene", "organism": "Mus musculus", "tissue": "All Tissues"}, {"me": 2.1104086890009235, "pc": 0.7328519855595668, "marker_score": 0.40007249725068167, "symbol": "Bex2", "name": "brain expressed X-linked 2", "organism": "Mus musculus", "tissue": "All Tissues"}, {"me": 1.9687002999441965, "pc": 0.1263537906137184, "marker_score": 0.39949361606867845, "symbol": "Pou6f2", "name": "POU domain, class 6, transcription factor 2", "organism": "Mus musculus", "tissue": "All Tissues"}, {"me": 2.1996970436789773, "pc": 0.19855595667870035, "marker_score": 0.3966199444389521, "symbol": "Kctd8", "name": "potassium channel tetramerisation domain containing 8", "organism": "Mus musculus", "tissue": "All Tissues"}, {"me": 1.883047524984781, "pc": 0.2779783393501805, "marker_score": 0.39221005887509813, "symbol": "Elapor1", "name": "endosome-lysosome associated apoptosis and autophagy regulator 1", "organism": "Mus musculus", "tissue": "All Tissues"}, {"me": 1.8756822656702112, "pc": 0.19494584837545126, "marker_score": 0.39124469798325484, "symbol": "Dock1", "name": "dedicator of cytokinesis 1", "organism": "Mus musculus", "tissue": "All Tissues"}, {"me": 1.8354467153549194, "pc": 0.11552346570397112, "marker_score": 0.38823832952309156, "symbol": "Ntng2", "name": "netrin G2", "organism": "Mus musculus", "tissue": "All Tissues"}, {"me": 2.6899954792211265, "pc": 0.9494584837545126, "marker_score": 0.3868369408866175, "symbol": "Rtn1", "name": "reticulon 1", "organism": "Mus musculus", "tissue": "All Tissues"}, {"me": 2.141905618370126, "pc": 0.7870036101083032, "marker_score": 0.3808013444617495, "symbol": "Wdr89", "name": "WD repeat domain 89", "organism": "Mus musculus", "tissue": "All Tissues"}, {"me": 2.0107498168945312, "pc": 0.3249097472924188, "marker_score": 0.3621219906055388, "symbol": "Ndn", "name": "necdin, MAGE family member", "organism": "Mus musculus", "tissue": "All Tissues"}, {"me": 2.082291265930792, "pc": 0.7148014440433214, "marker_score": 0.3424683221537672, "symbol": "Stmn2", "name": "stathmin-like 2", "organism": "Mus musculus", "tissue": "All Tissues"}, {"me": 1.845606689453125, "pc": 0.09025270758122744, "marker_score": 0.3413297510575099, "symbol": "Slc17a6", "name": "solute carrier family 17 (sodium-dependent inorganic phosphate cotransporter), member 6", "organism": "Mus musculus", "tissue": "All Tissues"}, {"me": 2.0367920215313253, "pc": 0.09386281588447654, "marker_score": 0.33959782643800407, "symbol": "Nppc", "name": "natriuretic peptide type C", "organism": "Mus musculus", "tissue": "All Tissues"}, {"me": 1.7799207051595052, "pc": 0.21660649819494585, "marker_score": 0.3368575509945736, "symbol": "Ramac", "name": "RNA guanine-7 methyltransferase activating subunit", "organism": "Mus musculus", "tissue": "All Tissues"}, {"me": 1.9651312127813592, "pc": 0.516245487364621, "marker_score": 0.3333095494373712, "symbol": "Bcl11a", "name": "B cell CLL/lymphoma 11A (zinc finger protein)", "organism": "Mus musculus", "tissue": "All Tissues"}, {"me": 2.2614808259186923, "pc": 0.5848375451263538, "marker_score": 0.32488244939150335, "symbol": "Dcc", "name": "deleted in colorectal carcinoma", "organism": "Mus musculus", "tissue": "All Tissues"}, {"me": 1.790988006591797, "pc": 0.09025270758122744, "marker_score": 0.3247218905340714, "symbol": "Traf5", "name": "TNF receptor-associated factor 5", "organism": "Mus musculus", "tissue": "All Tissues"}, {"me": 1.914200869473544, "pc": 0.07942238267148015, "marker_score": 0.3213096716080709, "symbol": "Gm29683", "name": "predicted gene, 29683", "organism": "Mus musculus", "tissue": "All Tissues"}, {"me": 1.825963592529297, "pc": 0.09025270758122744, "marker_score": 0.3160111446852089, "symbol": "Emx2", "name": "empty spiracles homeobox 2", "organism": "Mus musculus", "tissue": "All Tissues"}, {"me": 1.9362281350528492, "pc": 0.36823104693140796, "marker_score": 0.3152290888328255, "symbol": "Gm2000", "name": "ribosomal protein L35 pseudogene", "organism": "Mus musculus", "tissue": "All Tissues"}, {"me": 2.6340657896914723, "pc": 0.851985559566787, "marker_score": 0.3152249232285971, "symbol": "Nrg1", "name": "neuregulin 1", "organism": "Mus musculus", "tissue": "All Tissues"}, {"me": 2.1161779116277826, "pc": 0.7906137184115524, "marker_score": 0.30927426829707344, "symbol": "Heph", "name": "hephaestin", "organism": "Mus musculus", "tissue": "All Tissues"}, {"me": 1.7793583117033307, "pc": 0.1371841155234657, "marker_score": 0.29511046227915416, "symbol": "Rab39", "name": "RAB39, member RAS oncogene family", "organism": "Mus musculus", "tissue": "All Tissues"}, {"me": 1.980038833618164, "pc": 0.5776173285198556, "marker_score": 0.294638988619801, "symbol": "Orc5", "name": "origin recognition complex, subunit 5", "organism": "Mus musculus", "tissue": "All Tissues"}, {"me": 1.9037592619368173, "pc": 0.37184115523465705, "marker_score": 0.29103548343485464, "symbol": "Kcnk2", "name": "potassium channel, subfamily K, member 2", "organism": "Mus musculus", "tissue": "All Tissues"}, {"me": 1.8081825657894737, "pc": 0.06859205776173286, "marker_score": 0.2885897449052617, "symbol": "Shisal2b", "name": "shisa like 2B", "organism": "Mus musculus", "tissue": "All Tissues"}, {"me": 1.7648921835011449, "pc": 0.10469314079422383, "marker_score": 0.28694684219207484, "symbol": "Prmt2", "name": "protein arginine N-methyltransferase 2", "organism": "Mus musculus", "tissue": "All Tissues"}, {"me": 1.90582958020662, "pc": 0.06859205776173286, "marker_score": 0.28540537495214674, "symbol": "Ndst4", "name": "N-deacetylase/N-sulfotransferase (heparin glucosaminyl) 4", "organism": "Mus musculus", "tissue": "All Tissues"}, {"me": 2.2144274992101334, "pc": 0.12274368231046931, "marker_score": 0.28323285410103843, "symbol": "Tmem158", "name": "transmembrane protein 158", "organism": "Mus musculus", "tissue": "All Tissues"}, {"me": 1.9374148786560563, "pc": 0.4368231046931408, "marker_score": 0.2815709956114416, "symbol": "Uchl1", "name": "ubiquitin carboxy-terminal hydrolase L1", "organism": "Mus musculus", "tissue": "All Tissues"}, {"me": 1.9829513004847936, "pc": 0.20216606498194944, "marker_score": 0.27146495387880865, "symbol": "Pcdh11x", "name": "protocadherin 11 X-linked", "organism": "Mus musculus", "tissue": "All Tissues"}, {"me": 3.6283478238689364, "pc": 0.9781021897810219, "marker_score": 3.6313517494497027, "symbol": "STMN2", "name": "stathmin 2", "organism": "Homo sapiens", "tissue": "All Tissues"}, {"me": 2.6585963384019142, "pc": 0.9294403892944039, "marker_score": 2.705137073807584, "symbol": "TUBB2B", "name": "tubulin beta 2B class IIb", "organism": "Homo sapiens", "tissue": "All Tissues"}, {"me": 4.20704139765434, "pc": 0.9951338199513382, "marker_score": 2.1271372379483435, "symbol": "TUBA1A", "name": "tubulin alpha 1a", "organism": "Homo sapiens", "tissue": "All Tissues"}, {"me": 2.644542987530048, "pc": 0.8223844282238443, "marker_score": 1.9804407993019881, "symbol": "MLLT11", "name": "MLLT11 transcription factor 7 cofactor", "organism": "Homo sapiens", "tissue": "All Tissues"}, {"me": 3.0105311696122334, "pc": 0.7980535279805353, "marker_score": 1.9188871141677024, "symbol": "GAP43", "name": "growth associated protein 43", "organism": "Homo sapiens", "tissue": "All Tissues"}, {"me": 2.698937118937778, "pc": 0.8199513381995134, "marker_score": 1.8545892292405992, "symbol": "RTN1", "name": "reticulon 1", "organism": "Homo sapiens", "tissue": "All Tissues"}, {"me": 2.729488155147335, "pc": 0.8102189781021898, "marker_score": 1.7863324701906635, "symbol": "PTN", "name": "pleiotrophin", "organism": "Homo sapiens", "tissue": "All Tissues"}, {"me": 2.29931877654733, "pc": 0.7518248175182481, "marker_score": 1.7353667262435226, "symbol": "AC005943.2", "name": "AC005943.2", "organism": "Homo sapiens", "tissue": "All Tissues"}, {"me": 3.2292887369791665, "pc": 0.9124087591240876, "marker_score": 1.5618796039097202, "symbol": "MAP1B", "name": "microtubule associated protein 1B", "organism": "Homo sapiens", "tissue": "All Tissues"}, {"me": 3.2093764165155716, "pc": 0.7128953771289538, "marker_score": 1.5519170515087075, "symbol": "RELN", "name": "reelin", "organism": "Homo sapiens", "tissue": "All Tissues"}, {"me": 2.477084340098797, "pc": 0.708029197080292, "marker_score": 1.51010095393522, "symbol": "NNAT", "name": "neuronatin", "organism": "Homo sapiens", "tissue": "All Tissues"}, {"me": 2.657614267545681, "pc": 0.732360097323601, "marker_score": 1.501297733205552, "symbol": "UCHL1", "name": "ubiquitin C-terminal hydrolase L1", "organism": "Homo sapiens", "tissue": "All Tissues"}, {"me": 2.208618389284479, "pc": 0.6593673965936739, "marker_score": 1.4508563050156638, "symbol": "GNG3", "name": "G protein subunit gamma 3", "organism": "Homo sapiens", "tissue": "All Tissues"}, {"me": 2.365266297992907, "pc": 0.7396593673965937, "marker_score": 1.3740894042870508, "symbol": "TUBB2A", "name": "tubulin beta 2A class IIa", "organism": "Homo sapiens", "tissue": "All Tissues"}, {"me": 2.728960182883523, "pc": 0.6690997566909975, "marker_score": 1.3339365844532054, "symbol": "PCP4", "name": "Purkinje cell protein 4", "organism": "Homo sapiens", "tissue": "All Tissues"}, {"me": 1.7633437803950176, "pc": 0.6058394160583942, "marker_score": 1.2590277523492444, "symbol": "MIR9-1HG", "name": "MIR9-1 host gene", "organism": "Homo sapiens", "tissue": "All Tissues"}, {"me": 1.8697059660804778, "pc": 0.6301703163017032, "marker_score": 1.2356591462194026, "symbol": "BEX2", "name": "brain expressed X-linked 2", "organism": "Homo sapiens", "tissue": "All Tissues"}, {"me": 2.2686479284408243, "pc": 0.5717761557177615, "marker_score": 1.1650415323872898, "symbol": "CALB2", "name": "calbindin 2", "organism": "Homo sapiens", "tissue": "All Tissues"}, {"me": 1.9792464615462662, "pc": 0.5620437956204379, "marker_score": 1.1585911570337306, "symbol": "OLFM1", "name": "olfactomedin 1", "organism": "Homo sapiens", "tissue": "All Tissues"}, {"me": 1.9729353643096654, "pc": 0.5498783454987834, "marker_score": 1.1353440732082472, "symbol": "RP11-411B6.6", "name": "RP11-411B6.6", "organism": "Homo sapiens", "tissue": "All Tissues"}, {"me": 1.9440306254795618, "pc": 0.5450121654501217, "marker_score": 1.1330162632101324, "symbol": "NSG1", "name": "neuronal vesicle trafficking associated 1", "organism": "Homo sapiens", "tissue": "All Tissues"}, {"me": 2.987677259421526, "pc": 0.9805352798053528, "marker_score": 1.1166089378102855, "symbol": "STMN1", "name": "stathmin 1", "organism": "Homo sapiens", "tissue": "All Tissues"}, {"me": 2.7833489031831093, "pc": 0.8832116788321168, "marker_score": 1.114736469672292, "symbol": "COX7A2", "name": "cytochrome c oxidase subunit 7A2", "organism": "Homo sapiens", "tissue": "All Tissues"}, {"me": 1.893517137610394, "pc": 0.559610705596107, "marker_score": 1.076178659998709, "symbol": "PAFAH1B3", "name": "platelet activating factor acetylhydrolase 1b catalytic subunit 3", "organism": "Homo sapiens", "tissue": "All Tissues"}, {"me": 1.8450870957485466, "pc": 0.5231143552311436, "marker_score": 1.0627403875886319, "symbol": "TMEM14A", "name": "transmembrane protein 14A", "organism": "Homo sapiens", "tissue": "All Tissues"}, {"me": 1.7475293966440053, "pc": 0.5060827250608273, "marker_score": 1.0447931110870816, "symbol": "DCX", "name": "doublecortin", "organism": "Homo sapiens", "tissue": "All Tissues"}, {"me": 1.6830691658490078, "pc": 0.51338199513382, "marker_score": 1.0382515474075518, "symbol": "EMX2", "name": "empty spiracles homeobox 2", "organism": "Homo sapiens", "tissue": "All Tissues"}, {"me": 1.9756437448354869, "pc": 0.5060827250608273, "marker_score": 1.0326116320812169, "symbol": "KIF5C", "name": "kinesin family member 5C", "organism": "Homo sapiens", "tissue": "All Tissues"}, {"me": 1.7755819582471661, "pc": 0.49635036496350365, "marker_score": 1.027214738058332, "symbol": "ISOC1", "name": "isochorismatase domain containing 1", "organism": "Homo sapiens", "tissue": "All Tissues"}, {"me": 1.7271605534340018, "pc": 0.48905109489051096, "marker_score": 1.0091480766438958, "symbol": "STMN4", "name": "stathmin 4", "organism": "Homo sapiens", "tissue": "All Tissues"}, {"me": 1.7406382751464844, "pc": 0.48661800486618007, "marker_score": 1.000399741784612, "symbol": "NDRG4", "name": "NDRG family member 4", "organism": "Homo sapiens", "tissue": "All Tissues"}, {"me": 2.1633049460018383, "pc": 0.7031630170316302, "marker_score": 0.9954120954436312, "symbol": "JPT1", "name": "Jupiter microtubule associated homolog 1", "organism": "Homo sapiens", "tissue": "All Tissues"}, {"me": 1.7326508278070494, "pc": 0.5231143552311436, "marker_score": 0.9910109807971944, "symbol": "AP2B1", "name": "adaptor related protein complex 2 subunit beta 1", "organism": "Homo sapiens", "tissue": "All Tissues"}, {"me": 1.9408204405457823, "pc": 0.6958637469586375, "marker_score": 0.9886720639566833, "symbol": "BEX1", "name": "brain expressed X-linked 1", "organism": "Homo sapiens", "tissue": "All Tissues"}, {"me": 1.9496994018554688, "pc": 0.48661800486618007, "marker_score": 0.9773415694942339, "symbol": "ACAT2", "name": "acetyl-CoA acetyltransferase 2", "organism": "Homo sapiens", "tissue": "All Tissues"}, {"me": 1.9278192441325543, "pc": 0.5888077858880778, "marker_score": 0.963009783100748, "symbol": "MAP2", "name": "microtubule associated protein 2", "organism": "Homo sapiens", "tissue": "All Tissues"}, {"me": 1.8861893363620923, "pc": 0.559610705596107, "marker_score": 0.9523606825628221, "symbol": "SNRPN", "name": "small nuclear ribonucleoprotein polypeptide N", "organism": "Homo sapiens", "tissue": "All Tissues"}, {"me": 1.872265965805441, "pc": 0.4793187347931874, "marker_score": 0.9434667242916239, "symbol": "DUSP23", "name": "dual specificity phosphatase 23", "organism": "Homo sapiens", "tissue": "All Tissues"}, {"me": 2.9533575621400745, "pc": 0.8978102189781022, "marker_score": 0.9309262104519483, "symbol": "CALM2", "name": "calmodulin 2", "organism": "Homo sapiens", "tissue": "All Tissues"}, {"me": 2.9677458389945652, "pc": 0.8394160583941606, "marker_score": 0.9243982891882087, "symbol": "NDUFA4", "name": "NDUFA4 mitochondrial complex associated", "organism": "Homo sapiens", "tissue": "All Tissues"}, {"me": 1.7879092022053247, "pc": 0.5012165450121655, "marker_score": 0.9222916914546413, "symbol": "FXYD6", "name": "FXYD domain containing ion transport regulator 6", "organism": "Homo sapiens", "tissue": "All Tissues"}, {"me": 1.9599211821684965, "pc": 0.45012165450121655, "marker_score": 0.9213747707323261, "symbol": "MAPT", "name": "microtubule associated protein tau", "organism": "Homo sapiens", "tissue": "All Tissues"}, {"me": 4.218256955030488, "pc": 0.9975669099756691, "marker_score": 0.9133823135917789, "symbol": "TMSB10", "name": "thymosin beta 10", "organism": "Homo sapiens", "tissue": "All Tissues"}, {"me": 1.746974281642748, "pc": 0.44768856447688565, "marker_score": 0.9102193570440096, "symbol": "ATP6V0E2", "name": "ATPase H+ transporting V0 subunit e2", "organism": "Homo sapiens", "tissue": "All Tissues"}, {"me": 1.7056175530289805, "pc": 0.43552311435523117, "marker_score": 0.9092171267831484, "symbol": "RAB3A", "name": "RAB3A, member RAS oncogene family", "organism": "Homo sapiens", "tissue": "All Tissues"}, {"me": 1.6596229511071305, "pc": 0.44038929440389296, "marker_score": 0.9054771266321657, "symbol": "C3orf14", "name": "centrosomal protein 15", "organism": "Homo sapiens", "tissue": "All Tissues"}, {"me": 1.6327518002017514, "pc": 0.44282238442822386, "marker_score": 0.8939516771730087, "symbol": "CRMP1", "name": "collapsin response mediator protein 1", "organism": "Homo sapiens", "tissue": "All Tissues"}, {"me": 2.249714814827417, "pc": 0.6982968369829684, "marker_score": 0.8937563012066092, "symbol": "ATP5MC1", "name": "ATP synthase membrane subunit c locus 1", "organism": "Homo sapiens", "tissue": "All Tissues"}, {"me": 2.80795568922546, "pc": 0.7931873479318735, "marker_score": 0.8907401434891542, "symbol": "COX6A1", "name": "cytochrome c oxidase subunit 6A1", "organism": "Homo sapiens", "tissue": "All Tissues"}, {"me": 1.8133996192445145, "pc": 0.45742092457420924, "marker_score": 0.8860007666541145, "symbol": "SNCA", "name": "synuclein alpha", "organism": "Homo sapiens", "tissue": "All Tissues"}, {"me": 1.6049561974597952, "pc": 0.41605839416058393, "marker_score": 0.8833660494554896, "symbol": "PRKAG2-AS1", "name": "PRKAG2-AS1", "organism": "Homo sapiens", "tissue": "All Tissues"}, {"me": 1.8783099295079022, "pc": 0.635036496350365, "marker_score": 0.8809316244517382, "symbol": "DPYSL2", "name": "dihydropyrimidinase like 2", "organism": "Homo sapiens", "tissue": "All Tissues"}, {"me": 1.862598179408482, "pc": 0.4257907542579075, "marker_score": 0.8716464475896905, "symbol": "KIF1A", "name": "kinesin family member 1A", "organism": "Homo sapiens", "tissue": "All Tissues"}, {"me": 1.690582275390625, "pc": 0.40632603406326034, "marker_score": 0.8659600587118796, "symbol": "INA", "name": "internexin neuronal intermediate filament protein alpha", "organism": "Homo sapiens", "tissue": "All Tissues"}, {"me": 1.5668549269772647, "pc": 0.43309002433090027, "marker_score": 0.8625152593052194, "symbol": "BEX5", "name": "brain expressed X-linked 5", "organism": "Homo sapiens", "tissue": "All Tissues"}, {"me": 1.5966248907436982, "pc": 0.44038929440389296, "marker_score": 0.8601326435795682, "symbol": "SEZ6L2", "name": "seizure related 6 homolog like 2", "organism": "Homo sapiens", "tissue": "All Tissues"}, {"me": 1.7350642192794616, "pc": 0.40389294403892945, "marker_score": 0.8595241392828252, "symbol": "ELAVL3", "name": "ELAV like RNA binding protein 3", "organism": "Homo sapiens", "tissue": "All Tissues"}, {"me": 1.7091451590401785, "pc": 0.4257907542579075, "marker_score": 0.8586876914339705, "symbol": "SCG3", "name": "secretogranin III", "organism": "Homo sapiens", "tissue": "All Tissues"}, {"me": 1.5889638558977601, "pc": 0.4209245742092457, "marker_score": 0.8542863679723849, "symbol": "GET1", "name": "guided entry of tail-anchored proteins factor 1", "organism": "Homo sapiens", "tissue": "All Tissues"}, {"me": 1.6433982410650143, "pc": 0.4233576642335766, "marker_score": 0.8537337148907331, "symbol": "GDI1", "name": "GDP dissociation inhibitor 1", "organism": "Homo sapiens", "tissue": "All Tissues"}, {"me": 1.9748031843954057, "pc": 0.6520681265206812, "marker_score": 0.8381031114387607, "symbol": "COPS9", "name": "COP9 signalosome subunit 9", "organism": "Homo sapiens", "tissue": "All Tissues"}, {"me": 1.557456568667763, "pc": 0.41605839416058393, "marker_score": 0.8343747041826324, "symbol": "DNER", "name": "delta/notch like EGF repeat containing", "organism": "Homo sapiens", "tissue": "All Tissues"}, {"me": 2.222686767578125, "pc": 0.6520681265206812, "marker_score": 0.833532728185709, "symbol": "VAMP2", "name": "vesicle associated membrane protein 2", "organism": "Homo sapiens", "tissue": "All Tissues"}, {"me": 1.624173530242728, "pc": 0.38686131386861317, "marker_score": 0.8331084137748126, "symbol": "GNAL", "name": "G protein subunit alpha L", "organism": "Homo sapiens", "tissue": "All Tissues"}, {"me": 1.8038985089557926, "pc": 0.39902676399026765, "marker_score": 0.832570153305867, "symbol": "MAP1A", "name": "microtubule associated protein 1A", "organism": "Homo sapiens", "tissue": "All Tissues"}, {"me": 2.0474324830820865, "pc": 0.6909975669099757, "marker_score": 0.8319138371159097, "symbol": "BASP1", "name": "brain abundant membrane attached signal protein 1", "organism": "Homo sapiens", "tissue": "All Tissues"}, {"me": 1.747624138893165, "pc": 0.49391727493917276, "marker_score": 0.8297949742204926, "symbol": "SNAP25", "name": "synaptosome associated protein 25", "organism": "Homo sapiens", "tissue": "All Tissues"}, {"me": 1.646746301943539, "pc": 0.39659367396593675, "marker_score": 0.827621195011822, "symbol": "ACOT7", "name": "acyl-CoA thioesterase 7", "organism": "Homo sapiens", "tissue": "All Tissues"}, {"me": 1.8678987655171588, "pc": 0.39659367396593675, "marker_score": 0.8268285904496273, "symbol": "CCK", "name": "cholecystokinin", "organism": "Homo sapiens", "tissue": "All Tissues"}, {"me": 1.7046462550307766, "pc": 0.48175182481751827, "marker_score": 0.8225237407647145, "symbol": "SCOC", "name": "short coiled-coil protein", "organism": "Homo sapiens", "tissue": "All Tissues"}, {"me": 1.636506822374132, "pc": 0.3722627737226277, "marker_score": 0.821336967066489, "symbol": "CEND1", "name": "cell cycle exit and neuronal differentiation 1", "organism": "Homo sapiens", "tissue": "All Tissues"}, {"me": 1.6797813864315256, "pc": 0.41362530413625304, "marker_score": 0.8145275672425013, "symbol": "FSTL5", "name": "follistatin like 5", "organism": "Homo sapiens", "tissue": "All Tissues"}, {"me": 1.7064207502939168, "pc": 0.5012165450121655, "marker_score": 0.8117694243319784, "symbol": "YWHAG", "name": "tyrosine 3-monooxygenase/tryptophan 5-monooxygenase activation protein gamma", "organism": "Homo sapiens", "tissue": "All Tissues"}, {"me": 1.5704798786186733, "pc": 0.39659367396593675, "marker_score": 0.8074994679262537, "symbol": "ENO2", "name": "enolase 2", "organism": "Homo sapiens", "tissue": "All Tissues"}, {"me": 1.6490936279296875, "pc": 0.3844282238442822, "marker_score": 0.8057846367254689, "symbol": "KIF3A", "name": "kinesin family member 3A", "organism": "Homo sapiens", "tissue": "All Tissues"}, {"me": 1.5792051253780242, "pc": 0.3771289537712895, "marker_score": 0.804739070043466, "symbol": "SEZ6L", "name": "seizure related 6 homolog like", "organism": "Homo sapiens", "tissue": "All Tissues"}, {"me": 1.7225948159211601, "pc": 0.3722627737226277, "marker_score": 0.8008354954779442, "symbol": "CADM3", "name": "cell adhesion molecule 3", "organism": "Homo sapiens", "tissue": "All Tissues"}, {"me": 1.6881253487723213, "pc": 0.4257907542579075, "marker_score": 0.7985560828698268, "symbol": "CLSTN1", "name": "calsyntenin 1", "organism": "Homo sapiens", "tissue": "All Tissues"}, {"me": 1.5419706635127794, "pc": 0.36739659367396593, "marker_score": 0.7954773310124282, "symbol": "MAB21L1", "name": "mab-21 like 1", "organism": "Homo sapiens", "tissue": "All Tissues"}, {"me": 1.6852564593545751, "pc": 0.3722627737226277, "marker_score": 0.7940516468873622, "symbol": "TRH", "name": "thyrotropin releasing hormone", "organism": "Homo sapiens", "tissue": "All Tissues"}, {"me": 3.12817251755416, "pc": 0.7931873479318735, "marker_score": 0.7933177914844071, "symbol": "TXN", "name": "thioredoxin", "organism": "Homo sapiens", "tissue": "All Tissues"}, {"me": 1.6367249739797491, "pc": 0.36982968369829683, "marker_score": 0.792983172748277, "symbol": "NRN1", "name": "neuritin 1", "organism": "Homo sapiens", "tissue": "All Tissues"}, {"me": 1.7734182721617593, "pc": 0.4209245742092457, "marker_score": 0.7912356091175365, "symbol": "SCG5", "name": "secretogranin V", "organism": "Homo sapiens", "tissue": "All Tissues"}, {"me": 1.764738294813368, "pc": 0.39416058394160586, "marker_score": 0.786832857649854, "symbol": "FABP7", "name": "fatty acid binding protein 7", "organism": "Homo sapiens", "tissue": "All Tissues"}, {"me": 1.476152860201322, "pc": 0.3795620437956204, "marker_score": 0.7852549072963191, "symbol": "BMERB1", "name": "bMERB domain containing 1", "organism": "Homo sapiens", "tissue": "All Tissues"}, {"me": 1.671525843003217, "pc": 0.3722627737226277, "marker_score": 0.7830541821741217, "symbol": "LY6H", "name": "lymphocyte antigen 6 family member H", "organism": "Homo sapiens", "tissue": "All Tissues"}, {"me": 1.7415283203125, "pc": 0.36496350364963503, "marker_score": 0.7806587809990753, "symbol": "RSPO3", "name": "R-spondin 3", "organism": "Homo sapiens", "tissue": "All Tissues"}, {"me": 1.5565061177292916, "pc": 0.35523114355231145, "marker_score": 0.7743567139209095, "symbol": "STMN3", "name": "stathmin 3", "organism": "Homo sapiens", "tissue": "All Tissues"}, {"me": 1.5167613782380756, "pc": 0.36982968369829683, "marker_score": 0.7697490377473155, "symbol": "MYT1L", "name": "myelin transcription factor 1 like", "organism": "Homo sapiens", "tissue": "All Tissues"}, {"me": 1.9597502116915546, "pc": 0.3844282238442822, "marker_score": 0.7692110997086222, "symbol": "SOX11", "name": "SRY-box transcription factor 11", "organism": "Homo sapiens", "tissue": "All Tissues"}, {"me": 1.6026677748736213, "pc": 0.41362530413625304, "marker_score": 0.7628142331707077, "symbol": "VBP1", "name": "VHL binding protein 1", "organism": "Homo sapiens", "tissue": "All Tissues"}, {"me": 1.5206518886851617, "pc": 0.35766423357664234, "marker_score": 0.7596873282283987, "symbol": "FEZ1", "name": "STT3A antisense RNA 1", "organism": "Homo sapiens", "tissue": "All Tissues"}, {"me": 1.5175939099542026, "pc": 0.35279805352798055, "marker_score": 0.7510767730104526, "symbol": "TAGLN3", "name": "transgelin 3", "organism": "Homo sapiens", "tissue": "All Tissues"}, {"me": 1.5555634369721283, "pc": 0.36009732360097324, "marker_score": 0.7491603025501925, "symbol": "TCEAL2", "name": "transcription elongation factor A like 2", "organism": "Homo sapiens", "tissue": "All Tissues"}, {"me": 2.7448535584566884, "pc": 0.6934306569343066, "marker_score": 0.743568946108647, "symbol": "MEG3", "name": "maternally expressed 3", "organism": "Homo sapiens", "tissue": "All Tissues"}, {"me": 1.4983480411724452, "pc": 0.3333333333333333, "marker_score": 0.7385140014265124, "symbol": "ZNF667-AS1", "name": "ZNF667 antisense RNA 1 (head to head)", "organism": "Homo sapiens", "tissue": "All Tissues"}, {"me": 1.7549405779157365, "pc": 0.340632603406326, "marker_score": 0.7377171593195648, "symbol": "NEFM", "name": "neurofilament medium chain", "organism": "Homo sapiens", "tissue": "All Tissues"}, {"me": 1.6441887533588775, "pc": 0.3819951338199513, "marker_score": 0.7364086496772708, "symbol": "ITGB1BP1", "name": "integrin subunit beta 1 binding protein 1", "organism": "Homo sapiens", "tissue": "All Tissues"}, {"me": 1.458114515032087, "pc": 0.340632603406326, "marker_score": 0.7349489505923328, "symbol": "SYT11", "name": "synaptotagmin 11", "organism": "Homo sapiens", "tissue": "All Tissues"}, {"me": 1.408681798864294, "pc": 0.3284671532846715, "marker_score": 0.7327606679447655, "symbol": "CHCHD6", "name": "coiled-coil-helix-coiled-coil-helix domain containing 6", "organism": "Homo sapiens", "tissue": "All Tissues"}]