[{"me": 2.9288568802318715, "pc": 0.6060756972111554, "marker_score": 0.8562763506813267, "symbol": "Ehd3", "name": "EH-domain containing 3", "organism": "Mus musculus", "tissue": "kidney"}, {"me": 2.3612903610743228, "pc": 0.42156374501992033, "marker_score": 0.4181353657120508, "symbol": "Kdr", "name": "kinase insert domain protein receptor", "organism": "Mus musculus", "tissue": "kidney"}, {"me": 3.2018186530111046, "pc": 0.8745019920318725, "marker_score": 0.3324367390234218, "symbol": "Emcn", "name": "endomucin", "organism": "Mus musculus", "tissue": "kidney"}, {"me": 1.9840496206829863, "pc": 0.1521414342629482, "marker_score": 0.26841099044943884, "symbol": "Ramp3", "name": "receptor (calcitonin) activity modifying protein 3", "organism": "Mus musculus", "tissue": "kidney"}, {"me": 2.008358814677254, "pc": 0.18227091633466136, "marker_score": 0.24979204537540778, "symbol": "Fam167b", "name": "family with sequence similarity 167, member B", "organism": "Mus musculus", "tissue": "kidney"}, {"me": 1.9322664892073158, "pc": 0.10383466135458168, "marker_score": 0.24800762582634592, "symbol": "Irx3", "name": "Iroquois related homeobox 3", "organism": "Mus musculus", "tissue": "kidney"}, {"me": 2.3886372884114584, "pc": 0.29880478087649404, "marker_score": 0.2445105589424919, "symbol": "Tcim", "name": "transcriptional and immune response regulator", "organism": "Mus musculus", "tissue": "kidney"}, {"me": 2.065721525695653, "pc": 0.2056772908366534, "marker_score": 0.22027030447125945, "symbol": "Cmtm8", "name": "CKLF-like MARVEL transmembrane domain containing 8", "organism": "Mus musculus", "tissue": "kidney"}, {"me": 2.217813889686046, "pc": 0.09885458167330677, "marker_score": 0.21986690342055298, "symbol": "Ankrd44", "name": "ankyrin repeat domain 44", "organism": "Mus musculus", "tissue": "kidney"}, {"me": 2.5138955360601756, "pc": 0.602589641434263, "marker_score": 0.2191266747083117, "symbol": "Sgk1", "name": "serum/glucocorticoid regulated kinase 1", "organism": "Mus musculus", "tissue": "kidney"}, {"me": 2.145434123713796, "pc": 0.10209163346613546, "marker_score": 0.209756789501527, "symbol": "Exoc3l2", "name": "exocyst complex component 3-like 2", "organism": "Mus musculus", "tissue": "kidney"}, {"me": 2.112010425289735, "pc": 0.300796812749004, "marker_score": 0.19994393498797913, "symbol": "Cd300lg", "name": "CD300 molecule like family member G", "organism": "Mus musculus", "tissue": "kidney"}, {"me": 2.3700464589180585, "pc": 0.4546812749003984, "marker_score": 0.1948453001514137, "symbol": "Ctla2a", "name": "cytotoxic T lymphocyte-associated protein 2 alpha", "organism": "Mus musculus", "tissue": "kidney"}, {"me": 2.283085942931382, "pc": 0.44770916334661354, "marker_score": 0.19006983559975452, "symbol": "Gimap4", "name": "GTPase, IMAP family member 4", "organism": "Mus musculus", "tissue": "kidney"}, {"me": 3.2925689318141, "pc": 0.24302788844621515, "marker_score": 0.1820170246708805, "symbol": "Plvap", "name": "plasmalemma vesicle associated protein", "organism": "Mus musculus", "tissue": "kidney"}, {"me": 2.513652101776304, "pc": 0.6733067729083665, "marker_score": 0.1765789465661462, "symbol": "Nrp1", "name": "neuropilin 1", "organism": "Mus musculus", "tissue": "kidney"}, {"me": 1.8234843120673778, "pc": 0.04805776892430279, "marker_score": 0.1653190507698349, "symbol": "Ptpru", "name": "protein tyrosine phosphatase, receptor type, U", "organism": "Mus musculus", "tissue": "kidney"}, {"me": 2.1318360824766183, "pc": 0.10483067729083666, "marker_score": 0.16352642587833185, "symbol": "Plpp1", "name": "phospholipid phosphatase 1", "organism": "Mus musculus", "tissue": "kidney"}, {"me": 2.4531054631295994, "pc": 0.31772908366533864, "marker_score": 0.14913045778179057, "symbol": "Pola2", "name": "polymerase (DNA directed), alpha 2", "organism": "Mus musculus", "tissue": "kidney"}, {"me": 1.7895880648584077, "pc": 0.03286852589641434, "marker_score": 0.14438086652778492, "symbol": "Car8", "name": "carbonic anhydrase 8", "organism": "Mus musculus", "tissue": "kidney"}, {"me": 2.0247599915688084, "pc": 0.1603585657370518, "marker_score": 0.1255383402062723, "symbol": "Jup", "name": "junction plakoglobin", "organism": "Mus musculus", "tissue": "kidney"}, {"me": 2.5165878723714954, "pc": 0.053286852589641436, "marker_score": 0.12076755973363293, "symbol": "Spata7", "name": "spermatogenesis associated 7", "organism": "Mus musculus", "tissue": "kidney"}, {"me": 2.1408275257457388, "pc": 0.09312749003984064, "marker_score": 0.11964875295428222, "symbol": "Adgre5", "name": "adhesion G protein-coupled receptor E5", "organism": "Mus musculus", "tissue": "kidney"}, {"me": 2.451648712158203, "pc": 0.6533864541832669, "marker_score": 0.11699915795020331, "symbol": "Eng", "name": "endoglin", "organism": "Mus musculus", "tissue": "kidney"}, {"me": 2.7984081132228136, "pc": 0.43276892430278885, "marker_score": 0.11420050328008355, "symbol": "Gm37357", "name": "Gm37357", "organism": "Mus musculus", "tissue": "kidney"}, {"me": 1.8828903391391416, "pc": 0.019671314741035856, "marker_score": 0.11351066324752804, "symbol": "Aplnr", "name": "apelin receptor", "organism": "Mus musculus", "tissue": "kidney"}, {"me": 2.964213190296938, "pc": 0.7400398406374502, "marker_score": 0.1114084766241473, "symbol": "Igfbp5", "name": "insulin-like growth factor binding protein 5", "organism": "Mus musculus", "tissue": "kidney"}, {"me": 1.7590316503475873, "pc": 0.03884462151394422, "marker_score": 0.09757590152553902, "symbol": "Thrsp", "name": "thyroid hormone responsive", "organism": "Mus musculus", "tissue": "kidney"}, {"me": 1.7730685924661571, "pc": 0.01444223107569721, "marker_score": 0.09732188224446439, "symbol": "Btnl9", "name": "butyrophilin-like 9", "organism": "Mus musculus", "tissue": "kidney"}, {"me": 2.0701024436950686, "pc": 0.049800796812749, "marker_score": 0.09414061171785162, "symbol": "Klf10", "name": "Kruppel-like factor 10", "organism": "Mus musculus", "tissue": "kidney"}, {"me": 1.942280033091807, "pc": 0.09611553784860558, "marker_score": 0.09028055387829001, "symbol": "Ednrb", "name": "endothelin receptor type B", "organism": "Mus musculus", "tissue": "kidney"}, {"me": 2.3332317118742028, "pc": 0.02440239043824701, "marker_score": 0.08566423573053229, "symbol": "Dct", "name": "dopachrome tautomerase", "organism": "Mus musculus", "tissue": "kidney"}, {"me": 1.914471833602242, "pc": 0.07445219123505976, "marker_score": 0.0816643320010901, "symbol": "Ccrl2", "name": "chemokine (C-C motif) receptor-like 2", "organism": "Mus musculus", "tissue": "kidney"}, {"me": 1.934069806879217, "pc": 0.1752988047808765, "marker_score": 0.08079278788650096, "symbol": "Vamp5", "name": "vesicle-associated membrane protein 5", "organism": "Mus musculus", "tissue": "kidney"}, {"me": 2.037770302064957, "pc": 0.030876494023904383, "marker_score": 0.07986978436774247, "symbol": "Exoc3l4", "name": "exocyst complex component 3-like 4", "organism": "Mus musculus", "tissue": "kidney"}, {"me": 2.4543069922247556, "pc": 0.5221613545816733, "marker_score": 0.0777678253602995, "symbol": "Gng11", "name": "guanine nucleotide binding protein (G protein), gamma 11", "organism": "Mus musculus", "tissue": "kidney"}, {"me": 1.7781124114990234, "pc": 0.054780876494023904, "marker_score": 0.07557202150559064, "symbol": "Grrp1", "name": "family with sequence similarity 110, member D", "organism": "Mus musculus", "tissue": "kidney"}, {"me": 2.198265306877367, "pc": 0.03286852589641434, "marker_score": 0.07300283595532735, "symbol": "Ftx", "name": "Ftx transcript, Xist regulator (non-protein coding)", "organism": "Mus musculus", "tissue": "kidney"}, {"me": 1.694615364074707, "pc": 0.008964143426294821, "marker_score": 0.07271932238187015, "symbol": "Vwa1", "name": "von Willebrand factor A domain containing 1", "organism": "Mus musculus", "tissue": "kidney"}, {"me": 1.9358756968517177, "pc": 0.11279880478087649, "marker_score": 0.0703002336407876, "symbol": "Tnfaip2", "name": "tumor necrosis factor, alpha-induced protein 2", "organism": "Mus musculus", "tissue": "kidney"}, {"me": 3.0007249086641417, "pc": 0.5886454183266933, "marker_score": 0.06836318751374126, "symbol": "Plat", "name": "plasminogen activator, tissue", "organism": "Mus musculus", "tissue": "kidney"}, {"me": 2.10631633254717, "pc": 0.23754980079681276, "marker_score": 0.06798276222246424, "symbol": "Gimap5", "name": "GTPase, IMAP family member 5", "organism": "Mus musculus", "tissue": "kidney"}, {"me": 2.360286737363745, "pc": 0.23057768924302788, "marker_score": 0.06753764828450035, "symbol": "Hes1", "name": "hes family bHLH transcription factor 1", "organism": "Mus musculus", "tissue": "kidney"}, {"me": 2.2472572326660156, "pc": 0.00597609561752988, "marker_score": 0.06717440051898073, "symbol": "Snord13", "name": "small nucleolar RNA, C/D box 13", "organism": "Mus musculus", "tissue": "kidney"}, {"me": 1.8794330218890767, "pc": 0.055278884462151394, "marker_score": 0.06694054267796189, "symbol": "2810025M15Rik", "name": "RIKEN cDNA 2810025M15 gene", "organism": "Mus musculus", "tissue": "kidney"}, {"me": 2.1933923977524485, "pc": 0.016683266932270915, "marker_score": 0.06003693512053779, "symbol": "Gm48610", "name": "Gm48610", "organism": "Mus musculus", "tissue": "kidney"}, {"me": 1.6447012942770254, "pc": 0.017181274900398405, "marker_score": 0.058278633430099896, "symbol": "Chst2", "name": "carbohydrate sulfotransferase 2", "organism": "Mus musculus", "tissue": "kidney"}, {"me": 1.6697903337149784, "pc": 0.02166334661354582, "marker_score": 0.05811648524306484, "symbol": "Tnfsf10", "name": "tumor necrosis factor (ligand) superfamily, member 10", "organism": "Mus musculus", "tissue": "kidney"}, {"me": 2.4043121337890625, "pc": 0.01045816733067729, "marker_score": 0.05140002608496401, "symbol": "Gm34455", "name": "Gm34455", "organism": "Mus musculus", "tissue": "kidney"}, {"me": 1.6081845265514445, "pc": 0.013197211155378486, "marker_score": 0.050295488522437405, "symbol": "Irx5", "name": "Iroquois homeobox 5", "organism": "Mus musculus", "tissue": "kidney"}, {"me": 2.021771203903925, "pc": 0.005229083665338645, "marker_score": 0.04862531466318335, "symbol": "Apln", "name": "apelin", "organism": "Mus musculus", "tissue": "kidney"}, {"me": 1.7163772583007812, "pc": 0.010956175298804782, "marker_score": 0.04724689680558233, "symbol": "Ada", "name": "adenosine deaminase", "organism": "Mus musculus", "tissue": "kidney"}, {"me": 1.8364809821633732, "pc": 0.021165338645418325, "marker_score": 0.04704235551857501, "symbol": "Ces2e", "name": "carboxylesterase 2E", "organism": "Mus musculus", "tissue": "kidney"}, {"me": 1.8432799908293396, "pc": 0.05926294820717132, "marker_score": 0.04500483239931805, "symbol": "Tbxa2r", "name": "thromboxane A2 receptor", "organism": "Mus musculus", "tissue": "kidney"}, {"me": 1.732521679090417, "pc": 0.05727091633466135, "marker_score": 0.04346229836864702, "symbol": "Pde2a", "name": "Pde2a", "organism": "Mus musculus", "tissue": "kidney"}, {"me": 2.0367924240784587, "pc": 0.18650398406374502, "marker_score": 0.04247404853779647, "symbol": "Gas6", "name": "growth arrest specific 6", "organism": "Mus musculus", "tissue": "kidney"}, {"me": 2.040305412252536, "pc": 0.0475597609561753, "marker_score": 0.03710492007867712, "symbol": "Bvht", "name": "Bvht", "organism": "Mus musculus", "tissue": "kidney"}, {"me": 1.86110785455987, "pc": 0.025149402390438245, "marker_score": 0.03306489190836906, "symbol": "Gimap9", "name": "GTPase, IMAP family member 9", "organism": "Mus musculus", "tissue": "kidney"}, {"me": 1.6659154619489398, "pc": 0.008715139442231075, "marker_score": 0.0328656455300525, "symbol": "Egln3", "name": "egl-9 family hypoxia-inducible factor 3", "organism": "Mus musculus", "tissue": "kidney"}, {"me": 1.736418573944657, "pc": 0.006723107569721116, "marker_score": 0.03243549920568054, "symbol": "Nmb", "name": "neuromedin B", "organism": "Mus musculus", "tissue": "kidney"}, {"me": 1.8733755761091408, "pc": 0.11628486055776892, "marker_score": 0.0310074931389503, "symbol": "Elk3", "name": "ELK3, member of ETS oncogene family", "organism": "Mus musculus", "tissue": "kidney"}, {"me": 1.9146394417955985, "pc": 0.07619521912350598, "marker_score": 0.030101979384069256, "symbol": "Tspan15", "name": "tetraspanin 15", "organism": "Mus musculus", "tissue": "kidney"}, {"me": 1.987981414794922, "pc": 0.007470119521912351, "marker_score": 0.029577991815461894, "symbol": "P2ry1", "name": "purinergic receptor P2Y, G-protein coupled 1", "organism": "Mus musculus", "tissue": "kidney"}, {"me": 1.7954532152985874, "pc": 0.07270916334661355, "marker_score": 0.027381324195547122, "symbol": "Kank3", "name": "KN motif and ankyrin repeat domains 3", "organism": "Mus musculus", "tissue": "kidney"}, {"me": 1.7144585132598877, "pc": 0.0049800796812749, "marker_score": 0.016270826359596674, "symbol": "Gpr182", "name": "G protein-coupled receptor 182", "organism": "Mus musculus", "tissue": "kidney"}, {"me": 1.7522525787353516, "pc": 0.022410358565737053, "marker_score": 0.014444203774702614, "symbol": "Ripply3", "name": "ripply transcriptional repressor 3", "organism": "Mus musculus", "tissue": "kidney"}, {"me": 1.6730055392273073, "pc": 0.030627490039840638, "marker_score": 0.014259548825840903, "symbol": "Tmem140", "name": "transmembrane protein 140", "organism": "Mus musculus", "tissue": "kidney"}, {"me": 2.0483577763922862, "pc": 0.053286852589641436, "marker_score": 0.013071880703201312, "symbol": "Nostrin", "name": "nitric oxide synthase trafficker", "organism": "Mus musculus", "tissue": "kidney"}, {"me": 2.0446205530812853, "pc": 0.12126494023904383, "marker_score": 0.012636847319192577, "symbol": "Rapgef4", "name": "Rap guanine nucleotide exchange factor (GEF) 4", "organism": "Mus musculus", "tissue": "kidney"}, {"me": 1.8313987550760638, "pc": 0.09437250996015936, "marker_score": 0.012406260851339784, "symbol": "Rasip1", "name": "Ras interacting protein 1", "organism": "Mus musculus", "tissue": "kidney"}, {"me": 1.9463008335658483, "pc": 0.026145418326693228, "marker_score": 0.011952771226413798, "symbol": "Gchfr", "name": "GTP cyclohydrolase I feedback regulator", "organism": "Mus musculus", "tissue": "kidney"}, {"me": 1.965144739072185, "pc": 0.15064741035856574, "marker_score": 0.010960795088320163, "symbol": "Tmem204", "name": "transmembrane protein 204", "organism": "Mus musculus", "tissue": "kidney"}, {"me": 1.9631993947935498, "pc": 0.03012948207171315, "marker_score": 0.009032572654601835, "symbol": "F8", "name": "coagulation factor VIII", "organism": "Mus musculus", "tissue": "kidney"}, {"me": 2.112399232153799, "pc": 0.025398406374501994, "marker_score": 0.008812346515597995, "symbol": "mt-Tc", "name": "mt-Tc", "organism": "Mus musculus", "tissue": "kidney"}, {"me": 1.6197392390324519, "pc": 0.012948207171314742, "marker_score": 0.005378931908620789, "symbol": "N4bp3", "name": "NEDD4 binding protein 3", "organism": "Mus musculus", "tissue": "kidney"}, {"me": 2.007992744445801, "pc": 0.0049800796812749, "marker_score": 0.005257114002174851, "symbol": "Slc39a2", "name": "solute carrier family 39 (zinc transporter), member 2", "organism": "Mus musculus", "tissue": "kidney"}, {"me": 1.8646776125981257, "pc": 0.006474103585657371, "marker_score": 0.0038133675668034746, "symbol": "Cyp2d22", "name": "cytochrome P450, family 2, subfamily d, polypeptide 22", "organism": "Mus musculus", "tissue": "kidney"}, {"me": 2.1345887236542755, "pc": 0.045318725099601595, "marker_score": 0.0037888096818914974, "symbol": "Itpkb", "name": "inositol 1,4,5-trisphosphate 3-kinase B", "organism": "Mus musculus", "tissue": "kidney"}, {"me": 1.9257111322312128, "pc": 0.052290836653386456, "marker_score": 0.002639443470826201, "symbol": "Icam1", "name": "intercellular adhesion molecule 1", "organism": "Mus musculus", "tissue": "kidney"}, {"me": 1.9693456649780274, "pc": 0.008715139442231075, "marker_score": 0.0026353135861198786, "symbol": "Hoxb5", "name": "homeobox B5", "organism": "Mus musculus", "tissue": "kidney"}, {"me": 2.1097320099448442, "pc": 0.06648406374501992, "marker_score": 0.0013490635141975003, "symbol": "Cyp26b1", "name": "cytochrome P450, family 26, subfamily b, polypeptide 1", "organism": "Mus musculus", "tissue": "kidney"}, {"me": 2.1265969017902053, "pc": 0.12400398406374502, "marker_score": 0.0008264580862355313, "symbol": "Cyyr1", "name": "cysteine and tyrosine-rich protein 1", "organism": "Mus musculus", "tissue": "kidney"}, {"me": 2.879894434144702, "pc": 0.8282710280373832, "marker_score": 1.9365016129256338, "symbol": "CRHBP", "name": "corticotropin releasing hormone binding protein", "organism": "Homo sapiens", "tissue": "kidney"}, {"me": 2.997640636000078, "pc": 0.9334112149532711, "marker_score": 1.850853176365231, "symbol": "PLAT", "name": "plasminogen activator, tissue type", "organism": "Homo sapiens", "tissue": "kidney"}, {"me": 3.3036680419029767, "pc": 0.9591121495327103, "marker_score": 1.6149067316949712, "symbol": "EMCN", "name": "endomucin", "organism": "Homo sapiens", "tissue": "kidney"}, {"me": 4.132907314708284, "pc": 0.9836448598130841, "marker_score": 1.5677296596673698, "symbol": "IGFBP5", "name": "insulin like growth factor binding protein 5", "organism": "Homo sapiens", "tissue": "kidney"}, {"me": 2.4283546914859695, "pc": 0.8014018691588785, "marker_score": 1.256553442715869, "symbol": "TGFBR2", "name": "transforming growth factor beta receptor 2", "organism": "Homo sapiens", "tissue": "kidney"}, {"me": 2.5671216827077963, "pc": 0.7932242990654206, "marker_score": 1.1991230882214634, "symbol": "PLPP3", "name": "phospholipid phosphatase 3", "organism": "Homo sapiens", "tissue": "kidney"}, {"me": 2.23555090724225, "pc": 0.5817757009345794, "marker_score": 1.1597984394104195, "symbol": "SOST", "name": "sclerostin", "organism": "Homo sapiens", "tissue": "kidney"}, {"me": 2.5723922966324833, "pc": 0.5268691588785047, "marker_score": 0.986783942358464, "symbol": "FCN3", "name": "ficolin 3", "organism": "Homo sapiens", "tissue": "kidney"}, {"me": 2.544933538786404, "pc": 0.669392523364486, "marker_score": 0.8563615547508832, "symbol": "ID2", "name": "inhibitor of DNA binding 2", "organism": "Homo sapiens", "tissue": "kidney"}, {"me": 2.8941808266214806, "pc": 0.9439252336448598, "marker_score": 0.8205129811155911, "symbol": "HLA-E", "name": "major histocompatibility complex, class I, E", "organism": "Homo sapiens", "tissue": "kidney"}, {"me": 1.8577621633356267, "pc": 0.411214953271028, "marker_score": 0.767641631275608, "symbol": "TMEM204", "name": "transmembrane protein 204", "organism": "Homo sapiens", "tissue": "kidney"}, {"me": 2.9247254599294354, "pc": 0.905373831775701, "marker_score": 0.7578545115860371, "symbol": "IFI27", "name": "interferon alpha inducible protein 27", "organism": "Homo sapiens", "tissue": "kidney"}, {"me": 1.980078198758497, "pc": 0.3866822429906542, "marker_score": 0.7429690368409043, "symbol": "MEG3", "name": "maternally expressed 3", "organism": "Homo sapiens", "tissue": "kidney"}, {"me": 1.9798779296875, "pc": 0.35046728971962615, "marker_score": 0.7362439683623487, "symbol": "EHD3", "name": "EH domain containing 3", "organism": "Homo sapiens", "tissue": "kidney"}, {"me": 1.9443569576167405, "pc": 0.5105140186915887, "marker_score": 0.6688306777265942, "symbol": "VAMP5", "name": "vesicle associated membrane protein 5", "organism": "Homo sapiens", "tissue": "kidney"}, {"me": 1.7903818382407135, "pc": 0.30957943925233644, "marker_score": 0.6324819078546873, "symbol": "TSPAN7", "name": "tetraspanin 7", "organism": "Homo sapiens", "tissue": "kidney"}, {"me": 1.7927572696766956, "pc": 0.27453271028037385, "marker_score": 0.6193052954642457, "symbol": "ARRDC2", "name": "arrestin domain containing 2", "organism": "Homo sapiens", "tissue": "kidney"}, {"me": 2.9218230040177056, "pc": 0.8598130841121495, "marker_score": 0.6169008000687839, "symbol": "MGP", "name": "matrix Gla protein", "organism": "Homo sapiens", "tissue": "kidney"}, {"me": 2.1437280889143024, "pc": 0.5327102803738317, "marker_score": 0.5230915065798286, "symbol": "SGK1", "name": "serum/glucocorticoid regulated kinase 1", "organism": "Homo sapiens", "tissue": "kidney"}, {"me": 2.170365872590438, "pc": 0.21495327102803738, "marker_score": 0.5033842837323437, "symbol": "IL1RL1", "name": "interleukin 1 receptor like 1", "organism": "Homo sapiens", "tissue": "kidney"}, {"me": 2.170838525690184, "pc": 0.7616822429906542, "marker_score": 0.4979485518580038, "symbol": "EPAS1", "name": "endothelial PAS domain protein 1", "organism": "Homo sapiens", "tissue": "kidney"}, {"me": 1.7538894836060301, "pc": 0.19509345794392524, "marker_score": 0.49615370144323845, "symbol": "F8", "name": "coagulation factor VIII", "organism": "Homo sapiens", "tissue": "kidney"}, {"me": 2.355620347898669, "pc": 0.8282710280373832, "marker_score": 0.4957585350974932, "symbol": "APP", "name": "amyloid beta precursor protein", "organism": "Homo sapiens", "tissue": "kidney"}, {"me": 2.006966544405991, "pc": 0.5992990654205608, "marker_score": 0.4891778570163294, "symbol": "ADGRF5", "name": "adhesion G protein-coupled receptor F5", "organism": "Homo sapiens", "tissue": "kidney"}, {"me": 2.4818344386756843, "pc": 0.3294392523364486, "marker_score": 0.4799131828764908, "symbol": "ESM1", "name": "endothelial cell specific molecule 1", "organism": "Homo sapiens", "tissue": "kidney"}, {"me": 2.320922404418498, "pc": 0.6378504672897196, "marker_score": 0.47893420016009663, "symbol": "SLC9A3R2", "name": "NHERF family PDZ scaffold protein 2", "organism": "Homo sapiens", "tissue": "kidney"}, {"me": 2.799562253067424, "pc": 0.919392523364486, "marker_score": 0.47482076887041513, "symbol": "ITM2B", "name": "integral membrane protein 2B", "organism": "Homo sapiens", "tissue": "kidney"}, {"me": 2.3388551966963567, "pc": 0.7254672897196262, "marker_score": 0.4649173637579156, "symbol": "GNG11", "name": "G protein subunit gamma 11", "organism": "Homo sapiens", "tissue": "kidney"}, {"me": 1.709250800353659, "pc": 0.20677570093457945, "marker_score": 0.45525291609067353, "symbol": "CMTM8", "name": "CKLF like MARVEL transmembrane domain containing 8", "organism": "Homo sapiens", "tissue": "kidney"}, {"me": 2.061660497724222, "pc": 0.530373831775701, "marker_score": 0.4503949450595959, "symbol": "BST2", "name": "bone marrow stromal cell antigen 2", "organism": "Homo sapiens", "tissue": "kidney"}, {"me": 2.2212269592285154, "pc": 0.29205607476635514, "marker_score": 0.4375218644276303, "symbol": "DEPP1", "name": "DEPP autophagy regulator 1", "organism": "Homo sapiens", "tissue": "kidney"}, {"me": 2.4475385300656582, "pc": 0.5490654205607477, "marker_score": 0.4167964821847503, "symbol": "HES1", "name": "hes family bHLH transcription factor 1", "organism": "Homo sapiens", "tissue": "kidney"}, {"me": 1.8030922842208452, "pc": 0.30490654205607476, "marker_score": 0.40818751313733764, "symbol": "NOSTRIN", "name": "nitric oxide synthase trafficking", "organism": "Homo sapiens", "tissue": "kidney"}, {"me": 1.8900502522786458, "pc": 0.3399532710280374, "marker_score": 0.39914423722099296, "symbol": "GIMAP7", "name": "GTPase, IMAP family member 7", "organism": "Homo sapiens", "tissue": "kidney"}, {"me": 1.9793033688567405, "pc": 0.5023364485981309, "marker_score": 0.39655895295195265, "symbol": "IL6ST", "name": "interleukin 6 cytokine family signal transducer", "organism": "Homo sapiens", "tissue": "kidney"}, {"me": 2.171696680242365, "pc": 0.12850467289719625, "marker_score": 0.3761593822587989, "symbol": "IL13RA2", "name": "interleukin 13 receptor subunit alpha 2", "organism": "Homo sapiens", "tissue": "kidney"}, {"me": 1.8415911800072287, "pc": 0.3282710280373832, "marker_score": 0.37245928637442866, "symbol": "ETS2", "name": "ETS proto-oncogene 2, transcription factor", "organism": "Homo sapiens", "tissue": "kidney"}, {"me": 2.8830581819168244, "pc": 0.9252336448598131, "marker_score": 0.36758798204343124, "symbol": "IFITM3", "name": "interferon induced transmembrane protein 3", "organism": "Homo sapiens", "tissue": "kidney"}, {"me": 1.7402882819628194, "pc": 0.16004672897196262, "marker_score": 0.3643654504737991, "symbol": "ROBO4", "name": "roundabout guidance receptor 4", "organism": "Homo sapiens", "tissue": "kidney"}, {"me": 2.321603803492304, "pc": 0.7827102803738317, "marker_score": 0.3592198366482978, "symbol": "PLPP1", "name": "phospholipid phosphatase 1", "organism": "Homo sapiens", "tissue": "kidney"}, {"me": 2.1150421226880827, "pc": 0.42289719626168226, "marker_score": 0.35505360248933193, "symbol": "MT1E", "name": "metallothionein 1E", "organism": "Homo sapiens", "tissue": "kidney"}, {"me": 2.1815160200049313, "pc": 0.7032710280373832, "marker_score": 0.34852687536536286, "symbol": "RAMP2", "name": "receptor activity modifying protein 2", "organism": "Homo sapiens", "tissue": "kidney"}, {"me": 1.9333738236610292, "pc": 0.5175233644859814, "marker_score": 0.3440753124798669, "symbol": "PTPRB", "name": "protein tyrosine phosphatase receptor type B", "organism": "Homo sapiens", "tissue": "kidney"}, {"me": 1.834734120088465, "pc": 0.09929906542056074, "marker_score": 0.3353788415116256, "symbol": "LINC00551", "name": "long intergenic non-protein coding RNA 551", "organism": "Homo sapiens", "tissue": "kidney"}, {"me": 1.922773963765124, "pc": 0.49182242990654207, "marker_score": 0.3347280842870354, "symbol": "CNN3", "name": "calponin 3", "organism": "Homo sapiens", "tissue": "kidney"}, {"me": 1.8157790418694781, "pc": 0.22313084112149534, "marker_score": 0.32684357786650636, "symbol": "KDR", "name": "kinase insert domain receptor", "organism": "Homo sapiens", "tissue": "kidney"}, {"me": 2.6646543277923715, "pc": 0.802570093457944, "marker_score": 0.31752144986971154, "symbol": "DUSP1", "name": "dual specificity phosphatase 1", "organism": "Homo sapiens", "tissue": "kidney"}, {"me": 1.851864975666313, "pc": 0.2838785046728972, "marker_score": 0.31486187671589994, "symbol": "TCEAL9", "name": "transcription elongation factor A like 9", "organism": "Homo sapiens", "tissue": "kidney"}, {"me": 1.6135844930013021, "pc": 0.08761682242990654, "marker_score": 0.3147384689419001, "symbol": "PRX", "name": "periaxin", "organism": "Homo sapiens", "tissue": "kidney"}, {"me": 1.9728292750017675, "pc": 0.25817757009345793, "marker_score": 0.3145338986663344, "symbol": "INTS6", "name": "integrator complex subunit 6", "organism": "Homo sapiens", "tissue": "kidney"}, {"me": 1.819086848364936, "pc": 0.10514018691588785, "marker_score": 0.31165060004562867, "symbol": "RPGR", "name": "retinitis pigmentosa GTPase regulator", "organism": "Homo sapiens", "tissue": "kidney"}, {"me": 1.9493208520206404, "pc": 0.18925233644859812, "marker_score": 0.29565701120375726, "symbol": "ADM", "name": "adrenomedullin", "organism": "Homo sapiens", "tissue": "kidney"}, {"me": 1.7403966812860399, "pc": 0.19626168224299065, "marker_score": 0.2847043544947934, "symbol": "SLC14A1", "name": "solute carrier family 14 member 1 (Kidd blood group)", "organism": "Homo sapiens", "tissue": "kidney"}, {"me": 1.7813896468923063, "pc": 0.27686915887850466, "marker_score": 0.2801796120046417, "symbol": "NOTCH4", "name": "notch receptor 4", "organism": "Homo sapiens", "tissue": "kidney"}, {"me": 2.021628970191592, "pc": 0.5642523364485982, "marker_score": 0.27789009500988365, "symbol": "SYNE1", "name": "spectrin repeat containing nuclear envelope protein 1", "organism": "Homo sapiens", "tissue": "kidney"}, {"me": 1.941080802614508, "pc": 0.3235981308411215, "marker_score": 0.27592691278408427, "symbol": "PDK4", "name": "pyruvate dehydrogenase kinase 4", "organism": "Homo sapiens", "tissue": "kidney"}, {"me": 1.739373067220052, "pc": 0.17523364485981308, "marker_score": 0.26967892383767933, "symbol": "BTNL9", "name": "butyrophilin like 9", "organism": "Homo sapiens", "tissue": "kidney"}, {"me": 2.298233621824285, "pc": 0.7558411214953271, "marker_score": 0.26119049226306545, "symbol": "RNASE1", "name": "ribonuclease A family member 1, pancreatic", "organism": "Homo sapiens", "tissue": "kidney"}, {"me": 2.905278003429208, "pc": 0.9135514018691588, "marker_score": 0.25881601131294457, "symbol": "NEAT1", "name": "nuclear paraspeckle assembly transcript 1", "organism": "Homo sapiens", "tissue": "kidney"}, {"me": 1.7497539912184623, "pc": 0.0852803738317757, "marker_score": 0.25881346166640623, "symbol": "PIK3R3", "name": "phosphoinositide-3-kinase regulatory subunit 3", "organism": "Homo sapiens", "tissue": "kidney"}, {"me": 1.7696146445699257, "pc": 0.11799065420560748, "marker_score": 0.25207963387510596, "symbol": "BEX5", "name": "brain expressed X-linked 5", "organism": "Homo sapiens", "tissue": "kidney"}, {"me": 2.234505685612885, "pc": 0.5876168224299065, "marker_score": 0.24948595664535334, "symbol": "ID1", "name": "inhibitor of DNA binding 1", "organism": "Homo sapiens", "tissue": "kidney"}, {"me": 2.1623722621372767, "pc": 0.32710280373831774, "marker_score": 0.24746381448066207, "symbol": "AQP1", "name": "aquaporin 1 (Colton blood group)", "organism": "Homo sapiens", "tissue": "kidney"}, {"me": 1.6324284662965869, "pc": 0.07126168224299065, "marker_score": 0.24328961034417187, "symbol": "GJA5", "name": "gap junction protein alpha 5", "organism": "Homo sapiens", "tissue": "kidney"}, {"me": 1.5881504308981973, "pc": 0.07126168224299065, "marker_score": 0.23782237672542922, "symbol": "GIMAP8", "name": "GTPase, IMAP family member 8", "organism": "Homo sapiens", "tissue": "kidney"}, {"me": 1.8785730743408202, "pc": 0.2336448598130841, "marker_score": 0.23705615480112213, "symbol": "TNFSF10", "name": "TNF superfamily member 10", "organism": "Homo sapiens", "tissue": "kidney"}, {"me": 2.1178621778301165, "pc": 0.5362149532710281, "marker_score": 0.23684176239181887, "symbol": "CAVIN2", "name": "caveolae associated protein 2", "organism": "Homo sapiens", "tissue": "kidney"}, {"me": 1.7859913635253906, "pc": 0.2336448598130841, "marker_score": 0.2319470785350731, "symbol": "GAS6", "name": "growth arrest specific 6", "organism": "Homo sapiens", "tissue": "kidney"}, {"me": 2.172424011230469, "pc": 0.5841121495327103, "marker_score": 0.22914591099084908, "symbol": "RHOB", "name": "ras homolog family member B", "organism": "Homo sapiens", "tissue": "kidney"}, {"me": 1.7041615804036458, "pc": 0.08761682242990654, "marker_score": 0.22478006571697268, "symbol": "TFPI2", "name": "tissue factor pathway inhibitor 2", "organism": "Homo sapiens", "tissue": "kidney"}, {"me": 2.1505484444754464, "pc": 0.4497663551401869, "marker_score": 0.2236103866633411, "symbol": "DDIT4", "name": "DNA damage inducible transcript 4", "organism": "Homo sapiens", "tissue": "kidney"}, {"me": 1.695641001065572, "pc": 0.11214953271028037, "marker_score": 0.22275539980414225, "symbol": "EFNB1", "name": "ephrin B1", "organism": "Homo sapiens", "tissue": "kidney"}, {"me": 2.3857907536298937, "pc": 0.7348130841121495, "marker_score": 0.20427196789631774, "symbol": "TXNIP", "name": "thioredoxin interacting protein", "organism": "Homo sapiens", "tissue": "kidney"}, {"me": 1.883748541937934, "pc": 0.2102803738317757, "marker_score": 0.20255836761974716, "symbol": "HEXIM1", "name": "HEXIM P-TEFb complex subunit 1", "organism": "Homo sapiens", "tissue": "kidney"}, {"me": 1.6593170166015625, "pc": 0.20093457943925233, "marker_score": 0.20052443400409453, "symbol": "MGST2", "name": "microsomal glutathione S-transferase 2", "organism": "Homo sapiens", "tissue": "kidney"}, {"me": 2.131815938452204, "pc": 0.5151869158878505, "marker_score": 0.19911790158355705, "symbol": "TM4SF1", "name": "transmembrane 4 L six family member 1", "organism": "Homo sapiens", "tissue": "kidney"}, {"me": 1.6381099888535797, "pc": 0.1425233644859813, "marker_score": 0.19752742397866402, "symbol": "SLC44A1", "name": "solute carrier family 44 member 1", "organism": "Homo sapiens", "tissue": "kidney"}, {"me": 1.5991219321450034, "pc": 0.10630841121495327, "marker_score": 0.1970216708518317, "symbol": "TSPAN4", "name": "tetraspanin 4", "organism": "Homo sapiens", "tissue": "kidney"}, {"me": 3.1012746540135043, "pc": 0.7488317757009346, "marker_score": 0.1912258424067483, "symbol": "HSPA1A", "name": "heat shock protein family A (Hsp70) member 1A", "organism": "Homo sapiens", "tissue": "kidney"}, {"me": 1.7611147807194636, "pc": 0.24299065420560748, "marker_score": 0.1893896484060444, "symbol": "SH3BP5", "name": "SH3 domain binding protein 5", "organism": "Homo sapiens", "tissue": "kidney"}, {"me": 1.7199368613106865, "pc": 0.16355140186915887, "marker_score": 0.18906156022667858, "symbol": "CSRNP1", "name": "cysteine and serine rich nuclear protein 1", "organism": "Homo sapiens", "tissue": "kidney"}, {"me": 2.2406726282078417, "pc": 0.7546728971962616, "marker_score": 0.1824126390241366, "symbol": "DDX5", "name": "DEAD-box helicase 5", "organism": "Homo sapiens", "tissue": "kidney"}, {"me": 1.6049445225642278, "pc": 0.030373831775700934, "marker_score": 0.1800589665081689, "symbol": "RP11-251M1.1", "name": "uncharacterized LOC101928612", "organism": "Homo sapiens", "tissue": "kidney"}, {"me": 1.4899304412132086, "pc": 0.05023364485981308, "marker_score": 0.17772059712961202, "symbol": "DUSP11", "name": "dual specificity phosphatase 11", "organism": "Homo sapiens", "tissue": "kidney"}, {"me": 1.8817419740888808, "pc": 0.0630841121495327, "marker_score": 0.17436755777480453, "symbol": "F2RL3", "name": "F2R like thrombin or trypsin receptor 3", "organism": "Homo sapiens", "tissue": "kidney"}, {"me": 1.625517814390121, "pc": 0.10864485981308411, "marker_score": 0.1700665473216276, "symbol": "NUCB2", "name": "nucleobindin 2", "organism": "Homo sapiens", "tissue": "kidney"}, {"me": 1.7542025353297714, "pc": 0.2827102803738318, "marker_score": 0.1684781060283026, "symbol": "NPDC1", "name": "neural proliferation, differentiation and control 1", "organism": "Homo sapiens", "tissue": "kidney"}, {"me": 1.6389143644873776, "pc": 0.07827102803738317, "marker_score": 0.16446426298229153, "symbol": "TPRKB", "name": "TP53RK binding protein", "organism": "Homo sapiens", "tissue": "kidney"}, {"me": 1.5976749420166017, "pc": 0.07009345794392523, "marker_score": 0.1612809848279557, "symbol": "APOL3", "name": "apolipoprotein L3", "organism": "Homo sapiens", "tissue": "kidney"}, {"me": 1.632141815988641, "pc": 0.08878504672897196, "marker_score": 0.15945872477757406, "symbol": "LPAR6", "name": "lysophosphatidic acid receptor 6", "organism": "Homo sapiens", "tissue": "kidney"}, {"me": 1.5931355953216553, "pc": 0.09345794392523364, "marker_score": 0.15829519919765472, "symbol": "MYO1C", "name": "myosin IC", "organism": "Homo sapiens", "tissue": "kidney"}, {"me": 1.5894450890390497, "pc": 0.02219626168224299, "marker_score": 0.15188252860794382, "symbol": "GAS2L1", "name": "growth arrest specific 2 like 1", "organism": "Homo sapiens", "tissue": "kidney"}, {"me": 1.6220274567604065, "pc": 0.07476635514018691, "marker_score": 0.15176340707108935, "symbol": "MYCT1", "name": "MYC target 1", "organism": "Homo sapiens", "tissue": "kidney"}, {"me": 1.8092209295178137, "pc": 0.3294392523364486, "marker_score": 0.15082866847490475, "symbol": "SELENOP", "name": "selenoprotein P", "organism": "Homo sapiens", "tissue": "kidney"}, {"me": 1.8333759465493447, "pc": 0.2827102803738318, "marker_score": 0.14416632371885965, "symbol": "ARGLU1", "name": "arginine and glutamate rich 1", "organism": "Homo sapiens", "tissue": "kidney"}, {"me": 2.1443928661434333, "pc": 0.5070093457943925, "marker_score": 0.14341348363327913, "symbol": "TSC22D1", "name": "TSC22 domain family member 1", "organism": "Homo sapiens", "tissue": "kidney"}, {"me": 1.6295666880421824, "pc": 0.08995327102803738, "marker_score": 0.14259613967221887, "symbol": "RAPGEF4", "name": "Rap guanine nucleotide exchange factor 4", "organism": "Homo sapiens", "tissue": "kidney"}, {"me": 1.6074289782293911, "pc": 0.03387850467289719, "marker_score": 0.13834251260427796, "symbol": "CSKMT", "name": "citrate synthase lysine methyltransferase", "organism": "Homo sapiens", "tissue": "kidney"}, {"me": 1.911179532137784, "pc": 0.3212616822429907, "marker_score": 0.13791550595750074, "symbol": "CEBPB", "name": "CCAAT enhancer binding protein beta", "organism": "Homo sapiens", "tissue": "kidney"}, {"me": 1.639735494341169, "pc": 0.06542056074766354, "marker_score": 0.13696480485434268, "symbol": "DLL4", "name": "delta like canonical Notch ligand 4", "organism": "Homo sapiens", "tissue": "kidney"}, {"me": 3.2018186530111046, "pc": 0.8745019920318725, "marker_score": 1.643891018463053, "symbol": "Emcn", "name": "endomucin", "organism": "Mus musculus", "tissue": "All Tissues"}, {"me": 2.9288568802318715, "pc": 0.6060756972111554, "marker_score": 1.1695126723590956, "symbol": "Ehd3", "name": "EH-domain containing 3", "organism": "Mus musculus", "tissue": "All Tissues"}, {"me": 3.0007249086641417, "pc": 0.5886454183266933, "marker_score": 1.0180462836820252, "symbol": "Plat", "name": "plasminogen activator, tissue", "organism": "Mus musculus", "tissue": "All Tissues"}, {"me": 2.964213190296938, "pc": 0.7400398406374502, "marker_score": 0.9302988627058769, "symbol": "Igfbp5", "name": "insulin-like growth factor binding protein 5", "organism": "Mus musculus", "tissue": "All Tissues"}, {"me": 2.244187586338859, "pc": 0.4168326693227092, "marker_score": 0.7546742665245683, "symbol": "Plscr2", "name": "phospholipid scramblase 2", "organism": "Mus musculus", "tissue": "All Tissues"}, {"me": 2.5726302865835335, "pc": 0.40463147410358563, "marker_score": 0.7044851378803983, "symbol": "Pi16", "name": "peptidase inhibitor 16", "organism": "Mus musculus", "tissue": "All Tissues"}, {"me": 2.7984081132228136, "pc": 0.43276892430278885, "marker_score": 0.6957134118146706, "symbol": "Gm37357", "name": "Gm37357", "organism": "Mus musculus", "tissue": "All Tissues"}, {"me": 2.3612903610743228, "pc": 0.42156374501992033, "marker_score": 0.6940300040214374, "symbol": "Kdr", "name": "kinase insert domain protein receptor", "organism": "Mus musculus", "tissue": "All Tissues"}, {"me": 2.3886372884114584, "pc": 0.29880478087649404, "marker_score": 0.6328767653698013, "symbol": "Tcim", "name": "transcriptional and immune response regulator", "organism": "Mus musculus", "tissue": "All Tissues"}, {"me": 2.5138955360601756, "pc": 0.602589641434263, "marker_score": 0.6043735979584771, "symbol": "Sgk1", "name": "serum/glucocorticoid regulated kinase 1", "organism": "Mus musculus", "tissue": "All Tissues"}, {"me": 2.112010425289735, "pc": 0.300796812749004, "marker_score": 0.5687129807326169, "symbol": "Cd300lg", "name": "CD300 molecule like family member G", "organism": "Mus musculus", "tissue": "All Tissues"}, {"me": 2.513652101776304, "pc": 0.6733067729083665, "marker_score": 0.5582178579123495, "symbol": "Nrp1", "name": "neuropilin 1", "organism": "Mus musculus", "tissue": "All Tissues"}, {"me": 2.3330600583323573, "pc": 0.23256972111553784, "marker_score": 0.5104451498929453, "symbol": "Dkk2", "name": "dickkopf WNT signaling pathway inhibitor 2", "organism": "Mus musculus", "tissue": "All Tissues"}, {"me": 2.10631633254717, "pc": 0.23754980079681276, "marker_score": 0.49635935492762073, "symbol": "Gimap5", "name": "GTPase, IMAP family member 5", "organism": "Mus musculus", "tissue": "All Tissues"}, {"me": 2.5347285459517637, "pc": 0.5973605577689243, "marker_score": 0.4922709137713014, "symbol": "Meis2", "name": "Meis homeobox 2", "organism": "Mus musculus", "tissue": "All Tissues"}, {"me": 2.008358814677254, "pc": 0.18227091633466136, "marker_score": 0.46701032508019347, "symbol": "Fam167b", "name": "family with sequence similarity 167, member B", "organism": "Mus musculus", "tissue": "All Tissues"}, {"me": 2.2349655082942124, "pc": 0.4442231075697211, "marker_score": 0.4284115216870612, "symbol": "Gimap6", "name": "GTPase, IMAP family member 6", "organism": "Mus musculus", "tissue": "All Tissues"}, {"me": 2.4531054631295994, "pc": 0.31772908366533864, "marker_score": 0.42603506591466045, "symbol": "Pola2", "name": "polymerase (DNA directed), alpha 2", "organism": "Mus musculus", "tissue": "All Tissues"}, {"me": 2.3720393508360464, "pc": 0.21389442231075698, "marker_score": 0.3949277614507594, "symbol": "Rsad2", "name": "radical S-adenosyl methionine domain containing 2", "organism": "Mus musculus", "tissue": "All Tissues"}, {"me": 2.283085942931382, "pc": 0.44770916334661354, "marker_score": 0.37547347726002234, "symbol": "Gimap4", "name": "GTPase, IMAP family member 4", "organism": "Mus musculus", "tissue": "All Tissues"}, {"me": 1.9840496206829863, "pc": 0.1521414342629482, "marker_score": 0.37229743437045393, "symbol": "Ramp3", "name": "receptor (calcitonin) activity modifying protein 3", "organism": "Mus musculus", "tissue": "All Tissues"}, {"me": 2.144836166938348, "pc": 0.2935756972111554, "marker_score": 0.3487253370967807, "symbol": "AU021092", "name": "expressed sequence AU021092", "organism": "Mus musculus", "tissue": "All Tissues"}, {"me": 2.5104315839099365, "pc": 0.274402390438247, "marker_score": 0.34695788777498593, "symbol": "Gm42826", "name": "Gm42826", "organism": "Mus musculus", "tissue": "All Tissues"}, {"me": 2.145434123713796, "pc": 0.10209163346613546, "marker_score": 0.3357470754690098, "symbol": "Exoc3l2", "name": "exocyst complex component 3-like 2", "organism": "Mus musculus", "tissue": "All Tissues"}, {"me": 2.6986004876308756, "pc": 0.12151394422310757, "marker_score": 0.3086347520749451, "symbol": "Esm1", "name": "endothelial cell-specific molecule 1", "organism": "Mus musculus", "tissue": "All Tissues"}, {"me": 2.3947128863512037, "pc": 0.5689741035856574, "marker_score": 0.3026278253766571, "symbol": "Slc9a3r2", "name": "NHERF family PDZ scaffold protein 2", "organism": "Mus musculus", "tissue": "All Tissues"}, {"me": 2.214448012194587, "pc": 0.15388446215139442, "marker_score": 0.2856883368500397, "symbol": "Tbx3", "name": "T-box 3", "organism": "Mus musculus", "tissue": "All Tissues"}, {"me": 2.4543069922247556, "pc": 0.5221613545816733, "marker_score": 0.27285069455505817, "symbol": "Gng11", "name": "guanine nucleotide binding protein (G protein), gamma 11", "organism": "Mus musculus", "tissue": "All Tissues"}, {"me": 2.451648712158203, "pc": 0.6533864541832669, "marker_score": 0.2663903910436474, "symbol": "Eng", "name": "endoglin", "organism": "Mus musculus", "tissue": "All Tissues"}, {"me": 2.1778712282725166, "pc": 0.1177788844621514, "marker_score": 0.25892417228566506, "symbol": "Arap3", "name": "ArfGAP with RhoGAP domain, ankyrin repeat and PH domain 3", "organism": "Mus musculus", "tissue": "All Tissues"}, {"me": 2.0948067031988575, "pc": 0.05926294820717132, "marker_score": 0.24610877387057895, "symbol": "Gm6899", "name": "Gm6899", "organism": "Mus musculus", "tissue": "All Tissues"}, {"me": 3.2925689318141, "pc": 0.24302788844621515, "marker_score": 0.22862606416104034, "symbol": "Plvap", "name": "plasmalemma vesicle associated protein", "organism": "Mus musculus", "tissue": "All Tissues"}, {"me": 2.0438294817310894, "pc": 0.06424302788844621, "marker_score": 0.2161732692302517, "symbol": "Gm12216", "name": "predicted gene 12216", "organism": "Mus musculus", "tissue": "All Tissues"}, {"me": 1.8106191279524464, "pc": 0.05876494023904383, "marker_score": 0.2156819321750127, "symbol": "Ifi44", "name": "interferon-induced protein 44", "organism": "Mus musculus", "tissue": "All Tissues"}, {"me": 1.8432799908293396, "pc": 0.05926294820717132, "marker_score": 0.19943056476360946, "symbol": "Tbxa2r", "name": "thromboxane A2 receptor", "organism": "Mus musculus", "tissue": "All Tissues"}, {"me": 2.1265969017902053, "pc": 0.12400398406374502, "marker_score": 0.1905219055641289, "symbol": "Cyyr1", "name": "cysteine and tyrosine-rich protein 1", "organism": "Mus musculus", "tissue": "All Tissues"}, {"me": 2.109771931966146, "pc": 0.037350597609561755, "marker_score": 0.18868593313177476, "symbol": "Vmn1r13", "name": "vomeronasal 1 receptor 13", "organism": "Mus musculus", "tissue": "All Tissues"}, {"me": 2.040305412252536, "pc": 0.0475597609561753, "marker_score": 0.1884688160839068, "symbol": "Bvht", "name": "Bvht", "organism": "Mus musculus", "tissue": "All Tissues"}, {"me": 2.487569573845505, "pc": 0.6827689243027888, "marker_score": 0.1827838089601199, "symbol": "Egfl7", "name": "EGF-like domain 7", "organism": "Mus musculus", "tissue": "All Tissues"}, {"me": 1.934069806879217, "pc": 0.1752988047808765, "marker_score": 0.1792647882981142, "symbol": "Vamp5", "name": "vesicle-associated membrane protein 5", "organism": "Mus musculus", "tissue": "All Tissues"}, {"me": 2.037770302064957, "pc": 0.030876494023904383, "marker_score": 0.17876290554741042, "symbol": "Exoc3l4", "name": "exocyst complex component 3-like 4", "organism": "Mus musculus", "tissue": "All Tissues"}, {"me": 1.8234843120673778, "pc": 0.04805776892430279, "marker_score": 0.1758824327323636, "symbol": "Ptpru", "name": "protein tyrosine phosphatase, receptor type, U", "organism": "Mus musculus", "tissue": "All Tissues"}, {"me": 2.065721525695653, "pc": 0.2056772908366534, "marker_score": 0.174921894353087, "symbol": "Cmtm8", "name": "CKLF-like MARVEL transmembrane domain containing 8", "organism": "Mus musculus", "tissue": "All Tissues"}, {"me": 2.217813889686046, "pc": 0.09885458167330677, "marker_score": 0.1734241840876951, "symbol": "Ankrd44", "name": "ankyrin repeat domain 44", "organism": "Mus musculus", "tissue": "All Tissues"}, {"me": 2.1318360824766183, "pc": 0.10483067729083666, "marker_score": 0.17133836357264892, "symbol": "Plpp1", "name": "phospholipid phosphatase 1", "organism": "Mus musculus", "tissue": "All Tissues"}, {"me": 2.3700464589180585, "pc": 0.4546812749003984, "marker_score": 0.1697913513314608, "symbol": "Ctla2a", "name": "cytotoxic T lymphocyte-associated protein 2 alpha", "organism": "Mus musculus", "tissue": "All Tissues"}, {"me": 2.112399232153799, "pc": 0.025398406374501994, "marker_score": 0.16168784214128945, "symbol": "mt-Tc", "name": "mt-Tc", "organism": "Mus musculus", "tissue": "All Tissues"}, {"me": 2.9623092196498138, "pc": 0.36752988047808766, "marker_score": 0.16106480474000487, "symbol": "Hspa1a", "name": "heat shock protein 1A", "organism": "Mus musculus", "tissue": "All Tissues"}, {"me": 2.136478820534252, "pc": 0.28510956175298807, "marker_score": 0.15650276295368185, "symbol": "Gngt2", "name": "guanine nucleotide binding protein (G protein), gamma transducing activity polypeptide 2", "organism": "Mus musculus", "tissue": "All Tissues"}, {"me": 1.8187906016474185, "pc": 0.022908366533864542, "marker_score": 0.15136743157788135, "symbol": "3110099E03Rik", "name": "RIKEN cDNA 3110099E03 gene", "organism": "Mus musculus", "tissue": "All Tissues"}, {"me": 1.914471833602242, "pc": 0.07445219123505976, "marker_score": 0.15013128804384207, "symbol": "Ccrl2", "name": "chemokine (C-C motif) receptor-like 2", "organism": "Mus musculus", "tissue": "All Tissues"}, {"me": 2.061889053939225, "pc": 0.038346613545816734, "marker_score": 0.14947864487688522, "symbol": "EU599041", "name": "expressed sequence EU599041", "organism": "Mus musculus", "tissue": "All Tissues"}, {"me": 1.9631993947935498, "pc": 0.03012948207171315, "marker_score": 0.14833858270928818, "symbol": "F8", "name": "coagulation factor VIII", "organism": "Mus musculus", "tissue": "All Tissues"}, {"me": 2.583500596343494, "pc": 0.273406374501992, "marker_score": 0.14607445077659983, "symbol": "Plk2", "name": "polo like kinase 2", "organism": "Mus musculus", "tissue": "All Tissues"}, {"me": 2.162855808551495, "pc": 0.01942231075697211, "marker_score": 0.13977618551644128, "symbol": "Sost", "name": "sclerostin", "organism": "Mus musculus", "tissue": "All Tissues"}, {"me": 2.680476869855608, "pc": 0.02091633466135458, "marker_score": 0.12767734801279673, "symbol": "Calca", "name": "calcitonin/calcitonin-related polypeptide, alpha", "organism": "Mus musculus", "tissue": "All Tissues"}, {"me": 2.017262013753255, "pc": 0.014940239043824702, "marker_score": 0.1229570923774798, "symbol": "Gm13568", "name": "Gm13568", "organism": "Mus musculus", "tissue": "All Tissues"}, {"me": 2.1279691217367542, "pc": 0.06050796812749004, "marker_score": 0.11243229569049079, "symbol": "Ap1s3", "name": "adaptor-related protein complex AP-1, sigma 3", "organism": "Mus musculus", "tissue": "All Tissues"}, {"me": 1.965144739072185, "pc": 0.15064741035856574, "marker_score": 0.11223256038486636, "symbol": "Tmem204", "name": "transmembrane protein 204", "organism": "Mus musculus", "tissue": "All Tissues"}, {"me": 1.8759315567787247, "pc": 0.07395418326693227, "marker_score": 0.10787679965383372, "symbol": "Fas", "name": "Fas (TNF receptor superfamily member 6)", "organism": "Mus musculus", "tissue": "All Tissues"}, {"me": 1.9887089729309082, "pc": 0.01195219123505976, "marker_score": 0.10674428857425759, "symbol": "Npffr1", "name": "neuropeptide FF receptor 1", "organism": "Mus musculus", "tissue": "All Tissues"}, {"me": 2.1933923977524485, "pc": 0.016683266932270915, "marker_score": 0.10594780418412972, "symbol": "Gm48610", "name": "Gm48610", "organism": "Mus musculus", "tissue": "All Tissues"}, {"me": 1.7730685924661571, "pc": 0.01444223107569721, "marker_score": 0.10356448504093856, "symbol": "Btnl9", "name": "butyrophilin-like 9", "organism": "Mus musculus", "tissue": "All Tissues"}, {"me": 2.4043121337890625, "pc": 0.01045816733067729, "marker_score": 0.10126656158487288, "symbol": "Gm34455", "name": "Gm34455", "organism": "Mus musculus", "tissue": "All Tissues"}, {"me": 1.9144227851941749, "pc": 0.07694223107569721, "marker_score": 0.1006733442622478, "symbol": "Myo1c", "name": "myosin IC", "organism": "Mus musculus", "tissue": "All Tissues"}, {"me": 1.9023042000738835, "pc": 0.14218127490039842, "marker_score": 0.10060101960625539, "symbol": "Lims2", "name": "LIM and senescent cell antigen like domains 2", "organism": "Mus musculus", "tissue": "All Tissues"}, {"me": 2.114931106567383, "pc": 0.0099601593625498, "marker_score": 0.09873380749378029, "symbol": "Gvin-ps7", "name": "Gvin-ps7", "organism": "Mus musculus", "tissue": "All Tissues"}, {"me": 2.0015389436210684, "pc": 0.15239043824701196, "marker_score": 0.09601435760862154, "symbol": "F2r", "name": "coagulation factor II (thrombin) receptor", "organism": "Mus musculus", "tissue": "All Tissues"}, {"me": 1.9868584941415226, "pc": 0.00846613545816733, "marker_score": 0.09193933442408642, "symbol": "Tnfrsf26", "name": "tumor necrosis factor receptor superfamily, member 26", "organism": "Mus musculus", "tissue": "All Tissues"}, {"me": 1.9619295134652472, "pc": 0.09885458167330677, "marker_score": 0.09092142945910713, "symbol": "Sox18", "name": "SRY (sex determining region Y)-box 18", "organism": "Mus musculus", "tissue": "All Tissues"}, {"me": 1.8958462725628864, "pc": 0.022659362549800798, "marker_score": 0.08389630607835123, "symbol": "Inpp5k", "name": "inositol polyphosphate 5-phosphatase K", "organism": "Mus musculus", "tissue": "All Tissues"}, {"me": 2.02681759425572, "pc": 0.013944223107569721, "marker_score": 0.08359927823932192, "symbol": "Olfr907", "name": "olfactory receptor family 8 subfamily B member 44", "organism": "Mus musculus", "tissue": "All Tissues"}, {"me": 1.9322664892073158, "pc": 0.10383466135458168, "marker_score": 0.08290913541845682, "symbol": "Irx3", "name": "Iroquois related homeobox 3", "organism": "Mus musculus", "tissue": "All Tissues"}, {"me": 2.023242809154369, "pc": 0.006723107569721116, "marker_score": 0.08149754907334651, "symbol": "Gm43778", "name": "Gm43778", "organism": "Mus musculus", "tissue": "All Tissues"}, {"me": 3.1374367835053576, "pc": 0.790089641434263, "marker_score": 0.0811845941694388, "symbol": "Ly6c1", "name": "lymphocyte antigen 6 complex, locus C1", "organism": "Mus musculus", "tissue": "All Tissues"}, {"me": 2.0168325695652194, "pc": 0.06648406374501992, "marker_score": 0.07946391075010989, "symbol": "Ifit3", "name": "interferon-induced protein with tetratricopeptide repeats 3", "organism": "Mus musculus", "tissue": "All Tissues"}, {"me": 2.2472572326660156, "pc": 0.00597609561752988, "marker_score": 0.07795493271912943, "symbol": "Snord13", "name": "small nucleolar RNA, C/D box 13", "organism": "Mus musculus", "tissue": "All Tissues"}, {"me": 2.3332317118742028, "pc": 0.02440239043824701, "marker_score": 0.0776621099524506, "symbol": "Dct", "name": "dopachrome tautomerase", "organism": "Mus musculus", "tissue": "All Tissues"}, {"me": 2.0355973823294455, "pc": 0.04506972111553785, "marker_score": 0.07658122983097022, "symbol": "Ikbkb", "name": "inhibitor of kappaB kinase beta", "organism": "Mus musculus", "tissue": "All Tissues"}, {"me": 1.8029181263434193, "pc": 0.04706175298804781, "marker_score": 0.07342085180417679, "symbol": "Meox1", "name": "mesenchyme homeobox 1", "organism": "Mus musculus", "tissue": "All Tissues"}, {"me": 1.8794330218890767, "pc": 0.055278884462151394, "marker_score": 0.07186811816724387, "symbol": "2810025M15Rik", "name": "RIKEN cDNA 2810025M15 gene", "organism": "Mus musculus", "tissue": "All Tissues"}, {"me": 2.007992744445801, "pc": 0.0049800796812749, "marker_score": 0.07074461308139907, "symbol": "Slc39a2", "name": "solute carrier family 39 (zinc transporter), member 2", "organism": "Mus musculus", "tissue": "All Tissues"}, {"me": 2.0260823567708335, "pc": 0.01045816733067729, "marker_score": 0.07023092685709678, "symbol": "Rflna", "name": "refilin A", "organism": "Mus musculus", "tissue": "All Tissues"}, {"me": 1.685744194135274, "pc": 0.018177290836653388, "marker_score": 0.07017131614360066, "symbol": "Mapk12", "name": "mitogen-activated protein kinase 12", "organism": "Mus musculus", "tissue": "All Tissues"}, {"me": 1.7116760120057224, "pc": 0.02838645418326693, "marker_score": 0.06854509529123888, "symbol": "Cmpk2", "name": "cytidine monophosphate (UMP-CMP) kinase 2, mitochondrial", "organism": "Mus musculus", "tissue": "All Tissues"}, {"me": 2.1408275257457388, "pc": 0.09312749003984064, "marker_score": 0.06823751203689922, "symbol": "Adgre5", "name": "adhesion G protein-coupled receptor E5", "organism": "Mus musculus", "tissue": "All Tissues"}, {"me": 1.8857816951290058, "pc": 0.03909362549800797, "marker_score": 0.06217661642117176, "symbol": "Hlx", "name": "H2.0-like homeobox", "organism": "Mus musculus", "tissue": "All Tissues"}, {"me": 1.9237216237292052, "pc": 0.13471115537848605, "marker_score": 0.061313372302446184, "symbol": "Tek", "name": "TEK receptor tyrosine kinase", "organism": "Mus musculus", "tissue": "All Tissues"}, {"me": 1.7590316503475873, "pc": 0.03884462151394422, "marker_score": 0.05782218870285499, "symbol": "Thrsp", "name": "thyroid hormone responsive", "organism": "Mus musculus", "tissue": "All Tissues"}, {"me": 1.7021183437771268, "pc": 0.024651394422310756, "marker_score": 0.05716037606978105, "symbol": "Dram1", "name": "DNA-damage regulated autophagy modulator 1", "organism": "Mus musculus", "tissue": "All Tissues"}, {"me": 1.9358756968517177, "pc": 0.11279880478087649, "marker_score": 0.05696507302393258, "symbol": "Tnfaip2", "name": "tumor necrosis factor, alpha-induced protein 2", "organism": "Mus musculus", "tissue": "All Tissues"}, {"me": 1.6697903337149784, "pc": 0.02166334661354582, "marker_score": 0.05664133753918306, "symbol": "Tnfsf10", "name": "tumor necrosis factor (ligand) superfamily, member 10", "organism": "Mus musculus", "tissue": "All Tissues"}, {"me": 1.7781124114990234, "pc": 0.054780876494023904, "marker_score": 0.05660583735131253, "symbol": "Grrp1", "name": "family with sequence similarity 110, member D", "organism": "Mus musculus", "tissue": "All Tissues"}, {"me": 1.5251601200837355, "pc": 0.006474103585657371, "marker_score": 0.05530818917690109, "symbol": "Apol9b", "name": "apolipoprotein L 9b", "organism": "Mus musculus", "tissue": "All Tissues"}, {"me": 1.7901022065945758, "pc": 0.030627490039840638, "marker_score": 0.05395496016663408, "symbol": "Polr3gl", "name": "polymerase (RNA) III (DNA directed) polypeptide G like", "organism": "Mus musculus", "tissue": "All Tissues"}, {"me": 2.0342856118845387, "pc": 0.010707171314741035, "marker_score": 0.05132841506503681, "symbol": "Gm47450", "name": "Gm47450", "organism": "Mus musculus", "tissue": "All Tissues"}, {"me": 1.8364809821633732, "pc": 0.021165338645418325, "marker_score": 0.04982740705041999, "symbol": "Ces2e", "name": "carboxylesterase 2E", "organism": "Mus musculus", "tissue": "All Tissues"}, {"me": 1.8454240072080945, "pc": 0.08690239043824702, "marker_score": 0.049175115848967325, "symbol": "Tspan12", "name": "tetraspanin 12", "organism": "Mus musculus", "tissue": "All Tissues"}, {"me": 3.1387901093040766, "pc": 0.3565737051792829, "marker_score": 0.049164989168119094, "symbol": "Fabp4", "name": "fatty acid binding protein 4, adipocyte", "organism": "Mus musculus", "tissue": "All Tissues"}, {"me": 2.088052633534307, "pc": 0.028635458167330676, "marker_score": 0.0489381842702083, "symbol": "Zfp738", "name": "zinc finger protein 738", "organism": "Mus musculus", "tissue": "All Tissues"}, {"me": 3.3036680419029767, "pc": 0.9591121495327103, "marker_score": 3.6210413026219426, "symbol": "EMCN", "name": "endomucin", "organism": "Homo sapiens", "tissue": "All Tissues"}, {"me": 2.997640636000078, "pc": 0.9334112149532711, "marker_score": 2.9115520401768147, "symbol": "PLAT", "name": "plasminogen activator, tissue type", "organism": "Homo sapiens", "tissue": "All Tissues"}, {"me": 4.132907314708284, "pc": 0.9836448598130841, "marker_score": 2.6193486063923235, "symbol": "IGFBP5", "name": "insulin like growth factor binding protein 5", "organism": "Homo sapiens", "tissue": "All Tissues"}, {"me": 2.879894434144702, "pc": 0.8282710280373832, "marker_score": 1.959199525671498, "symbol": "CRHBP", "name": "corticotropin releasing hormone binding protein", "organism": "Homo sapiens", "tissue": "All Tissues"}, {"me": 2.4283546914859695, "pc": 0.8014018691588785, "marker_score": 1.7171950416523996, "symbol": "TGFBR2", "name": "transforming growth factor beta receptor 2", "organism": "Homo sapiens", "tissue": "All Tissues"}, {"me": 2.5671216827077963, "pc": 0.7932242990654206, "marker_score": 1.4790385656082865, "symbol": "PLPP3", "name": "phospholipid phosphatase 3", "organism": "Homo sapiens", "tissue": "All Tissues"}, {"me": 2.1815160200049313, "pc": 0.7032710280373832, "marker_score": 1.4701989998756952, "symbol": "RAMP2", "name": "receptor activity modifying protein 2", "organism": "Homo sapiens", "tissue": "All Tissues"}, {"me": 2.321603803492304, "pc": 0.7827102803738317, "marker_score": 1.4373486856074384, "symbol": "PLPP1", "name": "phospholipid phosphatase 1", "organism": "Homo sapiens", "tissue": "All Tissues"}, {"me": 2.320922404418498, "pc": 0.6378504672897196, "marker_score": 1.2562659554651308, "symbol": "SLC9A3R2", "name": "NHERF family PDZ scaffold protein 2", "organism": "Homo sapiens", "tissue": "All Tissues"}, {"me": 2.170838525690184, "pc": 0.7616822429906542, "marker_score": 1.2217245853735572, "symbol": "EPAS1", "name": "endothelial PAS domain protein 1", "organism": "Homo sapiens", "tissue": "All Tissues"}, {"me": 2.006966544405991, "pc": 0.5992990654205608, "marker_score": 1.1947109672350158, "symbol": "ADGRF5", "name": "adhesion G protein-coupled receptor F5", "organism": "Homo sapiens", "tissue": "All Tissues"}, {"me": 2.23555090724225, "pc": 0.5817757009345794, "marker_score": 1.1808301617468289, "symbol": "SOST", "name": "sclerostin", "organism": "Homo sapiens", "tissue": "All Tissues"}, {"me": 2.9247254599294354, "pc": 0.905373831775701, "marker_score": 1.1077625616677464, "symbol": "IFI27", "name": "interferon alpha inducible protein 27", "organism": "Homo sapiens", "tissue": "All Tissues"}, {"me": 2.8941808266214806, "pc": 0.9439252336448598, "marker_score": 1.074495445846876, "symbol": "HLA-E", "name": "major histocompatibility complex, class I, E", "organism": "Homo sapiens", "tissue": "All Tissues"}, {"me": 1.9333738236610292, "pc": 0.5175233644859814, "marker_score": 1.0290303090448865, "symbol": "PTPRB", "name": "protein tyrosine phosphatase receptor type B", "organism": "Homo sapiens", "tissue": "All Tissues"}, {"me": 2.5723922966324833, "pc": 0.5268691588785047, "marker_score": 0.999865388207686, "symbol": "FCN3", "name": "ficolin 3", "organism": "Homo sapiens", "tissue": "All Tissues"}, {"me": 2.1178621778301165, "pc": 0.5362149532710281, "marker_score": 0.9170062979830491, "symbol": "CAVIN2", "name": "caveolae associated protein 2", "organism": "Homo sapiens", "tissue": "All Tissues"}, {"me": 1.9576173790901765, "pc": 0.5210280373831776, "marker_score": 0.9081756823038347, "symbol": "FLT1", "name": "fms related receptor tyrosine kinase 1", "organism": "Homo sapiens", "tissue": "All Tissues"}, {"me": 2.9218230040177056, "pc": 0.8598130841121495, "marker_score": 0.9023720822713618, "symbol": "MGP", "name": "matrix Gla protein", "organism": "Homo sapiens", "tissue": "All Tissues"}, {"me": 2.355620347898669, "pc": 0.8282710280373832, "marker_score": 0.9005719586430536, "symbol": "APP", "name": "amyloid beta precursor protein", "organism": "Homo sapiens", "tissue": "All Tissues"}, {"me": 1.9443569576167405, "pc": 0.5105140186915887, "marker_score": 0.8804456663947478, "symbol": "VAMP5", "name": "vesicle associated membrane protein 5", "organism": "Homo sapiens", "tissue": "All Tissues"}, {"me": 2.8830581819168244, "pc": 0.9252336448598131, "marker_score": 0.8700154137797331, "symbol": "IFITM3", "name": "interferon induced transmembrane protein 3", "organism": "Homo sapiens", "tissue": "All Tissues"}, {"me": 1.8577621633356267, "pc": 0.411214953271028, "marker_score": 0.8434167005708136, "symbol": "TMEM204", "name": "transmembrane protein 204", "organism": "Homo sapiens", "tissue": "All Tissues"}, {"me": 2.818668287627551, "pc": 0.9158878504672897, "marker_score": 0.7835776996056909, "symbol": "HLA-DRB1", "name": "major histocompatibility complex, class II, DR beta 1", "organism": "Homo sapiens", "tissue": "All Tissues"}, {"me": 1.9672674788183822, "pc": 0.5011682242990654, "marker_score": 0.763961645834369, "symbol": "ENG", "name": "endoglin", "organism": "Homo sapiens", "tissue": "All Tissues"}, {"me": 1.9798779296875, "pc": 0.35046728971962615, "marker_score": 0.7504232836563294, "symbol": "EHD3", "name": "EH domain containing 3", "organism": "Homo sapiens", "tissue": "All Tissues"}, {"me": 2.544933538786404, "pc": 0.669392523364486, "marker_score": 0.7456572181492667, "symbol": "ID2", "name": "inhibitor of DNA binding 2", "organism": "Homo sapiens", "tissue": "All Tissues"}, {"me": 2.5508645071110254, "pc": 0.8294392523364486, "marker_score": 0.729712927033356, "symbol": "TIMP3", "name": "TIMP metallopeptidase inhibitor 3", "organism": "Homo sapiens", "tissue": "All Tissues"}, {"me": 3.1355347580575414, "pc": 0.9497663551401869, "marker_score": 0.7204576275830342, "symbol": "HLA-C", "name": "major histocompatibility complex, class I, C", "organism": "Homo sapiens", "tissue": "All Tissues"}, {"me": 2.799562253067424, "pc": 0.919392523364486, "marker_score": 0.7068417600115231, "symbol": "ITM2B", "name": "integral membrane protein 2B", "organism": "Homo sapiens", "tissue": "All Tissues"}, {"me": 2.3388551966963567, "pc": 0.7254672897196262, "marker_score": 0.7024288083719663, "symbol": "GNG11", "name": "G protein subunit gamma 11", "organism": "Homo sapiens", "tissue": "All Tissues"}, {"me": 2.298233621824285, "pc": 0.7558411214953271, "marker_score": 0.698592693537868, "symbol": "RNASE1", "name": "ribonuclease A family member 1, pancreatic", "organism": "Homo sapiens", "tissue": "All Tissues"}, {"me": 2.4818344386756843, "pc": 0.3294392523364486, "marker_score": 0.6783268484947683, "symbol": "ESM1", "name": "endothelial cell specific molecule 1", "organism": "Homo sapiens", "tissue": "All Tissues"}, {"me": 1.8030922842208452, "pc": 0.30490654205607476, "marker_score": 0.6653345409647249, "symbol": "NOSTRIN", "name": "nitric oxide synthase trafficking", "organism": "Homo sapiens", "tissue": "All Tissues"}, {"me": 1.8361517261610671, "pc": 0.2955607476635514, "marker_score": 0.6470680161772238, "symbol": "RAMP3", "name": "receptor activity modifying protein 3", "organism": "Homo sapiens", "tissue": "All Tissues"}, {"me": 1.9281225387164003, "pc": 0.30490654205607476, "marker_score": 0.6436275445525567, "symbol": "HYAL2", "name": "hyaluronidase 2", "organism": "Homo sapiens", "tissue": "All Tissues"}, {"me": 1.7903818382407135, "pc": 0.30957943925233644, "marker_score": 0.6398518994388197, "symbol": "TSPAN7", "name": "tetraspanin 7", "organism": "Homo sapiens", "tissue": "All Tissues"}, {"me": 1.7813896468923063, "pc": 0.27686915887850466, "marker_score": 0.6235057250010095, "symbol": "NOTCH4", "name": "notch receptor 4", "organism": "Homo sapiens", "tissue": "All Tissues"}, {"me": 1.7927572696766956, "pc": 0.27453271028037385, "marker_score": 0.619275413086771, "symbol": "ARRDC2", "name": "arrestin domain containing 2", "organism": "Homo sapiens", "tissue": "All Tissues"}, {"me": 2.1437280889143024, "pc": 0.5327102803738317, "marker_score": 0.6053431844161883, "symbol": "SGK1", "name": "serum/glucocorticoid regulated kinase 1", "organism": "Homo sapiens", "tissue": "All Tissues"}, {"me": 1.8097815828701473, "pc": 0.2651869158878505, "marker_score": 0.6000811449351461, "symbol": "SLCO2A1", "name": "solute carrier organic anion transporter family member 2A1", "organism": "Homo sapiens", "tissue": "All Tissues"}, {"me": 2.1623722621372767, "pc": 0.32710280373831774, "marker_score": 0.5773931467575325, "symbol": "AQP1", "name": "aquaporin 1 (Colton blood group)", "organism": "Homo sapiens", "tissue": "All Tissues"}, {"me": 3.1012746540135043, "pc": 0.7488317757009346, "marker_score": 0.5504167322148762, "symbol": "HSPA1A", "name": "heat shock protein family A (Hsp70) member 1A", "organism": "Homo sapiens", "tissue": "All Tissues"}, {"me": 1.9793033688567405, "pc": 0.5023364485981309, "marker_score": 0.5398939649803026, "symbol": "IL6ST", "name": "interleukin 6 cytokine family signal transducer", "organism": "Homo sapiens", "tissue": "All Tissues"}, {"me": 1.8157790418694781, "pc": 0.22313084112149534, "marker_score": 0.5324093959718634, "symbol": "KDR", "name": "kinase insert domain receptor", "organism": "Homo sapiens", "tissue": "All Tissues"}, {"me": 2.4475385300656582, "pc": 0.5490654205607477, "marker_score": 0.5204873983695251, "symbol": "HES1", "name": "hes family bHLH transcription factor 1", "organism": "Homo sapiens", "tissue": "All Tissues"}, {"me": 1.8900502522786458, "pc": 0.3399532710280374, "marker_score": 0.512516729263194, "symbol": "GIMAP7", "name": "GTPase, IMAP family member 7", "organism": "Homo sapiens", "tissue": "All Tissues"}, {"me": 1.8136986297311135, "pc": 0.36098130841121495, "marker_score": 0.5097717456773186, "symbol": "PECAM1", "name": "platelet and endothelial cell adhesion molecule 1", "organism": "Homo sapiens", "tissue": "All Tissues"}, {"me": 2.170365872590438, "pc": 0.21495327102803738, "marker_score": 0.5087085460465706, "symbol": "IL1RL1", "name": "interleukin 1 receptor like 1", "organism": "Homo sapiens", "tissue": "All Tissues"}, {"me": 3.346033084753788, "pc": 0.9637850467289719, "marker_score": 0.5036082054166601, "symbol": "HLA-B", "name": "major histocompatibility complex, class I, B", "organism": "Homo sapiens", "tissue": "All Tissues"}, {"me": 1.7403966812860399, "pc": 0.19626168224299065, "marker_score": 0.4963354411890514, "symbol": "SLC14A1", "name": "solute carrier family 14 member 1 (Kidd blood group)", "organism": "Homo sapiens", "tissue": "All Tissues"}, {"me": 1.7538894836060301, "pc": 0.19509345794392524, "marker_score": 0.49325416650855414, "symbol": "F8", "name": "coagulation factor VIII", "organism": "Homo sapiens", "tissue": "All Tissues"}, {"me": 1.8554962353828626, "pc": 0.3644859813084112, "marker_score": 0.4848805631720665, "symbol": "SEC14L1", "name": "SEC14 like lipid binding 1", "organism": "Homo sapiens", "tissue": "All Tissues"}, {"me": 1.7286842298803862, "pc": 0.18808411214953272, "marker_score": 0.48016100461155564, "symbol": "PCAT19", "name": "prostate cancer associated transcript 19", "organism": "Homo sapiens", "tissue": "All Tissues"}, {"me": 1.739373067220052, "pc": 0.17523364485981308, "marker_score": 0.4614917418175767, "symbol": "BTNL9", "name": "butyrophilin like 9", "organism": "Homo sapiens", "tissue": "All Tissues"}, {"me": 2.061660497724222, "pc": 0.530373831775701, "marker_score": 0.4537751499967533, "symbol": "BST2", "name": "bone marrow stromal cell antigen 2", "organism": "Homo sapiens", "tissue": "All Tissues"}, {"me": 1.7402882819628194, "pc": 0.16004672897196262, "marker_score": 0.44228956468165453, "symbol": "ROBO4", "name": "roundabout guidance receptor 4", "organism": "Homo sapiens", "tissue": "All Tissues"}, {"me": 1.8534214262328397, "pc": 0.40420560747663553, "marker_score": 0.42950543271036357, "symbol": "LDB2", "name": "LIM domain binding 2", "organism": "Homo sapiens", "tissue": "All Tissues"}, {"me": 2.2212269592285154, "pc": 0.29205607476635514, "marker_score": 0.41878587508663323, "symbol": "DEPP1", "name": "DEPP autophagy regulator 1", "organism": "Homo sapiens", "tissue": "All Tissues"}, {"me": 1.6617537231445312, "pc": 0.14602803738317757, "marker_score": 0.4117760817563825, "symbol": "TM4SF18", "name": "transmembrane 4 L six family member 18", "organism": "Homo sapiens", "tissue": "All Tissues"}, {"me": 1.6644171065643054, "pc": 0.13901869158878505, "marker_score": 0.4052399090823645, "symbol": "TEK", "name": "TEK receptor tyrosine kinase", "organism": "Homo sapiens", "tissue": "All Tissues"}, {"me": 1.7111873454875774, "pc": 0.12967289719626168, "marker_score": 0.39313100439960935, "symbol": "FAM167B", "name": "family with sequence similarity 167 member B", "organism": "Homo sapiens", "tissue": "All Tissues"}, {"me": 1.6354708178290005, "pc": 0.13551401869158877, "marker_score": 0.3910391768558216, "symbol": "ADGRL4", "name": "adhesion G protein-coupled receptor L4", "organism": "Homo sapiens", "tissue": "All Tissues"}, {"me": 1.883748541937934, "pc": 0.2102803738317757, "marker_score": 0.38329475982424543, "symbol": "HEXIM1", "name": "HEXIM P-TEFb complex subunit 1", "organism": "Homo sapiens", "tissue": "All Tissues"}, {"me": 1.7243602328830294, "pc": 0.15771028037383178, "marker_score": 0.3832738948149478, "symbol": "CLEC14A", "name": "C-type lectin domain containing 14A", "organism": "Homo sapiens", "tissue": "All Tissues"}, {"me": 2.171696680242365, "pc": 0.12850467289719625, "marker_score": 0.37817860445563106, "symbol": "IL13RA2", "name": "interleukin 13 receptor subunit alpha 2", "organism": "Homo sapiens", "tissue": "All Tissues"}, {"me": 1.6338360126201923, "pc": 0.10630841121495327, "marker_score": 0.344457784341926, "symbol": "ECSCR", "name": "endothelial cell surface expressed chemotaxis and apoptosis regulator", "organism": "Homo sapiens", "tissue": "All Tissues"}, {"me": 1.834734120088465, "pc": 0.09929906542056074, "marker_score": 0.33970082047190997, "symbol": "LINC00551", "name": "long intergenic non-protein coding RNA 551", "organism": "Homo sapiens", "tissue": "All Tissues"}, {"me": 1.695641001065572, "pc": 0.11214953271028037, "marker_score": 0.338081147785087, "symbol": "EFNB1", "name": "ephrin B1", "organism": "Homo sapiens", "tissue": "All Tissues"}, {"me": 1.7344289961315336, "pc": 0.09813084112149532, "marker_score": 0.32663838691075875, "symbol": "TMEM88", "name": "transmembrane protein 88", "organism": "Homo sapiens", "tissue": "All Tissues"}, {"me": 1.6135844930013021, "pc": 0.08761682242990654, "marker_score": 0.3161342117929546, "symbol": "PRX", "name": "periaxin", "organism": "Homo sapiens", "tissue": "All Tissues"}, {"me": 2.172424011230469, "pc": 0.5841121495327103, "marker_score": 0.31231639615003615, "symbol": "RHOB", "name": "ras homolog family member B", "organism": "Homo sapiens", "tissue": "All Tissues"}, {"me": 1.6889959264684606, "pc": 0.18925233644859812, "marker_score": 0.3006068265225383, "symbol": "ESAM", "name": "endothelial cell adhesion molecule", "organism": "Homo sapiens", "tissue": "All Tissues"}, {"me": 4.4479218064692985, "pc": 0.9988317757009346, "marker_score": 0.29839661500091735, "symbol": "B2M", "name": "beta-2-microglobulin", "organism": "Homo sapiens", "tissue": "All Tissues"}, {"me": 1.922773963765124, "pc": 0.49182242990654207, "marker_score": 0.2946514884046755, "symbol": "CNN3", "name": "calponin 3", "organism": "Homo sapiens", "tissue": "All Tissues"}, {"me": 1.7859913635253906, "pc": 0.2336448598130841, "marker_score": 0.29413453641042403, "symbol": "GAS6", "name": "growth arrest specific 6", "organism": "Homo sapiens", "tissue": "All Tissues"}, {"me": 1.7978720495543503, "pc": 0.23014018691588786, "marker_score": 0.2919664324866922, "symbol": "PODXL", "name": "podocalyxin like", "organism": "Homo sapiens", "tissue": "All Tissues"}, {"me": 2.6646543277923715, "pc": 0.802570093457944, "marker_score": 0.28868207814620606, "symbol": "DUSP1", "name": "dual specificity phosphatase 1", "organism": "Homo sapiens", "tissue": "All Tissues"}, {"me": 1.6324284662965869, "pc": 0.07126168224299065, "marker_score": 0.2794923435204665, "symbol": "GJA5", "name": "gap junction protein alpha 5", "organism": "Homo sapiens", "tissue": "All Tissues"}, {"me": 1.5881504308981973, "pc": 0.07126168224299065, "marker_score": 0.27854173483864864, "symbol": "GIMAP8", "name": "GTPase, IMAP family member 8", "organism": "Homo sapiens", "tissue": "All Tissues"}, {"me": 1.5976749420166017, "pc": 0.07009345794392523, "marker_score": 0.2740732232836574, "symbol": "APOL3", "name": "apolipoprotein L3", "organism": "Homo sapiens", "tissue": "All Tissues"}, {"me": 1.7696146445699257, "pc": 0.11799065420560748, "marker_score": 0.27292001441639696, "symbol": "BEX5", "name": "brain expressed X-linked 5", "organism": "Homo sapiens", "tissue": "All Tissues"}, {"me": 2.234505685612885, "pc": 0.5876168224299065, "marker_score": 0.2726811433142943, "symbol": "ID1", "name": "inhibitor of DNA binding 1", "organism": "Homo sapiens", "tissue": "All Tissues"}, {"me": 2.1505484444754464, "pc": 0.4497663551401869, "marker_score": 0.2668425594724736, "symbol": "DDIT4", "name": "DNA damage inducible transcript 4", "organism": "Homo sapiens", "tissue": "All Tissues"}, {"me": 2.021628970191592, "pc": 0.5642523364485982, "marker_score": 0.2660044980158788, "symbol": "SYNE1", "name": "spectrin repeat containing nuclear envelope protein 1", "organism": "Homo sapiens", "tissue": "All Tissues"}, {"me": 1.639735494341169, "pc": 0.06542056074766354, "marker_score": 0.2658215993754949, "symbol": "DLL4", "name": "delta like canonical Notch ligand 4", "organism": "Homo sapiens", "tissue": "All Tissues"}, {"me": 1.8091043404170446, "pc": 0.2616822429906542, "marker_score": 0.2642848677009424, "symbol": "NTN4", "name": "netrin 4", "organism": "Homo sapiens", "tissue": "All Tissues"}, {"me": 1.9728292750017675, "pc": 0.25817757009345793, "marker_score": 0.26331017554978403, "symbol": "INTS6", "name": "integrator complex subunit 6", "organism": "Homo sapiens", "tissue": "All Tissues"}, {"me": 1.8817419740888808, "pc": 0.0630841121495327, "marker_score": 0.2608197500522942, "symbol": "F2RL3", "name": "F2R like thrombin or trypsin receptor 3", "organism": "Homo sapiens", "tissue": "All Tissues"}, {"me": 1.542345314025879, "pc": 0.05841121495327103, "marker_score": 0.2512779578750197, "symbol": "APLNR", "name": "apelin receptor", "organism": "Homo sapiens", "tissue": "All Tissues"}, {"me": 1.7240070183120089, "pc": 0.19509345794392524, "marker_score": 0.24867682500795346, "symbol": "ICAM2", "name": "intercellular adhesion molecule 2", "organism": "Homo sapiens", "tissue": "All Tissues"}, {"me": 1.653085237390855, "pc": 0.09929906542056074, "marker_score": 0.2454382210968065, "symbol": "ITGA8", "name": "integrin subunit alpha 8", "organism": "Homo sapiens", "tissue": "All Tissues"}, {"me": 1.709250800353659, "pc": 0.20677570093457945, "marker_score": 0.24148654261591118, "symbol": "CMTM8", "name": "CKLF like MARVEL transmembrane domain containing 8", "organism": "Homo sapiens", "tissue": "All Tissues"}, {"me": 1.6267244815826416, "pc": 0.04672897196261682, "marker_score": 0.22289956733224323, "symbol": "GPIHBP1", "name": "glycosylphosphatidylinositol anchored high density lipoprotein binding protein 1", "organism": "Homo sapiens", "tissue": "All Tissues"}, {"me": 1.7943663346140009, "pc": 0.2219626168224299, "marker_score": 0.22004862282733945, "symbol": "LIFR", "name": "LIF receptor subunit alpha", "organism": "Homo sapiens", "tissue": "All Tissues"}, {"me": 1.6220274567604065, "pc": 0.07476635514018691, "marker_score": 0.21947137622762594, "symbol": "MYCT1", "name": "MYC target 1", "organism": "Homo sapiens", "tissue": "All Tissues"}, {"me": 2.8625443908510295, "pc": 0.7873831775700935, "marker_score": 0.21721791849747518, "symbol": "MT2A", "name": "metallothionein 2A", "organism": "Homo sapiens", "tissue": "All Tissues"}, {"me": 1.7611147807194636, "pc": 0.24299065420560748, "marker_score": 0.2164790877904122, "symbol": "SH3BP5", "name": "SH3 domain binding protein 5", "organism": "Homo sapiens", "tissue": "All Tissues"}, {"me": 1.623303288998811, "pc": 0.08060747663551401, "marker_score": 0.2163938172980264, "symbol": "GBP4", "name": "guanylate binding protein 4", "organism": "Homo sapiens", "tissue": "All Tissues"}, {"me": 1.3972772046139366, "pc": 0.04439252336448598, "marker_score": 0.2153154780431195, "symbol": "KANK3", "name": "KN motif and ankyrin repeat domains 3", "organism": "Homo sapiens", "tissue": "All Tissues"}]