[{"me": 2.074297928219715, "pc": 0.6509615983070891, "marker_score": 1.2975429053206884, "symbol": "TRDV2", "name": "T cell receptor delta variable 2", "organism": "Homo sapiens", "tissue": "blood"}, {"me": 1.911665139042612, "pc": 0.5623327316860646, "marker_score": 1.0968523472627134, "symbol": "TRGV9", "name": "T cell receptor gamma variable 9", "organism": "Homo sapiens", "tissue": "blood"}, {"me": 2.1472996473473103, "pc": 0.4616294267753781, "marker_score": 0.6130945922337951, "symbol": "LLNLF-96A1.1", "name": "LLNLF-96A1.1", "organism": "Homo sapiens", "tissue": "blood"}, {"me": 1.6922483192053452, "pc": 0.3271923819007904, "marker_score": 0.5717795724999959, "symbol": "PARP8", "name": "poly(ADP-ribose) polymerase family member 8", "organism": "Homo sapiens", "tissue": "blood"}, {"me": 1.6722470743196356, "pc": 0.2578577207941744, "marker_score": 0.4259365875931002, "symbol": "KLRG1", "name": "killer cell lectin like receptor G1", "organism": "Homo sapiens", "tissue": "blood"}, {"me": 2.6760899067259287, "pc": 0.9767224746374557, "marker_score": 0.41550972465863806, "symbol": "CCL5", "name": "C-C motif chemokine ligand 5", "organism": "Homo sapiens", "tissue": "blood"}, {"me": 1.8396749506666965, "pc": 0.34891392294765666, "marker_score": 0.37521219345455603, "symbol": "MTRNR2L1", "name": "MTRNR2L1", "organism": "Homo sapiens", "tissue": "blood"}, {"me": 1.8234946759826933, "pc": 0.22207008153357813, "marker_score": 0.2972626931831419, "symbol": "TRDC", "name": "TRDC", "organism": "Homo sapiens", "tissue": "blood"}, {"me": 1.7573493184049263, "pc": 0.2615298437791747, "marker_score": 0.22165061077588452, "symbol": "FGF23", "name": "fibroblast growth factor 23", "organism": "Homo sapiens", "tissue": "blood"}, {"me": 1.7060102598299394, "pc": 0.143648472023402, "marker_score": 0.19800446670301017, "symbol": "KLRC1", "name": "killer cell lectin like receptor C1", "organism": "Homo sapiens", "tissue": "blood"}, {"me": 1.8605596823770492, "pc": 0.4100329868674924, "marker_score": 0.19214238851348975, "symbol": "TNFSF13B", "name": "TNF superfamily member 13b", "organism": "Homo sapiens", "tissue": "blood"}, {"me": 1.7235390747934698, "pc": 0.2373187278272235, "marker_score": 0.18579872812782064, "symbol": "ZNF688", "name": "zinc finger protein 688", "organism": "Homo sapiens", "tissue": "blood"}, {"me": 1.6621838508363225, "pc": 0.19953942864255927, "marker_score": 0.18568476482473856, "symbol": "SPOCK2", "name": "SPARC (osteonectin), cwcv and kazal like domains proteoglycan 2", "organism": "Homo sapiens", "tissue": "blood"}, {"me": 2.035293084547925, "pc": 0.07873280637331176, "marker_score": 0.18105546513390317, "symbol": "S100B", "name": "S100 calcium binding protein B", "organism": "Homo sapiens", "tissue": "blood"}, {"me": 1.565413816229003, "pc": 0.035663160515342004, "marker_score": 0.17522324385484347, "symbol": "RP11-36B6.2", "name": "RP11-36B6.2", "organism": "Homo sapiens", "tissue": "blood"}, {"me": 1.6061477239619302, "pc": 0.045061305782037715, "marker_score": 0.16574873879461738, "symbol": "SYTL2", "name": "synaptotagmin like 2", "organism": "Homo sapiens", "tissue": "blood"}, {"me": 1.5132034543960813, "pc": 0.02352648285305284, "marker_score": 0.15439094144290683, "symbol": "USHBP1", "name": "USH1 protein network component harmonin binding protein 1", "organism": "Homo sapiens", "tissue": "blood"}, {"me": 1.6963982593924474, "pc": 0.05016493433746188, "marker_score": 0.15344116663998417, "symbol": "TRGC1", "name": "T cell receptor gamma constant 1", "organism": "Homo sapiens", "tissue": "blood"}, {"me": 1.6043183682643856, "pc": 0.04786207755025829, "marker_score": 0.14953687961809936, "symbol": "S1PR5", "name": "sphingosine-1-phosphate receptor 5", "organism": "Homo sapiens", "tissue": "blood"}, {"me": 1.9804562578211902, "pc": 0.33571917595070644, "marker_score": 0.14514755043064323, "symbol": "DUSP2", "name": "dual specificity phosphatase 2", "organism": "Homo sapiens", "tissue": "blood"}, {"me": 1.8973328637295082, "pc": 0.5315242422356382, "marker_score": 0.1313635817927176, "symbol": "KLRB1", "name": "killer cell lectin like receptor B1", "organism": "Homo sapiens", "tissue": "blood"}, {"me": 1.7954979113370384, "pc": 0.2645795730379038, "marker_score": 0.13113028773260568, "symbol": "CLDN11", "name": "claudin 11", "organism": "Homo sapiens", "tissue": "blood"}, {"me": 1.6091150900688314, "pc": 0.016742391236696335, "marker_score": 0.12941941333138396, "symbol": "PBX4", "name": "PBX homeobox 4", "organism": "Homo sapiens", "tissue": "blood"}, {"me": 1.547959484816511, "pc": 0.016244476255679343, "marker_score": 0.12784464919162097, "symbol": "AC116366.7", "name": "AC116366.7", "organism": "Homo sapiens", "tissue": "blood"}, {"me": 1.7425419430080935, "pc": 0.25953818385510674, "marker_score": 0.12712803970447079, "symbol": "AMFR", "name": "autocrine motility factor receptor", "organism": "Homo sapiens", "tissue": "blood"}, {"me": 1.8462246902572221, "pc": 0.4373560714507998, "marker_score": 0.12456533129535184, "symbol": "ARID5B", "name": "AT-rich interaction domain 5B", "organism": "Homo sapiens", "tissue": "blood"}, {"me": 1.5816296544568291, "pc": 0.014439534449492749, "marker_score": 0.12003132595873246, "symbol": "PZP", "name": "PZP alpha-2-macroglobulin like", "organism": "Homo sapiens", "tissue": "blood"}, {"me": 1.618247059227795, "pc": 0.05483288728449617, "marker_score": 0.11429518272205656, "symbol": "NFATC2", "name": "nuclear factor of activated T cells 2", "organism": "Homo sapiens", "tissue": "blood"}, {"me": 1.6825435893613314, "pc": 0.03628555424161325, "marker_score": 0.11391810217170055, "symbol": "TRGV10", "name": "TRGV10", "organism": "Homo sapiens", "tissue": "blood"}, {"me": 1.5841418036099137, "pc": 0.07219767224746375, "marker_score": 0.11348047635793972, "symbol": "TC2N", "name": "tandem C2 domains, nuclear", "organism": "Homo sapiens", "tissue": "blood"}, {"me": 3.389219942595087, "pc": 0.970374058629489, "marker_score": 0.09863790742434171, "symbol": "MTRNR2L12", "name": "MTRNR2L12", "organism": "Homo sapiens", "tissue": "blood"}, {"me": 1.7430031516335227, "pc": 0.047924316922885415, "marker_score": 0.09858157638794601, "symbol": "ZNF683", "name": "zinc finger protein 683", "organism": "Homo sapiens", "tissue": "blood"}, {"me": 1.5034677343430862, "pc": 0.009522624011949959, "marker_score": 0.09738712140906279, "symbol": "INTU", "name": "inturned planar cell polarity protein", "organism": "Homo sapiens", "tissue": "blood"}, {"me": 1.4949210030691964, "pc": 0.008713512167797349, "marker_score": 0.09317211684824284, "symbol": "OLMALINC", "name": "oligodendrocyte maturation-associated long intergenic non-coding RNA", "organism": "Homo sapiens", "tissue": "blood"}, {"me": 1.6069763927924923, "pc": 0.010207257110848323, "marker_score": 0.09113702130978214, "symbol": "IL21R", "name": "interleukin 21 receptor", "organism": "Homo sapiens", "tissue": "blood"}, {"me": 1.6091268173116722, "pc": 0.018796290533391425, "marker_score": 0.09063499091488776, "symbol": "RALGAPA1", "name": "Ral GTPase activating protein catalytic subunit alpha 1", "organism": "Homo sapiens", "tissue": "blood"}, {"me": 1.5364627544696514, "pc": 0.008091118441526109, "marker_score": 0.08972492749805236, "symbol": "SLC4A10", "name": "solute carrier family 4 member 10", "organism": "Homo sapiens", "tissue": "blood"}, {"me": 1.548657910577182, "pc": 0.0072197672247463745, "marker_score": 0.08491185219686113, "symbol": "TRBJ2-3", "name": "T cell receptor beta joining 2-3", "organism": "Homo sapiens", "tissue": "blood"}, {"me": 1.5701710770769817, "pc": 0.007655442833136242, "marker_score": 0.0800490907616822, "symbol": "FEZ1", "name": "STT3A antisense RNA 1", "organism": "Homo sapiens", "tissue": "blood"}, {"me": 1.4993863947251265, "pc": 0.008464554677288853, "marker_score": 0.07718657056112409, "symbol": "LINC01873", "name": "long intergenic non-protein coding RNA 1873", "organism": "Homo sapiens", "tissue": "blood"}, {"me": 1.8372911022555443, "pc": 0.005788261654322524, "marker_score": 0.0718131662415228, "symbol": "TRDV3", "name": "T cell receptor delta variable 3", "organism": "Homo sapiens", "tissue": "blood"}, {"me": 1.4744694407393293, "pc": 0.005103628555424161, "marker_score": 0.07124145914615207, "symbol": "OR2M3", "name": "olfactory receptor family 2 subfamily M member 3", "organism": "Homo sapiens", "tissue": "blood"}, {"me": 1.5792137384414673, "pc": 0.03186655878508745, "marker_score": 0.07117242126438991, "symbol": "TRG-AS1", "name": "T cell receptor gamma locus antisense RNA 1", "organism": "Homo sapiens", "tissue": "blood"}, {"me": 1.555920051125919, "pc": 0.005290346673305533, "marker_score": 0.06904621841511606, "symbol": "ZHX2", "name": "zinc fingers and homeoboxes 2", "organism": "Homo sapiens", "tissue": "blood"}, {"me": 1.6053245436977333, "pc": 0.004418995456525798, "marker_score": 0.06628775578947445, "symbol": "TRBJ1-5", "name": "T cell receptor beta joining 1-5", "organism": "Homo sapiens", "tissue": "blood"}, {"me": 1.5230005342666417, "pc": 0.004543474201780046, "marker_score": 0.06574625966492904, "symbol": "ZNF808", "name": "zinc finger protein 808", "organism": "Homo sapiens", "tissue": "blood"}, {"me": 1.591879329534516, "pc": 0.056575589718055645, "marker_score": 0.06504232193582575, "symbol": "P2RY8", "name": "P2Y receptor family member 8", "organism": "Homo sapiens", "tissue": "blood"}, {"me": 1.50250524633071, "pc": 0.004232277338644426, "marker_score": 0.06490573117754297, "symbol": "XX-FW83563B9.5", "name": "XX-FW83563B9.5", "organism": "Homo sapiens", "tissue": "blood"}, {"me": 1.6580129407115818, "pc": 0.01207443828966204, "marker_score": 0.06458217322002979, "symbol": "NCALD", "name": "neurocalcin delta", "organism": "Homo sapiens", "tissue": "blood"}, {"me": 1.5762941082902202, "pc": 0.04661729009771581, "marker_score": 0.06399930354259074, "symbol": "CBLB", "name": "Cbl proto-oncogene B", "organism": "Homo sapiens", "tissue": "blood"}, {"me": 1.5123411744505495, "pc": 0.005663782909068276, "marker_score": 0.06211665043565063, "symbol": "MIR1302-9HG", "name": "MIR1302-9HG", "organism": "Homo sapiens", "tissue": "blood"}, {"me": 1.7414294091340536, "pc": 0.026638451484409038, "marker_score": 0.06167550132377845, "symbol": "OASL", "name": "2'-5'-oligoadenylate synthetase like", "organism": "Homo sapiens", "tissue": "blood"}, {"me": 2.028945089773881, "pc": 0.7968506877450675, "marker_score": 0.060682393524047425, "symbol": "CST7", "name": "cystatin F", "organism": "Homo sapiens", "tissue": "blood"}, {"me": 1.7466223765227755, "pc": 0.0036721229850003112, "marker_score": 0.060114091385838266, "symbol": "TRBJ2-7", "name": "T cell receptor beta joining 2-7", "organism": "Homo sapiens", "tissue": "blood"}, {"me": 1.677004635989011, "pc": 0.011327565818136553, "marker_score": 0.05993959909288214, "symbol": "KIR2DL3", "name": "killer cell immunoglobulin like receptor, two Ig domains and long cytoplasmic tail 3", "organism": "Homo sapiens", "tissue": "blood"}, {"me": 1.5791890869140626, "pc": 0.0077799215783904896, "marker_score": 0.059879320337526375, "symbol": "TNFSF14", "name": "TNF superfamily member 14", "organism": "Homo sapiens", "tissue": "blood"}, {"me": 1.4800177812576294, "pc": 0.007966639696271862, "marker_score": 0.0589477065815972, "symbol": "MCMDC2", "name": "minichromosome maintenance domain containing 2", "organism": "Homo sapiens", "tissue": "blood"}, {"me": 1.5248625321821734, "pc": 0.0034231654944918157, "marker_score": 0.05818746600228413, "symbol": "LINC00987", "name": "long intergenic non-protein coding RNA 987", "organism": "Homo sapiens", "tissue": "blood"}, {"me": 1.5311222471039871, "pc": 0.009024709030932969, "marker_score": 0.055962319757466156, "symbol": "SMURF2", "name": "SMAD specific E3 ubiquitin protein ligase 2", "organism": "Homo sapiens", "tissue": "blood"}, {"me": 1.932064359209454, "pc": 0.7636771021348104, "marker_score": 0.05527983388416753, "symbol": "CD3E", "name": "CD3 epsilon subunit of T-cell receptor complex", "organism": "Homo sapiens", "tissue": "blood"}, {"me": 1.9102822900787602, "pc": 0.015310885666272483, "marker_score": 0.05520597638185945, "symbol": "TRDV1", "name": "T cell receptor delta variable 1", "organism": "Homo sapiens", "tissue": "blood"}, {"me": 1.5397766711665135, "pc": 0.0031742080039833197, "marker_score": 0.053973869826310916, "symbol": "RP11-23P13.6", "name": "uncharacterized LOC105370792", "organism": "Homo sapiens", "tissue": "blood"}, {"me": 1.5287450154622395, "pc": 0.002987489886101948, "marker_score": 0.05191537375538591, "symbol": "LINC02481", "name": "long intergenic non-protein coding RNA 2481", "organism": "Homo sapiens", "tissue": "blood"}, {"me": 1.616547963504708, "pc": 0.05701126532644551, "marker_score": 0.05177543370775509, "symbol": "TGFBR3", "name": "transforming growth factor beta receptor 3", "organism": "Homo sapiens", "tissue": "blood"}, {"me": 1.465773479755108, "pc": 0.004045559220763054, "marker_score": 0.05170645235546192, "symbol": "RP11-346D14.1", "name": "RP11-346D14.1", "organism": "Homo sapiens", "tissue": "blood"}, {"me": 1.775623945756392, "pc": 0.013692661977967263, "marker_score": 0.049357422251540335, "symbol": "TRGV8", "name": "T cell receptor gamma variable 8", "organism": "Homo sapiens", "tissue": "blood"}, {"me": 1.5625968041358056, "pc": 0.004792431692288541, "marker_score": 0.048375723223403666, "symbol": "DPP6", "name": "dipeptidyl peptidase like 6", "organism": "Homo sapiens", "tissue": "blood"}, {"me": 1.6414154671333931, "pc": 0.002302856787203585, "marker_score": 0.047872205981767946, "symbol": "SLC1A7", "name": "solute carrier family 1 member 7", "organism": "Homo sapiens", "tissue": "blood"}, {"me": 1.4725495506735409, "pc": 0.002116138669322213, "marker_score": 0.04232539826611307, "symbol": "LINC02503", "name": "LINC02503", "organism": "Homo sapiens", "tissue": "blood"}, {"me": 1.6097023010253906, "pc": 0.0015559843156780979, "marker_score": 0.03925219379784358, "symbol": "TRBJ2-4", "name": "T cell receptor beta joining 2-4", "organism": "Homo sapiens", "tissue": "blood"}, {"me": 1.533528486887614, "pc": 0.001493744943050974, "marker_score": 0.038511598240638496, "symbol": "ZNF180", "name": "zinc finger protein 180", "organism": "Homo sapiens", "tissue": "blood"}, {"me": 1.5292096138000488, "pc": 0.001493744943050974, "marker_score": 0.038504804377500396, "symbol": "RBFOX1", "name": "RNA binding fox-1 homolog 1", "organism": "Homo sapiens", "tissue": "blood"}, {"me": 1.6131030707613714, "pc": 0.09099396278085517, "marker_score": 0.038047072920978746, "symbol": "SAMD3", "name": "sterile alpha motif domain containing 3", "organism": "Homo sapiens", "tissue": "blood"}, {"me": 1.519640498691135, "pc": 0.002240617414576461, "marker_score": 0.03794443836465417, "symbol": "FYCO1", "name": "FYVE and coiled-coil domain autophagy adaptor 1", "organism": "Homo sapiens", "tissue": "blood"}, {"me": 1.493145818295686, "pc": 0.00143150557042385, "marker_score": 0.03769826943353688, "symbol": "FBXO15", "name": "F-box protein 15", "organism": "Homo sapiens", "tissue": "blood"}, {"me": 1.5059522327623869, "pc": 0.004730192319661418, "marker_score": 0.03753461145629479, "symbol": "MPV17L", "name": "MPV17 mitochondrial inner membrane protein like", "organism": "Homo sapiens", "tissue": "blood"}, {"me": 1.5736654470632743, "pc": 0.006908570361610755, "marker_score": 0.037453949086757296, "symbol": "BCL9L", "name": "BCL9 like", "organism": "Homo sapiens", "tissue": "blood"}, {"me": 1.4202406311035156, "pc": 0.0015559843156780979, "marker_score": 0.0373000753374291, "symbol": "LINC00506", "name": "long intergenic non-protein coding RNA 506", "organism": "Homo sapiens", "tissue": "blood"}, {"me": 1.5448409791976687, "pc": 0.01176324142652642, "marker_score": 0.037135892522027564, "symbol": "BTN3A1", "name": "butyrophilin subfamily 3 member A1", "organism": "Homo sapiens", "tissue": "blood"}, {"me": 1.5354634602864583, "pc": 0.017738221198730315, "marker_score": 0.03708393622380556, "symbol": "NLRC5", "name": "NLR family CARD domain containing 5", "organism": "Homo sapiens", "tissue": "blood"}, {"me": 1.458538600376674, "pc": 0.002178378041949337, "marker_score": 0.03670604724545375, "symbol": "FRK", "name": "fyn related Src family tyrosine kinase", "organism": "Homo sapiens", "tissue": "blood"}, {"me": 1.5276500156947546, "pc": 0.003921080475508807, "marker_score": 0.03668938507802209, "symbol": "UTS2", "name": "urotensin 2", "organism": "Homo sapiens", "tissue": "blood"}, {"me": 1.8939844767252605, "pc": 0.01941868425966266, "marker_score": 0.036287565509282485, "symbol": "RP1-17K7.2", "name": "long intergenic non-protein coding RNA 3031", "organism": "Homo sapiens", "tissue": "blood"}, {"me": 1.550458954601753, "pc": 0.010207257110848323, "marker_score": 0.036153728621503546, "symbol": "SLFN12L", "name": "schlafen family member 12 like", "organism": "Homo sapiens", "tissue": "blood"}, {"me": 1.5183601379394531, "pc": 0.0013070268251696023, "marker_score": 0.036072264051881735, "symbol": "OR5AS1", "name": "olfactory receptor family 5 subfamily AS member 1", "organism": "Homo sapiens", "tissue": "blood"}, {"me": 1.4468837011428106, "pc": 0.0013070268251696023, "marker_score": 0.03597910753286968, "symbol": "ERVMER34-1", "name": "endogenous retrovirus group MER34 member 1, envelope", "organism": "Homo sapiens", "tissue": "blood"}, {"me": 1.5024173570715862, "pc": 0.0028630111408477, "marker_score": 0.03570034043086266, "symbol": "EPHA4", "name": "EPH receptor A4", "organism": "Homo sapiens", "tissue": "blood"}, {"me": 1.5501979959422145, "pc": 0.0018049418061865936, "marker_score": 0.03565304946150411, "symbol": "ZNF699", "name": "zinc finger protein 699", "organism": "Homo sapiens", "tissue": "blood"}, {"me": 1.4983935202321699, "pc": 0.0077176822057633656, "marker_score": 0.03562272944413564, "symbol": "PIGN", "name": "phosphatidylinositol glycan anchor biosynthesis class N", "organism": "Homo sapiens", "tissue": "blood"}, {"me": 1.5379197980974104, "pc": 0.00890023028567872, "marker_score": 0.035120499927928144, "symbol": "BTN3A3", "name": "butyrophilin subfamily 3 member A3", "organism": "Homo sapiens", "tissue": "blood"}, {"me": 1.5643087291436208, "pc": 0.021099147320595008, "marker_score": 0.03511493690358759, "symbol": "CCSER2", "name": "coiled-coil serine rich protein 2", "organism": "Homo sapiens", "tissue": "blood"}, {"me": 1.6300556541273938, "pc": 0.10400199165992406, "marker_score": 0.03463608797935146, "symbol": "SMG1", "name": "SMG1 nonsense mediated mRNA decay associated PI3K related kinase", "organism": "Homo sapiens", "tissue": "blood"}, {"me": 1.4788398742675781, "pc": 0.0024273355324578327, "marker_score": 0.034363741257573285, "symbol": "CRACR2A", "name": "calcium release activated channel regulator 2A", "organism": "Homo sapiens", "tissue": "blood"}, {"me": 1.4956486293247768, "pc": 0.0065351341258480114, "marker_score": 0.034193317516417014, "symbol": "TSIX", "name": "TSIX transcript, XIST antisense RNA", "organism": "Homo sapiens", "tissue": "blood"}, {"me": 1.5334042635830967, "pc": 0.002053899296695089, "marker_score": 0.0340261273110314, "symbol": "FCHSD1", "name": "FCH and double SH3 domains 1", "organism": "Homo sapiens", "tissue": "blood"}, {"me": 1.5149013685143513, "pc": 0.00143150557042385, "marker_score": 0.03379591960464283, "symbol": "OSBPL7", "name": "oxysterol binding protein like 7", "organism": "Homo sapiens", "tissue": "blood"}, {"me": 1.5028412762810202, "pc": 0.004232277338644426, "marker_score": 0.032711003004112095, "symbol": "CYB561", "name": "cytochrome b561", "organism": "Homo sapiens", "tissue": "blood"}, {"me": 1.5131992292992862, "pc": 0.005041389182797037, "marker_score": 0.03261448201572798, "symbol": "ARNTL", "name": "basic helix-loop-helix ARNT like 1", "organism": "Homo sapiens", "tissue": "blood"}, {"me": 1.5930230376917287, "pc": 0.013568183232713015, "marker_score": 0.0318752162103927, "symbol": "ADRB2", "name": "adrenoceptor beta 2", "organism": "Homo sapiens", "tissue": "blood"}, {"me": 1.510722904414921, "pc": 0.005663782909068276, "marker_score": 0.03141360449846173, "symbol": "CRY1", "name": "cryptochrome circadian regulator 1", "organism": "Homo sapiens", "tissue": "blood"}, {"me": 2.443254157678405, "pc": 0.8170731707317073, "marker_score": 1.844338721661375, "symbol": "MTRNR2L8", "name": "MTRNR2L8", "organism": "Homo sapiens", "tissue": "lung"}, {"me": 3.4432862110627003, "pc": 0.9512195121951219, "marker_score": 1.4974493819656545, "symbol": "MTRNR2L12", "name": "MTRNR2L12", "organism": "Homo sapiens", "tissue": "lung"}, {"me": 2.3431561182415677, "pc": 0.7682926829268293, "marker_score": 1.465889749518967, "symbol": "ISG20", "name": "interferon stimulated exonuclease gene 20", "organism": "Homo sapiens", "tissue": "lung"}, {"me": 1.8646230157816186, "pc": 0.6463414634146342, "marker_score": 1.310309550793737, "symbol": "MTRNR2L1", "name": "MTRNR2L1", "organism": "Homo sapiens", "tissue": "lung"}, {"me": 3.0634216732449002, "pc": 0.8780487804878049, "marker_score": 1.275732524760468, "symbol": "IFITM1", "name": "interferon induced transmembrane protein 1", "organism": "Homo sapiens", "tissue": "lung"}, {"me": 1.8683438982282365, "pc": 0.5975609756097561, "marker_score": 1.2182251009944822, "symbol": "PARP8", "name": "poly(ADP-ribose) polymerase family member 8", "organism": "Homo sapiens", "tissue": "lung"}, {"me": 2.083503564198812, "pc": 0.5853658536585366, "marker_score": 1.0239817256009422, "symbol": "MX1", "name": "MX dynamin like GTPase 1", "organism": "Homo sapiens", "tissue": "lung"}, {"me": 2.113611919123952, "pc": 0.5, "marker_score": 0.9762678326715716, "symbol": "LLNLF-96A1.1", "name": "LLNLF-96A1.1", "organism": "Homo sapiens", "tissue": "lung"}, {"me": 1.8311546812666224, "pc": 0.573170731707317, "marker_score": 0.9519737574097443, "symbol": "PLAAT4", "name": "phospholipase A and acyltransferase 4", "organism": "Homo sapiens", "tissue": "lung"}, {"me": 3.093039131164551, "pc": 0.975609756097561, "marker_score": 0.9487287388835703, "symbol": "CCL5", "name": "C-C motif chemokine ligand 5", "organism": "Homo sapiens", "tissue": "lung"}, {"me": 2.1382858753204346, "pc": 0.3902439024390244, "marker_score": 0.8636441155357115, "symbol": "TRDV2", "name": "T cell receptor delta variable 2", "organism": "Homo sapiens", "tissue": "lung"}, {"me": 1.8069474356515067, "pc": 0.4268292682926829, "marker_score": 0.8568119375450797, "symbol": "IFI44L", "name": "interferon induced protein 44 like", "organism": "Homo sapiens", "tissue": "lung"}, {"me": 1.9188817780593346, "pc": 0.35365853658536583, "marker_score": 0.8116418174006, "symbol": "TRGV9", "name": "T cell receptor gamma variable 9", "organism": "Homo sapiens", "tissue": "lung"}, {"me": 1.875427492203251, "pc": 0.3780487804878049, "marker_score": 0.7830808238198718, "symbol": "TRIM22", "name": "tripartite motif containing 22", "organism": "Homo sapiens", "tissue": "lung"}, {"me": 1.8736473366066262, "pc": 0.32926829268292684, "marker_score": 0.7638938073011731, "symbol": "LAG3", "name": "lymphocyte activating 3", "organism": "Homo sapiens", "tissue": "lung"}, {"me": 1.9160933956023185, "pc": 0.3780487804878049, "marker_score": 0.7598386212166898, "symbol": "GZMK", "name": "granzyme K", "organism": "Homo sapiens", "tissue": "lung"}, {"me": 2.414212760278734, "pc": 0.7195121951219512, "marker_score": 0.7547836836637252, "symbol": "ISG15", "name": "ISG15 ubiquitin like modifier", "organism": "Homo sapiens", "tissue": "lung"}, {"me": 1.7222650589481476, "pc": 0.3780487804878049, "marker_score": 0.7410825564706391, "symbol": "SPOCK2", "name": "SPARC (osteonectin), cwcv and kazal like domains proteoglycan 2", "organism": "Homo sapiens", "tissue": "lung"}, {"me": 1.8506711324055989, "pc": 0.36585365853658536, "marker_score": 0.7333565205937885, "symbol": "IRF7", "name": "interferon regulatory factor 7", "organism": "Homo sapiens", "tissue": "lung"}, {"me": 2.3942159704259924, "pc": 0.9024390243902439, "marker_score": 0.715065668952095, "symbol": "MYL12A", "name": "myosin light chain 12A", "organism": "Homo sapiens", "tissue": "lung"}, {"me": 1.9304837193982354, "pc": 0.35365853658536583, "marker_score": 0.7058825514930084, "symbol": "OASL", "name": "2'-5'-oligoadenylate synthetase like", "organism": "Homo sapiens", "tissue": "lung"}, {"me": 2.3340771582818802, "pc": 0.7560975609756098, "marker_score": 0.6817754015065491, "symbol": "MT-ND4L", "name": "MT-ND4L", "organism": "Homo sapiens", "tissue": "lung"}, {"me": 1.7230874633789062, "pc": 0.3048780487804878, "marker_score": 0.6798101150652927, "symbol": "SAMD9", "name": "sterile alpha motif domain containing 9", "organism": "Homo sapiens", "tissue": "lung"}, {"me": 1.8358266730057566, "pc": 0.4634146341463415, "marker_score": 0.6752794655894543, "symbol": "GIMAP7", "name": "GTPase, IMAP family member 7", "organism": "Homo sapiens", "tissue": "lung"}, {"me": 1.8672272254680764, "pc": 0.35365853658536583, "marker_score": 0.6723107200117036, "symbol": "TRDC", "name": "TRDC", "organism": "Homo sapiens", "tissue": "lung"}, {"me": 1.7041656494140625, "pc": 0.3048780487804878, "marker_score": 0.6575069599976411, "symbol": "CHST12", "name": "carbohydrate sulfotransferase 12", "organism": "Homo sapiens", "tissue": "lung"}, {"me": 1.872487187385559, "pc": 0.3902439024390244, "marker_score": 0.6488354450975835, "symbol": "STAT1", "name": "signal transducer and activator of transcription 1", "organism": "Homo sapiens", "tissue": "lung"}, {"me": 1.6082579294840496, "pc": 0.2926829268292683, "marker_score": 0.6415148198577038, "symbol": "CD96", "name": "CD96 molecule", "organism": "Homo sapiens", "tissue": "lung"}, {"me": 1.6632846196492512, "pc": 0.2926829268292683, "marker_score": 0.6401232909748958, "symbol": "SLFN5", "name": "schlafen family member 5", "organism": "Homo sapiens", "tissue": "lung"}, {"me": 1.868973169571314, "pc": 0.47560975609756095, "marker_score": 0.6339904849468826, "symbol": "KLRD1", "name": "killer cell lectin like receptor D1", "organism": "Homo sapiens", "tissue": "lung"}, {"me": 1.8020052228655135, "pc": 0.34146341463414637, "marker_score": 0.6333839325612582, "symbol": "OAS1", "name": "2'-5'-oligoadenylate synthetase 1", "organism": "Homo sapiens", "tissue": "lung"}, {"me": 1.910174328347911, "pc": 0.5609756097560976, "marker_score": 0.6322773328743251, "symbol": "CD2", "name": "CD2 molecule", "organism": "Homo sapiens", "tissue": "lung"}, {"me": 2.26187744140625, "pc": 0.7317073170731707, "marker_score": 0.6263256062957707, "symbol": "LY6E", "name": "lymphocyte antigen 6 family member E", "organism": "Homo sapiens", "tissue": "lung"}, {"me": 1.777684211730957, "pc": 0.2926829268292683, "marker_score": 0.6183484292220052, "symbol": "XAF1", "name": "XIAP associated factor 1", "organism": "Homo sapiens", "tissue": "lung"}, {"me": 1.7124727689302885, "pc": 0.3170731707317073, "marker_score": 0.6143523382668364, "symbol": "RESF1", "name": "retroelement silencing factor 1", "organism": "Homo sapiens", "tissue": "lung"}, {"me": 1.7987403869628906, "pc": 0.24390243902439024, "marker_score": 0.6112201407360377, "symbol": "SHFL", "name": "shiftless antiviral inhibitor of ribosomal frameshifting", "organism": "Homo sapiens", "tissue": "lung"}, {"me": 2.009459062056108, "pc": 0.5365853658536586, "marker_score": 0.6067784671739067, "symbol": "PRF1", "name": "perforin 1", "organism": "Homo sapiens", "tissue": "lung"}, {"me": 1.530689811706543, "pc": 0.24390243902439024, "marker_score": 0.5894191447533215, "symbol": "BTN3A2", "name": "butyrophilin subfamily 3 member A2", "organism": "Homo sapiens", "tissue": "lung"}, {"me": 1.7806110382080078, "pc": 0.2926829268292683, "marker_score": 0.5887477736052207, "symbol": "SAMD9L", "name": "sterile alpha motif domain containing 9 like", "organism": "Homo sapiens", "tissue": "lung"}, {"me": 1.7240562438964844, "pc": 0.34146341463414637, "marker_score": 0.5871746829317052, "symbol": "SHISA5", "name": "shisa family member 5", "organism": "Homo sapiens", "tissue": "lung"}, {"me": 1.680344696044922, "pc": 0.3048780487804878, "marker_score": 0.5853460065899215, "symbol": "SELPLG", "name": "selectin P ligand", "organism": "Homo sapiens", "tissue": "lung"}, {"me": 1.6838199070521764, "pc": 0.25609756097560976, "marker_score": 0.5852984169634337, "symbol": "APOBEC3G", "name": "apolipoprotein B mRNA editing enzyme catalytic subunit 3G", "organism": "Homo sapiens", "tissue": "lung"}, {"me": 2.006655799018012, "pc": 0.6585365853658537, "marker_score": 0.5771724786897682, "symbol": "CD3E", "name": "CD3 epsilon subunit of T-cell receptor complex", "organism": "Homo sapiens", "tissue": "lung"}, {"me": 4.6631105004287345, "pc": 1.0, "marker_score": 0.5763461770144477, "symbol": "B2M", "name": "beta-2-microglobulin", "organism": "Homo sapiens", "tissue": "lung"}, {"me": 1.7443777084350587, "pc": 0.24390243902439024, "marker_score": 0.5653218207295106, "symbol": "PPM1K", "name": "protein phosphatase, Mg2+/Mn2+ dependent 1K", "organism": "Homo sapiens", "tissue": "lung"}, {"me": 2.209433761297488, "pc": 0.6219512195121951, "marker_score": 0.5634409520469635, "symbol": "IFI6", "name": "interferon alpha inducible protein 6", "organism": "Homo sapiens", "tissue": "lung"}, {"me": 1.712116681612455, "pc": 0.3170731707317073, "marker_score": 0.5445897802154185, "symbol": "CD3G", "name": "CD3 gamma subunit of T-cell receptor complex", "organism": "Homo sapiens", "tissue": "lung"}, {"me": 1.765497141870959, "pc": 0.35365853658536583, "marker_score": 0.5359978751935283, "symbol": "GIMAP4", "name": "GTPase, IMAP family member 4", "organism": "Homo sapiens", "tissue": "lung"}, {"me": 1.7557493591308593, "pc": 0.3048780487804878, "marker_score": 0.5339619494841261, "symbol": "WIPF1", "name": "WAS/WASL interacting protein family member 1", "organism": "Homo sapiens", "tissue": "lung"}, {"me": 1.7587964457850302, "pc": 0.3780487804878049, "marker_score": 0.533382874383246, "symbol": "MT-ND6", "name": "MT-ND6", "organism": "Homo sapiens", "tissue": "lung"}, {"me": 1.8815586692408512, "pc": 0.23170731707317074, "marker_score": 0.5330190372536823, "symbol": "KLRC1", "name": "killer cell lectin like receptor C1", "organism": "Homo sapiens", "tissue": "lung"}, {"me": 1.9410403966903687, "pc": 0.3902439024390244, "marker_score": 0.5296432261719345, "symbol": "IFIT1", "name": "interferon induced protein with tetratricopeptide repeats 1", "organism": "Homo sapiens", "tissue": "lung"}, {"me": 1.74150144136869, "pc": 0.3170731707317073, "marker_score": 0.5244040721809232, "symbol": "CLEC2D", "name": "C-type lectin domain family 2 member D", "organism": "Homo sapiens", "tissue": "lung"}, {"me": 1.8421902323878088, "pc": 0.524390243902439, "marker_score": 0.49933686586645687, "symbol": "PSMB9", "name": "proteasome 20S subunit beta 9", "organism": "Homo sapiens", "tissue": "lung"}, {"me": 1.675445556640625, "pc": 0.36585365853658536, "marker_score": 0.4957008112917734, "symbol": "SP100", "name": "SP100 nuclear antigen", "organism": "Homo sapiens", "tissue": "lung"}, {"me": 1.8702167510986327, "pc": 0.4878048780487805, "marker_score": 0.4767322437636067, "symbol": "RNF213", "name": "ring finger protein 213", "organism": "Homo sapiens", "tissue": "lung"}, {"me": 1.7246204557872953, "pc": 0.25609756097560976, "marker_score": 0.47412969159038093, "symbol": "EIF2AK2", "name": "eukaryotic translation initiation factor 2 alpha kinase 2", "organism": "Homo sapiens", "tissue": "lung"}, {"me": 1.7158010922945464, "pc": 0.3170731707317073, "marker_score": 0.46159996431017675, "symbol": "LYAR", "name": "Ly1 antibody reactive", "organism": "Homo sapiens", "tissue": "lung"}, {"me": 1.7048192457719282, "pc": 0.2682926829268293, "marker_score": 0.4552958154084974, "symbol": "ADAR", "name": "adenosine deaminase RNA specific", "organism": "Homo sapiens", "tissue": "lung"}, {"me": 1.636292957124256, "pc": 0.25609756097560976, "marker_score": 0.4384907602022834, "symbol": "IFI35", "name": "interferon induced protein 35", "organism": "Homo sapiens", "tissue": "lung"}, {"me": 2.673650444878472, "pc": 0.5487804878048781, "marker_score": 0.43644707497960106, "symbol": "IL7R", "name": "interleukin 7 receptor", "organism": "Homo sapiens", "tissue": "lung"}, {"me": 1.7518133080523948, "pc": 0.2804878048780488, "marker_score": 0.4308668719034272, "symbol": "PAXX", "name": "PAXX non-homologous end joining factor", "organism": "Homo sapiens", "tissue": "lung"}, {"me": 1.7021529457785867, "pc": 0.2682926829268293, "marker_score": 0.42048213326410205, "symbol": "TAP1", "name": "transporter 1, ATP binding cassette subfamily B member", "organism": "Homo sapiens", "tissue": "lung"}, {"me": 1.9879865338725429, "pc": 0.3780487804878049, "marker_score": 0.4023541701532153, "symbol": "IFIT3", "name": "interferon induced protein with tetratricopeptide repeats 3", "organism": "Homo sapiens", "tissue": "lung"}, {"me": 1.7637231246284817, "pc": 0.2804878048780488, "marker_score": 0.40160794118613896, "symbol": "LCK", "name": "LCK proto-oncogene, Src family tyrosine kinase", "organism": "Homo sapiens", "tissue": "lung"}, {"me": 2.0192998250325522, "pc": 0.6951219512195121, "marker_score": 0.40015967463949315, "symbol": "ALOX5AP", "name": "arachidonate 5-lipoxygenase activating protein", "organism": "Homo sapiens", "tissue": "lung"}, {"me": 1.6021555850380345, "pc": 0.23170731707317074, "marker_score": 0.3739442173634087, "symbol": "HERC5", "name": "HECT and RLD domain containing E3 ubiquitin protein ligase 5", "organism": "Homo sapiens", "tissue": "lung"}, {"me": 1.7279445423799402, "pc": 0.2073170731707317, "marker_score": 0.3517369912529991, "symbol": "MX2", "name": "MX dynamin like GTPase 2", "organism": "Homo sapiens", "tissue": "lung"}, {"me": 1.7360497792561849, "pc": 0.36585365853658536, "marker_score": 0.3366250836787355, "symbol": "PPP2R5C", "name": "protein phosphatase 2 regulatory subunit B'gamma", "organism": "Homo sapiens", "tissue": "lung"}, {"me": 1.5096060434977214, "pc": 0.21951219512195122, "marker_score": 0.32635534339619615, "symbol": "CDC42SE2", "name": "CDC42 small effector 2", "organism": "Homo sapiens", "tissue": "lung"}, {"me": 1.7852548599243163, "pc": 0.24390243902439024, "marker_score": 0.3190853764585959, "symbol": "SP110", "name": "SP110 nuclear body protein", "organism": "Homo sapiens", "tissue": "lung"}, {"me": 1.6927839006696428, "pc": 0.25609756097560976, "marker_score": 0.3168161372644653, "symbol": "CD247", "name": "CD247 molecule", "organism": "Homo sapiens", "tissue": "lung"}, {"me": 1.793899688720703, "pc": 0.3048780487804878, "marker_score": 0.30863564582784153, "symbol": "SMCHD1", "name": "structural maintenance of chromosomes flexible hinge domain containing 1", "organism": "Homo sapiens", "tissue": "lung"}, {"me": 2.0293753941853843, "pc": 0.2926829268292683, "marker_score": 0.2896206922405262, "symbol": "IFIT2", "name": "interferon induced protein with tetratricopeptide repeats 2", "organism": "Homo sapiens", "tissue": "lung"}, {"me": 1.6390491284822162, "pc": 0.23170731707317074, "marker_score": 0.2738269217353619, "symbol": "ARHGEF1", "name": "Rho guanine nucleotide exchange factor 1", "organism": "Homo sapiens", "tissue": "lung"}, {"me": 2.041965060763889, "pc": 0.5487804878048781, "marker_score": 0.27209702006528524, "symbol": "GZMA", "name": "granzyme A", "organism": "Homo sapiens", "tissue": "lung"}, {"me": 1.7039471676475124, "pc": 0.23170731707317074, "marker_score": 0.2702904257221196, "symbol": "EPSTI1", "name": "epithelial stromal interaction 1", "organism": "Homo sapiens", "tissue": "lung"}, {"me": 1.6284543991088867, "pc": 0.24390243902439024, "marker_score": 0.25748723834028475, "symbol": "CASP1", "name": "caspase 1", "organism": "Homo sapiens", "tissue": "lung"}, {"me": 1.8309682846069335, "pc": 0.4878048780487805, "marker_score": 0.2480810267542742, "symbol": "DRAP1", "name": "DR1 associated protein 1", "organism": "Homo sapiens", "tissue": "lung"}, {"me": 1.769630750020345, "pc": 0.2926829268292683, "marker_score": 0.2394757172086551, "symbol": "CLEC2B", "name": "C-type lectin domain family 2 member B", "organism": "Homo sapiens", "tissue": "lung"}, {"me": 2.003747827866498, "pc": 0.4146341463414634, "marker_score": 0.2389805322582471, "symbol": "CD7", "name": "CD7 molecule", "organism": "Homo sapiens", "tissue": "lung"}, {"me": 1.7787928581237793, "pc": 0.3902439024390244, "marker_score": 0.225353327130421, "symbol": "IFI16", "name": "interferon gamma inducible protein 16", "organism": "Homo sapiens", "tissue": "lung"}, {"me": 1.6382389068603516, "pc": 0.21951219512195122, "marker_score": 0.22100197706571434, "symbol": "TRAF3IP3", "name": "TRAF3 interacting protein 3", "organism": "Homo sapiens", "tissue": "lung"}, {"me": 1.731851577758789, "pc": 0.3170731707317073, "marker_score": 0.21761337500319858, "symbol": "ELF1", "name": "E74 like ETS transcription factor 1", "organism": "Homo sapiens", "tissue": "lung"}, {"me": 1.8668462208339147, "pc": 0.34146341463414637, "marker_score": 0.21498120292657666, "symbol": "PLSCR1", "name": "phospholipid scramblase 1", "organism": "Homo sapiens", "tissue": "lung"}, {"me": 1.7282761467827692, "pc": 0.21951219512195122, "marker_score": 0.2111865905208002, "symbol": "PRMT2", "name": "protein arginine methyltransferase 2", "organism": "Homo sapiens", "tissue": "lung"}, {"me": 2.2861581690171184, "pc": 0.8292682926829268, "marker_score": 0.209832698869325, "symbol": "IL32", "name": "interleukin 32", "organism": "Homo sapiens", "tissue": "lung"}, {"me": 1.7456849416097004, "pc": 0.43902439024390244, "marker_score": 0.20743843491002245, "symbol": "EVL", "name": "Enah/Vasp-like", "organism": "Homo sapiens", "tissue": "lung"}, {"me": 1.6171214455052425, "pc": 0.23170731707317074, "marker_score": 0.1841901705080117, "symbol": "HLA-F", "name": "major histocompatibility complex, class I, F", "organism": "Homo sapiens", "tissue": "lung"}, {"me": 2.431580066680908, "pc": 0.5853658536585366, "marker_score": 0.18330624645649268, "symbol": "CCL4", "name": "C-C motif chemokine ligand 4", "organism": "Homo sapiens", "tissue": "lung"}, {"me": 1.699791783871858, "pc": 0.2804878048780488, "marker_score": 0.1771515577699501, "symbol": "STK4", "name": "serine/threonine kinase 4", "organism": "Homo sapiens", "tissue": "lung"}, {"me": 1.6535019193376814, "pc": 0.34146341463414637, "marker_score": 0.17246603333179908, "symbol": "FYB1", "name": "FYN binding protein 1", "organism": "Homo sapiens", "tissue": "lung"}, {"me": 1.699426997791637, "pc": 0.2682926829268293, "marker_score": 0.16510675284803966, "symbol": "STK17A", "name": "serine/threonine kinase 17a", "organism": "Homo sapiens", "tissue": "lung"}, {"me": 1.7304040908813476, "pc": 0.24390243902439024, "marker_score": 0.14837418622803694, "symbol": "TAGAP", "name": "T cell activation RhoGTPase activating protein", "organism": "Homo sapiens", "tissue": "lung"}, {"me": 1.725341063279372, "pc": 0.3170731707317073, "marker_score": 0.1463641416356412, "symbol": "ADGRE5", "name": "adhesion G protein-coupled receptor E5", "organism": "Homo sapiens", "tissue": "lung"}, {"me": 1.8223736233181425, "pc": 0.5487804878048781, "marker_score": 0.1324329554148172, "symbol": "CD3D", "name": "CD3 delta subunit of T-cell receptor complex", "organism": "Homo sapiens", "tissue": "lung"}, {"me": 1.707495230215567, "pc": 0.32926829268292684, "marker_score": 0.1261363642520317, "symbol": "CD48", "name": "CD48 molecule", "organism": "Homo sapiens", "tissue": "lung"}, {"me": 1.7107460021972656, "pc": 0.24390243902439024, "marker_score": 0.1213102554488981, "symbol": "LEPROTL1", "name": "leptin receptor overlapping transcript like 1", "organism": "Homo sapiens", "tissue": "lung"}, {"me": 1.988261103630066, "pc": 0.7804878048780488, "marker_score": 0.11776603375346947, "symbol": "RPL36AL", "name": "ribosomal protein L36a like", "organism": "Homo sapiens", "tissue": "lung"}, {"me": 2.3110870853547127, "pc": 0.7560975609756098, "marker_score": 0.11180536917159516, "symbol": "NKG7", "name": "natural killer cell granule protein 7", "organism": "Homo sapiens", "tissue": "lung"}, {"me": 2.0458809988839284, "pc": 0.46632124352331605, "marker_score": 0.811734673768489, "symbol": "TRGC2", "name": "T cell receptor gamma constant 2", "organism": "Homo sapiens", "tissue": "spleen"}, {"me": 2.4681081347366467, "pc": 0.7483345669874167, "marker_score": 0.6170424710230062, "symbol": "CMC1", "name": "C-X9-C motif containing 1", "organism": "Homo sapiens", "tissue": "spleen"}, {"me": 1.8993156533934472, "pc": 0.1680236861584012, "marker_score": 0.4422490021374508, "symbol": "KLRC2", "name": "killer cell lectin like receptor C2", "organism": "Homo sapiens", "tissue": "spleen"}, {"me": 1.6990063985188801, "pc": 0.053293856402664694, "marker_score": 0.21092426377675566, "symbol": "TNFRSF9", "name": "TNF receptor superfamily member 9", "organism": "Homo sapiens", "tissue": "spleen"}, {"me": 1.7154148158742422, "pc": 0.049592894152479645, "marker_score": 0.18175942976025927, "symbol": "TRGC1", "name": "T cell receptor gamma constant 1", "organism": "Homo sapiens", "tissue": "spleen"}, {"me": 3.317434249200527, "pc": 0.9837157660991858, "marker_score": 0.14438270014818025, "symbol": "RPLP2", "name": "ribosomal protein lateral stalk subunit P2", "organism": "Homo sapiens", "tissue": "spleen"}, {"me": 1.693212810315584, "pc": 0.014063656550703183, "marker_score": 0.11753809167849932, "symbol": "ZNF80", "name": "zinc finger protein 80", "organism": "Homo sapiens", "tissue": "spleen"}, {"me": 4.323742757101221, "pc": 1.0, "marker_score": 0.094129977693029, "symbol": "B2M", "name": "beta-2-microglobulin", "organism": "Homo sapiens", "tissue": "spleen"}, {"me": 1.5715671266828264, "pc": 0.02072538860103627, "marker_score": 0.07969792400507567, "symbol": "KIR2DL3", "name": "killer cell immunoglobulin like receptor, two Ig domains and long cytoplasmic tail 3", "organism": "Homo sapiens", "tissue": "spleen"}, {"me": 2.1646458106704904, "pc": 0.05847520355292376, "marker_score": 0.07334560389541983, "symbol": "SERPINH1", "name": "serpin family H member 1", "organism": "Homo sapiens", "tissue": "spleen"}, {"me": 2.070262827771775, "pc": 0.1391561806069578, "marker_score": 0.04864271711126369, "symbol": "TRDC", "name": "TRDC", "organism": "Homo sapiens", "tissue": "spleen"}, {"me": 1.8428878784179688, "pc": 0.10658771280532939, "marker_score": 0.022325221503874358, "symbol": "LINC01871", "name": "LINC01871", "organism": "Homo sapiens", "tissue": "spleen"}, {"me": 3.2164879247973226, "pc": 0.9814951887490747, "marker_score": 0.02053343657460623, "symbol": "RPL21", "name": "ribosomal protein L21", "organism": "Homo sapiens", "tissue": "spleen"}, {"me": 1.8862751148365162, "pc": 0.05995558845299778, "marker_score": 0.008894166750936284, "symbol": "DNAJA4", "name": "DnaJ heat shock protein family (Hsp40) member A4", "organism": "Homo sapiens", "tissue": "spleen"}, {"me": 1.5338571166992188, "pc": 0.018504811250925242, "marker_score": 0.0008520083285420652, "symbol": "SIRPG", "name": "signal regulatory protein gamma", "organism": "Homo sapiens", "tissue": "spleen"}, {"me": 2.8974343221575167, "pc": 0.9487428571428571, "marker_score": 2.2461495932599878, "symbol": "NKG7", "name": "natural killer cell granule protein 7", "organism": "Homo sapiens", "tissue": "All Tissues"}, {"me": 2.664227137788736, "pc": 0.9610857142857143, "marker_score": 1.4709770969538263, "symbol": "CCL5", "name": "C-C motif chemokine ligand 5", "organism": "Homo sapiens", "tissue": "All Tissues"}, {"me": 2.0233223587994416, "pc": 0.7570285714285714, "marker_score": 1.2510089786807173, "symbol": "CST7", "name": "cystatin F", "organism": "Homo sapiens", "tissue": "All Tissues"}, {"me": 3.38948894911928, "pc": 0.8953714285714286, "marker_score": 1.1723531630690986, "symbol": "MTRNR2L12", "name": "MTRNR2L12", "organism": "Homo sapiens", "tissue": "All Tissues"}, {"me": 2.0744929805905064, "pc": 0.5994857142857143, "marker_score": 1.1721692658778826, "symbol": "TRDV2", "name": "T cell receptor delta variable 2", "organism": "Homo sapiens", "tissue": "All Tissues"}, {"me": 2.876233123054314, "pc": 0.6638857142857143, "marker_score": 1.157827403382619, "symbol": "GNLY", "name": "granulysin", "organism": "Homo sapiens", "tissue": "All Tissues"}, {"me": 1.9116713829482384, "pc": 0.518, "marker_score": 1.00758739437196, "symbol": "TRGV9", "name": "T cell receptor gamma variable 9", "organism": "Homo sapiens", "tissue": "All Tissues"}, {"me": 1.9036263587316957, "pc": 0.5048571428571429, "marker_score": 0.8464897650862464, "symbol": "KLRB1", "name": "killer cell lectin like receptor B1", "organism": "Homo sapiens", "tissue": "All Tissues"}, {"me": 1.8858733153172045, "pc": 0.5333142857142857, "marker_score": 0.8030174663133032, "symbol": "GZMA", "name": "granzyme A", "organism": "Homo sapiens", "tissue": "All Tissues"}, {"me": 2.147114466009654, "pc": 0.4261714285714286, "marker_score": 0.7934601502903507, "symbol": "LLNLF-96A1.1", "name": "LLNLF-96A1.1", "organism": "Homo sapiens", "tissue": "All Tissues"}, {"me": 1.8754313133907188, "pc": 0.5428, "marker_score": 0.7738264420186618, "symbol": "CTSW", "name": "cathepsin W", "organism": "Homo sapiens", "tissue": "All Tissues"}, {"me": 1.9350234455421937, "pc": 0.3833714285714286, "marker_score": 0.7591453198036433, "symbol": "GZMH", "name": "granzyme H", "organism": "Homo sapiens", "tissue": "All Tissues"}, {"me": 1.805534745761267, "pc": 0.3927428571428571, "marker_score": 0.7032426652809862, "symbol": "KLRD1", "name": "killer cell lectin like receptor D1", "organism": "Homo sapiens", "tissue": "All Tissues"}, {"me": 1.8844040966270972, "pc": 0.34485714285714286, "marker_score": 0.6839374121185793, "symbol": "PRF1", "name": "perforin 1", "organism": "Homo sapiens", "tissue": "All Tissues"}, {"me": 1.6828901341708715, "pc": 0.3367428571428571, "marker_score": 0.6831764156804121, "symbol": "GZMM", "name": "granzyme M", "organism": "Homo sapiens", "tissue": "All Tissues"}, {"me": 1.9480119919155414, "pc": 0.3090857142857143, "marker_score": 0.6378887027420491, "symbol": "FGFBP2", "name": "fibroblast growth factor binding protein 2", "organism": "Homo sapiens", "tissue": "All Tissues"}, {"me": 4.606460185001643, "pc": 0.9999428571428571, "marker_score": 0.5909882935284598, "symbol": "B2M", "name": "beta-2-microglobulin", "organism": "Homo sapiens", "tissue": "All Tissues"}, {"me": 1.7454809776397904, "pc": 0.30885714285714283, "marker_score": 0.5737173193444975, "symbol": "CD247", "name": "CD247 molecule", "organism": "Homo sapiens", "tissue": "All Tissues"}, {"me": 1.6775649780753696, "pc": 0.24691428571428573, "marker_score": 0.5663893564282746, "symbol": "KLRG1", "name": "killer cell lectin like receptor G1", "organism": "Homo sapiens", "tissue": "All Tissues"}, {"me": 1.6932670077471665, "pc": 0.30428571428571427, "marker_score": 0.548507169228647, "symbol": "PARP8", "name": "poly(ADP-ribose) polymerase family member 8", "organism": "Homo sapiens", "tissue": "All Tissues"}, {"me": 1.7589951431796578, "pc": 0.24045714285714287, "marker_score": 0.5475215257191038, "symbol": "FGF23", "name": "fibroblast growth factor 23", "organism": "Homo sapiens", "tissue": "All Tissues"}, {"me": 1.8399086355804912, "pc": 0.3233714285714286, "marker_score": 0.5377040622283463, "symbol": "MTRNR2L1", "name": "MTRNR2L1", "organism": "Homo sapiens", "tissue": "All Tissues"}, {"me": 1.7953856962532337, "pc": 0.24297142857142856, "marker_score": 0.5280345528999029, "symbol": "CLDN11", "name": "claudin 11", "organism": "Homo sapiens", "tissue": "All Tissues"}, {"me": 1.8604588347272797, "pc": 0.3766285714285714, "marker_score": 0.5275240048466502, "symbol": "TNFSF13B", "name": "TNF superfamily member 13b", "organism": "Homo sapiens", "tissue": "All Tissues"}, {"me": 1.7236289768263944, "pc": 0.21822857142857144, "marker_score": 0.5062798432439855, "symbol": "ZNF688", "name": "zinc finger protein 688", "organism": "Homo sapiens", "tissue": "All Tissues"}, {"me": 1.906568777616841, "pc": 0.306, "marker_score": 0.5014882398742709, "symbol": "GZMB", "name": "granzyme B", "organism": "Homo sapiens", "tissue": "All Tissues"}, {"me": 1.7426020012048014, "pc": 0.23862857142857144, "marker_score": 0.4725265354221593, "symbol": "AMFR", "name": "autocrine motility factor receptor", "organism": "Homo sapiens", "tissue": "All Tissues"}, {"me": 2.324696639329894, "pc": 0.8531428571428571, "marker_score": 0.46975414911898583, "symbol": "IL32", "name": "interleukin 32", "organism": "Homo sapiens", "tissue": "All Tissues"}, {"me": 2.2709491523599072, "pc": 0.7529142857142858, "marker_score": 0.46533311008003986, "symbol": "IFITM1", "name": "interferon induced transmembrane protein 1", "organism": "Homo sapiens", "tissue": "All Tissues"}, {"me": 1.9273624549753614, "pc": 0.7233142857142857, "marker_score": 0.4616999866279523, "symbol": "CD3E", "name": "CD3 epsilon subunit of T-cell receptor complex", "organism": "Homo sapiens", "tissue": "All Tissues"}, {"me": 1.8688961665588018, "pc": 0.24142857142857144, "marker_score": 0.4547431606153829, "symbol": "GZMK", "name": "granzyme K", "organism": "Homo sapiens", "tissue": "All Tissues"}, {"me": 1.9437566641781399, "pc": 0.6562857142857143, "marker_score": 0.43890316322933065, "symbol": "HCST", "name": "hematopoietic cell signal transducer", "organism": "Homo sapiens", "tissue": "All Tissues"}, {"me": 1.8360866128374753, "pc": 0.21628571428571428, "marker_score": 0.43200968012328744, "symbol": "TRDC", "name": "TRDC", "organism": "Homo sapiens", "tissue": "All Tissues"}, {"me": 2.780015555127707, "pc": 0.9472, "marker_score": 0.4129668194568634, "symbol": "HLA-C", "name": "major histocompatibility complex, class I, C", "organism": "Homo sapiens", "tissue": "All Tissues"}, {"me": 1.708452872494814, "pc": 0.13342857142857142, "marker_score": 0.38811123010540366, "symbol": "KLRC1", "name": "killer cell lectin like receptor C1", "organism": "Homo sapiens", "tissue": "All Tissues"}, {"me": 1.7691777585604802, "pc": 0.3784, "marker_score": 0.30806772127673987, "symbol": "PTPRCAP", "name": "protein tyrosine phosphatase receptor type C associated protein", "organism": "Homo sapiens", "tissue": "All Tissues"}, {"me": 1.6117651115215117, "pc": 0.07217142857142857, "marker_score": 0.23049957429466292, "symbol": "SCYL3", "name": "SCY1 like pseudokinase 3", "organism": "Homo sapiens", "tissue": "All Tissues"}, {"me": 1.739777676261163, "pc": 0.2767428571428571, "marker_score": 0.21910240016884502, "symbol": "TRBC1", "name": "T cell receptor beta constant 1", "organism": "Homo sapiens", "tissue": "All Tissues"}, {"me": 1.6027633743959597, "pc": 0.04531428571428572, "marker_score": 0.21661493275956034, "symbol": "S1PR5", "name": "sphingosine-1-phosphate receptor 5", "organism": "Homo sapiens", "tissue": "All Tissues"}, {"me": 1.7437292067250583, "pc": 0.04462857142857143, "marker_score": 0.21422400067366965, "symbol": "ZNF683", "name": "zinc finger protein 683", "organism": "Homo sapiens", "tissue": "All Tissues"}, {"me": 1.7774842268443571, "pc": 0.061771428571428574, "marker_score": 0.2132400657070324, "symbol": "MYOM2", "name": "myomesin 2", "organism": "Homo sapiens", "tissue": "All Tissues"}, {"me": 1.9314491483900282, "pc": 0.04937142857142857, "marker_score": 0.21087038625992421, "symbol": "TRGC2", "name": "T cell receptor gamma constant 2", "organism": "Homo sapiens", "tissue": "All Tissues"}, {"me": 1.6169548675434586, "pc": 0.05102857142857143, "marker_score": 0.20511116594905277, "symbol": "PYHIN1", "name": "pyrin and HIN domain family member 1", "organism": "Homo sapiens", "tissue": "All Tissues"}, {"me": 1.7418438946759258, "pc": 0.06788571428571429, "marker_score": 0.20374949617137036, "symbol": "CX3CR1", "name": "C-X3-C motif chemokine receptor 1", "organism": "Homo sapiens", "tissue": "All Tissues"}, {"me": 1.9167761600378788, "pc": 0.37714285714285717, "marker_score": 0.20130470601759326, "symbol": "MTRNR2L8", "name": "MTRNR2L8", "organism": "Homo sapiens", "tissue": "All Tissues"}, {"me": 1.7246200221591332, "pc": 0.2513714285714286, "marker_score": 0.1996347024072282, "symbol": "CD3G", "name": "CD3 gamma subunit of T-cell receptor complex", "organism": "Homo sapiens", "tissue": "All Tissues"}, {"me": 1.6619343639332886, "pc": 0.18657142857142858, "marker_score": 0.19240088453585003, "symbol": "SPOCK2", "name": "SPARC (osteonectin), cwcv and kazal like domains proteoglycan 2", "organism": "Homo sapiens", "tissue": "All Tissues"}, {"me": 1.6371278369917852, "pc": 0.06102857142857143, "marker_score": 0.18871263308489722, "symbol": "SH2D2A", "name": "SH2 domain containing 2A", "organism": "Homo sapiens", "tissue": "All Tissues"}, {"me": 1.6819527362800701, "pc": 0.033485714285714285, "marker_score": 0.18457581163414727, "symbol": "TRGV10", "name": "TRGV10", "organism": "Homo sapiens", "tissue": "All Tissues"}, {"me": 1.6988781526498284, "pc": 0.05022857142857143, "marker_score": 0.1770974221311103, "symbol": "TRGC1", "name": "T cell receptor gamma constant 1", "organism": "Homo sapiens", "tissue": "All Tissues"}, {"me": 1.589643000235518, "pc": 0.04125714285714286, "marker_score": 0.17345154143124664, "symbol": "NCR3", "name": "natural cytotoxicity triggering receptor 3", "organism": "Homo sapiens", "tissue": "All Tissues"}, {"me": 1.6693038497718207, "pc": 0.02954285714285714, "marker_score": 0.17162657249862745, "symbol": "MTRNR2L6", "name": "MTRNR2L6", "organism": "Homo sapiens", "tissue": "All Tissues"}, {"me": 1.6099673295075367, "pc": 0.1505142857142857, "marker_score": 0.16953359143771737, "symbol": "LYAR", "name": "Ly1 antibody reactive", "organism": "Homo sapiens", "tissue": "All Tissues"}, {"me": 1.605682322325792, "pc": 0.0924, "marker_score": 0.16674908766489885, "symbol": "ZAP70", "name": "zeta chain of T cell receptor associated protein kinase 70", "organism": "Homo sapiens", "tissue": "All Tissues"}, {"me": 1.5792790463096218, "pc": 0.031485714285714284, "marker_score": 0.16219159421194917, "symbol": "TRG-AS1", "name": "T cell receptor gamma locus antisense RNA 1", "organism": "Homo sapiens", "tissue": "All Tissues"}, {"me": 1.6381712206672219, "pc": 0.09714285714285714, "marker_score": 0.15460170462226977, "symbol": "AKNA", "name": "AT-hook transcription factor", "organism": "Homo sapiens", "tissue": "All Tissues"}, {"me": 1.591459208031742, "pc": 0.02302857142857143, "marker_score": 0.1526453758535311, "symbol": "FCRL6", "name": "Fc receptor like 6", "organism": "Homo sapiens", "tissue": "All Tissues"}, {"me": 1.5914979901230126, "pc": 0.05211428571428572, "marker_score": 0.15000258814433046, "symbol": "P2RY8", "name": "P2Y receptor family member 8", "organism": "Homo sapiens", "tissue": "All Tissues"}, {"me": 1.5891079199118692, "pc": 0.06971428571428571, "marker_score": 0.14834374295284247, "symbol": "BTN3A2", "name": "butyrophilin subfamily 3 member A2", "organism": "Homo sapiens", "tissue": "All Tissues"}, {"me": 1.5132214387677276, "pc": 0.021657142857142857, "marker_score": 0.1466307908175421, "symbol": "USHBP1", "name": "USH1 protein network component harmonin binding protein 1", "organism": "Homo sapiens", "tissue": "All Tissues"}, {"me": 3.038278835678419, "pc": 0.9580571428571428, "marker_score": 0.1465768161480947, "symbol": "HLA-B", "name": "major histocompatibility complex, class I, B", "organism": "Homo sapiens", "tissue": "All Tissues"}, {"me": 1.609106859918368, "pc": 0.02022857142857143, "marker_score": 0.14277731067976418, "symbol": "TBX21", "name": "T-box transcription factor 21", "organism": "Homo sapiens", "tissue": "All Tissues"}, {"me": 1.7891112185065312, "pc": 0.08565714285714286, "marker_score": 0.13859926209277995, "symbol": "CH17-373J23.1", "name": "CH17-373J23.1", "organism": "Homo sapiens", "tissue": "All Tissues"}, {"me": 1.7512323771204268, "pc": 0.0192, "marker_score": 0.13833096771630868, "symbol": "TRGV2", "name": "T cell receptor gamma variable 2", "organism": "Homo sapiens", "tissue": "All Tissues"}, {"me": 1.784125603791134, "pc": 0.48165714285714284, "marker_score": 0.1346235963277078, "symbol": "CD3D", "name": "CD3 delta subunit of T-cell receptor complex", "organism": "Homo sapiens", "tissue": "All Tissues"}, {"me": 1.8964285220739976, "pc": 0.01817142857142857, "marker_score": 0.1292411389871252, "symbol": "RP1-17K7.2", "name": "long intergenic non-protein coding RNA 3031", "organism": "Homo sapiens", "tissue": "All Tissues"}, {"me": 1.556394979987346, "pc": 0.01622857142857143, "marker_score": 0.12779754758681316, "symbol": "RP11-715J22.2", "name": "TEDC2 antisense RNA 1", "organism": "Homo sapiens", "tissue": "All Tissues"}, {"me": 1.6004588659852743, "pc": 0.05851428571428571, "marker_score": 0.12113591140198944, "symbol": "ITGAL", "name": "integrin subunit alpha L", "organism": "Homo sapiens", "tissue": "All Tissues"}, {"me": 1.6031540608873553, "pc": 0.023314285714285714, "marker_score": 0.12102536896663152, "symbol": "SLA2", "name": "Src like adaptor 2", "organism": "Homo sapiens", "tissue": "All Tissues"}, {"me": 1.9785353106724548, "pc": 0.32794285714285715, "marker_score": 0.12051465644728354, "symbol": "DUSP2", "name": "dual specificity phosphatase 2", "organism": "Homo sapiens", "tissue": "All Tissues"}, {"me": 1.6400711921874636, "pc": 0.07634285714285714, "marker_score": 0.12024490606337296, "symbol": "APOBEC3G", "name": "apolipoprotein B mRNA editing enzyme catalytic subunit 3G", "organism": "Homo sapiens", "tissue": "All Tissues"}, {"me": 1.9140425182524181, "pc": 0.0144, "marker_score": 0.11876088815091757, "symbol": "TRDV1", "name": "T cell receptor delta variable 1", "organism": "Homo sapiens", "tissue": "All Tissues"}, {"me": 1.846936279296875, "pc": 0.014285714285714285, "marker_score": 0.11621960787124269, "symbol": "RP11-87N24.3", "name": "RP11-87N24.3", "organism": "Homo sapiens", "tissue": "All Tissues"}, {"me": 1.5978242579776691, "pc": 0.05405714285714286, "marker_score": 0.11472390299469143, "symbol": "KAT7", "name": "lysine acetyltransferase 7", "organism": "Homo sapiens", "tissue": "All Tissues"}, {"me": 1.6705336641909472, "pc": 0.019142857142857142, "marker_score": 0.11441386011407953, "symbol": "LAIR2", "name": "leukocyte associated immunoglobulin like receptor 2", "organism": "Homo sapiens", "tissue": "All Tissues"}, {"me": 1.5760863917467762, "pc": 0.01537142857142857, "marker_score": 0.11274875059526829, "symbol": "CD160", "name": "CD160 molecule", "organism": "Homo sapiens", "tissue": "All Tissues"}, {"me": 1.7739024119334177, "pc": 0.012685714285714286, "marker_score": 0.1121947457246685, "symbol": "TRGV8", "name": "T cell receptor gamma variable 8", "organism": "Homo sapiens", "tissue": "All Tissues"}, {"me": 1.5699569213239453, "pc": 0.03611428571428572, "marker_score": 0.11030339751571708, "symbol": "RP11-489E7.4", "name": "RP11-489E7.4", "organism": "Homo sapiens", "tissue": "All Tissues"}, {"me": 2.210601213969422, "pc": 0.8738857142857143, "marker_score": 0.1100766438116707, "symbol": "HLA-E", "name": "major histocompatibility complex, class I, E", "organism": "Homo sapiens", "tissue": "All Tissues"}, {"me": 1.661581482367493, "pc": 0.012057142857142857, "marker_score": 0.10952203834675353, "symbol": "KIR2DL3", "name": "killer cell immunoglobulin like receptor, two Ig domains and long cytoplasmic tail 3", "organism": "Homo sapiens", "tissue": "All Tissues"}, {"me": 1.6534445898873464, "pc": 0.024, "marker_score": 0.10656652454404641, "symbol": "LINC02446", "name": "long intergenic non-protein coding RNA 2446", "organism": "Homo sapiens", "tissue": "All Tissues"}, {"me": 1.613091795849655, "pc": 0.0844, "marker_score": 0.10484986860287672, "symbol": "SAMD3", "name": "sterile alpha motif domain containing 3", "organism": "Homo sapiens", "tissue": "All Tissues"}, {"me": 1.7132007229712702, "pc": 0.010628571428571428, "marker_score": 0.10259894088824933, "symbol": "TRGV4", "name": "T cell receptor gamma variable 4", "organism": "Homo sapiens", "tissue": "All Tissues"}, {"me": 1.5563421563787774, "pc": 0.0104, "marker_score": 0.10184868445594925, "symbol": "MTRNR2L11", "name": "MTRNR2L11", "organism": "Homo sapiens", "tissue": "All Tissues"}, {"me": 1.6579017212936997, "pc": 0.010228571428571429, "marker_score": 0.10108106115875012, "symbol": "KIR3DL1", "name": "killer cell immunoglobulin like receptor, three Ig domains and long cytoplasmic tail 1", "organism": "Homo sapiens", "tissue": "All Tissues"}, {"me": 1.6117567271548132, "pc": 0.01537142857142857, "marker_score": 0.09855750742907174, "symbol": "PATL2", "name": "PAT1 homolog 2", "organism": "Homo sapiens", "tissue": "All Tissues"}, {"me": 1.5984690776532184, "pc": 0.04988571428571428, "marker_score": 0.0927897007211232, "symbol": "GBP5", "name": "guanylate binding protein 5", "organism": "Homo sapiens", "tissue": "All Tissues"}, {"me": 1.6945964312944255, "pc": 0.027885714285714285, "marker_score": 0.09170623042011608, "symbol": "CXCR3", "name": "C-X-C motif chemokine receptor 3", "organism": "Homo sapiens", "tissue": "All Tissues"}, {"me": 1.5252268824084052, "pc": 0.008285714285714285, "marker_score": 0.09103728851519018, "symbol": "IL18RAP", "name": "interleukin 18 receptor accessory protein", "organism": "Homo sapiens", "tissue": "All Tissues"}, {"me": 1.602343723691743, "pc": 0.008285714285714285, "marker_score": 0.09091258259349293, "symbol": "KIR3DL2", "name": "killer cell immunoglobulin like receptor, three Ig domains and long cytoplasmic tail 2", "organism": "Homo sapiens", "tissue": "All Tissues"}, {"me": 1.6081702341051662, "pc": 0.015542857142857143, "marker_score": 0.09090598463062821, "symbol": "PBX4", "name": "PBX homeobox 4", "organism": "Homo sapiens", "tissue": "All Tissues"}, {"me": 1.864798792540797, "pc": 0.0148, "marker_score": 0.08983728019891744, "symbol": "KLRC2", "name": "killer cell lectin like receptor C2", "organism": "Homo sapiens", "tissue": "All Tissues"}, {"me": 1.499035600302876, "pc": 0.007885714285714286, "marker_score": 0.08871722200087061, "symbol": "LINC01873", "name": "long intergenic non-protein coding RNA 1873", "organism": "Homo sapiens", "tissue": "All Tissues"}, {"me": 1.5571347931453159, "pc": 0.01, "marker_score": 0.08853322864569596, "symbol": "SLFN12L", "name": "schlafen family member 12 like", "organism": "Homo sapiens", "tissue": "All Tissues"}, {"me": 1.5953543708817197, "pc": 0.02737142857142857, "marker_score": 0.08852469949361477, "symbol": "LAG3", "name": "lymphocyte activating 3", "organism": "Homo sapiens", "tissue": "All Tissues"}, {"me": 1.5915999943769479, "pc": 0.08565714285714286, "marker_score": 0.08606705876250624, "symbol": "TBC1D10C", "name": "TBC1 domain family member 10C", "organism": "Homo sapiens", "tissue": "All Tissues"}, {"me": 1.548657910577182, "pc": 0.006628571428571429, "marker_score": 0.08149619395527333, "symbol": "TRBJ2-3", "name": "T cell receptor beta joining 2-3", "organism": "Homo sapiens", "tissue": "All Tissues"}, {"me": 1.646066018809443, "pc": 0.006571428571428572, "marker_score": 0.08034652543792226, "symbol": "TRGV3", "name": "T cell receptor gamma variable 3", "organism": "Homo sapiens", "tissue": "All Tissues"}, {"me": 1.6424511675308608, "pc": 0.03211428571428571, "marker_score": 0.07901545430655454, "symbol": "LINC01871", "name": "LINC01871", "organism": "Homo sapiens", "tissue": "All Tissues"}, {"me": 1.6395555632455008, "pc": 0.016, "marker_score": 0.0771933603172528, "symbol": "KLRF1", "name": "killer cell lectin like receptor F1", "organism": "Homo sapiens", "tissue": "All Tissues"}]