[{"me": 3.200168894298041, "pc": 0.9757281553398058, "marker_score": 1.4872851816201251, "symbol": "JUND", "name": "JunD proto-oncogene, AP-1 transcription factor subunit", "organism": "Homo sapiens", "tissue": "blood"}, {"me": 2.3879118211631445, "pc": 0.8470873786407767, "marker_score": 1.3428390156295535, "symbol": "YBX3", "name": "Y-box binding protein 3", "organism": "Homo sapiens", "tissue": "blood"}, {"me": 2.1217431943278666, "pc": 0.587378640776699, "marker_score": 1.084930674689666, "symbol": "MLXIP", "name": "MLX interacting protein", "organism": "Homo sapiens", "tissue": "blood"}, {"me": 2.235957666770699, "pc": 0.470873786407767, "marker_score": 0.9169331974664358, "symbol": "VPREB1", "name": "V-set pre-B cell surrogate light chain 1", "organism": "Homo sapiens", "tissue": "blood"}, {"me": 3.1063028971354165, "pc": 0.9757281553398058, "marker_score": 0.7042362547038291, "symbol": "H3-3B", "name": "H3.3 histone B", "organism": "Homo sapiens", "tissue": "blood"}, {"me": 2.468809302296924, "pc": 0.7694174757281553, "marker_score": 0.7027594252952633, "symbol": "H1-10", "name": "H1.10 linker histone", "organism": "Homo sapiens", "tissue": "blood"}, {"me": 2.0267140378234205, "pc": 0.45145631067961167, "marker_score": 0.6954563237976253, "symbol": "TCF4", "name": "transcription factor 4", "organism": "Homo sapiens", "tissue": "blood"}, {"me": 2.130714626487242, "pc": 0.2645631067961165, "marker_score": 0.5904478498078863, "symbol": "DNTT", "name": "DNA nucleotidylexotransferase", "organism": "Homo sapiens", "tissue": "blood"}, {"me": 2.0736312866210938, "pc": 0.23786407766990292, "marker_score": 0.5517781956888628, "symbol": "VPREB3", "name": "V-set pre-B cell surrogate light chain 3", "organism": "Homo sapiens", "tissue": "blood"}, {"me": 2.0268728766642825, "pc": 0.3446601941747573, "marker_score": 0.4996487639215088, "symbol": "SMIM3", "name": "small integral membrane protein 3", "organism": "Homo sapiens", "tissue": "blood"}, {"me": 2.0272172037760416, "pc": 0.1820388349514563, "marker_score": 0.4696788363791727, "symbol": "NEIL1", "name": "nei like DNA glycosylase 1", "organism": "Homo sapiens", "tissue": "blood"}, {"me": 3.9270917281363773, "pc": 1.0, "marker_score": 0.4631833495495461, "symbol": "TPT1", "name": "tumor protein, translationally-controlled 1", "organism": "Homo sapiens", "tissue": "blood"}, {"me": 1.9319165700889496, "pc": 0.20145631067961164, "marker_score": 0.4606950897558348, "symbol": "AKAP12", "name": "A-kinase anchoring protein 12", "organism": "Homo sapiens", "tissue": "blood"}, {"me": 1.9796526945089992, "pc": 0.19174757281553398, "marker_score": 0.45977924424982913, "symbol": "SIAH2", "name": "siah E3 ubiquitin protein ligase 2", "organism": "Homo sapiens", "tissue": "blood"}, {"me": 1.9722218232996322, "pc": 0.1650485436893204, "marker_score": 0.44159446639715283, "symbol": "NPY", "name": "neuropeptide Y", "organism": "Homo sapiens", "tissue": "blood"}, {"me": 1.997367927620003, "pc": 0.26941747572815533, "marker_score": 0.4136493985089654, "symbol": "MDM4", "name": "MDM4 regulator of p53", "organism": "Homo sapiens", "tissue": "blood"}, {"me": 2.006869334094929, "pc": 0.12864077669902912, "marker_score": 0.3828842021075411, "symbol": "MME", "name": "membrane metalloendopeptidase", "organism": "Homo sapiens", "tissue": "blood"}, {"me": 1.9117480862525202, "pc": 0.22572815533980584, "marker_score": 0.3791719213655726, "symbol": "TLE4", "name": "TLE family member 4, transcriptional corepressor", "organism": "Homo sapiens", "tissue": "blood"}, {"me": 2.354645025534708, "pc": 0.2961165048543689, "marker_score": 0.36612522630993966, "symbol": "IGLL1", "name": "immunoglobulin lambda like polypeptide 1", "organism": "Homo sapiens", "tissue": "blood"}, {"me": 1.9680237088884627, "pc": 0.13592233009708737, "marker_score": 0.3519383314517014, "symbol": "TP53INP1", "name": "tumor protein p53 inducible nuclear protein 1", "organism": "Homo sapiens", "tissue": "blood"}, {"me": 1.9321773952907986, "pc": 0.10922330097087378, "marker_score": 0.3501360011090303, "symbol": "ARPP21", "name": "cAMP regulated phosphoprotein 21", "organism": "Homo sapiens", "tissue": "blood"}, {"me": 1.8903942108154297, "pc": 0.1262135922330097, "marker_score": 0.3238077747224806, "symbol": "TSPAN14", "name": "tetraspanin 14", "organism": "Homo sapiens", "tissue": "blood"}, {"me": 1.9173523829533503, "pc": 0.2524271844660194, "marker_score": 0.3211227891897668, "symbol": "RBM38", "name": "RNA binding motif protein 38", "organism": "Homo sapiens", "tissue": "blood"}, {"me": 2.118256308815696, "pc": 0.42718446601941745, "marker_score": 0.24820609954784897, "symbol": "CD79B", "name": "CD79b molecule", "organism": "Homo sapiens", "tissue": "blood"}, {"me": 1.929694198980564, "pc": 0.09951456310679611, "marker_score": 0.24142026832150923, "symbol": "BAZ2A", "name": "bromodomain adjacent to zinc finger domain 2A", "organism": "Homo sapiens", "tissue": "blood"}, {"me": 1.7852824983142672, "pc": 0.050970873786407765, "marker_score": 0.23039467247029183, "symbol": "FHIT", "name": "fragile histidine triad diadenosine triphosphatase", "organism": "Homo sapiens", "tissue": "blood"}, {"me": 1.7905681133270264, "pc": 0.07766990291262135, "marker_score": 0.18055860394012796, "symbol": "KLHL24", "name": "kelch like family member 24", "organism": "Homo sapiens", "tissue": "blood"}, {"me": 2.2710904921749395, "pc": 0.7548543689320388, "marker_score": 0.16806125180424772, "symbol": "LAPTM5", "name": "lysosomal protein transmembrane 5", "organism": "Homo sapiens", "tissue": "blood"}, {"me": 1.8569554646809896, "pc": 0.07281553398058252, "marker_score": 0.1375645783631807, "symbol": "MEX3C", "name": "mex-3 RNA binding family member C", "organism": "Homo sapiens", "tissue": "blood"}, {"me": 1.7690295657596073, "pc": 0.08980582524271845, "marker_score": 0.1273152749202307, "symbol": "TOP2B", "name": "DNA topoisomerase II beta", "organism": "Homo sapiens", "tissue": "blood"}, {"me": 1.9258655425040954, "pc": 0.30097087378640774, "marker_score": 0.11349410537866171, "symbol": "MAP1LC3B", "name": "microtubule associated protein 1 light chain 3 beta", "organism": "Homo sapiens", "tissue": "blood"}, {"me": 1.867743900844029, "pc": 0.13592233009708737, "marker_score": 0.0863634398318239, "symbol": "UBALD2", "name": "UBA like domain containing 2", "organism": "Homo sapiens", "tissue": "blood"}, {"me": 2.008143107096354, "pc": 0.33495145631067963, "marker_score": 0.07748992280246336, "symbol": "YPEL5", "name": "yippee like 5", "organism": "Homo sapiens", "tissue": "blood"}, {"me": 1.8142459703528362, "pc": 0.055825242718446605, "marker_score": 0.05518667797840934, "symbol": "BCL7A", "name": "BAF chromatin remodeling complex subunit BCL7A", "organism": "Homo sapiens", "tissue": "blood"}, {"me": 1.878766493363814, "pc": 0.05339805825242718, "marker_score": 0.026587154246102113, "symbol": "ELF2", "name": "E74 like ETS transcription factor 2", "organism": "Homo sapiens", "tissue": "blood"}, {"me": 1.8666847892429517, "pc": 0.11165048543689321, "marker_score": 0.0035087724695146254, "symbol": "TMEM243", "name": "transmembrane protein 243", "organism": "Homo sapiens", "tissue": "blood"}, {"me": 2.2747912406921387, "pc": 0.9481481481481482, "marker_score": 3.230049567811612, "symbol": "VPREB1", "name": "V-set pre-B cell surrogate light chain 1", "organism": "Homo sapiens", "tissue": "lung"}, {"me": 2.0314632383715203, "pc": 0.8814814814814815, "marker_score": 2.351168874976005, "symbol": "UHRF1", "name": "ubiquitin like with PHD and ring finger domains 1", "organism": "Homo sapiens", "tissue": "lung"}, {"me": 3.8834671585648146, "pc": 1.0, "marker_score": 2.2164419792531556, "symbol": "HMGB1", "name": "high mobility group box 1", "organism": "Homo sapiens", "tissue": "lung"}, {"me": 2.349763127683683, "pc": 0.9703703703703703, "marker_score": 2.214580987760354, "symbol": "VPREB3", "name": "V-set pre-B cell surrogate light chain 3", "organism": "Homo sapiens", "tissue": "lung"}, {"me": 2.4881143321161683, "pc": 0.8518518518518519, "marker_score": 2.1907369940243453, "symbol": "DNTT", "name": "DNA nucleotidylexotransferase", "organism": "Homo sapiens", "tissue": "lung"}, {"me": 3.1520114187466897, "pc": 0.8740740740740741, "marker_score": 2.172104981072558, "symbol": "IGLL1", "name": "immunoglobulin lambda like polypeptide 1", "organism": "Homo sapiens", "tissue": "lung"}, {"me": 2.8594391999421296, "pc": 1.0, "marker_score": 2.021971390869608, "symbol": "HMGB2", "name": "high mobility group box 2", "organism": "Homo sapiens", "tissue": "lung"}, {"me": 1.9972941857257873, "pc": 0.9703703703703703, "marker_score": 2.0206077885748734, "symbol": "RCSD1", "name": "RCSD domain containing 1", "organism": "Homo sapiens", "tissue": "lung"}, {"me": 3.6193886372580457, "pc": 0.9925925925925926, "marker_score": 2.0036772213006877, "symbol": "HMGN2", "name": "high mobility group nucleosomal binding domain 2", "organism": "Homo sapiens", "tissue": "lung"}, {"me": 3.4672150788483798, "pc": 1.0, "marker_score": 1.9369790580712798, "symbol": "STMN1", "name": "stathmin 1", "organism": "Homo sapiens", "tissue": "lung"}, {"me": 4.895194950810185, "pc": 1.0, "marker_score": 1.9191602061947657, "symbol": "PTMA", "name": "prothymosin alpha", "organism": "Homo sapiens", "tissue": "lung"}, {"me": 2.3057849022649948, "pc": 0.9185185185185185, "marker_score": 1.8312656744509597, "symbol": "TYMS", "name": "thymidylate synthetase", "organism": "Homo sapiens", "tissue": "lung"}, {"me": 1.9489634377615792, "pc": 0.8296296296296296, "marker_score": 1.666187270896952, "symbol": "SMC4", "name": "structural maintenance of chromosomes 4", "organism": "Homo sapiens", "tissue": "lung"}, {"me": 1.7403046851064645, "pc": 0.7555555555555555, "marker_score": 1.651552049602214, "symbol": "SOCS2", "name": "suppressor of cytokine signaling 2", "organism": "Homo sapiens", "tissue": "lung"}, {"me": 1.6850949096679688, "pc": 0.7407407407407407, "marker_score": 1.6256174208796055, "symbol": "CMTM7", "name": "CKLF like MARVEL transmembrane domain containing 7", "organism": "Homo sapiens", "tissue": "lung"}, {"me": 2.1415154508842056, "pc": 0.9555555555555556, "marker_score": 1.5944858266948863, "symbol": "HMGA1", "name": "high mobility group AT-hook 1", "organism": "Homo sapiens", "tissue": "lung"}, {"me": 2.1549365602690598, "pc": 0.8592592592592593, "marker_score": 1.5892985130301391, "symbol": "CCND3", "name": "cyclin D3", "organism": "Homo sapiens", "tissue": "lung"}, {"me": 1.6503753662109375, "pc": 0.7037037037037037, "marker_score": 1.484935517817948, "symbol": "MAD2L2", "name": "mitotic arrest deficient 2 like 2", "organism": "Homo sapiens", "tissue": "lung"}, {"me": 3.3631550181995737, "pc": 0.9777777777777777, "marker_score": 1.3810738954127508, "symbol": "TUBB", "name": "tubulin beta class I", "organism": "Homo sapiens", "tissue": "lung"}, {"me": 1.7401497437781894, "pc": 0.7185185185185186, "marker_score": 1.3041331210000053, "symbol": "LMNB1", "name": "lamin B1", "organism": "Homo sapiens", "tissue": "lung"}, {"me": 1.6457068864689317, "pc": 0.6370370370370371, "marker_score": 1.2933373841445865, "symbol": "LEF1", "name": "lymphoid enhancer binding factor 1", "organism": "Homo sapiens", "tissue": "lung"}, {"me": 3.6392776026870264, "pc": 0.9777777777777777, "marker_score": 1.291100682794338, "symbol": "TUBA1B", "name": "tubulin alpha 1b", "organism": "Homo sapiens", "tissue": "lung"}, {"me": 1.8733636179277975, "pc": 0.9185185185185185, "marker_score": 1.2726606189525933, "symbol": "DEK", "name": "DEK proto-oncogene", "organism": "Homo sapiens", "tissue": "lung"}, {"me": 2.5995973940248844, "pc": 1.0, "marker_score": 1.2700615193773337, "symbol": "HNRNPA2B1", "name": "heterogeneous nuclear ribonucleoprotein A2/B1", "organism": "Homo sapiens", "tissue": "lung"}, {"me": 2.0391159057617188, "pc": 0.9481481481481482, "marker_score": 1.2633086778864366, "symbol": "H2AZ2", "name": "H2A.Z variant histone 2", "organism": "Homo sapiens", "tissue": "lung"}, {"me": 2.171379566192627, "pc": 0.9481481481481482, "marker_score": 1.260414119351319, "symbol": "MACROH2A1", "name": "macroH2A.1 histone", "organism": "Homo sapiens", "tissue": "lung"}, {"me": 1.6379225158691406, "pc": 0.7407407407407407, "marker_score": 1.219508867002866, "symbol": "CARHSP1", "name": "calcium regulated heat stable protein 1", "organism": "Homo sapiens", "tissue": "lung"}, {"me": 1.9081586754840354, "pc": 0.6814814814814815, "marker_score": 1.1873622894573819, "symbol": "NUSAP1", "name": "nucleolar and spindle associated protein 1", "organism": "Homo sapiens", "tissue": "lung"}, {"me": 1.6755905151367188, "pc": 0.8, "marker_score": 1.179158458969003, "symbol": "APBB1IP", "name": "amyloid beta precursor protein binding family B member 1 interacting protein", "organism": "Homo sapiens", "tissue": "lung"}, {"me": 1.6895676372207213, "pc": 0.7925925925925926, "marker_score": 1.1696071949562694, "symbol": "SSBP2", "name": "single stranded DNA binding protein 2", "organism": "Homo sapiens", "tissue": "lung"}, {"me": 2.5188323974609377, "pc": 0.9629629629629629, "marker_score": 1.1660529291089912, "symbol": "CD24", "name": "CD24 molecule", "organism": "Homo sapiens", "tissue": "lung"}, {"me": 3.7693135419229824, "pc": 0.9407407407407408, "marker_score": 1.1543053878203973, "symbol": "H4C3", "name": "H4 clustered histone 3", "organism": "Homo sapiens", "tissue": "lung"}, {"me": 1.8490062114620998, "pc": 0.8962962962962963, "marker_score": 1.1372483736205283, "symbol": "HNRNPA3", "name": "heterogeneous nuclear ribonucleoprotein A3", "organism": "Homo sapiens", "tissue": "lung"}, {"me": 1.905082864964262, "pc": 0.6962962962962963, "marker_score": 1.1360189953569582, "symbol": "MKI67", "name": "marker of proliferation Ki-67", "organism": "Homo sapiens", "tissue": "lung"}, {"me": 2.476517062717014, "pc": 1.0, "marker_score": 1.1247661697804023, "symbol": "ARHGDIB", "name": "Rho GDP dissociation inhibitor beta", "organism": "Homo sapiens", "tissue": "lung"}, {"me": 2.082591881912746, "pc": 0.6592592592592592, "marker_score": 1.0930144202439172, "symbol": "TOP2A", "name": "DNA topoisomerase II alpha", "organism": "Homo sapiens", "tissue": "lung"}, {"me": 1.6579740397135416, "pc": 0.5555555555555556, "marker_score": 1.0884720704193713, "symbol": "MME", "name": "membrane metalloendopeptidase", "organism": "Homo sapiens", "tissue": "lung"}, {"me": 1.4694955155656144, "pc": 0.5481481481481482, "marker_score": 1.0514520605745679, "symbol": "DCK", "name": "deoxycytidine kinase", "organism": "Homo sapiens", "tissue": "lung"}, {"me": 1.5731181269106658, "pc": 0.5111111111111111, "marker_score": 1.011052931816019, "symbol": "TOP2B", "name": "DNA topoisomerase II beta", "organism": "Homo sapiens", "tissue": "lung"}, {"me": 1.6423423164769222, "pc": 0.562962962962963, "marker_score": 1.0104169121979596, "symbol": "SLBP", "name": "stem-loop binding protein", "organism": "Homo sapiens", "tissue": "lung"}, {"me": 2.603151109483507, "pc": 0.9333333333333333, "marker_score": 1.0071750082923017, "symbol": "H2AZ1", "name": "H2A.Z variant histone 1", "organism": "Homo sapiens", "tissue": "lung"}, {"me": 1.5789402395054914, "pc": 0.5111111111111111, "marker_score": 1.0048435184911453, "symbol": "BLNK", "name": "B cell linker", "organism": "Homo sapiens", "tissue": "lung"}, {"me": 1.8004796553631217, "pc": 0.725925925925926, "marker_score": 0.9937899697765438, "symbol": "MCM7", "name": "minichromosome maintenance complex component 7", "organism": "Homo sapiens", "tissue": "lung"}, {"me": 2.9726056910272853, "pc": 0.9925925925925926, "marker_score": 0.9936230473228114, "symbol": "PPIA", "name": "peptidylprolyl isomerase A", "organism": "Homo sapiens", "tissue": "lung"}, {"me": 2.0828527194350515, "pc": 0.9925925925925926, "marker_score": 0.9797147812983902, "symbol": "HMGN1", "name": "high mobility group nucleosome binding domain 1", "organism": "Homo sapiens", "tissue": "lung"}, {"me": 3.9062644675925924, "pc": 1.0, "marker_score": 0.9755223876876233, "symbol": "GAPDH", "name": "glyceraldehyde-3-phosphate dehydrogenase", "organism": "Homo sapiens", "tissue": "lung"}, {"me": 1.4845028501568418, "pc": 0.4888888888888889, "marker_score": 0.9697981055703556, "symbol": "ASF1B", "name": "anti-silencing function 1B histone chaperone", "organism": "Homo sapiens", "tissue": "lung"}, {"me": 1.8916209360186973, "pc": 0.6592592592592592, "marker_score": 0.9683221923442583, "symbol": "H2AX", "name": "H2A.X variant histone", "organism": "Homo sapiens", "tissue": "lung"}, {"me": 1.9569406291000715, "pc": 0.9703703703703703, "marker_score": 0.9661893661779257, "symbol": "HNRNPK", "name": "heterogeneous nuclear ribonucleoprotein K", "organism": "Homo sapiens", "tissue": "lung"}, {"me": 1.704931860571509, "pc": 0.8222222222222222, "marker_score": 0.962717868480608, "symbol": "HNRNPF", "name": "heterogeneous nuclear ribonucleoprotein F", "organism": "Homo sapiens", "tissue": "lung"}, {"me": 1.6168048565204327, "pc": 0.48148148148148145, "marker_score": 0.9398894850701572, "symbol": "ARPP21", "name": "cAMP regulated phosphoprotein 21", "organism": "Homo sapiens", "tissue": "lung"}, {"me": 1.5226366447679924, "pc": 0.4888888888888889, "marker_score": 0.9373100866915991, "symbol": "ZWINT", "name": "ZW10 interacting kinetochore protein", "organism": "Homo sapiens", "tissue": "lung"}, {"me": 1.6050234707919033, "pc": 0.8148148148148148, "marker_score": 0.9352954183529999, "symbol": "XRCC6", "name": "X-ray repair cross complementing 6", "organism": "Homo sapiens", "tissue": "lung"}, {"me": 1.5907515708846276, "pc": 0.7333333333333333, "marker_score": 0.933423062342491, "symbol": "SEPTIN9", "name": "septin 9", "organism": "Homo sapiens", "tissue": "lung"}, {"me": 1.6331368582589285, "pc": 0.7777777777777778, "marker_score": 0.9301566998547139, "symbol": "SRSF10", "name": "serine and arginine rich splicing factor 10", "organism": "Homo sapiens", "tissue": "lung"}, {"me": 1.5604462286438605, "pc": 0.7333333333333333, "marker_score": 0.9168865912721775, "symbol": "RALY", "name": "RALY heterogeneous nuclear ribonucleoprotein", "organism": "Homo sapiens", "tissue": "lung"}, {"me": 1.5456897334048623, "pc": 0.562962962962963, "marker_score": 0.9123140014223472, "symbol": "USP1", "name": "ubiquitin specific peptidase 1", "organism": "Homo sapiens", "tissue": "lung"}, {"me": 1.702116106996442, "pc": 0.7481481481481481, "marker_score": 0.9121679205188759, "symbol": "NASP", "name": "nuclear autoantigenic sperm protein", "organism": "Homo sapiens", "tissue": "lung"}, {"me": 1.5302050741095292, "pc": 0.562962962962963, "marker_score": 0.9102377230355039, "symbol": "SMC2", "name": "structural maintenance of chromosomes 2", "organism": "Homo sapiens", "tissue": "lung"}, {"me": 1.9143936939728565, "pc": 0.5777777777777777, "marker_score": 0.9031166238604973, "symbol": "H1-3", "name": "H1.3 linker histone, cluster member", "organism": "Homo sapiens", "tissue": "lung"}, {"me": 1.5836038458837223, "pc": 0.5407407407407407, "marker_score": 0.8949665422342461, "symbol": "MCM3", "name": "minichromosome maintenance complex component 3", "organism": "Homo sapiens", "tissue": "lung"}, {"me": 1.5232096187403945, "pc": 0.45185185185185184, "marker_score": 0.8943448504984406, "symbol": "CMTM8", "name": "CKLF like MARVEL transmembrane domain containing 8", "organism": "Homo sapiens", "tissue": "lung"}, {"me": 1.5395042544505635, "pc": 0.45185185185185184, "marker_score": 0.8935615579180869, "symbol": "KIFC1", "name": "kinesin family member C1", "organism": "Homo sapiens", "tissue": "lung"}, {"me": 1.5095955571041832, "pc": 0.5851851851851851, "marker_score": 0.8927827650818155, "symbol": "RNASEH2B", "name": "ribonuclease H2 subunit B", "organism": "Homo sapiens", "tissue": "lung"}, {"me": 1.5566993713378907, "pc": 0.4444444444444444, "marker_score": 0.8814726175461647, "symbol": "IGHV5-78", "name": "immunoglobulin heavy variable 5-78 (pseudogene)", "organism": "Homo sapiens", "tissue": "lung"}, {"me": 1.4921047153757578, "pc": 0.4962962962962963, "marker_score": 0.8793287073658089, "symbol": "CDK6", "name": "cyclin dependent kinase 6", "organism": "Homo sapiens", "tissue": "lung"}, {"me": 1.5656599680582681, "pc": 0.4444444444444444, "marker_score": 0.8783606058649707, "symbol": "POU2AF1", "name": "POU class 2 homeobox associating factor 1", "organism": "Homo sapiens", "tissue": "lung"}, {"me": 1.742462891798753, "pc": 0.7703703703703704, "marker_score": 0.8662684929760611, "symbol": "AKAP12", "name": "A-kinase anchoring protein 12", "organism": "Homo sapiens", "tissue": "lung"}, {"me": 1.947161181219693, "pc": 0.8592592592592593, "marker_score": 0.8636646107207158, "symbol": "CD99", "name": "CD99 molecule (Xg blood group)", "organism": "Homo sapiens", "tissue": "lung"}, {"me": 1.9654953002929687, "pc": 0.8148148148148148, "marker_score": 0.8632069105170947, "symbol": "DUT", "name": "deoxyuridine triphosphatase", "organism": "Homo sapiens", "tissue": "lung"}, {"me": 1.7684510548909504, "pc": 0.8888888888888888, "marker_score": 0.860220871960832, "symbol": "GMFG", "name": "glia maturation factor gamma", "organism": "Homo sapiens", "tissue": "lung"}, {"me": 1.7184073504279642, "pc": 0.5037037037037037, "marker_score": 0.8600257002898164, "symbol": "CDK1", "name": "cyclin dependent kinase 1", "organism": "Homo sapiens", "tissue": "lung"}, {"me": 1.4953527779414737, "pc": 0.42962962962962964, "marker_score": 0.8584553336805628, "symbol": "UBE2T", "name": "ubiquitin conjugating enzyme E2 T", "organism": "Homo sapiens", "tissue": "lung"}, {"me": 1.6596821486347852, "pc": 0.7333333333333333, "marker_score": 0.84091088208159, "symbol": "PSIP1", "name": "PC4 and SRSF1 interacting protein 1", "organism": "Homo sapiens", "tissue": "lung"}, {"me": 1.5061588902627268, "pc": 0.45925925925925926, "marker_score": 0.8326361476958976, "symbol": "CDCA7", "name": "cell division cycle associated 7", "organism": "Homo sapiens", "tissue": "lung"}, {"me": 1.611492193312872, "pc": 0.7777777777777778, "marker_score": 0.8009861056217608, "symbol": "UBE2I", "name": "ubiquitin conjugating enzyme E2 I", "organism": "Homo sapiens", "tissue": "lung"}, {"me": 1.7763273657822027, "pc": 0.9111111111111111, "marker_score": 0.7947988014045755, "symbol": "HNRNPA0", "name": "heterogeneous nuclear ribonucleoprotein A0", "organism": "Homo sapiens", "tissue": "lung"}, {"me": 1.4499789017897387, "pc": 0.3851851851851852, "marker_score": 0.7874078129065485, "symbol": "ADA", "name": "adenosine deaminase", "organism": "Homo sapiens", "tissue": "lung"}, {"me": 2.02523921086238, "pc": 0.9629629629629629, "marker_score": 0.7772942884206868, "symbol": "RHOA", "name": "ras homolog family member A", "organism": "Homo sapiens", "tissue": "lung"}, {"me": 1.511224365234375, "pc": 0.4074074074074074, "marker_score": 0.7729765609138004, "symbol": "SAE1", "name": "SUMO1 activating enzyme subunit 1", "organism": "Homo sapiens", "tissue": "lung"}, {"me": 1.4646585501876532, "pc": 0.37777777777777777, "marker_score": 0.772340132299146, "symbol": "FAM111A", "name": "FAM111 trypsin like peptidase A", "organism": "Homo sapiens", "tissue": "lung"}, {"me": 1.5267445490910456, "pc": 0.3851851851851852, "marker_score": 0.7703935619886347, "symbol": "ATAD2", "name": "ATPase family AAA domain containing 2", "organism": "Homo sapiens", "tissue": "lung"}, {"me": 1.627324571796492, "pc": 0.7555555555555555, "marker_score": 0.7644630611178573, "symbol": "KHDRBS1", "name": "KH RNA binding domain containing, signal transduction associated 1", "organism": "Homo sapiens", "tissue": "lung"}, {"me": 1.8012953133418643, "pc": 0.42962962962962964, "marker_score": 0.7626569475228384, "symbol": "H2AC14", "name": "H2A clustered histone 14", "organism": "Homo sapiens", "tissue": "lung"}, {"me": 1.597508087158203, "pc": 0.37037037037037035, "marker_score": 0.7602143528066311, "symbol": "RAG1", "name": "recombination activating 1", "organism": "Homo sapiens", "tissue": "lung"}, {"me": 1.5331481008818655, "pc": 0.4888888888888889, "marker_score": 0.757215813253994, "symbol": "CDT1", "name": "chromatin licensing and DNA replication factor 1", "organism": "Homo sapiens", "tissue": "lung"}, {"me": 1.5379541236233998, "pc": 0.6148148148148148, "marker_score": 0.757160336217625, "symbol": "WASF2", "name": "WASP family member 2", "organism": "Homo sapiens", "tissue": "lung"}, {"me": 1.4555593317205255, "pc": 0.4074074074074074, "marker_score": 0.7561972422730796, "symbol": "GNG7", "name": "G protein subunit gamma 7", "organism": "Homo sapiens", "tissue": "lung"}, {"me": 1.5749759071751646, "pc": 0.7037037037037037, "marker_score": 0.7531818700128433, "symbol": "SNX2", "name": "sorting nexin 2", "organism": "Homo sapiens", "tissue": "lung"}, {"me": 1.5582049139614762, "pc": 0.42962962962962964, "marker_score": 0.7501263140778716, "symbol": "AURKB", "name": "aurora kinase B", "organism": "Homo sapiens", "tissue": "lung"}, {"me": 1.6160533611591046, "pc": 0.7703703703703704, "marker_score": 0.7494419385650264, "symbol": "ILF2", "name": "interleukin enhancer binding factor 2", "organism": "Homo sapiens", "tissue": "lung"}, {"me": 1.5610768307921707, "pc": 0.6888888888888889, "marker_score": 0.7463250628173529, "symbol": "HNRNPR", "name": "heterogeneous nuclear ribonucleoprotein R", "organism": "Homo sapiens", "tissue": "lung"}, {"me": 1.6182897040184507, "pc": 0.6962962962962963, "marker_score": 0.744804233692443, "symbol": "PARP1", "name": "poly(ADP-ribose) polymerase 1", "organism": "Homo sapiens", "tissue": "lung"}, {"me": 1.667706298828125, "pc": 0.7407407407407407, "marker_score": 0.7369141853163919, "symbol": "ANP32A", "name": "acidic nuclear phosphoprotein 32 family member A", "organism": "Homo sapiens", "tissue": "lung"}, {"me": 1.4482896449202198, "pc": 0.43703703703703706, "marker_score": 0.7360063520055735, "symbol": "CENPM", "name": "centromere protein M", "organism": "Homo sapiens", "tissue": "lung"}, {"me": 1.8727378097234988, "pc": 0.37777777777777777, "marker_score": 0.7326589959826959, "symbol": "H1-5", "name": "H1.5 linker histone, cluster member", "organism": "Homo sapiens", "tissue": "lung"}, {"me": 1.4469871520996094, "pc": 0.3851851851851852, "marker_score": 0.7260027229048276, "symbol": "FEN1", "name": "flap structure-specific endonuclease 1", "organism": "Homo sapiens", "tissue": "lung"}, {"me": 1.4966025516904633, "pc": 0.42962962962962964, "marker_score": 0.7242067967645751, "symbol": "ERGIC1", "name": "endoplasmic reticulum-golgi intermediate compartment 1", "organism": "Homo sapiens", "tissue": "lung"}, {"me": 1.8298306505219275, "pc": 0.8814814814814815, "marker_score": 0.7237254766538664, "symbol": "PSME1", "name": "proteasome activator subunit 1", "organism": "Homo sapiens", "tissue": "lung"}, {"me": 1.6325787072894218, "pc": 0.6444444444444445, "marker_score": 0.7235585499450203, "symbol": "RAD21", "name": "RAD21 cohesin complex component", "organism": "Homo sapiens", "tissue": "lung"}, {"me": 2.3984201057569976, "pc": 0.7660818713450293, "marker_score": 1.6384592523368935, "symbol": "VPREB3", "name": "V-set pre-B cell surrogate light chain 3", "organism": "Homo sapiens", "tissue": "liver"}, {"me": 2.2187578653551867, "pc": 0.7563352826510721, "marker_score": 1.5903592956843164, "symbol": "VPREB1", "name": "V-set pre-B cell surrogate light chain 1", "organism": "Homo sapiens", "tissue": "liver"}, {"me": 2.319999974435537, "pc": 0.7446393762183235, "marker_score": 1.4872643114109483, "symbol": "CD79B", "name": "CD79b molecule", "organism": "Homo sapiens", "tissue": "liver"}, {"me": 2.7463077865641936, "pc": 0.7192982456140351, "marker_score": 1.450460983291511, "symbol": "IGLL1", "name": "immunoglobulin lambda like polypeptide 1", "organism": "Homo sapiens", "tissue": "liver"}, {"me": 2.371857924268425, "pc": 0.6744639376218323, "marker_score": 1.2790101048186124, "symbol": "AKAP12", "name": "A-kinase anchoring protein 12", "organism": "Homo sapiens", "tissue": "liver"}, {"me": 1.877640642438616, "pc": 0.5458089668615984, "marker_score": 1.0602811200570756, "symbol": "RCSD1", "name": "RCSD domain containing 1", "organism": "Homo sapiens", "tissue": "liver"}, {"me": 1.9110181801635304, "pc": 0.543859649122807, "marker_score": 1.0401125147515908, "symbol": "TLE4", "name": "TLE family member 4, transcriptional corepressor", "organism": "Homo sapiens", "tissue": "liver"}, {"me": 1.9955455638744213, "pc": 0.5263157894736842, "marker_score": 1.0188983353245777, "symbol": "ARPP21", "name": "cAMP regulated phosphoprotein 21", "organism": "Homo sapiens", "tissue": "liver"}, {"me": 2.0088771333630455, "pc": 0.580896686159844, "marker_score": 0.9906910069964306, "symbol": "TOP2B", "name": "DNA topoisomerase II beta", "organism": "Homo sapiens", "tissue": "liver"}, {"me": 1.9585780164930555, "pc": 0.43859649122807015, "marker_score": 0.866878237916007, "symbol": "DNTT", "name": "DNA nucleotidylexotransferase", "organism": "Homo sapiens", "tissue": "liver"}, {"me": 1.9811922596619191, "pc": 0.4405458089668616, "marker_score": 0.8631406545162311, "symbol": "RAG1", "name": "recombination activating 1", "organism": "Homo sapiens", "tissue": "liver"}, {"me": 2.17793974253182, "pc": 0.6413255360623782, "marker_score": 0.7293542384334487, "symbol": "CD99", "name": "CD99 molecule (Xg blood group)", "organism": "Homo sapiens", "tissue": "liver"}, {"me": 1.7164854569868608, "pc": 0.34307992202729043, "marker_score": 0.7096815389908044, "symbol": "EBF1", "name": "EBF transcription factor 1", "organism": "Homo sapiens", "tissue": "liver"}, {"me": 2.198430423460145, "pc": 0.672514619883041, "marker_score": 0.6746492206057734, "symbol": "H1-10", "name": "H1.10 linker histone", "organism": "Homo sapiens", "tissue": "liver"}, {"me": 1.9230054219563801, "pc": 0.3742690058479532, "marker_score": 0.6209066353512609, "symbol": "MME", "name": "membrane metalloendopeptidase", "organism": "Homo sapiens", "tissue": "liver"}, {"me": 1.999493547978292, "pc": 0.5107212475633528, "marker_score": 0.6139322134487154, "symbol": "CD24", "name": "CD24 molecule", "organism": "Homo sapiens", "tissue": "liver"}, {"me": 1.7295829441236412, "pc": 0.44834307992202727, "marker_score": 0.6071868435780904, "symbol": "WASF2", "name": "WASP family member 2", "organism": "Homo sapiens", "tissue": "liver"}, {"me": 1.7561326530111494, "pc": 0.38791423001949316, "marker_score": 0.580630596466419, "symbol": "MDM4", "name": "MDM4 regulator of p53", "organism": "Homo sapiens", "tissue": "liver"}, {"me": 1.8528478285845589, "pc": 0.46393762183235865, "marker_score": 0.5748802015724629, "symbol": "MZB1", "name": "marginal zone B and B1 cell specific protein", "organism": "Homo sapiens", "tissue": "liver"}, {"me": 1.632634249600497, "pc": 0.34307992202729043, "marker_score": 0.5689259900421768, "symbol": "SNX2", "name": "sorting nexin 2", "organism": "Homo sapiens", "tissue": "liver"}, {"me": 1.6994836980646306, "pc": 0.23586744639376217, "marker_score": 0.526512611804538, "symbol": "MLXIP", "name": "MLX interacting protein", "organism": "Homo sapiens", "tissue": "liver"}, {"me": 1.667659116594979, "pc": 0.3469785575048733, "marker_score": 0.5188886500003929, "symbol": "SSBP2", "name": "single stranded DNA binding protein 2", "organism": "Homo sapiens", "tissue": "liver"}, {"me": 1.5782813662574404, "pc": 0.2046783625730994, "marker_score": 0.5000098619536729, "symbol": "SOCS2", "name": "suppressor of cytokine signaling 2", "organism": "Homo sapiens", "tissue": "liver"}, {"me": 1.7305302253136268, "pc": 0.20272904483430798, "marker_score": 0.4972031111342188, "symbol": "LINC01013", "name": "long intergenic non-protein coding RNA 1013", "organism": "Homo sapiens", "tissue": "liver"}, {"me": 1.663615891913406, "pc": 0.23196881091617932, "marker_score": 0.46680516562019453, "symbol": "ELK3", "name": "ETS transcription factor ELK3", "organism": "Homo sapiens", "tissue": "liver"}, {"me": 1.5449501902786726, "pc": 0.18908382066276802, "marker_score": 0.4634408185416462, "symbol": "TCF3", "name": "transcription factor 3", "organism": "Homo sapiens", "tissue": "liver"}, {"me": 1.7810111742341117, "pc": 0.3469785575048733, "marker_score": 0.46220643207071743, "symbol": "MYB", "name": "MYB proto-oncogene, transcription factor", "organism": "Homo sapiens", "tissue": "liver"}, {"me": 1.5974698841062367, "pc": 0.22807017543859648, "marker_score": 0.45885411285078903, "symbol": "CMTM7", "name": "CKLF like MARVEL transmembrane domain containing 7", "organism": "Homo sapiens", "tissue": "liver"}, {"me": 1.8495961969549006, "pc": 0.42884990253411304, "marker_score": 0.4481774793150212, "symbol": "MAP1LC3B", "name": "microtubule associated protein 1 light chain 3 beta", "organism": "Homo sapiens", "tissue": "liver"}, {"me": 1.8703849098899148, "pc": 0.17153996101364521, "marker_score": 0.4466623675027461, "symbol": "RP11-301G19.1", "name": "RP11-301G19.1", "organism": "Homo sapiens", "tissue": "liver"}, {"me": 1.6035794627909759, "pc": 0.19103313840155944, "marker_score": 0.4451048969990078, "symbol": "BCL7A", "name": "BAF chromatin remodeling complex subunit BCL7A", "organism": "Homo sapiens", "tissue": "liver"}, {"me": 1.5892784481956845, "pc": 0.2046783625730994, "marker_score": 0.4415883511547893, "symbol": "TMEM243", "name": "transmembrane protein 243", "organism": "Homo sapiens", "tissue": "liver"}, {"me": 1.625634022248097, "pc": 0.15204678362573099, "marker_score": 0.4183678933710951, "symbol": "TERF2", "name": "telomeric repeat binding factor 2", "organism": "Homo sapiens", "tissue": "liver"}, {"me": 1.9822272406684027, "pc": 0.5263157894736842, "marker_score": 0.3992756403758234, "symbol": "YBX3", "name": "Y-box binding protein 3", "organism": "Homo sapiens", "tissue": "liver"}, {"me": 1.608644273546007, "pc": 0.19298245614035087, "marker_score": 0.38923474900020627, "symbol": "GNG7", "name": "G protein subunit gamma 7", "organism": "Homo sapiens", "tissue": "liver"}, {"me": 1.5038048239315258, "pc": 0.13255360623781676, "marker_score": 0.3860029672110419, "symbol": "ADA", "name": "adenosine deaminase", "organism": "Homo sapiens", "tissue": "liver"}, {"me": 1.5430259195963543, "pc": 0.14619883040935672, "marker_score": 0.38103502301712966, "symbol": "GBP4", "name": "guanylate binding protein 4", "organism": "Homo sapiens", "tissue": "liver"}, {"me": 1.7289983896108774, "pc": 0.1267056530214425, "marker_score": 0.37605101247380796, "symbol": "NEIL1", "name": "nei like DNA glycosylase 1", "organism": "Homo sapiens", "tissue": "liver"}, {"me": 1.7087648453251008, "pc": 0.30214424951267055, "marker_score": 0.3587129968949579, "symbol": "MIS18BP1", "name": "MIS18 binding protein 1", "organism": "Homo sapiens", "tissue": "liver"}, {"me": 2.015431359696062, "pc": 0.7115009746588694, "marker_score": 0.3509366265366846, "symbol": "SOX4", "name": "SRY-box transcription factor 4", "organism": "Homo sapiens", "tissue": "liver"}, {"me": 1.5140931100556345, "pc": 0.1286549707602339, "marker_score": 0.3508394433084859, "symbol": "C1QTNF4", "name": "C1q and TNF related 4", "organism": "Homo sapiens", "tissue": "liver"}, {"me": 1.560895566587095, "pc": 0.10526315789473684, "marker_score": 0.3408409408962066, "symbol": "PPP2R3B", "name": "protein phosphatase 2 regulatory subunit B''beta", "organism": "Homo sapiens", "tissue": "liver"}, {"me": 1.5236852309283089, "pc": 0.09941520467836257, "marker_score": 0.32829232116329576, "symbol": "ALDH5A1", "name": "aldehyde dehydrogenase 5 family member A1", "organism": "Homo sapiens", "tissue": "liver"}, {"me": 1.525779266357422, "pc": 0.09746588693957114, "marker_score": 0.32457107842969507, "symbol": "P4HA2", "name": "prolyl 4-hydroxylase subunit alpha 2", "organism": "Homo sapiens", "tissue": "liver"}, {"me": 1.8455582405756978, "pc": 0.4015594541910331, "marker_score": 0.3207493389176464, "symbol": "IGHM", "name": "immunoglobulin heavy constant mu", "organism": "Homo sapiens", "tissue": "liver"}, {"me": 1.5889062881469727, "pc": 0.0935672514619883, "marker_score": 0.31887264883863553, "symbol": "RAG2", "name": "recombination activating 2", "organism": "Homo sapiens", "tissue": "liver"}, {"me": 1.4827164359714673, "pc": 0.08966861598440545, "marker_score": 0.31094398479489493, "symbol": "PAX5", "name": "paired box 5", "organism": "Homo sapiens", "tissue": "liver"}, {"me": 1.6130199856228298, "pc": 0.08771929824561403, "marker_score": 0.30917210581306703, "symbol": "LCN6", "name": "lipocalin 6", "organism": "Homo sapiens", "tissue": "liver"}, {"me": 1.5771194651157041, "pc": 0.1539961013645224, "marker_score": 0.30613585956818884, "symbol": "PRDM2", "name": "PR/SET domain 2", "organism": "Homo sapiens", "tissue": "liver"}, {"me": 4.152806130279961, "pc": 0.9922027290448343, "marker_score": 0.3034164558647036, "symbol": "PTMA", "name": "prothymosin alpha", "organism": "Homo sapiens", "tissue": "liver"}, {"me": 1.4831456271084873, "pc": 0.08576998050682261, "marker_score": 0.3029666423450905, "symbol": "LINC00426", "name": "long intergenic non-protein coding RNA 426", "organism": "Homo sapiens", "tissue": "liver"}, {"me": 1.4726566048555596, "pc": 0.08382066276803118, "marker_score": 0.30106986071526237, "symbol": "DTX1", "name": "deltex E3 ubiquitin ligase 1", "organism": "Homo sapiens", "tissue": "liver"}, {"me": 1.485932950620298, "pc": 0.10526315789473684, "marker_score": 0.30014102326948733, "symbol": "QRSL1", "name": "glutaminyl-tRNA amidotransferase subunit QRSL1", "organism": "Homo sapiens", "tissue": "liver"}, {"me": 1.617913202408257, "pc": 0.2124756335282651, "marker_score": 0.29865015520291643, "symbol": "CD38", "name": "CD38 molecule", "organism": "Homo sapiens", "tissue": "liver"}, {"me": 1.5716732343037922, "pc": 0.0935672514619883, "marker_score": 0.28059278261882104, "symbol": "SLC35E3", "name": "solute carrier family 35 member E3", "organism": "Homo sapiens", "tissue": "liver"}, {"me": 1.5145277056777686, "pc": 0.1111111111111111, "marker_score": 0.27370038534542546, "symbol": "TTC7A", "name": "tetratricopeptide repeat domain 7A", "organism": "Homo sapiens", "tissue": "liver"}, {"me": 1.4503313302993774, "pc": 0.06237816764132553, "marker_score": 0.2548628221039589, "symbol": "SMIM3", "name": "small integral membrane protein 3", "organism": "Homo sapiens", "tissue": "liver"}, {"me": 1.467487234818308, "pc": 0.07407407407407407, "marker_score": 0.2530364974956662, "symbol": "HMCES", "name": "5-hydroxymethylcytosine binding, ES cell specific", "organism": "Homo sapiens", "tissue": "liver"}, {"me": 1.6697384760929987, "pc": 0.20272904483430798, "marker_score": 0.2515490229638893, "symbol": "GAB1", "name": "GRB2 associated binding protein 1", "organism": "Homo sapiens", "tissue": "liver"}, {"me": 1.5070691601983432, "pc": 0.11306042884990253, "marker_score": 0.2514381135176969, "symbol": "S1PR4", "name": "sphingosine-1-phosphate receptor 4", "organism": "Homo sapiens", "tissue": "liver"}, {"me": 1.5669996044303798, "pc": 0.1539961013645224, "marker_score": 0.25067058708952994, "symbol": "YPEL3", "name": "yippee like 3", "organism": "Homo sapiens", "tissue": "liver"}, {"me": 1.531969706217448, "pc": 0.16374269005847952, "marker_score": 0.24064690956373358, "symbol": "DCP2", "name": "decapping mRNA 2", "organism": "Homo sapiens", "tissue": "liver"}, {"me": 1.5613450675175107, "pc": 0.056530214424951264, "marker_score": 0.2402126784018253, "symbol": "LIG4", "name": "DNA ligase 4", "organism": "Homo sapiens", "tissue": "liver"}, {"me": 1.9825156664756274, "pc": 0.5048732943469786, "marker_score": 0.23898164531895189, "symbol": "CD9", "name": "CD9 molecule", "organism": "Homo sapiens", "tissue": "liver"}, {"me": 1.4374033610026042, "pc": 0.07602339181286549, "marker_score": 0.23109422455363404, "symbol": "CDK6-AS1", "name": "CDK6 antisense RNA 1", "organism": "Homo sapiens", "tissue": "liver"}, {"me": 1.6688411937040442, "pc": 0.3645224171539961, "marker_score": 0.22342798974781916, "symbol": "IFI16", "name": "interferon gamma inducible protein 16", "organism": "Homo sapiens", "tissue": "liver"}, {"me": 1.4889965672646799, "pc": 0.06042884990253411, "marker_score": 0.21795984334272336, "symbol": "MEX3C", "name": "mex-3 RNA binding family member C", "organism": "Homo sapiens", "tissue": "liver"}, {"me": 1.5570141336192256, "pc": 0.04483430799220273, "marker_score": 0.21502816902783736, "symbol": "PLEKHG4B", "name": "pleckstrin homology and RhoGEF domain containing G4B", "organism": "Homo sapiens", "tissue": "liver"}, {"me": 1.434919834136963, "pc": 0.04678362573099415, "marker_score": 0.21469483816233448, "symbol": "SLC8A1-AS1", "name": "SLC8A1 antisense RNA 1", "organism": "Homo sapiens", "tissue": "liver"}, {"me": 1.7383092006790304, "pc": 0.20857699805068225, "marker_score": 0.20267304362242444, "symbol": "H2AC6", "name": "H2A clustered histone 6", "organism": "Homo sapiens", "tissue": "liver"}, {"me": 1.7944611942066866, "pc": 0.530214424951267, "marker_score": 0.20202954646196655, "symbol": "GMFG", "name": "glia maturation factor gamma", "organism": "Homo sapiens", "tissue": "liver"}, {"me": 1.5301655769348144, "pc": 0.03898635477582846, "marker_score": 0.2011817306227226, "symbol": "DUSP26", "name": "dual specificity phosphatase 26", "organism": "Homo sapiens", "tissue": "liver"}, {"me": 1.7128930388197388, "pc": 0.34502923976608185, "marker_score": 0.1991952324098992, "symbol": "APBB1IP", "name": "amyloid beta precursor protein binding family B member 1 interacting protein", "organism": "Homo sapiens", "tissue": "liver"}, {"me": 1.5108512075323808, "pc": 0.037037037037037035, "marker_score": 0.19519681266763297, "symbol": "ABCG2", "name": "ATP binding cassette subfamily G member 2 (Junior blood group)", "organism": "Homo sapiens", "tissue": "liver"}, {"me": 1.6018330891927084, "pc": 0.2046783625730994, "marker_score": 0.19010715683958238, "symbol": "MTF2", "name": "metal response element binding transcription factor 2", "organism": "Homo sapiens", "tissue": "liver"}, {"me": 1.8343744508947881, "pc": 0.5633528265107213, "marker_score": 0.18899881655356254, "symbol": "ARGLU1", "name": "arginine and glutamate rich 1", "organism": "Homo sapiens", "tissue": "liver"}, {"me": 1.6048040297424908, "pc": 0.20077972709551656, "marker_score": 0.1826276653575311, "symbol": "ATXN7L3B", "name": "ataxin 7 like 3B", "organism": "Homo sapiens", "tissue": "liver"}, {"me": 1.5113985538482666, "pc": 0.06237816764132553, "marker_score": 0.18179873933080376, "symbol": "CEP135", "name": "centrosomal protein 135", "organism": "Homo sapiens", "tissue": "liver"}, {"me": 1.586821759333376, "pc": 0.1189083820662768, "marker_score": 0.18089132098173455, "symbol": "GALNT7", "name": "polypeptide N-acetylgalactosaminyltransferase 7", "organism": "Homo sapiens", "tissue": "liver"}, {"me": 1.9125517058281845, "pc": 0.5126705653021443, "marker_score": 0.1745028649323188, "symbol": "ZEB2", "name": "zinc finger E-box binding homeobox 2", "organism": "Homo sapiens", "tissue": "liver"}, {"me": 1.6499524503140837, "pc": 0.1442495126705653, "marker_score": 0.17405661198171135, "symbol": "ITPR1", "name": "inositol 1,4,5-trisphosphate receptor type 1", "organism": "Homo sapiens", "tissue": "liver"}, {"me": 1.6092273530505952, "pc": 0.2046783625730994, "marker_score": 0.17261819600134662, "symbol": "CHD1", "name": "chromodomain helicase DNA binding protein 1", "organism": "Homo sapiens", "tissue": "liver"}, {"me": 1.9552131548319778, "pc": 0.5692007797270955, "marker_score": 0.16938080826268573, "symbol": "SRSF5", "name": "serine and arginine rich splicing factor 5", "organism": "Homo sapiens", "tissue": "liver"}, {"me": 1.577288114107572, "pc": 0.10136452241715399, "marker_score": 0.16888297988336956, "symbol": "SIAH2", "name": "siah E3 ubiquitin protein ligase 2", "organism": "Homo sapiens", "tissue": "liver"}, {"me": 1.507758123224432, "pc": 0.10721247563352826, "marker_score": 0.16860397680572803, "symbol": "UHRF2", "name": "ubiquitin like with PHD and ring finger domains 2", "organism": "Homo sapiens", "tissue": "liver"}, {"me": 1.6624053563827124, "pc": 0.30409356725146197, "marker_score": 0.1650301966573848, "symbol": "JAK1", "name": "Janus kinase 1", "organism": "Homo sapiens", "tissue": "liver"}, {"me": 1.6403378441220238, "pc": 0.2046783625730994, "marker_score": 0.16204545124882988, "symbol": "GNG11", "name": "G protein subunit gamma 11", "organism": "Homo sapiens", "tissue": "liver"}, {"me": 1.4759181976318358, "pc": 0.03898635477582846, "marker_score": 0.15233697391632195, "symbol": "RIMKLB", "name": "ribosomal modification protein rimK like family member B", "organism": "Homo sapiens", "tissue": "liver"}, {"me": 1.47822145315317, "pc": 0.10136452241715399, "marker_score": 0.15028779284264737, "symbol": "NUB1", "name": "negative regulator of ubiquitin like proteins 1", "organism": "Homo sapiens", "tissue": "liver"}, {"me": 1.5797064644949776, "pc": 0.0682261208576998, "marker_score": 0.1479776390850552, "symbol": "CD27", "name": "CD27 molecule", "organism": "Homo sapiens", "tissue": "liver"}, {"me": 1.5501721122048118, "pc": 0.042884990253411304, "marker_score": 0.144268853734338, "symbol": "ENTPD4", "name": "ectonucleoside triphosphate diphosphohydrolase 4", "organism": "Homo sapiens", "tissue": "liver"}, {"me": 1.7211087544759114, "pc": 0.05263157894736842, "marker_score": 0.14260548011106924, "symbol": "DEPP1", "name": "DEPP autophagy regulator 1", "organism": "Homo sapiens", "tissue": "liver"}, {"me": 1.5409940083821614, "pc": 0.05847953216374269, "marker_score": 0.1368615742602333, "symbol": "ERO1B", "name": "endoplasmic reticulum oxidoreductase 1 beta", "organism": "Homo sapiens", "tissue": "liver"}, {"me": 1.6083277796839808, "pc": 0.21637426900584794, "marker_score": 0.13593442917025383, "symbol": "GLRX", "name": "glutaredoxin", "organism": "Homo sapiens", "tissue": "liver"}, {"me": 1.9909929829259072, "pc": 0.6042884990253411, "marker_score": 0.12882331740653236, "symbol": "TCF4", "name": "transcription factor 4", "organism": "Homo sapiens", "tissue": "liver"}, {"me": 2.0129612650617164, "pc": 0.621832358674464, "marker_score": 0.12588633840485214, "symbol": "TKT", "name": "transketolase", "organism": "Homo sapiens", "tissue": "liver"}, {"me": 1.5497957625479069, "pc": 0.10331384015594541, "marker_score": 0.12357995886466096, "symbol": "TMEM263", "name": "transmembrane protein 263", "organism": "Homo sapiens", "tissue": "liver"}, {"me": 2.0409739294717477, "pc": 0.6705653021442495, "marker_score": 0.12021713410356577, "symbol": "LAPTM5", "name": "lysosomal protein transmembrane 5", "organism": "Homo sapiens", "tissue": "liver"}, {"me": 1.5739938418070476, "pc": 0.0935672514619883, "marker_score": 0.11979573454220661, "symbol": "CREBRF", "name": "CREB3 regulatory factor", "organism": "Homo sapiens", "tissue": "liver"}, {"me": 1.5754635281032987, "pc": 0.08771929824561403, "marker_score": 0.11334497411762612, "symbol": "CD34", "name": "CD34 molecule", "organism": "Homo sapiens", "tissue": "liver"}, {"me": 2.3067617470487476, "pc": 0.8743799129970236, "marker_score": 1.4494568130483356, "symbol": "VPREB3", "name": "V-set pre-B cell surrogate light chain 3", "organism": "Homo sapiens", "tissue": "bone marrow"}, {"me": 2.1788300212008966, "pc": 0.7829504693581623, "marker_score": 1.1346574900962134, "symbol": "VPREB1", "name": "V-set pre-B cell surrogate light chain 1", "organism": "Homo sapiens", "tissue": "bone marrow"}, {"me": 2.01765003747319, "pc": 0.5871174540181637, "marker_score": 1.0649815134562117, "symbol": "DNTT", "name": "DNA nucleotidylexotransferase", "organism": "Homo sapiens", "tissue": "bone marrow"}, {"me": 2.794824747706154, "pc": 0.8172174311226437, "marker_score": 0.9582675601232109, "symbol": "IGLL1", "name": "immunoglobulin lambda like polypeptide 1", "organism": "Homo sapiens", "tissue": "bone marrow"}, {"me": 2.106938199357092, "pc": 0.8576661833167977, "marker_score": 0.8594598653212203, "symbol": "CD79B", "name": "CD79b molecule", "organism": "Homo sapiens", "tissue": "bone marrow"}, {"me": 1.7941420884416501, "pc": 0.4252461268411814, "marker_score": 0.809204794135853, "symbol": "RAG1", "name": "recombination activating 1", "organism": "Homo sapiens", "tissue": "bone marrow"}, {"me": 1.7572283872457262, "pc": 0.5758986491643135, "marker_score": 0.6886970005274671, "symbol": "TOP2B", "name": "DNA topoisomerase II beta", "organism": "Homo sapiens", "tissue": "bone marrow"}, {"me": 1.7865413636765208, "pc": 0.39143707547889794, "marker_score": 0.6553369718748299, "symbol": "ARPP21", "name": "cAMP regulated phosphoprotein 21", "organism": "Homo sapiens", "tissue": "bone marrow"}, {"me": 2.1976238462259694, "pc": 0.6867892848965885, "marker_score": 0.6502900202024029, "symbol": "CD24", "name": "CD24 molecule", "organism": "Homo sapiens", "tissue": "bone marrow"}, {"me": 1.662905084740013, "pc": 0.5272838281309624, "marker_score": 0.6060054608852745, "symbol": "SSBP2", "name": "single stranded DNA binding protein 2", "organism": "Homo sapiens", "tissue": "bone marrow"}, {"me": 1.6550014545118852, "pc": 0.5554453178661375, "marker_score": 0.5729766187518258, "symbol": "SNX2", "name": "sorting nexin 2", "organism": "Homo sapiens", "tissue": "bone marrow"}, {"me": 1.5142209573159038, "pc": 0.29848126383271006, "marker_score": 0.5688347934945868, "symbol": "IRF1-AS1", "name": "IRF1-AS1", "organism": "Homo sapiens", "tissue": "bone marrow"}, {"me": 1.593415742619983, "pc": 0.38601846905288867, "marker_score": 0.5502025243441524, "symbol": "SOCS2", "name": "suppressor of cytokine signaling 2", "organism": "Homo sapiens", "tissue": "bone marrow"}, {"me": 1.5756948617788462, "pc": 0.23315271311913302, "marker_score": 0.5391353144575378, "symbol": "LINC01013", "name": "long intergenic non-protein coding RNA 1013", "organism": "Homo sapiens", "tissue": "bone marrow"}, {"me": 2.245097281058636, "pc": 0.909791650767, "marker_score": 0.5094598400881707, "symbol": "LAPTM5", "name": "lysosomal protein transmembrane 5", "organism": "Homo sapiens", "tissue": "bone marrow"}, {"me": 1.524760275292022, "pc": 0.228268335495688, "marker_score": 0.47677632375586904, "symbol": "FHIT", "name": "fragile histidine triad diadenosine triphosphatase", "organism": "Homo sapiens", "tissue": "bone marrow"}, {"me": 1.5514920756566122, "pc": 0.3425169808440815, "marker_score": 0.4586098317146411, "symbol": "EBF1", "name": "EBF transcription factor 1", "organism": "Homo sapiens", "tissue": "bone marrow"}, {"me": 1.8298294968886761, "pc": 0.6975501793482408, "marker_score": 0.42110003422014497, "symbol": "RCSD1", "name": "RCSD domain containing 1", "organism": "Homo sapiens", "tissue": "bone marrow"}, {"me": 1.9410971564215582, "pc": 0.1581317255590323, "marker_score": 0.4176836677069653, "symbol": "RP11-301G19.1", "name": "RP11-301G19.1", "organism": "Homo sapiens", "tissue": "bone marrow"}, {"me": 1.7346303819262767, "pc": 0.3646493169503167, "marker_score": 0.41595101359754416, "symbol": "TLE4", "name": "TLE family member 4, transcriptional corepressor", "organism": "Homo sapiens", "tissue": "bone marrow"}, {"me": 1.5381370738636364, "pc": 0.20987560100740288, "marker_score": 0.3785635404367012, "symbol": "MDM2", "name": "MDM2 proto-oncogene", "organism": "Homo sapiens", "tissue": "bone marrow"}, {"me": 1.609582792837882, "pc": 0.466992291841563, "marker_score": 0.368742628636019, "symbol": "APBB1IP", "name": "amyloid beta precursor protein binding family B member 1 interacting protein", "organism": "Homo sapiens", "tissue": "bone marrow"}, {"me": 1.5520204410815592, "pc": 0.14966038311836985, "marker_score": 0.3504420448592075, "symbol": "RAG2", "name": "recombination activating 2", "organism": "Homo sapiens", "tissue": "bone marrow"}, {"me": 1.439346186531562, "pc": 0.18346943448065328, "marker_score": 0.33985689391464236, "symbol": "QRSL1", "name": "glutaminyl-tRNA amidotransferase subunit QRSL1", "organism": "Homo sapiens", "tissue": "bone marrow"}, {"me": 1.490323717631991, "pc": 0.3077157902770358, "marker_score": 0.3395532307035471, "symbol": "ADA", "name": "adenosine deaminase", "organism": "Homo sapiens", "tissue": "bone marrow"}, {"me": 1.4697312575120192, "pc": 0.218270625047699, "marker_score": 0.33085054147001075, "symbol": "GABPB1", "name": "GA binding protein transcription factor subunit beta 1", "organism": "Homo sapiens", "tissue": "bone marrow"}, {"me": 1.5473830314175194, "pc": 0.1566053575517057, "marker_score": 0.32763830524674636, "symbol": "CMTM8", "name": "CKLF like MARVEL transmembrane domain containing 8", "organism": "Homo sapiens", "tissue": "bone marrow"}, {"me": 1.4196928217169944, "pc": 0.1290544150194612, "marker_score": 0.31220510391978856, "symbol": "PPP3CC", "name": "protein phosphatase 3 catalytic subunit gamma", "organism": "Homo sapiens", "tissue": "bone marrow"}, {"me": 1.5274584376476532, "pc": 0.18171411127222772, "marker_score": 0.3105314790440517, "symbol": "GAB1", "name": "GRB2 associated binding protein 1", "organism": "Homo sapiens", "tissue": "bone marrow"}, {"me": 1.532783042383558, "pc": 0.11997252537586812, "marker_score": 0.3086892049358189, "symbol": "NPY", "name": "neuropeptide Y", "organism": "Homo sapiens", "tissue": "bone marrow"}, {"me": 1.4454524912732714, "pc": 0.08967412043043578, "marker_score": 0.3070842195371807, "symbol": "LINC00426", "name": "long intergenic non-protein coding RNA 426", "organism": "Homo sapiens", "tissue": "bone marrow"}, {"me": 1.7297808821700928, "pc": 0.1438601846905289, "marker_score": 0.30495774417487304, "symbol": "IGHV5-78", "name": "immunoglobulin heavy variable 5-78 (pseudogene)", "organism": "Homo sapiens", "tissue": "bone marrow"}, {"me": 1.7011500016665397, "pc": 0.5008776616042128, "marker_score": 0.30462406508570516, "symbol": "MZB1", "name": "marginal zone B and B1 cell specific protein", "organism": "Homo sapiens", "tissue": "bone marrow"}, {"me": 1.664619275461773, "pc": 0.2597878348469816, "marker_score": 0.29391556641536587, "symbol": "RASD1", "name": "ras related dexamethasone induced 1", "organism": "Homo sapiens", "tissue": "bone marrow"}, {"me": 1.5485990111332368, "pc": 0.3161871327176982, "marker_score": 0.29272553248169153, "symbol": "ZCCHC7", "name": "zinc finger CCHC-type containing 7", "organism": "Homo sapiens", "tissue": "bone marrow"}, {"me": 1.7613650088989043, "pc": 0.3474013584675265, "marker_score": 0.2873165355172931, "symbol": "UHRF1", "name": "ubiquitin like with PHD and ring finger domains 1", "organism": "Homo sapiens", "tissue": "bone marrow"}, {"me": 1.4366110884435646, "pc": 0.13370983744180723, "marker_score": 0.2866885336374331, "symbol": "GBP4", "name": "guanylate binding protein 4", "organism": "Homo sapiens", "tissue": "bone marrow"}, {"me": 4.223722570082721, "pc": 0.9964130351827826, "marker_score": 0.27679538762731304, "symbol": "PTMA", "name": "prothymosin alpha", "organism": "Homo sapiens", "tissue": "bone marrow"}, {"me": 1.705719455638232, "pc": 0.2775700221323361, "marker_score": 0.2738152314524995, "symbol": "MME", "name": "membrane metalloendopeptidase", "organism": "Homo sapiens", "tissue": "bone marrow"}, {"me": 1.4689539239301044, "pc": 0.268946042890941, "marker_score": 0.27378407432559393, "symbol": "MAD2L2", "name": "mitotic arrest deficient 2 like 2", "organism": "Homo sapiens", "tissue": "bone marrow"}, {"me": 1.5184984645768316, "pc": 0.1161566053575517, "marker_score": 0.2693119673223406, "symbol": "SLC35E3", "name": "solute carrier family 35 member E3", "organism": "Homo sapiens", "tissue": "bone marrow"}, {"me": 1.7046615982055664, "pc": 0.06105472029306266, "marker_score": 0.23728316177740824, "symbol": "TRGV9", "name": "T cell receptor gamma variable 9", "organism": "Homo sapiens", "tissue": "bone marrow"}, {"me": 1.5318955361455227, "pc": 0.07036556513775472, "marker_score": 0.2370119127507187, "symbol": "ALDH5A1", "name": "aldehyde dehydrogenase 5 family member A1", "organism": "Homo sapiens", "tissue": "bone marrow"}, {"me": 1.7251342422772702, "pc": 0.4782110966954133, "marker_score": 0.22627675608309833, "symbol": "MAP1LC3B", "name": "microtubule associated protein 1 light chain 3 beta", "organism": "Homo sapiens", "tissue": "bone marrow"}, {"me": 1.6177864261540376, "pc": 0.2649011676715256, "marker_score": 0.2136269394827173, "symbol": "AURKB", "name": "aurora kinase B", "organism": "Homo sapiens", "tissue": "bone marrow"}, {"me": 1.4270557173146496, "pc": 0.04548576661833168, "marker_score": 0.21203476850492656, "symbol": "LCN6", "name": "lipocalin 6", "organism": "Homo sapiens", "tissue": "bone marrow"}, {"me": 1.3612207749140794, "pc": 0.10081660688391972, "marker_score": 0.21089274769731994, "symbol": "MXD3", "name": "MAX dimerization protein 3", "organism": "Homo sapiens", "tissue": "bone marrow"}, {"me": 1.534759550103548, "pc": 0.2441425627718843, "marker_score": 0.2061267772548999, "symbol": "CALHM6", "name": "calcium homeostasis modulator family member 6", "organism": "Homo sapiens", "tissue": "bone marrow"}, {"me": 1.976773411196738, "pc": 0.6913683889185682, "marker_score": 0.19297060483661843, "symbol": "AKAP12", "name": "A-kinase anchoring protein 12", "organism": "Homo sapiens", "tissue": "bone marrow"}, {"me": 1.4571762386518035, "pc": 0.057925665878043195, "marker_score": 0.1905745629659354, "symbol": "SLC8A1-AS1", "name": "SLC8A1 antisense RNA 1", "organism": "Homo sapiens", "tissue": "bone marrow"}, {"me": 1.6776813809567086, "pc": 0.03464855376631306, "marker_score": 0.18788426418286283, "symbol": "DUSP26", "name": "dual specificity phosphatase 26", "organism": "Homo sapiens", "tissue": "bone marrow"}, {"me": 1.5552303353535761, "pc": 0.14805769671067695, "marker_score": 0.18367955323651824, "symbol": "MLXIP", "name": "MLX interacting protein", "organism": "Homo sapiens", "tissue": "bone marrow"}, {"me": 1.4555800033787725, "pc": 0.24528733877737924, "marker_score": 0.18331378192981382, "symbol": "POU2AF1", "name": "POU class 2 homeobox associating factor 1", "organism": "Homo sapiens", "tissue": "bone marrow"}, {"me": 1.5179209147029797, "pc": 0.35281996489353584, "marker_score": 0.1826514779912901, "symbol": "DCK", "name": "deoxycytidine kinase", "organism": "Homo sapiens", "tissue": "bone marrow"}, {"me": 1.3928977156107405, "pc": 0.0344959169655804, "marker_score": 0.18189481020574383, "symbol": "LINC02202", "name": "long intergenic non-protein coding RNA 2202", "organism": "Homo sapiens", "tissue": "bone marrow"}, {"me": 1.4255344717277982, "pc": 0.08830038922384187, "marker_score": 0.1693521051288748, "symbol": "RIMKLB", "name": "ribosomal modification protein rimK like family member B", "organism": "Homo sapiens", "tissue": "bone marrow"}, {"me": 1.5314149715232446, "pc": 0.10814317331908724, "marker_score": 0.16591464737538922, "symbol": "TP53INP1", "name": "tumor protein p53 inducible nuclear protein 1", "organism": "Homo sapiens", "tissue": "bone marrow"}, {"me": 1.524012957200086, "pc": 0.31076852629168894, "marker_score": 0.16544499182466518, "symbol": "CMTM7", "name": "CKLF like MARVEL transmembrane domain containing 7", "organism": "Homo sapiens", "tissue": "bone marrow"}, {"me": 1.881518189109294, "pc": 0.3975425475082042, "marker_score": 0.16248156885900217, "symbol": "CCND3", "name": "cyclin D3", "organism": "Homo sapiens", "tissue": "bone marrow"}, {"me": 1.4675803324930008, "pc": 0.18400366328321757, "marker_score": 0.15642563611047405, "symbol": "LEF1", "name": "lymphoid enhancer binding factor 1", "organism": "Homo sapiens", "tissue": "bone marrow"}, {"me": 1.4416724222029118, "pc": 0.21819430664733266, "marker_score": 0.15491104482684148, "symbol": "PAG1", "name": "phosphoprotein membrane anchor with glycosphingolipid microdomains 1", "organism": "Homo sapiens", "tissue": "bone marrow"}, {"me": 1.7514880552610943, "pc": 0.3079447454781348, "marker_score": 0.15466725979253232, "symbol": "CDK1", "name": "cyclin dependent kinase 1", "organism": "Homo sapiens", "tissue": "bone marrow"}, {"me": 2.719038407311571, "pc": 0.7189193314508128, "marker_score": 0.15342199678885185, "symbol": "HMGB2", "name": "high mobility group box 2", "organism": "Homo sapiens", "tissue": "bone marrow"}, {"me": 1.4618990286562308, "pc": 0.031061588949095626, "marker_score": 0.1497374512672178, "symbol": "LIG4", "name": "DNA ligase 4", "organism": "Homo sapiens", "tissue": "bone marrow"}, {"me": 1.5771632058780274, "pc": 0.08311073799893154, "marker_score": 0.1485104744876371, "symbol": "SIAH2", "name": "siah E3 ubiquitin protein ligase 2", "organism": "Homo sapiens", "tissue": "bone marrow"}, {"me": 1.4010466745558203, "pc": 0.193161871327177, "marker_score": 0.14483454260474976, "symbol": "ERGIC1", "name": "endoplasmic reticulum-golgi intermediate compartment 1", "organism": "Homo sapiens", "tissue": "bone marrow"}, {"me": 1.2871724395751953, "pc": 0.07631840036632832, "marker_score": 0.14429021490223326, "symbol": "TTC9C", "name": "tetratricopeptide repeat domain 9C", "organism": "Homo sapiens", "tissue": "bone marrow"}, {"me": 1.3779465431390807, "pc": 0.11814088376707624, "marker_score": 0.14030425896953505, "symbol": "CDK6-AS1", "name": "CDK6 antisense RNA 1", "organism": "Homo sapiens", "tissue": "bone marrow"}, {"me": 1.4887764499557203, "pc": 0.29084942379607726, "marker_score": 0.1376911385358927, "symbol": "GNG7", "name": "G protein subunit gamma 7", "organism": "Homo sapiens", "tissue": "bone marrow"}, {"me": 1.5051346890524302, "pc": 0.213157292223155, "marker_score": 0.13635586094518867, "symbol": "PRKACB", "name": "protein kinase cAMP-activated catalytic subunit beta", "organism": "Homo sapiens", "tissue": "bone marrow"}, {"me": 1.4055049398671027, "pc": 0.017553232084255514, "marker_score": 0.13177447948225202, "symbol": "PLEKHG4B", "name": "pleckstrin homology and RhoGEF domain containing G4B", "organism": "Homo sapiens", "tissue": "bone marrow"}, {"me": 2.1572189950212044, "pc": 0.33854842402503244, "marker_score": 0.12911943226036696, "symbol": "TOP2A", "name": "DNA topoisomerase II alpha", "organism": "Homo sapiens", "tissue": "bone marrow"}, {"me": 1.4509185314440898, "pc": 0.13867053346561856, "marker_score": 0.1283500671164163, "symbol": "CDCA3", "name": "cell division cycle associated 3", "organism": "Homo sapiens", "tissue": "bone marrow"}, {"me": 1.5577275171895586, "pc": 0.40547966114630235, "marker_score": 0.1271886353408386, "symbol": "WASF2", "name": "WASP family member 2", "organism": "Homo sapiens", "tissue": "bone marrow"}, {"me": 1.411880673436676, "pc": 0.18087460886819812, "marker_score": 0.12365176118511288, "symbol": "FAM111A", "name": "FAM111 trypsin like peptidase A", "organism": "Homo sapiens", "tissue": "bone marrow"}, {"me": 1.3413189934122023, "pc": 0.048920094634816454, "marker_score": 0.12335650374877531, "symbol": "PSRC1", "name": "proline and serine rich coiled-coil 1", "organism": "Homo sapiens", "tissue": "bone marrow"}, {"me": 1.5277468807460648, "pc": 0.2775700221323361, "marker_score": 0.12208190942959937, "symbol": "BLNK", "name": "B cell linker", "organism": "Homo sapiens", "tissue": "bone marrow"}, {"me": 1.4125616181571528, "pc": 0.08089750438830802, "marker_score": 0.12088988092409995, "symbol": "CENPA", "name": "centromere protein A", "organism": "Homo sapiens", "tissue": "bone marrow"}, {"me": 1.385262269313263, "pc": 0.15317102953522094, "marker_score": 0.11931918680383456, "symbol": "HMCES", "name": "5-hydroxymethylcytosine binding, ES cell specific", "organism": "Homo sapiens", "tissue": "bone marrow"}, {"me": 1.8591131254525959, "pc": 0.08562924521102037, "marker_score": 0.11723289758997728, "symbol": "NPPC", "name": "natriuretic peptide C", "organism": "Homo sapiens", "tissue": "bone marrow"}, {"me": 1.5639381528274392, "pc": 0.09738227886743493, "marker_score": 0.11113156127702807, "symbol": "CDK13", "name": "cyclin dependent kinase 13", "organism": "Homo sapiens", "tissue": "bone marrow"}, {"me": 1.362235502763228, "pc": 0.09402426925131649, "marker_score": 0.11033782071801855, "symbol": "CEP135", "name": "centrosomal protein 135", "organism": "Homo sapiens", "tissue": "bone marrow"}, {"me": 1.3633536126954704, "pc": 0.10615889490956269, "marker_score": 0.10824639015182555, "symbol": "CKAP2L", "name": "cytoskeleton associated protein 2 like", "organism": "Homo sapiens", "tissue": "bone marrow"}, {"me": 1.2780232105440306, "pc": 0.0471647714263909, "marker_score": 0.10689105400638989, "symbol": "SCMH1", "name": "Scm polycomb group protein homolog 1", "organism": "Homo sapiens", "tissue": "bone marrow"}, {"me": 1.4466064923142705, "pc": 0.06937342593299245, "marker_score": 0.1057543965693064, "symbol": "EDEM1", "name": "ER degradation enhancing alpha-mannosidase like protein 1", "organism": "Homo sapiens", "tissue": "bone marrow"}, {"me": 1.578459282443948, "pc": 0.011142486453483934, "marker_score": 0.10501763154000984, "symbol": "SH2D4B", "name": "SH2 domain containing 4B", "organism": "Homo sapiens", "tissue": "bone marrow"}, {"me": 1.310361050043005, "pc": 0.04319621460734183, "marker_score": 0.10359675248943222, "symbol": "RP5-1086D14.6", "name": "OTU deubiquitinase 7A pseudogene", "organism": "Homo sapiens", "tissue": "bone marrow"}, {"me": 1.599407043786239, "pc": 0.07074715713958635, "marker_score": 0.10349315591759382, "symbol": "SMAD1", "name": "SMAD family member 1", "organism": "Homo sapiens", "tissue": "bone marrow"}, {"me": 1.3664055560497528, "pc": 0.05380447225826147, "marker_score": 0.10341695147319503, "symbol": "PIMREG", "name": "PICALM interacting mitotic regulator", "organism": "Homo sapiens", "tissue": "bone marrow"}, {"me": 1.4404474802472351, "pc": 0.06876287873006182, "marker_score": 0.10294352813915025, "symbol": "KIF20A", "name": "kinesin family member 20A", "organism": "Homo sapiens", "tissue": "bone marrow"}, {"me": 1.3211121343797254, "pc": 0.02365870411356178, "marker_score": 0.10260378881766123, "symbol": "CCDC81", "name": "coiled-coil domain containing 81", "organism": "Homo sapiens", "tissue": "bone marrow"}, {"me": 1.3881125663489986, "pc": 0.14157063267953904, "marker_score": 0.10243424117335999, "symbol": "KIFC1", "name": "kinesin family member C1", "organism": "Homo sapiens", "tissue": "bone marrow"}, {"me": 1.6180387937105618, "pc": 0.009921392047622681, "marker_score": 0.09898038059939615, "symbol": "PNPLA7", "name": "patatin like phospholipase domain containing 7", "organism": "Homo sapiens", "tissue": "bone marrow"}, {"me": 1.866770321784099, "pc": 0.4302831412653591, "marker_score": 0.0985139388663626, "symbol": "SMC4", "name": "structural maintenance of chromosomes 4", "organism": "Homo sapiens", "tissue": "bone marrow"}, {"me": 1.4538246421547203, "pc": 0.05456765626192475, "marker_score": 0.0951564061071701, "symbol": "TAPT1", "name": "transmembrane anterior posterior transformation 1", "organism": "Homo sapiens", "tissue": "bone marrow"}, {"me": 1.4917581318475717, "pc": 0.31389758070670837, "marker_score": 0.09472461199027522, "symbol": "CARHSP1", "name": "calcium regulated heat stable protein 1", "organism": "Homo sapiens", "tissue": "bone marrow"}, {"me": 1.3335795799891155, "pc": 0.1172250629626803, "marker_score": 0.09290952781198689, "symbol": "NRM", "name": "nurim", "organism": "Homo sapiens", "tissue": "bone marrow"}, {"me": 1.9570002096090542, "pc": 0.539036861787377, "marker_score": 0.08810941236013817, "symbol": "H1-2", "name": "H1.2 linker histone, cluster member", "organism": "Homo sapiens", "tissue": "bone marrow"}, {"me": 1.5634844434594937, "pc": 0.2754331069220789, "marker_score": 0.08796838968195535, "symbol": "LMNB1", "name": "lamin B1", "organism": "Homo sapiens", "tissue": "bone marrow"}, {"me": 1.596596778546363, "pc": 0.365641456155079, "marker_score": 0.08700823228727808, "symbol": "TMEM243", "name": "transmembrane protein 243", "organism": "Homo sapiens", "tissue": "bone marrow"}, {"me": 2.3082484246958033, "pc": 0.8528768090363572, "marker_score": 2.1205915317238277, "symbol": "VPREB3", "name": "V-set pre-B cell surrogate light chain 3", "organism": "Homo sapiens", "tissue": "All Tissues"}, {"me": 2.112449934163589, "pc": 0.8410871867278503, "marker_score": 1.9449460210046254, "symbol": "CD79B", "name": "CD79b molecule", "organism": "Homo sapiens", "tissue": "All Tissues"}, {"me": 2.792199010287816, "pc": 0.799011648429227, "marker_score": 1.7353870585307611, "symbol": "IGLL1", "name": "immunoglobulin lambda like polypeptide 1", "organism": "Homo sapiens", "tissue": "All Tissues"}, {"me": 2.182376385169781, "pc": 0.7744440522414402, "marker_score": 1.6705663514824107, "symbol": "VPREB1", "name": "V-set pre-B cell surrogate light chain 1", "organism": "Homo sapiens", "tissue": "All Tissues"}, {"me": 1.8337272030420873, "pc": 0.6785033533356866, "marker_score": 1.2194470055112236, "symbol": "RCSD1", "name": "RCSD domain containing 1", "organism": "Homo sapiens", "tissue": "All Tissues"}, {"me": 2.0242479245648637, "pc": 0.5749382280268267, "marker_score": 1.1056724441884178, "symbol": "DNTT", "name": "DNA nucleotidylexotransferase", "organism": "Homo sapiens", "tissue": "All Tissues"}, {"me": 1.7650567612367942, "pc": 0.5613130956583128, "marker_score": 0.8595317182154735, "symbol": "TOP2B", "name": "DNA topoisomerase II beta", "organism": "Homo sapiens", "tissue": "All Tissues"}, {"me": 1.7996194040651143, "pc": 0.4134839392869749, "marker_score": 0.8035503652523516, "symbol": "RAG1", "name": "recombination activating 1", "organism": "Homo sapiens", "tissue": "All Tissues"}, {"me": 1.6539145148080605, "pc": 0.5346981997882104, "marker_score": 0.7990878317792525, "symbol": "SNX2", "name": "sorting nexin 2", "organism": "Homo sapiens", "tissue": "All Tissues"}, {"me": 2.23853328844451, "pc": 0.8969290504765266, "marker_score": 0.7905298567536263, "symbol": "LAPTM5", "name": "lysosomal protein transmembrane 5", "organism": "Homo sapiens", "tissue": "All Tissues"}, {"me": 4.2019667981205275, "pc": 0.9963289798799859, "marker_score": 0.7551781442287677, "symbol": "PTMA", "name": "prothymosin alpha", "organism": "Homo sapiens", "tissue": "All Tissues"}, {"me": 1.7958882926618354, "pc": 0.38905753618072714, "marker_score": 0.7139440945292724, "symbol": "ARPP21", "name": "cAMP regulated phosphoprotein 21", "organism": "Homo sapiens", "tissue": "All Tissues"}, {"me": 1.9880358879084583, "pc": 0.677303212142605, "marker_score": 0.6813405550623006, "symbol": "AKAP12", "name": "A-kinase anchoring protein 12", "organism": "Homo sapiens", "tissue": "All Tissues"}, {"me": 1.5974094376474057, "pc": 0.37416166607836215, "marker_score": 0.6720261727320058, "symbol": "SOCS2", "name": "suppressor of cytokine signaling 2", "organism": "Homo sapiens", "tissue": "All Tissues"}, {"me": 1.7088216378348213, "pc": 0.4941757853865161, "marker_score": 0.6102756940023552, "symbol": "MZB1", "name": "marginal zone B and B1 cell specific protein", "organism": "Homo sapiens", "tissue": "All Tissues"}, {"me": 1.5142209573159038, "pc": 0.27610307094952347, "marker_score": 0.5975965932225046, "symbol": "IRF1-AS1", "name": "IRF1-AS1", "organism": "Homo sapiens", "tissue": "All Tissues"}, {"me": 1.59750482038741, "pc": 0.35340628309212846, "marker_score": 0.5846973227002872, "symbol": "TMEM243", "name": "transmembrane protein 243", "organism": "Homo sapiens", "tissue": "All Tissues"}, {"me": 1.7659523845022265, "pc": 0.33293328626897284, "marker_score": 0.5717605074532198, "symbol": "UHRF1", "name": "ubiquitin like with PHD and ring finger domains 1", "organism": "Homo sapiens", "tissue": "All Tissues"}, {"me": 1.9534954637954205, "pc": 0.5187433815743029, "marker_score": 0.5679967998568075, "symbol": "H1-2", "name": "H1.2 linker histone, cluster member", "organism": "Homo sapiens", "tissue": "All Tissues"}, {"me": 1.517156179598572, "pc": 0.33490998941051886, "marker_score": 0.5596089656786142, "symbol": "DCK", "name": "deoxycytidine kinase", "organism": "Homo sapiens", "tissue": "All Tissues"}, {"me": 1.6394774597101842, "pc": 0.32580303565125307, "marker_score": 0.5592169698228002, "symbol": "MYB", "name": "MYB proto-oncogene, transcription factor", "organism": "Homo sapiens", "tissue": "All Tissues"}, {"me": 1.4900381926682114, "pc": 0.29325803035651254, "marker_score": 0.5487818102913753, "symbol": "ADA", "name": "adenosine deaminase", "organism": "Homo sapiens", "tissue": "All Tissues"}, {"me": 2.6976381067576143, "pc": 0.6953759265795976, "marker_score": 0.5422447575289245, "symbol": "HMGB2", "name": "high mobility group box 2", "organism": "Homo sapiens", "tissue": "All Tissues"}, {"me": 1.5717230315746051, "pc": 0.3262266148958701, "marker_score": 0.5361294071888129, "symbol": "CD38", "name": "CD38 molecule", "organism": "Homo sapiens", "tissue": "All Tissues"}, {"me": 1.5302120619990125, "pc": 0.3038475114719379, "marker_score": 0.5355994531762781, "symbol": "CMTM7", "name": "CKLF like MARVEL transmembrane domain containing 7", "organism": "Homo sapiens", "tissue": "All Tissues"}, {"me": 1.5802832826197557, "pc": 0.22548535121779034, "marker_score": 0.5283053716608439, "symbol": "LINC01013", "name": "long intergenic non-protein coding RNA 1013", "organism": "Homo sapiens", "tissue": "All Tissues"}, {"me": 1.6136103736360095, "pc": 0.45287680903635724, "marker_score": 0.519022016639358, "symbol": "APBB1IP", "name": "amyloid beta precursor protein binding family B member 1 interacting protein", "organism": "Homo sapiens", "tissue": "All Tissues"}, {"me": 3.1983824573863635, "pc": 0.8542181433109778, "marker_score": 0.5176400517103448, "symbol": "HMGB1", "name": "high mobility group box 1", "organism": "Homo sapiens", "tissue": "All Tissues"}, {"me": 1.6216238170149992, "pc": 0.41948464525238266, "marker_score": 0.5159204749413575, "symbol": "MIS18BP1", "name": "MIS18 binding protein 1", "organism": "Homo sapiens", "tissue": "All Tissues"}, {"me": 1.8965931178514037, "pc": 0.7468408048005648, "marker_score": 0.5046097745567586, "symbol": "TKT", "name": "transketolase", "organism": "Homo sapiens", "tissue": "All Tissues"}, {"me": 1.4574212173572754, "pc": 0.23325097070243558, "marker_score": 0.4868200796444687, "symbol": "POU2AF1", "name": "POU class 2 homeobox associating factor 1", "organism": "Homo sapiens", "tissue": "All Tissues"}, {"me": 1.4731881097800408, "pc": 0.2563360395340628, "marker_score": 0.4800627070684652, "symbol": "MAD2L2", "name": "mitotic arrest deficient 2 like 2", "organism": "Homo sapiens", "tissue": "All Tissues"}, {"me": 1.8474567433255948, "pc": 0.4865513589834098, "marker_score": 0.4564947352269858, "symbol": "IGHM", "name": "immunoglobulin heavy constant mu", "organism": "Homo sapiens", "tissue": "All Tissues"}, {"me": 1.441466529830963, "pc": 0.17684433462760324, "marker_score": 0.4230826808811543, "symbol": "QRSL1", "name": "glutaminyl-tRNA amidotransferase subunit QRSL1", "organism": "Homo sapiens", "tissue": "All Tissues"}, {"me": 1.6162558721518079, "pc": 0.2495587716201906, "marker_score": 0.4197499767678148, "symbol": "AURKB", "name": "aurora kinase B", "organism": "Homo sapiens", "tissue": "All Tissues"}, {"me": 1.469789540643923, "pc": 0.20402400282386163, "marker_score": 0.411900443392141, "symbol": "GABPB1", "name": "GA binding protein transcription factor subunit beta 1", "organism": "Homo sapiens", "tissue": "All Tissues"}, {"me": 1.936575339863533, "pc": 0.15333568655135899, "marker_score": 0.4110448960836352, "symbol": "RP11-301G19.1", "name": "RP11-301G19.1", "organism": "Homo sapiens", "tissue": "All Tissues"}, {"me": 1.7447151398374374, "pc": 0.3669608189198729, "marker_score": 0.4055386521390802, "symbol": "TLE4", "name": "TLE family member 4, transcriptional corepressor", "organism": "Homo sapiens", "tissue": "All Tissues"}, {"me": 1.8960879571617344, "pc": 0.3328626897282033, "marker_score": 0.40448702128705344, "symbol": "NUSAP1", "name": "nucleolar and spindle associated protein 1", "organism": "Homo sapiens", "tissue": "All Tissues"}, {"me": 1.5524273496685606, "pc": 0.1444405224144017, "marker_score": 0.40219288300798317, "symbol": "RAG2", "name": "recombination activating 2", "organism": "Homo sapiens", "tissue": "All Tissues"}, {"me": 1.4914932250976562, "pc": 0.2801270737733851, "marker_score": 0.39894654194301427, "symbol": "GNG7", "name": "G protein subunit gamma 7", "organism": "Homo sapiens", "tissue": "All Tissues"}, {"me": 1.528030549636995, "pc": 0.26558418637486764, "marker_score": 0.3934002212736548, "symbol": "BLNK", "name": "B cell linker", "organism": "Homo sapiens", "tissue": "All Tissues"}, {"me": 1.5349947122427134, "pc": 0.23494528768090364, "marker_score": 0.3914876487399317, "symbol": "CALHM6", "name": "calcium homeostasis modulator family member 6", "organism": "Homo sapiens", "tissue": "All Tissues"}, {"me": 1.7241083036402156, "pc": 0.13745146487822096, "marker_score": 0.3909266455641147, "symbol": "IGHV5-78", "name": "immunoglobulin heavy variable 5-78 (pseudogene)", "organism": "Homo sapiens", "tissue": "All Tissues"}, {"me": 1.8652659543333405, "pc": 0.4098835157077303, "marker_score": 0.38418550796963, "symbol": "SMC4", "name": "structural maintenance of chromosomes 4", "organism": "Homo sapiens", "tissue": "All Tissues"}, {"me": 1.4790593652303379, "pc": 0.17077303212142605, "marker_score": 0.37854567746976203, "symbol": "TCF3", "name": "transcription factor 3", "organism": "Homo sapiens", "tissue": "All Tissues"}, {"me": 1.9128291858417965, "pc": 0.3071655488881045, "marker_score": 0.37637719678868387, "symbol": "RRM2", "name": "ribonucleotide reductase regulatory subunit M2", "organism": "Homo sapiens", "tissue": "All Tissues"}, {"me": 1.4960573567388569, "pc": 0.28746911401341335, "marker_score": 0.36795323287322923, "symbol": "MPP1", "name": "MAGUK p55 scaffold protein 1", "organism": "Homo sapiens", "tissue": "All Tissues"}, {"me": 1.874283809998304, "pc": 0.36420755382986236, "marker_score": 0.36342142852947446, "symbol": "H1-3", "name": "H1.3 linker histone, cluster member", "organism": "Homo sapiens", "tissue": "All Tissues"}, {"me": 1.6477762393574011, "pc": 0.27829156371337804, "marker_score": 0.36184270312618466, "symbol": "MDM4", "name": "MDM4 regulator of p53", "organism": "Homo sapiens", "tissue": "All Tissues"}, {"me": 1.7505963968481784, "pc": 0.28993999294034595, "marker_score": 0.3564412706667828, "symbol": "CDK1", "name": "cyclin dependent kinase 1", "organism": "Homo sapiens", "tissue": "All Tissues"}, {"me": 1.3810812077849606, "pc": 0.11415460642428521, "marker_score": 0.352991275703078, "symbol": "CDK6-AS1", "name": "CDK6 antisense RNA 1", "organism": "Homo sapiens", "tissue": "All Tissues"}, {"me": 1.703602803653374, "pc": 0.2730674196964349, "marker_score": 0.3469972900530394, "symbol": "H2AX", "name": "H2A.X variant histone", "organism": "Homo sapiens", "tissue": "All Tissues"}, {"me": 2.153354804210604, "pc": 0.32093187433815745, "marker_score": 0.34434206134353124, "symbol": "TOP2A", "name": "DNA topoisomerase II alpha", "organism": "Homo sapiens", "tissue": "All Tissues"}, {"me": 1.4235498098438715, "pc": 0.15877162019061067, "marker_score": 0.3433989994149183, "symbol": "FBXO5", "name": "F-box protein 5", "organism": "Homo sapiens", "tissue": "All Tissues"}, {"me": 2.039741954805183, "pc": 0.784539357571479, "marker_score": 0.33846288459088947, "symbol": "SOX4", "name": "SRY-box transcription factor 4", "organism": "Homo sapiens", "tissue": "All Tissues"}, {"me": 2.0130020288865302, "pc": 0.38037416166607835, "marker_score": 0.33823799196484106, "symbol": "TYMS", "name": "thymidylate synthetase", "organism": "Homo sapiens", "tissue": "All Tissues"}, {"me": 1.4134165050064331, "pc": 0.1723261560183551, "marker_score": 0.3339671649196054, "symbol": "FAM111A", "name": "FAM111 trypsin like peptidase A", "organism": "Homo sapiens", "tissue": "All Tissues"}, {"me": 1.883407581478997, "pc": 0.3815037063183904, "marker_score": 0.3325553662794304, "symbol": "CCND3", "name": "cyclin D3", "organism": "Homo sapiens", "tissue": "All Tissues"}, {"me": 1.38755369919997, "pc": 0.14684080480056477, "marker_score": 0.32072092171949174, "symbol": "HMCES", "name": "5-hydroxymethylcytosine binding, ES cell specific", "organism": "Homo sapiens", "tissue": "All Tissues"}, {"me": 1.7702608045390242, "pc": 0.6612072008471584, "marker_score": 0.3192910472932317, "symbol": "GMFG", "name": "glia maturation factor gamma", "organism": "Homo sapiens", "tissue": "All Tissues"}, {"me": 1.33583097728645, "pc": 0.11189551711966114, "marker_score": 0.3168580928440091, "symbol": "NRM", "name": "nurim", "organism": "Homo sapiens", "tissue": "All Tissues"}, {"me": 1.7192791152807605, "pc": 0.27942110836569006, "marker_score": 0.3160796995519001, "symbol": "MME", "name": "membrane metalloendopeptidase", "organism": "Homo sapiens", "tissue": "All Tissues"}, {"me": 1.396002811930626, "pc": 0.09989410518884574, "marker_score": 0.30666839460595763, "symbol": "FAM111B", "name": "FAM111 trypsin like peptidase B", "organism": "Homo sapiens", "tissue": "All Tissues"}, {"me": 1.7714346021876646, "pc": 0.2681962583833392, "marker_score": 0.30587978601056576, "symbol": "H2AC6", "name": "H2A clustered histone 6", "organism": "Homo sapiens", "tissue": "All Tissues"}, {"me": 1.7219957553004284, "pc": 0.2595128838686904, "marker_score": 0.30583509853773844, "symbol": "CHORDC1", "name": "cysteine and histidine rich domain containing 1", "organism": "Homo sapiens", "tissue": "All Tissues"}, {"me": 1.4449182737295267, "pc": 0.08782209671726085, "marker_score": 0.304411154514661, "symbol": "LINC00426", "name": "long intergenic non-protein coding RNA 426", "organism": "Homo sapiens", "tissue": "All Tissues"}, {"me": 1.5670624351399303, "pc": 0.26360748323332156, "marker_score": 0.3039259224856443, "symbol": "LMNB1", "name": "lamin B1", "organism": "Homo sapiens", "tissue": "All Tissues"}, {"me": 1.6725201944302335, "pc": 0.46572537945640663, "marker_score": 0.3007381622476989, "symbol": "MEF2C", "name": "myocyte enhancer factor 2C", "organism": "Homo sapiens", "tissue": "All Tissues"}, {"me": 1.4611117933692133, "pc": 0.19901164842922697, "marker_score": 0.2990688359249671, "symbol": "CLEC2D", "name": "C-type lectin domain family 2 member D", "organism": "Homo sapiens", "tissue": "All Tissues"}, {"me": 1.302652756439592, "pc": 0.08436286621955524, "marker_score": 0.29850253297588114, "symbol": "PAX5", "name": "paired box 5", "organism": "Homo sapiens", "tissue": "All Tissues"}, {"me": 1.3690359978096738, "pc": 0.13660430638898693, "marker_score": 0.29702288417195594, "symbol": "S1PR4", "name": "sphingosine-1-phosphate receptor 4", "organism": "Homo sapiens", "tissue": "All Tissues"}, {"me": 1.358251816433281, "pc": 0.14027532650900107, "marker_score": 0.292825579546, "symbol": "ASF1B", "name": "anti-silencing function 1B histone chaperone", "organism": "Homo sapiens", "tissue": "All Tissues"}, {"me": 1.4407797547213754, "pc": 0.13025061771973173, "marker_score": 0.29232158583769996, "symbol": "GBP4", "name": "guanylate binding protein 4", "organism": "Homo sapiens", "tissue": "All Tissues"}, {"me": 1.3923659784752025, "pc": 0.12876809036357217, "marker_score": 0.29070466112042975, "symbol": "KNL1", "name": "kinetochore scaffold 1", "organism": "Homo sapiens", "tissue": "All Tissues"}, {"me": 1.4658323125134738, "pc": 0.24560536533709848, "marker_score": 0.29045004038019584, "symbol": "MTF2", "name": "metal response element binding transcription factor 2", "organism": "Homo sapiens", "tissue": "All Tissues"}, {"me": 1.5108229838490637, "pc": 0.27920931874338156, "marker_score": 0.2898051412409206, "symbol": "SMC2", "name": "structural maintenance of chromosomes 2", "organism": "Homo sapiens", "tissue": "All Tissues"}, {"me": 1.4275495375256337, "pc": 0.23882809742322625, "marker_score": 0.2884073031872054, "symbol": "ZWINT", "name": "ZW10 interacting kinetochore protein", "organism": "Homo sapiens", "tissue": "All Tissues"}, {"me": 1.515266361249574, "pc": 0.3106953759265796, "marker_score": 0.2837306112725469, "symbol": "RNASEH2B", "name": "ribonuclease H2 subunit B", "organism": "Homo sapiens", "tissue": "All Tissues"}, {"me": 1.4880142869242712, "pc": 0.24581715495940698, "marker_score": 0.2828907791787317, "symbol": "CDCA7", "name": "cell division cycle associated 7", "organism": "Homo sapiens", "tissue": "All Tissues"}, {"me": 1.4819842277243696, "pc": 0.2701023649841158, "marker_score": 0.27746769275428856, "symbol": "USP1", "name": "ubiquitin specific peptidase 1", "organism": "Homo sapiens", "tissue": "All Tissues"}, {"me": 1.7573364119813115, "pc": 0.08196258383339217, "marker_score": 0.27725231541159323, "symbol": "NEIL1", "name": "nei like DNA glycosylase 1", "organism": "Homo sapiens", "tissue": "All Tissues"}, {"me": 1.3925358114794184, "pc": 0.13547476173667491, "marker_score": 0.27327155865177544, "symbol": "KIFC1", "name": "kinesin family member C1", "organism": "Homo sapiens", "tissue": "All Tissues"}, {"me": 1.3654660263008058, "pc": 0.10074126367807977, "marker_score": 0.27214991676324085, "symbol": "CKAP2L", "name": "cytoskeleton associated protein 2 like", "organism": "Homo sapiens", "tissue": "All Tissues"}, {"me": 1.8534622192382812, "pc": 0.0801976703141546, "marker_score": 0.2715735603870586, "symbol": "NPPC", "name": "natriuretic peptide C", "organism": "Homo sapiens", "tissue": "All Tissues"}, {"me": 1.5200274117385284, "pc": 0.11154253441581362, "marker_score": 0.2700222025931438, "symbol": "SLC35E3", "name": "solute carrier family 35 member E3", "organism": "Homo sapiens", "tissue": "All Tissues"}, {"me": 1.414206306743525, "pc": 0.20903635721849628, "marker_score": 0.2697861368177374, "symbol": "CENPU", "name": "centromere protein U", "organism": "Homo sapiens", "tissue": "All Tissues"}, {"me": 1.322297664957309, "pc": 0.123120367102012, "marker_score": 0.2696948705105523, "symbol": "MND1", "name": "meiotic nuclear divisions 1", "organism": "Homo sapiens", "tissue": "All Tissues"}, {"me": 1.7305472890952764, "pc": 0.4711613130956583, "marker_score": 0.26706522554622114, "symbol": "MAP1LC3B", "name": "microtubule associated protein 1 light chain 3 beta", "organism": "Homo sapiens", "tissue": "All Tissues"}, {"me": 1.8957575607384256, "pc": 0.31888457465584186, "marker_score": 0.26637054436166263, "symbol": "MKI67", "name": "marker of proliferation Ki-67", "organism": "Homo sapiens", "tissue": "All Tissues"}, {"me": 2.0897331136530624, "pc": 0.7446523120367102, "marker_score": 0.26061665415983376, "symbol": "PCBP2", "name": "poly(rC) binding protein 2", "organism": "Homo sapiens", "tissue": "All Tissues"}, {"me": 1.3641713215210776, "pc": 0.0952347334980586, "marker_score": 0.2599190976017119, "symbol": "MXD3", "name": "MAX dimerization protein 3", "organism": "Homo sapiens", "tissue": "All Tissues"}, {"me": 1.550377817142482, "pc": 0.11761383692199082, "marker_score": 0.25731871321908156, "symbol": "NPY", "name": "neuropeptide Y", "organism": "Homo sapiens", "tissue": "All Tissues"}, {"me": 1.366318702697754, "pc": 0.09036357218496294, "marker_score": 0.25306403137513306, "symbol": "CEP135", "name": "centrosomal protein 135", "organism": "Homo sapiens", "tissue": "All Tissues"}, {"me": 1.5297702234371027, "pc": 0.06939639957642076, "marker_score": 0.25014265440769967, "symbol": "ALDH5A1", "name": "aldehyde dehydrogenase 5 family member A1", "organism": "Homo sapiens", "tissue": "All Tissues"}, {"me": 1.6669699896093133, "pc": 0.1786798446876103, "marker_score": 0.24995696794078154, "symbol": "ASPM", "name": "assembly factor for spindle microtubules", "organism": "Homo sapiens", "tissue": "All Tissues"}, {"me": 1.4395814142792402, "pc": 0.2799152841510766, "marker_score": 0.24859043605322778, "symbol": "ZNF22", "name": "zinc finger protein 22", "organism": "Homo sapiens", "tissue": "All Tissues"}, {"me": 1.3900519155788265, "pc": 0.17140840098835158, "marker_score": 0.24846638856979325, "symbol": "EZH2", "name": "enhancer of zeste 2 polycomb repressive complex 2 subunit", "organism": "Homo sapiens", "tissue": "All Tissues"}, {"me": 1.456847350592503, "pc": 0.24151076597246735, "marker_score": 0.24841936953957575, "symbol": "MAD2L1", "name": "mitotic arrest deficient 2 like 1", "organism": "Homo sapiens", "tissue": "All Tissues"}, {"me": 1.451955883572253, "pc": 0.13116837274973525, "marker_score": 0.24739417257974705, "symbol": "CDCA3", "name": "cell division cycle associated 3", "organism": "Homo sapiens", "tissue": "All Tissues"}]