[{"me": 3.227912155511811, "pc": 0.6743840271877655, "marker_score": 1.2977073669762547, "symbol": "Aqp2", "name": "aquaporin 2", "organism": "Mus musculus", "tissue": "kidney"}, {"me": 2.872583552117319, "pc": 0.39061172472387423, "marker_score": 0.7496546450541377, "symbol": "Fxyd4", "name": "FXYD domain-containing ion transport regulator 4", "organism": "Mus musculus", "tissue": "kidney"}, {"me": 3.1901898570499685, "pc": 0.3368734069668649, "marker_score": 0.445647374518923, "symbol": "Hsd11b2", "name": "hydroxysteroid 11-beta dehydrogenase 2", "organism": "Mus musculus", "tissue": "kidney"}, {"me": 2.849148771928753, "pc": 0.27166525063721325, "marker_score": 0.44487770596856563, "symbol": "Phactr1", "name": "phosphatase and actin regulator 1", "organism": "Mus musculus", "tissue": "kidney"}, {"me": 3.4616836624528893, "pc": 0.21134239592183518, "marker_score": 0.4427297642106795, "symbol": "Slc14a2", "name": "solute carrier family 14 (urea transporter), member 2", "organism": "Mus musculus", "tissue": "kidney"}, {"me": 2.957983438395049, "pc": 0.25955819881053527, "marker_score": 0.4114348952100657, "symbol": "Camk2b", "name": "calcium/calmodulin-dependent protein kinase II, beta", "organism": "Mus musculus", "tissue": "kidney"}, {"me": 2.9516401228289113, "pc": 0.3882752761257434, "marker_score": 0.3793139786118188, "symbol": "Chd9", "name": "chromodomain helicase DNA binding protein 9", "organism": "Mus musculus", "tissue": "kidney"}, {"me": 1.932229413243825, "pc": 0.14188615123194562, "marker_score": 0.37869080936861266, "symbol": "Tmem45b", "name": "transmembrane protein 45b", "organism": "Mus musculus", "tissue": "kidney"}, {"me": 1.913091100248179, "pc": 0.11299915038232795, "marker_score": 0.3500970104237834, "symbol": "Mal2", "name": "mal, T cell differentiation protein 2", "organism": "Mus musculus", "tissue": "kidney"}, {"me": 1.9926832827775838, "pc": 0.22812234494477485, "marker_score": 0.3487449107481334, "symbol": "Cdh1", "name": "cadherin 1", "organism": "Mus musculus", "tissue": "kidney"}, {"me": 1.8957007810643418, "pc": 0.11172472387425658, "marker_score": 0.34095632239377266, "symbol": "Tspan1", "name": "tetraspanin 1", "organism": "Mus musculus", "tissue": "kidney"}, {"me": 2.5823275551620117, "pc": 0.09791843670348344, "marker_score": 0.32376085719495695, "symbol": "Mgat4c", "name": "MGAT4 family, member C", "organism": "Mus musculus", "tissue": "kidney"}, {"me": 2.3942169323891793, "pc": 0.09643160577740018, "marker_score": 0.3187226829427583, "symbol": "Aqp4", "name": "aquaporin 4", "organism": "Mus musculus", "tissue": "kidney"}, {"me": 2.296864023650375, "pc": 0.15590484282073067, "marker_score": 0.3148549999767141, "symbol": "Cep85", "name": "centrosomal protein 85", "organism": "Mus musculus", "tissue": "kidney"}, {"me": 1.9538011259191177, "pc": 0.09027187765505522, "marker_score": 0.3100018073501559, "symbol": "Scnn1b", "name": "sodium channel, nonvoltage-gated 1 beta", "organism": "Mus musculus", "tissue": "kidney"}, {"me": 2.0055457459928845, "pc": 0.09048428207306712, "marker_score": 0.3071314722924926, "symbol": "Tacstd2", "name": "tumor-associated calcium signal transducer 2", "organism": "Mus musculus", "tissue": "kidney"}, {"me": 1.7962210518973214, "pc": 0.13381478334749364, "marker_score": 0.30518387790609774, "symbol": "Gstt1", "name": "glutathione S-transferase, theta 1", "organism": "Mus musculus", "tissue": "kidney"}, {"me": 1.902482019992041, "pc": 0.0792268479184367, "marker_score": 0.28926160409683555, "symbol": "Scnn1g", "name": "sodium channel, nonvoltage-gated 1 gamma", "organism": "Mus musculus", "tissue": "kidney"}, {"me": 2.659349978433612, "pc": 0.2731520815632965, "marker_score": 0.2837288910608173, "symbol": "Gm43305", "name": "Gm43305", "organism": "Mus musculus", "tissue": "kidney"}, {"me": 1.6895242782837567, "pc": 0.0794392523364486, "marker_score": 0.2835882600122482, "symbol": "Ptges", "name": "prostaglandin E synthase", "organism": "Mus musculus", "tissue": "kidney"}, {"me": 1.8412492653025132, "pc": 0.1595157179269329, "marker_score": 0.2753477457721928, "symbol": "Scnn1a", "name": "sodium channel, nonvoltage-gated 1 alpha", "organism": "Mus musculus", "tissue": "kidney"}, {"me": 2.3145390457349784, "pc": 0.0989804587935429, "marker_score": 0.26873132528764854, "symbol": "Pde1c", "name": "phosphodiesterase 1C", "organism": "Mus musculus", "tissue": "kidney"}, {"me": 2.080663121924728, "pc": 0.2536108751062022, "marker_score": 0.2679500245634085, "symbol": "Rhcg", "name": "Rhesus blood group-associated C glycoprotein", "organism": "Mus musculus", "tissue": "kidney"}, {"me": 1.6863045528017242, "pc": 0.06775700934579439, "marker_score": 0.26349412332304545, "symbol": "L1cam", "name": "L1 cell adhesion molecule", "organism": "Mus musculus", "tissue": "kidney"}, {"me": 2.683049399165784, "pc": 0.12531860662701785, "marker_score": 0.2606336123550619, "symbol": "Abcc4", "name": "ATP-binding cassette, sub-family C (CFTR/MRP), member 4", "organism": "Mus musculus", "tissue": "kidney"}, {"me": 2.08106698110594, "pc": 0.14974511469838572, "marker_score": 0.2534943760372164, "symbol": "Pgam2", "name": "phosphoglycerate mutase 2", "organism": "Mus musculus", "tissue": "kidney"}, {"me": 2.266902564937233, "pc": 0.07455395072217502, "marker_score": 0.2510847603856248, "symbol": "Sptbn2", "name": "spectrin beta, non-erythrocytic 2", "organism": "Mus musculus", "tissue": "kidney"}, {"me": 1.7640133527369282, "pc": 0.06499575191163977, "marker_score": 0.2484811877041271, "symbol": "Ehf", "name": "ets homologous factor", "organism": "Mus musculus", "tissue": "kidney"}, {"me": 1.892744206046361, "pc": 0.1743840271877655, "marker_score": 0.23921848474564256, "symbol": "Cldn8", "name": "claudin 8", "organism": "Mus musculus", "tissue": "kidney"}, {"me": 1.8401962429382126, "pc": 0.06520815632965166, "marker_score": 0.23917746051640426, "symbol": "Cldn4", "name": "claudin 4", "organism": "Mus musculus", "tissue": "kidney"}, {"me": 2.6617520650227866, "pc": 0.1427357689039932, "marker_score": 0.23473490683539433, "symbol": "Tbck", "name": "TBC1 domain containing kinase", "organism": "Mus musculus", "tissue": "kidney"}, {"me": 2.580498598531019, "pc": 0.31584536958368736, "marker_score": 0.23052197281147857, "symbol": "Wfdc2", "name": "WAP four-disulfide core domain 2", "organism": "Mus musculus", "tissue": "kidney"}, {"me": 1.9275235729057247, "pc": 0.05055225148683093, "marker_score": 0.22521303024791722, "symbol": "Avpr2", "name": "arginine vasopressin receptor 2", "organism": "Mus musculus", "tissue": "kidney"}, {"me": 1.6770426432291667, "pc": 0.07837723024638912, "marker_score": 0.21956381898744085, "symbol": "Kcnj10", "name": "potassium inwardly-rectifying channel, subfamily J, member 10", "organism": "Mus musculus", "tissue": "kidney"}, {"me": 1.7691350892532705, "pc": 0.04566694987255735, "marker_score": 0.2149218906734891, "symbol": "Muc1", "name": "mucin 1, transmembrane", "organism": "Mus musculus", "tissue": "kidney"}, {"me": 2.3239759453018127, "pc": 0.155267629566695, "marker_score": 0.21263291260609288, "symbol": "Dlg1", "name": "discs large MAGUK scaffold protein 1", "organism": "Mus musculus", "tissue": "kidney"}, {"me": 2.091172750798578, "pc": 0.22026338147833474, "marker_score": 0.21156273147138477, "symbol": "Aif1l", "name": "allograft inflammatory factor 1-like", "organism": "Mus musculus", "tissue": "kidney"}, {"me": 1.6890695580938981, "pc": 0.04481733220050977, "marker_score": 0.21039215332052996, "symbol": "Elf3", "name": "E74-like factor 3", "organism": "Mus musculus", "tissue": "kidney"}, {"me": 1.9472657753328972, "pc": 0.043118096856414614, "marker_score": 0.20902102876650502, "symbol": "Kcne1", "name": "potassium voltage-gated channel, Isk-related subfamily, member 1", "organism": "Mus musculus", "tissue": "kidney"}, {"me": 1.7844901163069928, "pc": 0.051826677994902294, "marker_score": 0.19640110724645204, "symbol": "Atp4a", "name": "ATPase, H+/K+ exchanging, gastric, alpha polypeptide", "organism": "Mus musculus", "tissue": "kidney"}, {"me": 2.156286727550418, "pc": 0.07306711979609176, "marker_score": 0.1934967854191325, "symbol": "Pappa", "name": "pregnancy-associated plasma protein A", "organism": "Mus musculus", "tissue": "kidney"}, {"me": 1.9415635092964385, "pc": 0.1901019541206457, "marker_score": 0.19335782143472804, "symbol": "Krt7", "name": "keratin 7", "organism": "Mus musculus", "tissue": "kidney"}, {"me": 1.8860695578835227, "pc": 0.037383177570093455, "marker_score": 0.1933240115781195, "symbol": "Foxi1", "name": "forkhead box I1", "organism": "Mus musculus", "tissue": "kidney"}, {"me": 2.145641929224918, "pc": 0.04035683942225998, "marker_score": 0.19080590583233167, "symbol": "Lypd6b", "name": "LY6/PLAUR domain containing 6B", "organism": "Mus musculus", "tissue": "kidney"}, {"me": 2.367865330525282, "pc": 0.17905692438402718, "marker_score": 0.19078864209578866, "symbol": "Pax2", "name": "paired box 2", "organism": "Mus musculus", "tissue": "kidney"}, {"me": 2.4195236206054687, "pc": 0.038232795242141036, "marker_score": 0.19019253151862625, "symbol": "Agmo", "name": "alkylglycerol monooxygenase", "organism": "Mus musculus", "tissue": "kidney"}, {"me": 1.8191535543407915, "pc": 0.035896346644010195, "marker_score": 0.18982769665958005, "symbol": "Muc20", "name": "mucin 20", "organism": "Mus musculus", "tissue": "kidney"}, {"me": 2.2468457781402758, "pc": 0.03802039082412914, "marker_score": 0.18731404017737355, "symbol": "Crybg1", "name": "crystallin beta-gamma domain containing 1", "organism": "Mus musculus", "tissue": "kidney"}, {"me": 1.5400582706227022, "pc": 0.03610875106202209, "marker_score": 0.1871679577779994, "symbol": "Rnf186", "name": "ring finger protein 186", "organism": "Mus musculus", "tissue": "kidney"}, {"me": 2.3320920089790724, "pc": 0.2347068819031436, "marker_score": 0.18477818738277807, "symbol": "Ptprj", "name": "protein tyrosine phosphatase, receptor type, J", "organism": "Mus musculus", "tissue": "kidney"}, {"me": 2.289399740903905, "pc": 0.10471537807986406, "marker_score": 0.1845125444811624, "symbol": "Pde8b", "name": "phosphodiesterase 8B", "organism": "Mus musculus", "tissue": "kidney"}, {"me": 2.186007344869117, "pc": 0.3113848768054375, "marker_score": 0.1833249263851895, "symbol": "Mal", "name": "myelin and lymphocyte protein, T cell differentiation protein", "organism": "Mus musculus", "tissue": "kidney"}, {"me": 1.9381784224716319, "pc": 0.07370433305012744, "marker_score": 0.18309559915335907, "symbol": "Frk", "name": "fyn-related kinase", "organism": "Mus musculus", "tissue": "kidney"}, {"me": 1.8450727746841755, "pc": 0.04991503823279524, "marker_score": 0.18267041826370023, "symbol": "Camkk2", "name": "calcium/calmodulin-dependent protein kinase kinase 2, beta", "organism": "Mus musculus", "tissue": "kidney"}, {"me": 2.2245338243194843, "pc": 0.07412914188615123, "marker_score": 0.181282709865385, "symbol": "Mpp7", "name": "membrane protein, palmitoylated 7 (MAGUK p55 subfamily member 7)", "organism": "Mus musculus", "tissue": "kidney"}, {"me": 2.0461659675096944, "pc": 0.05819881053525913, "marker_score": 0.17976459465078604, "symbol": "Reps2", "name": "RALBP1 associated Eps domain containing protein 2", "organism": "Mus musculus", "tissue": "kidney"}, {"me": 1.91135009765625, "pc": 0.0318606627017842, "marker_score": 0.17867592711227817, "symbol": "Mcoln3", "name": "mucolipin 3", "organism": "Mus musculus", "tissue": "kidney"}, {"me": 2.7939164557424534, "pc": 0.031223449447748512, "marker_score": 0.1743096562548962, "symbol": "Slc26a4", "name": "solute carrier family 26, member 4", "organism": "Mus musculus", "tissue": "kidney"}, {"me": 1.4583770111724212, "pc": 0.030373831775700934, "marker_score": 0.16949076543079933, "symbol": "AI661453", "name": "expressed sequence AI661453", "organism": "Mus musculus", "tissue": "kidney"}, {"me": 2.0348692078521284, "pc": 0.02931180968564146, "marker_score": 0.16838205410225046, "symbol": "Grem2", "name": "gremlin 2, DAN family BMP antagonist", "organism": "Mus musculus", "tissue": "kidney"}, {"me": 1.521974360277205, "pc": 0.04184367034834324, "marker_score": 0.16753329056078584, "symbol": "Gstt3", "name": "glutathione S-transferase, theta 3", "organism": "Mus musculus", "tissue": "kidney"}, {"me": 1.6546214071990888, "pc": 0.0830501274426508, "marker_score": 0.16537591332983895, "symbol": "Tesc", "name": "tescalcin", "organism": "Mus musculus", "tissue": "kidney"}, {"me": 2.5037575546576054, "pc": 0.16652506372132542, "marker_score": 0.1650857117149588, "symbol": "Naaladl2", "name": "N-acetylated alpha-linked acidic dipeptidase-like 2", "organism": "Mus musculus", "tissue": "kidney"}, {"me": 1.8483579299029183, "pc": 0.02888700084961767, "marker_score": 0.1597238601163439, "symbol": "Btc", "name": "betacellulin, epidermal growth factor family member", "organism": "Mus musculus", "tissue": "kidney"}, {"me": 1.9062181906725364, "pc": 0.08028887000849617, "marker_score": 0.15812748259307083, "symbol": "Adgrg1", "name": "adhesion G protein-coupled receptor G1", "organism": "Mus musculus", "tissue": "kidney"}, {"me": 1.6562851649250476, "pc": 0.04184367034834324, "marker_score": 0.15690519180814513, "symbol": "Tmem30b", "name": "transmembrane protein 30B", "organism": "Mus musculus", "tissue": "kidney"}, {"me": 2.0132866176307624, "pc": 0.11979609175870858, "marker_score": 0.15538868324937838, "symbol": "Spink8", "name": "serine peptidase inhibitor, Kazal type 8", "organism": "Mus musculus", "tissue": "kidney"}, {"me": 1.4863880702427454, "pc": 0.0237892948173322, "marker_score": 0.15467444429520372, "symbol": "Degs2", "name": "delta 4-desaturase, sphingolipid 2", "organism": "Mus musculus", "tissue": "kidney"}, {"me": 1.6530033165300395, "pc": 0.06032285471537808, "marker_score": 0.15297041686014845, "symbol": "C77080", "name": "expressed sequence C77080", "organism": "Mus musculus", "tissue": "kidney"}, {"me": 1.7768407549176897, "pc": 0.11894647408666101, "marker_score": 0.15165860478666035, "symbol": "Tmprss2", "name": "transmembrane protease, serine 2", "organism": "Mus musculus", "tissue": "kidney"}, {"me": 1.9116440198907805, "pc": 0.042693288020390824, "marker_score": 0.15147119963777206, "symbol": "Gm44120", "name": "Gm44120", "organism": "Mus musculus", "tissue": "kidney"}, {"me": 1.754770740611629, "pc": 0.08687340696686491, "marker_score": 0.15006515618899383, "symbol": "Cldn7", "name": "claudin 7", "organism": "Mus musculus", "tissue": "kidney"}, {"me": 1.4663873560288374, "pc": 0.02888700084961767, "marker_score": 0.1473535817694693, "symbol": "Rab25", "name": "RAB25, member RAS oncogene family", "organism": "Mus musculus", "tissue": "kidney"}, {"me": 1.9186761893478095, "pc": 0.04333050127442651, "marker_score": 0.1469601925602239, "symbol": "Fermt1", "name": "fermitin family member 1", "organism": "Mus musculus", "tissue": "kidney"}, {"me": 2.3253019525763694, "pc": 0.07561597281223449, "marker_score": 0.14494439818123175, "symbol": "Mcu", "name": "mitochondrial calcium uniporter", "organism": "Mus musculus", "tissue": "kidney"}, {"me": 1.8235292725285666, "pc": 0.07667799490229396, "marker_score": 0.1444620439896551, "symbol": "Tmem178", "name": "transmembrane protein 178", "organism": "Mus musculus", "tissue": "kidney"}, {"me": 1.6536417315083165, "pc": 0.052676295666949875, "marker_score": 0.14376143543438993, "symbol": "Celsr2", "name": "cadherin, EGF LAG seven-pass G-type receptor 2", "organism": "Mus musculus", "tissue": "kidney"}, {"me": 1.6573090248919549, "pc": 0.019966015293118096, "marker_score": 0.1412293003797398, "symbol": "Ptger1", "name": "prostaglandin E receptor 1 (subtype EP1)", "organism": "Mus musculus", "tissue": "kidney"}, {"me": 1.4966720054889548, "pc": 0.02463891248937978, "marker_score": 0.13936945132438874, "symbol": "Il17re", "name": "interleukin 17 receptor E", "organism": "Mus musculus", "tissue": "kidney"}, {"me": 2.7827559469516707, "pc": 0.25106202209005946, "marker_score": 0.13930884962719298, "symbol": "Calb1", "name": "calbindin 1", "organism": "Mus musculus", "tissue": "kidney"}, {"me": 2.0170832094938858, "pc": 0.01954120645709431, "marker_score": 0.13695075298188086, "symbol": "Hmx2", "name": "H6 homeobox 2", "organism": "Mus musculus", "tissue": "kidney"}, {"me": 1.446857685945472, "pc": 0.020815632965165677, "marker_score": 0.1353070052108823, "symbol": "Srcin1", "name": "SRC kinase signaling inhibitor 1", "organism": "Mus musculus", "tissue": "kidney"}, {"me": 1.4091617359834558, "pc": 0.021665250637213255, "marker_score": 0.13479723555409667, "symbol": "Klhdc7a", "name": "kelch domain containing 7A", "organism": "Mus musculus", "tissue": "kidney"}, {"me": 2.0901327900502875, "pc": 0.018479184367034836, "marker_score": 0.13391745228432475, "symbol": "Spock3", "name": "sparc/osteonectin, cwcv and kazal-like domains proteoglycan 3", "organism": "Mus musculus", "tissue": "kidney"}, {"me": 1.4402481637349942, "pc": 0.017417162276975363, "marker_score": 0.13205315357358374, "symbol": "9230102O04Rik", "name": "Gata3 upstream neighbor", "organism": "Mus musculus", "tissue": "kidney"}, {"me": 1.5930992278042218, "pc": 0.03207306711979609, "marker_score": 0.13113393558205805, "symbol": "Akr1c19", "name": "aldo-keto reductase family 1, member C19", "organism": "Mus musculus", "tissue": "kidney"}, {"me": 1.6782700111126077, "pc": 0.018479184367034836, "marker_score": 0.13070714778029682, "symbol": "Elf5", "name": "E74-like factor 5", "organism": "Mus musculus", "tissue": "kidney"}, {"me": 2.4301385260247566, "pc": 0.16355140186915887, "marker_score": 0.1305270589069936, "symbol": "Setbp1", "name": "SET binding protein 1", "organism": "Mus musculus", "tissue": "kidney"}, {"me": 1.6389125047531803, "pc": 0.024001699235344096, "marker_score": 0.12946514896753708, "symbol": "Bspry", "name": "B-box and SPRY domain containing", "organism": "Mus musculus", "tissue": "kidney"}, {"me": 1.9596847978610437, "pc": 0.06563296516567545, "marker_score": 0.12877534853857264, "symbol": "Pde3b", "name": "phosphodiesterase 3B, cGMP-inhibited", "organism": "Mus musculus", "tissue": "kidney"}, {"me": 2.0600546862496, "pc": 0.1658878504672897, "marker_score": 0.12490689389805792, "symbol": "Cdkl1", "name": "cyclin-dependent kinase-like 1 (CDC2-related kinase)", "organism": "Mus musculus", "tissue": "kidney"}, {"me": 2.276298792221967, "pc": 0.07221750212404418, "marker_score": 0.12382269839422042, "symbol": "Dtnb", "name": "dystrobrevin, beta", "organism": "Mus musculus", "tissue": "kidney"}, {"me": 2.0803296979502996, "pc": 0.057561597281223446, "marker_score": 0.12298821819219519, "symbol": "Ypel2", "name": "yippee like 2", "organism": "Mus musculus", "tissue": "kidney"}, {"me": 1.6800849097115653, "pc": 0.0237892948173322, "marker_score": 0.12190177154991116, "symbol": "Scamp5", "name": "secretory carrier membrane protein 5", "organism": "Mus musculus", "tissue": "kidney"}, {"me": 2.25940387016904, "pc": 0.04800339847068819, "marker_score": 0.12053028601320911, "symbol": "Niban1", "name": "niban apoptosis regulator 1", "organism": "Mus musculus", "tissue": "kidney"}, {"me": 2.3033683330351464, "pc": 0.0834749362786746, "marker_score": 0.1185493994314514, "symbol": "Arhgef3", "name": "Rho guanine nucleotide exchange factor (GEF) 3", "organism": "Mus musculus", "tissue": "kidney"}, {"me": 2.384650355747768, "pc": 0.07434154630416312, "marker_score": 0.11772520186306124, "symbol": "Cacnb2", "name": "calcium channel, voltage-dependent, beta 2 subunit", "organism": "Mus musculus", "tissue": "kidney"}, {"me": 1.8151594270264737, "pc": 0.09728122344944774, "marker_score": 0.11768088255348369, "symbol": "Cd82", "name": "CD82 antigen", "organism": "Mus musculus", "tissue": "kidney"}, {"me": 1.51559963741818, "pc": 0.03143585386576041, "marker_score": 0.11528493646830273, "symbol": "Cds1", "name": "CDP-diacylglycerol synthase 1", "organism": "Mus musculus", "tissue": "kidney"}, {"me": 2.05709185816133, "pc": 0.0516142735768904, "marker_score": 0.11415391215563758, "symbol": "Srgap3", "name": "SLIT-ROBO Rho GTPase activating protein 3", "organism": "Mus musculus", "tissue": "kidney"}, {"me": 2.995688252922233, "pc": 0.685966487133453, "marker_score": 1.312077823099526, "symbol": "AQP2", "name": "aquaporin 2", "organism": "Homo sapiens", "tissue": "kidney"}, {"me": 2.8806679433738323, "pc": 0.5740275284260922, "marker_score": 1.0318767216880653, "symbol": "FXYD4", "name": "FXYD domain containing ion transport regulator 4", "organism": "Homo sapiens", "tissue": "kidney"}, {"me": 2.4175994075318137, "pc": 0.46131059245960504, "marker_score": 0.8243617338189272, "symbol": "AQP3", "name": "aquaporin 3 (Gill blood group)", "organism": "Homo sapiens", "tissue": "kidney"}, {"me": 2.198730255141194, "pc": 0.5129862357869539, "marker_score": 0.7213871428681186, "symbol": "HSD11B2", "name": "hydroxysteroid 11-beta dehydrogenase 2", "organism": "Homo sapiens", "tissue": "kidney"}, {"me": 2.121178278428068, "pc": 0.4666965888689408, "marker_score": 0.6076360040689498, "symbol": "CDH16", "name": "cadherin 16", "organism": "Homo sapiens", "tissue": "kidney"}, {"me": 2.279973542619375, "pc": 0.26663674446439256, "marker_score": 0.529167623857977, "symbol": "PAPPA", "name": "pappalysin 1", "organism": "Homo sapiens", "tissue": "kidney"}, {"me": 1.9618414196696936, "pc": 0.22259126271693597, "marker_score": 0.5229765874995396, "symbol": "PTGER1", "name": "prostaglandin E receptor 1", "organism": "Homo sapiens", "tissue": "kidney"}, {"me": 2.1856445234692456, "pc": 0.37555356074207064, "marker_score": 0.49942327271344616, "symbol": "ST6GAL1", "name": "ST6 beta-galactoside alpha-2,6-sialyltransferase 1", "organism": "Homo sapiens", "tissue": "kidney"}, {"me": 2.148332831770158, "pc": 0.29994015559545184, "marker_score": 0.4902614743750006, "symbol": "PIK3C2G", "name": "phosphatidylinositol-4-phosphate 3-kinase catalytic subunit type 2 gamma", "organism": "Homo sapiens", "tissue": "kidney"}, {"me": 2.0008857219212843, "pc": 0.34748653500897664, "marker_score": 0.4834523109655802, "symbol": "SLC38A1", "name": "solute carrier family 38 member 1", "organism": "Homo sapiens", "tissue": "kidney"}, {"me": 1.9280522288178046, "pc": 0.31756433273488927, "marker_score": 0.48197916239450733, "symbol": "RALBP1", "name": "ralA binding protein 1", "organism": "Homo sapiens", "tissue": "kidney"}, {"me": 2.3166747603042728, "pc": 0.22220227408737284, "marker_score": 0.4802939276682497, "symbol": "KSR2", "name": "kinase suppressor of ras 2", "organism": "Homo sapiens", "tissue": "kidney"}, {"me": 1.8070488558022437, "pc": 0.21379413524835428, "marker_score": 0.47982821418326643, "symbol": "SLC25A29", "name": "solute carrier family 25 member 29", "organism": "Homo sapiens", "tissue": "kidney"}, {"me": 2.103904217365171, "pc": 0.2603830041891083, "marker_score": 0.45716053813465, "symbol": "CRYBG1", "name": "crystallin beta-gamma domain containing 1", "organism": "Homo sapiens", "tissue": "kidney"}, {"me": 2.1071262645650637, "pc": 0.20152603231597846, "marker_score": 0.4424956385296512, "symbol": "STC1", "name": "stanniocalcin 1", "organism": "Homo sapiens", "tissue": "kidney"}, {"me": 2.1253108422366664, "pc": 0.39320766008378216, "marker_score": 0.4404022534996141, "symbol": "FAM107B", "name": "family with sequence similarity 107 member B", "organism": "Homo sapiens", "tissue": "kidney"}, {"me": 2.712306873742924, "pc": 0.1646918013165769, "marker_score": 0.4296066675465081, "symbol": "LINC01924", "name": "long intergenic non-protein coding RNA 1924", "organism": "Homo sapiens", "tissue": "kidney"}, {"me": 2.521326761063511, "pc": 0.2552663076002394, "marker_score": 0.42782901976171783, "symbol": "ABTB2", "name": "ankyrin repeat and BTB domain containing 2", "organism": "Homo sapiens", "tissue": "kidney"}, {"me": 3.1338895456045286, "pc": 0.4165769000598444, "marker_score": 0.4243715564918975, "symbol": "AC013463.2", "name": "AC013463.2", "organism": "Homo sapiens", "tissue": "kidney"}, {"me": 2.038796115973272, "pc": 0.21774386594853382, "marker_score": 0.41955354381765925, "symbol": "FYB2", "name": "FYN binding protein 2", "organism": "Homo sapiens", "tissue": "kidney"}, {"me": 1.6893826132068943, "pc": 0.1528725314183124, "marker_score": 0.4185977301912991, "symbol": "EMX1", "name": "empty spiracles homeobox 1", "organism": "Homo sapiens", "tissue": "kidney"}, {"me": 1.8136626330400913, "pc": 0.27809694793536804, "marker_score": 0.41680385891628363, "symbol": "MAL2", "name": "mal, T cell differentiation protein 2", "organism": "Homo sapiens", "tissue": "kidney"}, {"me": 2.3014972663749655, "pc": 0.2727408737283064, "marker_score": 0.41482651880920046, "symbol": "EYA4", "name": "EYA transcriptional coactivator and phosphatase 4", "organism": "Homo sapiens", "tissue": "kidney"}, {"me": 2.1861423118571457, "pc": 0.2760023937761819, "marker_score": 0.413769460338796, "symbol": "C11orf80", "name": "chromosome 11 open reading frame 80", "organism": "Homo sapiens", "tissue": "kidney"}, {"me": 2.4901135605549127, "pc": 0.2326750448833034, "marker_score": 0.41068225347599363, "symbol": "PRKAG2", "name": "protein kinase AMP-activated non-catalytic subunit gamma 2", "organism": "Homo sapiens", "tissue": "kidney"}, {"me": 2.5761116322202677, "pc": 0.3295930580490724, "marker_score": 0.403834841941418, "symbol": "CADPS2", "name": "calcium dependent secretion activator 2", "organism": "Homo sapiens", "tissue": "kidney"}, {"me": 2.0193271289199464, "pc": 0.29868342309994017, "marker_score": 0.40359086325884075, "symbol": "MAN1A1", "name": "mannosidase alpha class 1A member 1", "organism": "Homo sapiens", "tissue": "kidney"}, {"me": 1.9557519023079049, "pc": 0.2673847995212448, "marker_score": 0.4000857959451494, "symbol": "SCNN1G", "name": "sodium channel epithelial 1 subunit gamma", "organism": "Homo sapiens", "tissue": "kidney"}, {"me": 3.178460823683552, "pc": 0.3699581089168163, "marker_score": 0.39323036607306816, "symbol": "GRIP1", "name": "glutamate receptor interacting protein 1", "organism": "Homo sapiens", "tissue": "kidney"}, {"me": 1.8489612741400068, "pc": 0.3289347695990425, "marker_score": 0.39253142973273175, "symbol": "SCIN", "name": "scinderin", "organism": "Homo sapiens", "tissue": "kidney"}, {"me": 2.4385514316788637, "pc": 0.16888090963494914, "marker_score": 0.39227942566547747, "symbol": "CALB1", "name": "calbindin 1", "organism": "Homo sapiens", "tissue": "kidney"}, {"me": 2.015270711636136, "pc": 0.3556852184320766, "marker_score": 0.38871211918795157, "symbol": "NDRG1", "name": "N-myc downstream regulated 1", "organism": "Homo sapiens", "tissue": "kidney"}, {"me": 2.5724821137479745, "pc": 0.17079593058049072, "marker_score": 0.3742955529867825, "symbol": "TOX", "name": "thymocyte selection associated high mobility group box", "organism": "Homo sapiens", "tissue": "kidney"}, {"me": 2.734088674532313, "pc": 0.2419210053859964, "marker_score": 0.37243809025573577, "symbol": "TRPM3", "name": "transient receptor potential cation channel subfamily M member 3", "organism": "Homo sapiens", "tissue": "kidney"}, {"me": 1.9691582913237895, "pc": 0.13749251944943147, "marker_score": 0.3709235634380863, "symbol": "FAM20A", "name": "FAM20A golgi associated secretory pathway pseudokinase", "organism": "Homo sapiens", "tissue": "kidney"}, {"me": 2.075602036370012, "pc": 0.31783363255535607, "marker_score": 0.3633726152513195, "symbol": "PTGR1", "name": "prostaglandin reductase 1", "organism": "Homo sapiens", "tissue": "kidney"}, {"me": 1.8303987471638685, "pc": 0.12899461400359066, "marker_score": 0.3605164098519944, "symbol": "SGPP1", "name": "sphingosine-1-phosphate phosphatase 1", "organism": "Homo sapiens", "tissue": "kidney"}, {"me": 2.5641340938620845, "pc": 0.500029922202274, "marker_score": 0.35963915448916567, "symbol": "WFDC2", "name": "WAP four-disulfide core domain 2", "organism": "Homo sapiens", "tissue": "kidney"}, {"me": 2.3895735283375688, "pc": 0.1744165170556553, "marker_score": 0.35827491217486734, "symbol": "PWRN1", "name": "Prader-Willi region non-protein coding RNA 1", "organism": "Homo sapiens", "tissue": "kidney"}, {"me": 1.9645287861717922, "pc": 0.25412926391382407, "marker_score": 0.3458102172663955, "symbol": "AAK1", "name": "AP2 associated kinase 1", "organism": "Homo sapiens", "tissue": "kidney"}, {"me": 1.6961814859506752, "pc": 0.1312986235786954, "marker_score": 0.3444161661845845, "symbol": "SPTBN2", "name": "spectrin beta, non-erythrocytic 2", "organism": "Homo sapiens", "tissue": "kidney"}, {"me": 2.1482720992360664, "pc": 0.186295631358468, "marker_score": 0.3427021548739554, "symbol": "PLCL2", "name": "phospholipase C like 2", "organism": "Homo sapiens", "tissue": "kidney"}, {"me": 1.882506390524973, "pc": 0.17995212447636147, "marker_score": 0.34163377046324955, "symbol": "ARG2", "name": "arginase 2", "organism": "Homo sapiens", "tissue": "kidney"}, {"me": 1.7515368562052154, "pc": 0.18608617594254936, "marker_score": 0.34083074501918303, "symbol": "CHPT1", "name": "choline phosphotransferase 1", "organism": "Homo sapiens", "tissue": "kidney"}, {"me": 2.1419611939783874, "pc": 0.44703770197486536, "marker_score": 0.3380958950906513, "symbol": "EPCAM", "name": "epithelial cell adhesion molecule", "organism": "Homo sapiens", "tissue": "kidney"}, {"me": 2.1769332050559425, "pc": 0.10933572710951527, "marker_score": 0.33590769415742044, "symbol": "RP11-396O20.1", "name": "RP11-396O20.1", "organism": "Homo sapiens", "tissue": "kidney"}, {"me": 1.9151872806235337, "pc": 0.14189108318372232, "marker_score": 0.3300201444617509, "symbol": "KITLG", "name": "KIT ligand", "organism": "Homo sapiens", "tissue": "kidney"}, {"me": 1.969399576798754, "pc": 0.20155595451825253, "marker_score": 0.3281233815295795, "symbol": "KCNQ1", "name": "potassium voltage-gated channel subfamily Q member 1", "organism": "Homo sapiens", "tissue": "kidney"}, {"me": 1.8571155922410285, "pc": 0.19302812687013765, "marker_score": 0.32661686114853017, "symbol": "FOLR1", "name": "folate receptor alpha", "organism": "Homo sapiens", "tissue": "kidney"}, {"me": 1.8494343717732886, "pc": 0.1931178934769599, "marker_score": 0.3201331394579945, "symbol": "HS6ST1", "name": "heparan sulfate 6-O-sulfotransferase 1", "organism": "Homo sapiens", "tissue": "kidney"}, {"me": 2.1982063865168766, "pc": 0.0926391382405745, "marker_score": 0.31351274701112547, "symbol": "AC003090.1", "name": "long intergenic non-protein coding RNA 3007", "organism": "Homo sapiens", "tissue": "kidney"}, {"me": 3.236812422485394, "pc": 0.4327648114901257, "marker_score": 0.31337248240563814, "symbol": "ANK3", "name": "ankyrin 3", "organism": "Homo sapiens", "tissue": "kidney"}, {"me": 2.0342363404964217, "pc": 0.10831837223219629, "marker_score": 0.3120552486603554, "symbol": "CRAT37", "name": "cervical cancer-associated transcript 37", "organism": "Homo sapiens", "tissue": "kidney"}, {"me": 1.7665717665197813, "pc": 0.12148414123279473, "marker_score": 0.30895019458277717, "symbol": "TWSG1", "name": "twisted gastrulation BMP signaling modulator 1", "organism": "Homo sapiens", "tissue": "kidney"}, {"me": 1.9162490558530123, "pc": 0.12124476361460204, "marker_score": 0.30690909797200416, "symbol": "KIZ", "name": "kizuna centrosomal protein", "organism": "Homo sapiens", "tissue": "kidney"}, {"me": 2.00917368805229, "pc": 0.13512866546977859, "marker_score": 0.30340470389955176, "symbol": "LINC01482", "name": "long intergenic non-protein coding RNA 1482", "organism": "Homo sapiens", "tissue": "kidney"}, {"me": 1.9439281992727917, "pc": 0.08435068821065231, "marker_score": 0.30007538779880755, "symbol": "CAPN8", "name": "calpain 8", "organism": "Homo sapiens", "tissue": "kidney"}, {"me": 1.910533935546875, "pc": 0.11968880909634949, "marker_score": 0.29807486120130405, "symbol": "MAP3K21", "name": "mitogen-activated protein kinase kinase kinase 21", "organism": "Homo sapiens", "tissue": "kidney"}, {"me": 2.045185229573911, "pc": 0.20559545182525435, "marker_score": 0.29659250784212504, "symbol": "SLC44A1", "name": "solute carrier family 44 member 1", "organism": "Homo sapiens", "tissue": "kidney"}, {"me": 2.3004417558583574, "pc": 0.172262118491921, "marker_score": 0.2964988920684735, "symbol": "IL1RAPL2", "name": "interleukin 1 receptor accessory protein like 2", "organism": "Homo sapiens", "tissue": "kidney"}, {"me": 2.0463413187156516, "pc": 0.10221424296828246, "marker_score": 0.2931086954680459, "symbol": "KLHL8", "name": "kelch like family member 8", "organism": "Homo sapiens", "tissue": "kidney"}, {"me": 1.679423436471721, "pc": 0.09661879114302813, "marker_score": 0.2929317313113189, "symbol": "PIGQ", "name": "phosphatidylinositol glycan anchor biosynthesis class Q", "organism": "Homo sapiens", "tissue": "kidney"}, {"me": 4.025443116045204, "pc": 0.18019150209455415, "marker_score": 0.2828192941178348, "symbol": "SLC14A2", "name": "solute carrier family 14 member 2", "organism": "Homo sapiens", "tissue": "kidney"}, {"me": 1.5810152930522083, "pc": 0.07265110712148413, "marker_score": 0.27694410800425356, "symbol": "L1CAM", "name": "L1 cell adhesion molecule", "organism": "Homo sapiens", "tissue": "kidney"}, {"me": 1.5750327228285166, "pc": 0.0822262118491921, "marker_score": 0.27691869395628305, "symbol": "GATA3-AS1", "name": "GATA3 antisense RNA 1", "organism": "Homo sapiens", "tissue": "kidney"}, {"me": 1.7994837231793859, "pc": 0.18444045481747456, "marker_score": 0.27410816679885286, "symbol": "SCNN1B", "name": "sodium channel epithelial 1 subunit beta", "organism": "Homo sapiens", "tissue": "kidney"}, {"me": 1.9333198972816716, "pc": 0.15077797725912628, "marker_score": 0.2651591858931322, "symbol": "EYA3", "name": "EYA transcriptional coactivator and phosphatase 3", "organism": "Homo sapiens", "tissue": "kidney"}, {"me": 2.0091318494846635, "pc": 0.4508078994614004, "marker_score": 0.2640496090498216, "symbol": "WSB1", "name": "WD repeat and SOCS box containing 1", "organism": "Homo sapiens", "tissue": "kidney"}, {"me": 1.7097706043348138, "pc": 0.07956313584679832, "marker_score": 0.26261684245846456, "symbol": "LHX1", "name": "LIM homeobox 1", "organism": "Homo sapiens", "tissue": "kidney"}, {"me": 1.7727260516954084, "pc": 0.07070616397366847, "marker_score": 0.2613420215365497, "symbol": "RASAL1", "name": "RAS protein activator like 1", "organism": "Homo sapiens", "tissue": "kidney"}, {"me": 1.7422686959927864, "pc": 0.1272292040694195, "marker_score": 0.26088591223156765, "symbol": "ABCB1", "name": "ATP binding cassette subfamily B member 1", "organism": "Homo sapiens", "tissue": "kidney"}, {"me": 1.8684166571125853, "pc": 0.11959904248952723, "marker_score": 0.2589585317224789, "symbol": "SLC16A5", "name": "solute carrier family 16 member 5", "organism": "Homo sapiens", "tissue": "kidney"}, {"me": 2.148442431001836, "pc": 0.13037103530819869, "marker_score": 0.2572649813739918, "symbol": "TEX41", "name": "testis expressed 41", "organism": "Homo sapiens", "tissue": "kidney"}, {"me": 2.169737586097164, "pc": 0.44985038898862956, "marker_score": 0.2561521199637585, "symbol": "KRT19", "name": "keratin 19", "organism": "Homo sapiens", "tissue": "kidney"}, {"me": 2.013307773241376, "pc": 0.10801915020945542, "marker_score": 0.25431243625855054, "symbol": "TGFBR1", "name": "transforming growth factor beta receptor 1", "organism": "Homo sapiens", "tissue": "kidney"}, {"me": 1.7942073619597338, "pc": 0.08007181328545782, "marker_score": 0.24777020077140474, "symbol": "FAM102A", "name": "estrogen-induced osteoclastogenesis regulator 1", "organism": "Homo sapiens", "tissue": "kidney"}, {"me": 2.037936863754735, "pc": 0.16786355475763015, "marker_score": 0.24653924102086686, "symbol": "SCN2A", "name": "sodium voltage-gated channel alpha subunit 2", "organism": "Homo sapiens", "tissue": "kidney"}, {"me": 1.8932158126456187, "pc": 0.140065828845003, "marker_score": 0.24604090095448564, "symbol": "VEPH1", "name": "ventricular zone expressed PH domain containing 1", "organism": "Homo sapiens", "tissue": "kidney"}, {"me": 1.6227406575039882, "pc": 0.14682824655894675, "marker_score": 0.24183691948420294, "symbol": "GPRC5C", "name": "G protein-coupled receptor class C group 5 member C", "organism": "Homo sapiens", "tissue": "kidney"}, {"me": 1.8751376532261668, "pc": 0.10987432675044884, "marker_score": 0.24105349869165105, "symbol": "NRCAM", "name": "neuronal cell adhesion molecule", "organism": "Homo sapiens", "tissue": "kidney"}, {"me": 1.784933137327191, "pc": 0.15867743865948533, "marker_score": 0.24066072513316233, "symbol": "RDH10", "name": "retinol dehydrogenase 10", "organism": "Homo sapiens", "tissue": "kidney"}, {"me": 2.463671850590183, "pc": 0.5162477558348294, "marker_score": 0.2403857611629834, "symbol": "CLU", "name": "clusterin", "organism": "Homo sapiens", "tissue": "kidney"}, {"me": 2.4629126383896875, "pc": 0.33716337522441653, "marker_score": 0.23747269068656104, "symbol": "BMPR1B", "name": "bone morphogenetic protein receptor type 1B", "organism": "Homo sapiens", "tissue": "kidney"}, {"me": 1.9428536955671627, "pc": 0.054847396768402154, "marker_score": 0.23644571527086006, "symbol": "KCNK13", "name": "potassium two pore domain channel subfamily K member 13", "organism": "Homo sapiens", "tissue": "kidney"}, {"me": 1.989425486802947, "pc": 0.19865350089766606, "marker_score": 0.23515999745098287, "symbol": "KIF13B", "name": "kinesin family member 13B", "organism": "Homo sapiens", "tissue": "kidney"}, {"me": 1.6928480074003145, "pc": 0.06451226810293238, "marker_score": 0.2351202918164122, "symbol": "SLC9A4", "name": "solute carrier family 9 member A4", "organism": "Homo sapiens", "tissue": "kidney"}, {"me": 1.916295591376463, "pc": 0.11624775583482945, "marker_score": 0.2346334706788061, "symbol": "EHF", "name": "ETS homologous factor", "organism": "Homo sapiens", "tissue": "kidney"}, {"me": 2.1113926781655077, "pc": 0.11888090963494913, "marker_score": 0.2334159662049492, "symbol": "SLC45A4", "name": "solute carrier family 45 member 4", "organism": "Homo sapiens", "tissue": "kidney"}, {"me": 2.6206203260860286, "pc": 0.38327348892878516, "marker_score": 0.23122544338262008, "symbol": "AFF1", "name": "ALF transcription elongation factor 1", "organism": "Homo sapiens", "tissue": "kidney"}, {"me": 1.6298335682262073, "pc": 0.0829443447037702, "marker_score": 0.23065821629243224, "symbol": "HIP1R", "name": "huntingtin interacting protein 1 related", "organism": "Homo sapiens", "tissue": "kidney"}, {"me": 1.60752613066504, "pc": 0.1016457211250748, "marker_score": 0.22955264408662682, "symbol": "SMIM22", "name": "small integral membrane protein 22", "organism": "Homo sapiens", "tissue": "kidney"}, {"me": 1.9780808225450779, "pc": 0.08327348892878515, "marker_score": 0.2290331221663725, "symbol": "SCN3A", "name": "sodium voltage-gated channel alpha subunit 3", "organism": "Homo sapiens", "tissue": "kidney"}, {"me": 1.6894388975675638, "pc": 0.08632555356074208, "marker_score": 0.22757324746260735, "symbol": "DCUN1D1", "name": "defective in cullin neddylation 1 domain containing 1", "organism": "Homo sapiens", "tissue": "kidney"}, {"me": 1.6607453139105592, "pc": 0.15718132854578096, "marker_score": 0.2272631671001687, "symbol": "ERBB2", "name": "erb-b2 receptor tyrosine kinase 2", "organism": "Homo sapiens", "tissue": "kidney"}, {"me": 1.692073672173668, "pc": 0.1066427289048474, "marker_score": 0.22669627632802095, "symbol": "GPR160", "name": "G protein-coupled receptor 160", "organism": "Homo sapiens", "tissue": "kidney"}, {"me": 1.7620836646585123, "pc": 0.2447935368043088, "marker_score": 0.2254669056395536, "symbol": "RTN3", "name": "reticulon 3", "organism": "Homo sapiens", "tissue": "kidney"}, {"me": 1.8119115219411308, "pc": 0.20113704368641533, "marker_score": 0.22418621699573915, "symbol": "KIAA1109", "name": "bridge-like lipid transfer protein family member 1", "organism": "Homo sapiens", "tissue": "kidney"}, {"me": 1.6755372568820908, "pc": 0.13928785158587673, "marker_score": 0.22400976865112365, "symbol": "CLDN8", "name": "claudin 8", "organism": "Homo sapiens", "tissue": "kidney"}, {"me": 1.7818506830331458, "pc": 0.07232196289646918, "marker_score": 0.2234434620469334, "symbol": "ITPK1", "name": "inositol-tetrakisphosphate 1-kinase", "organism": "Homo sapiens", "tissue": "kidney"}, {"me": 1.8219561182642303, "pc": 0.04886295631358468, "marker_score": 0.22299510522104385, "symbol": "RP11-531H8.2", "name": "RP11-531H8.2", "organism": "Homo sapiens", "tissue": "kidney"}, {"me": 3.227912155511811, "pc": 0.6743840271877655, "marker_score": 1.3231502777952366, "symbol": "Aqp2", "name": "aquaporin 2", "organism": "Mus musculus", "tissue": "All Tissues"}, {"me": 2.872583552117319, "pc": 0.39061172472387423, "marker_score": 0.7580276942925971, "symbol": "Fxyd4", "name": "FXYD domain-containing ion transport regulator 4", "organism": "Mus musculus", "tissue": "All Tissues"}, {"me": 3.1901898570499685, "pc": 0.3368734069668649, "marker_score": 0.6761276421547289, "symbol": "Hsd11b2", "name": "hydroxysteroid 11-beta dehydrogenase 2", "organism": "Mus musculus", "tissue": "All Tissues"}, {"me": 2.4617392222086587, "pc": 0.3262531860662702, "marker_score": 0.6645779297069944, "symbol": "Cdh16", "name": "cadherin 16", "organism": "Mus musculus", "tissue": "All Tissues"}, {"me": 2.9521773143481185, "pc": 0.35556499575191164, "marker_score": 0.6501632244322383, "symbol": "Defb1", "name": "defensin beta 1", "organism": "Mus musculus", "tissue": "All Tissues"}, {"me": 2.080663121924728, "pc": 0.2536108751062022, "marker_score": 0.5748876207841918, "symbol": "Rhcg", "name": "Rhesus blood group-associated C glycoprotein", "organism": "Mus musculus", "tissue": "All Tissues"}, {"me": 2.659349978433612, "pc": 0.2731520815632965, "marker_score": 0.5517257372689272, "symbol": "Gm43305", "name": "Gm43305", "organism": "Mus musculus", "tissue": "All Tissues"}, {"me": 3.4616836624528893, "pc": 0.21134239592183518, "marker_score": 0.5118921757968585, "symbol": "Slc14a2", "name": "solute carrier family 14 (urea transporter), member 2", "organism": "Mus musculus", "tissue": "All Tissues"}, {"me": 2.07459009816508, "pc": 0.21197960917587086, "marker_score": 0.5089090038306655, "symbol": "Kcnj1", "name": "potassium inwardly-rectifying channel, subfamily J, member 1", "organism": "Mus musculus", "tissue": "All Tissues"}, {"me": 2.2651195889922513, "pc": 0.31180968564146133, "marker_score": 0.4891107767157065, "symbol": "Tfcp2l1", "name": "transcription factor CP2-like 1", "organism": "Mus musculus", "tissue": "All Tissues"}, {"me": 2.091172750798578, "pc": 0.22026338147833474, "marker_score": 0.48220612234092813, "symbol": "Aif1l", "name": "allograft inflammatory factor 1-like", "organism": "Mus musculus", "tissue": "All Tissues"}, {"me": 2.7827559469516707, "pc": 0.25106202209005946, "marker_score": 0.4607334509368262, "symbol": "Calb1", "name": "calbindin 1", "organism": "Mus musculus", "tissue": "All Tissues"}, {"me": 2.0280596383010283, "pc": 0.16779949022939677, "marker_score": 0.4421536889286808, "symbol": "Clcnkb", "name": "chloride channel, voltage-sensitive Kb", "organism": "Mus musculus", "tissue": "All Tissues"}, {"me": 1.892744206046361, "pc": 0.1743840271877655, "marker_score": 0.4317125119072475, "symbol": "Cldn8", "name": "claudin 8", "organism": "Mus musculus", "tissue": "All Tissues"}, {"me": 2.367865330525282, "pc": 0.17905692438402718, "marker_score": 0.42574535833323196, "symbol": "Pax2", "name": "paired box 2", "organism": "Mus musculus", "tissue": "All Tissues"}, {"me": 2.312437632629345, "pc": 0.2627442650807137, "marker_score": 0.41949001848072015, "symbol": "Tmem213", "name": "transmembrane protein 213", "organism": "Mus musculus", "tissue": "All Tissues"}, {"me": 2.296864023650375, "pc": 0.15590484282073067, "marker_score": 0.4126534451200104, "symbol": "Cep85", "name": "centrosomal protein 85", "organism": "Mus musculus", "tissue": "All Tissues"}, {"me": 3.8617753391170706, "pc": 0.2980033984706882, "marker_score": 0.3914245072545427, "symbol": "S100g", "name": "S100 calcium binding protein G", "organism": "Mus musculus", "tissue": "All Tissues"}, {"me": 2.08106698110594, "pc": 0.14974511469838572, "marker_score": 0.38173842467580965, "symbol": "Pgam2", "name": "phosphoglycerate mutase 2", "organism": "Mus musculus", "tissue": "All Tissues"}, {"me": 2.0466840029153026, "pc": 0.12977909940526763, "marker_score": 0.37948233784567525, "symbol": "Rhbg", "name": "Rhesus blood group-associated B glycoprotein", "organism": "Mus musculus", "tissue": "All Tissues"}, {"me": 2.3010159532563024, "pc": 0.1263806287170773, "marker_score": 0.37562903629890154, "symbol": "Apela", "name": "apelin receptor early endogenous ligand", "organism": "Mus musculus", "tissue": "All Tissues"}, {"me": 2.0600546862496, "pc": 0.1658878504672897, "marker_score": 0.3641616378592282, "symbol": "Cdkl1", "name": "cyclin-dependent kinase-like 1 (CDC2-related kinase)", "organism": "Mus musculus", "tissue": "All Tissues"}, {"me": 2.4736987051254324, "pc": 0.18415463041631266, "marker_score": 0.362680167283258, "symbol": "Kl", "name": "klotho", "organism": "Mus musculus", "tissue": "All Tissues"}, {"me": 2.6617520650227866, "pc": 0.1427357689039932, "marker_score": 0.35948631177912044, "symbol": "Tbck", "name": "TBC1 domain containing kinase", "organism": "Mus musculus", "tissue": "All Tissues"}, {"me": 2.0132866176307624, "pc": 0.11979609175870858, "marker_score": 0.3561383057531201, "symbol": "Spink8", "name": "serine peptidase inhibitor, Kazal type 8", "organism": "Mus musculus", "tissue": "All Tissues"}, {"me": 2.481879553203493, "pc": 0.1353016142735769, "marker_score": 0.35227927279400456, "symbol": "Tmem52b", "name": "transmembrane protein 52B", "organism": "Mus musculus", "tissue": "All Tissues"}, {"me": 2.423641028131386, "pc": 0.15590484282073067, "marker_score": 0.34659131062605086, "symbol": "Sim1", "name": "single-minded family bHLH transcription factor 1", "organism": "Mus musculus", "tissue": "All Tissues"}, {"me": 1.861512303352356, "pc": 0.10875106202209006, "marker_score": 0.34507491650062383, "symbol": "Tmem229a", "name": "transmembrane protein 229A", "organism": "Mus musculus", "tissue": "All Tissues"}, {"me": 2.3280199958282766, "pc": 0.10938827527612574, "marker_score": 0.3443012749001007, "symbol": "Veph1", "name": "ventricular zone expressed PH domain-containing 1", "organism": "Mus musculus", "tissue": "All Tissues"}, {"me": 2.683049399165784, "pc": 0.12531860662701785, "marker_score": 0.33870821092134834, "symbol": "Abcc4", "name": "ATP-binding cassette, sub-family C (CFTR/MRP), member 4", "organism": "Mus musculus", "tissue": "All Tissues"}, {"me": 2.291535495874195, "pc": 0.18139337298215802, "marker_score": 0.33025404083973087, "symbol": "Phactr2", "name": "phosphatase and actin regulator 2", "organism": "Mus musculus", "tissue": "All Tissues"}, {"me": 2.7888552063047714, "pc": 0.4362786745964316, "marker_score": 0.30882758478001304, "symbol": "Mecom", "name": "MDS1 and EVI1 complex locus", "organism": "Mus musculus", "tissue": "All Tissues"}, {"me": 2.5326152828568262, "pc": 0.11979609175870858, "marker_score": 0.29793013872426577, "symbol": "2210408F21Rik", "name": "RIKEN cDNA 2210408F21 gene", "organism": "Mus musculus", "tissue": "All Tissues"}, {"me": 1.902482019992041, "pc": 0.0792268479184367, "marker_score": 0.289567022410291, "symbol": "Scnn1g", "name": "sodium channel, nonvoltage-gated 1 gamma", "organism": "Mus musculus", "tissue": "All Tissues"}, {"me": 1.6770426432291667, "pc": 0.07837723024638912, "marker_score": 0.28754928549388126, "symbol": "Kcnj10", "name": "potassium inwardly-rectifying channel, subfamily J, member 10", "organism": "Mus musculus", "tissue": "All Tissues"}, {"me": 2.6241583773588584, "pc": 0.34048428207306713, "marker_score": 0.2708700905461042, "symbol": "Pdzk1ip1", "name": "PDZK1 interacting protein 1", "organism": "Mus musculus", "tissue": "All Tissues"}, {"me": 2.8661644779034514, "pc": 0.07115548003398471, "marker_score": 0.26487234688256744, "symbol": "Car15", "name": "carbonic anhydrase 15", "organism": "Mus musculus", "tissue": "All Tissues"}, {"me": 2.278270073404663, "pc": 0.12128292268479185, "marker_score": 0.2644351049439299, "symbol": "Tmem117", "name": "transmembrane protein 117", "organism": "Mus musculus", "tissue": "All Tissues"}, {"me": 1.6977548942291478, "pc": 0.059048428207306713, "marker_score": 0.2479636287263465, "symbol": "Atp6v1b1", "name": "ATPase, H+ transporting, lysosomal V1 subunit B1", "organism": "Mus musculus", "tissue": "All Tissues"}, {"me": 1.8412492653025132, "pc": 0.1595157179269329, "marker_score": 0.2419047236912583, "symbol": "Scnn1a", "name": "sodium channel, nonvoltage-gated 1 alpha", "organism": "Mus musculus", "tissue": "All Tissues"}, {"me": 3.441168438946759, "pc": 0.05734919286321156, "marker_score": 0.23744881023719872, "symbol": "Atp6v1g3", "name": "ATPase, H+ transporting, lysosomal V1 subunit G3", "organism": "Mus musculus", "tissue": "All Tissues"}, {"me": 1.7844901163069928, "pc": 0.051826677994902294, "marker_score": 0.2304312009593208, "symbol": "Atp4a", "name": "ATPase, H+/K+ exchanging, gastric, alpha polypeptide", "organism": "Mus musculus", "tissue": "All Tissues"}, {"me": 1.9275235729057247, "pc": 0.05055225148683093, "marker_score": 0.2268558084143479, "symbol": "Avpr2", "name": "arginine vasopressin receptor 2", "organism": "Mus musculus", "tissue": "All Tissues"}, {"me": 1.6853746497112772, "pc": 0.04885301614273577, "marker_score": 0.2258530803208484, "symbol": "Emx1", "name": "empty spiracles homeobox 1", "organism": "Mus musculus", "tissue": "All Tissues"}, {"me": 2.047043700903883, "pc": 0.19350042480883603, "marker_score": 0.21795331657409955, "symbol": "Arhgap24", "name": "Rho GTPase activating protein 24", "organism": "Mus musculus", "tissue": "All Tissues"}, {"me": 1.7962210518973214, "pc": 0.13381478334749364, "marker_score": 0.21594487045371175, "symbol": "Gstt1", "name": "glutathione S-transferase, theta 1", "organism": "Mus musculus", "tissue": "All Tissues"}, {"me": 2.156286727550418, "pc": 0.07306711979609176, "marker_score": 0.2150928393190627, "symbol": "Pappa", "name": "pregnancy-associated plasma protein A", "organism": "Mus musculus", "tissue": "All Tissues"}, {"me": 1.9472657753328972, "pc": 0.043118096856414614, "marker_score": 0.21054569713051802, "symbol": "Kcne1", "name": "potassium voltage-gated channel, Isk-related subfamily, member 1", "organism": "Mus musculus", "tissue": "All Tissues"}, {"me": 1.9116440198907805, "pc": 0.042693288020390824, "marker_score": 0.21013025246715228, "symbol": "Gm44120", "name": "Gm44120", "organism": "Mus musculus", "tissue": "All Tissues"}, {"me": 1.6137468839946547, "pc": 0.04035683942225998, "marker_score": 0.2036693478621009, "symbol": "Bsnd", "name": "barttin CLCNK type accessory beta subunit", "organism": "Mus musculus", "tissue": "All Tissues"}, {"me": 1.58444260530151, "pc": 0.06945624468988955, "marker_score": 0.20354790127263744, "symbol": "Hoxd9", "name": "homeobox D9", "organism": "Mus musculus", "tissue": "All Tissues"}, {"me": 2.2468457781402758, "pc": 0.03802039082412914, "marker_score": 0.19681485450200978, "symbol": "Crybg1", "name": "crystallin beta-gamma domain containing 1", "organism": "Mus musculus", "tissue": "All Tissues"}, {"me": 1.9113812362938596, "pc": 0.060535259133389974, "marker_score": 0.19667601708815866, "symbol": "ccdc198", "name": "coiled-coil domain containing 198", "organism": "Mus musculus", "tissue": "All Tissues"}, {"me": 1.7039745150717542, "pc": 0.04949022939677145, "marker_score": 0.1960316781783154, "symbol": "Hoxd8", "name": "homeobox D8", "organism": "Mus musculus", "tissue": "All Tissues"}, {"me": 1.8860695578835227, "pc": 0.037383177570093455, "marker_score": 0.1947341807185006, "symbol": "Foxi1", "name": "forkhead box I1", "organism": "Mus musculus", "tissue": "All Tissues"}, {"me": 1.8191535543407915, "pc": 0.035896346644010195, "marker_score": 0.19119542825936992, "symbol": "Muc20", "name": "mucin 20", "organism": "Mus musculus", "tissue": "All Tissues"}, {"me": 1.9744483498965992, "pc": 0.03610875106202209, "marker_score": 0.18934424289481977, "symbol": "Slc4a9", "name": "solute carrier family 4, sodium bicarbonate cotransporter, member 9", "organism": "Mus musculus", "tissue": "All Tissues"}, {"me": 1.9538011259191177, "pc": 0.09027187765505522, "marker_score": 0.18876477094452485, "symbol": "Scnn1b", "name": "sodium channel, nonvoltage-gated 1 beta", "organism": "Mus musculus", "tissue": "All Tissues"}, {"me": 1.9381784224716319, "pc": 0.07370433305012744, "marker_score": 0.18785830214633054, "symbol": "Frk", "name": "fyn-related kinase", "organism": "Mus musculus", "tissue": "All Tissues"}, {"me": 1.91135009765625, "pc": 0.0318606627017842, "marker_score": 0.18043730862396534, "symbol": "Mcoln3", "name": "mucolipin 3", "organism": "Mus musculus", "tissue": "All Tissues"}, {"me": 1.9086881596991356, "pc": 0.03993203058623619, "marker_score": 0.1793674932495362, "symbol": "Atp6v0d2", "name": "ATPase, H+ transporting, lysosomal V0 subunit D2", "organism": "Mus musculus", "tissue": "All Tissues"}, {"me": 2.7939164557424534, "pc": 0.031223449447748512, "marker_score": 0.17468857561178391, "symbol": "Slc26a4", "name": "solute carrier family 26, member 4", "organism": "Mus musculus", "tissue": "All Tissues"}, {"me": 1.5817662647792272, "pc": 0.0475785896346644, "marker_score": 0.17429183906569956, "symbol": "Gprc5c", "name": "G protein-coupled receptor, family C, group 5, member C", "organism": "Mus musculus", "tissue": "All Tissues"}, {"me": 1.720010757446289, "pc": 0.02888700084961767, "marker_score": 0.17123534067565227, "symbol": "Oxgr1", "name": "oxoglutarate (alpha-ketoglutarate) receptor 1", "organism": "Mus musculus", "tissue": "All Tissues"}, {"me": 2.3942169323891793, "pc": 0.09643160577740018, "marker_score": 0.17054769717914317, "symbol": "Aqp4", "name": "aquaporin 4", "organism": "Mus musculus", "tissue": "All Tissues"}, {"me": 1.8782794911374328, "pc": 0.0395072217502124, "marker_score": 0.1694799666551782, "symbol": "Defb29", "name": "defensin beta 29", "organism": "Mus musculus", "tissue": "All Tissues"}, {"me": 2.362060546875, "pc": 0.17650807136788446, "marker_score": 0.1671860278895218, "symbol": "Aff1", "name": "AF4/FMR2 family, member 1", "organism": "Mus musculus", "tissue": "All Tissues"}, {"me": 2.357037353515625, "pc": 0.03292268479184367, "marker_score": 0.1651996518840057, "symbol": "Prrg1", "name": "proline rich Gla (G-carboxyglutamic acid) 1", "organism": "Mus musculus", "tissue": "All Tissues"}, {"me": 1.6390060541283993, "pc": 0.027824978759558198, "marker_score": 0.16497862864595148, "symbol": "Rgl3", "name": "ral guanine nucleotide dissociation stimulator-like 3", "organism": "Mus musculus", "tissue": "All Tissues"}, {"me": 1.8483579299029183, "pc": 0.02888700084961767, "marker_score": 0.16178559446481072, "symbol": "Btc", "name": "betacellulin, epidermal growth factor family member", "organism": "Mus musculus", "tissue": "All Tissues"}, {"me": 1.5086466471354167, "pc": 0.026125743415463042, "marker_score": 0.15957375810710894, "symbol": "Pax8", "name": "paired box 8", "organism": "Mus musculus", "tissue": "All Tissues"}, {"me": 2.186007344869117, "pc": 0.3113848768054375, "marker_score": 0.15843130369301409, "symbol": "Mal", "name": "myelin and lymphocyte protein, T cell differentiation protein", "organism": "Mus musculus", "tissue": "All Tissues"}, {"me": 1.8668648671295682, "pc": 0.02506372132540357, "marker_score": 0.1580337396147293, "symbol": "Insrr", "name": "insulin receptor-related receptor", "organism": "Mus musculus", "tissue": "All Tissues"}, {"me": 1.845259574994649, "pc": 0.031011045029736617, "marker_score": 0.15736135928004535, "symbol": "Smim5", "name": "small integral membrane protein 5", "organism": "Mus musculus", "tissue": "All Tissues"}, {"me": 1.9484147215201184, "pc": 0.032497875955819884, "marker_score": 0.15680098224025904, "symbol": "Atp6v1c2", "name": "ATPase, H+ transporting, lysosomal V1 subunit C2", "organism": "Mus musculus", "tissue": "All Tissues"}, {"me": 1.684709061023801, "pc": 0.07306711979609176, "marker_score": 0.1554000629183638, "symbol": "Wnk4", "name": "WNK lysine deficient protein kinase 4", "organism": "Mus musculus", "tissue": "All Tissues"}, {"me": 1.8897244892423115, "pc": 0.026762956669498725, "marker_score": 0.1523383656749919, "symbol": "Plcd3", "name": "phospholipase C, delta 3", "organism": "Mus musculus", "tissue": "All Tissues"}, {"me": 2.3857089451381137, "pc": 0.0237892948173322, "marker_score": 0.15181905685805946, "symbol": "Aqp6", "name": "aquaporin 6", "organism": "Mus musculus", "tissue": "All Tissues"}, {"me": 2.39602332304466, "pc": 0.11236193712829227, "marker_score": 0.14818349320526453, "symbol": "Ncoa3", "name": "nuclear receptor coactivator 3", "organism": "Mus musculus", "tissue": "All Tissues"}, {"me": 1.4091617359834558, "pc": 0.021665250637213255, "marker_score": 0.14726489522091438, "symbol": "Klhdc7a", "name": "kelch domain containing 7A", "organism": "Mus musculus", "tissue": "All Tissues"}, {"me": 2.489493468654974, "pc": 0.24447748513169074, "marker_score": 0.1469257132124743, "symbol": "Lrba", "name": "LPS-responsive beige-like anchor", "organism": "Mus musculus", "tissue": "All Tissues"}, {"me": 1.6573090248919549, "pc": 0.019966015293118096, "marker_score": 0.1421083071061631, "symbol": "Ptger1", "name": "prostaglandin E receptor 1 (subtype EP1)", "organism": "Mus musculus", "tissue": "All Tissues"}, {"me": 1.778246672257133, "pc": 0.024426508071367883, "marker_score": 0.14194272391356877, "symbol": "Gm47450", "name": "Gm47450", "organism": "Mus musculus", "tissue": "All Tissues"}, {"me": 2.0170832094938858, "pc": 0.01954120645709431, "marker_score": 0.13804844618210216, "symbol": "Hmx2", "name": "H6 homeobox 2", "organism": "Mus musculus", "tissue": "All Tissues"}, {"me": 3.1796590169270833, "pc": 0.054163126593033135, "marker_score": 0.13738094219714136, "symbol": "Slc12a3", "name": "solute carrier family 12, member 3", "organism": "Mus musculus", "tissue": "All Tissues"}, {"me": 2.2662046225461894, "pc": 0.18394222599830076, "marker_score": 0.1353668061185586, "symbol": "Ube2h", "name": "ubiquitin-conjugating enzyme E2H", "organism": "Mus musculus", "tissue": "All Tissues"}, {"me": 2.2245338243194843, "pc": 0.07412914188615123, "marker_score": 0.13468895600868738, "symbol": "Mpp7", "name": "membrane protein, palmitoylated 7 (MAGUK p55 subfamily member 7)", "organism": "Mus musculus", "tissue": "All Tissues"}, {"me": 2.0715586625410047, "pc": 0.03844519966015293, "marker_score": 0.13299584257033603, "symbol": "Reps1", "name": "RalBP1 associated Eps domain containing protein", "organism": "Mus musculus", "tissue": "All Tissues"}, {"me": 1.4402481637349942, "pc": 0.017417162276975363, "marker_score": 0.13234021452650035, "symbol": "9230102O04Rik", "name": "Gata3 upstream neighbor", "organism": "Mus musculus", "tissue": "All Tissues"}, {"me": 2.145641929224918, "pc": 0.04035683942225998, "marker_score": 0.1262135056940167, "symbol": "Lypd6b", "name": "LY6/PLAUR domain containing 6B", "organism": "Mus musculus", "tissue": "All Tissues"}, {"me": 2.35728167365579, "pc": 0.018054375531011045, "marker_score": 0.12512787351282426, "symbol": "9130230L23Rik", "name": "RIKEN cDNA 9130230L23 gene", "organism": "Mus musculus", "tissue": "All Tissues"}, {"me": 1.6568126678466797, "pc": 0.020390824129141887, "marker_score": 0.1240262205508263, "symbol": "Ptgfr", "name": "prostaglandin F receptor", "organism": "Mus musculus", "tissue": "All Tissues"}, {"me": 1.5182272682727223, "pc": 0.01508071367884452, "marker_score": 0.1226368702354627, "symbol": "Hhatl", "name": "hedgehog acyltransferase-like", "organism": "Mus musculus", "tissue": "All Tissues"}, {"me": 1.903110850941051, "pc": 0.016355140186915886, "marker_score": 0.11736036592933523, "symbol": "AI838599", "name": "AI838599", "organism": "Mus musculus", "tissue": "All Tissues"}, {"me": 1.7147769663802805, "pc": 0.07667799490229396, "marker_score": 0.11682375456752771, "symbol": "Tfap2b", "name": "transcription factor AP-2 beta", "organism": "Mus musculus", "tissue": "All Tissues"}, {"me": 1.527951171875, "pc": 0.02655055225148683, "marker_score": 0.11641965092866707, "symbol": "Klhdc8a", "name": "kelch domain containing 8A", "organism": "Mus musculus", "tissue": "All Tissues"}, {"me": 2.15746273614664, "pc": 0.024001699235344096, "marker_score": 0.1156388035552654, "symbol": "Fam241a", "name": "family with sequence similarity 241, member A", "organism": "Mus musculus", "tissue": "All Tissues"}, {"me": 1.77710788532839, "pc": 0.0751911639762107, "marker_score": 0.1151019769618286, "symbol": "Tpd52l1", "name": "tumor protein D52-like 1", "organism": "Mus musculus", "tissue": "All Tissues"}, {"me": 1.8202906508390078, "pc": 0.10917587085811385, "marker_score": 0.11300348973677551, "symbol": "Sostdc1", "name": "sclerostin domain containing 1", "organism": "Mus musculus", "tissue": "All Tissues"}, {"me": 1.893345883018092, "pc": 0.036321155480033986, "marker_score": 0.11298523519345319, "symbol": "Rab11fip5", "name": "RAB11 family interacting protein 5 (class I)", "organism": "Mus musculus", "tissue": "All Tissues"}, {"me": 2.995688252922233, "pc": 0.685966487133453, "marker_score": 1.3429012999231746, "symbol": "AQP2", "name": "aquaporin 2", "organism": "Homo sapiens", "tissue": "All Tissues"}, {"me": 2.8806679433738323, "pc": 0.5740275284260922, "marker_score": 1.0634779615196581, "symbol": "FXYD4", "name": "FXYD domain containing ion transport regulator 4", "organism": "Homo sapiens", "tissue": "All Tissues"}, {"me": 2.198730255141194, "pc": 0.5129862357869539, "marker_score": 0.9189823838739328, "symbol": "HSD11B2", "name": "hydroxysteroid 11-beta dehydrogenase 2", "organism": "Homo sapiens", "tissue": "All Tissues"}, {"me": 2.121178278428068, "pc": 0.4666965888689408, "marker_score": 0.902664810448508, "symbol": "CDH16", "name": "cadherin 16", "organism": "Homo sapiens", "tissue": "All Tissues"}, {"me": 2.61076972236789, "pc": 0.755146618791143, "marker_score": 0.7407845946794949, "symbol": "ATP1B1", "name": "ATPase Na+/K+ transporting subunit beta 1", "organism": "Homo sapiens", "tissue": "All Tissues"}, {"me": 1.9873382301996474, "pc": 0.38396169958108917, "marker_score": 0.7389432607761374, "symbol": "KCNJ16", "name": "potassium inwardly rectifying channel subfamily J member 16", "organism": "Homo sapiens", "tissue": "All Tissues"}, {"me": 3.1338895456045286, "pc": 0.4165769000598444, "marker_score": 0.6525809616767502, "symbol": "AC013463.2", "name": "AC013463.2", "organism": "Homo sapiens", "tissue": "All Tissues"}, {"me": 1.8678163619646164, "pc": 0.3454219030520646, "marker_score": 0.5909891952768612, "symbol": "AIF1L", "name": "allograft inflammatory factor 1 like", "organism": "Homo sapiens", "tissue": "All Tissues"}, {"me": 1.9186367920291094, "pc": 0.33635547576301617, "marker_score": 0.5873980802640612, "symbol": "GATA3", "name": "GATA binding protein 3", "organism": "Homo sapiens", "tissue": "All Tissues"}, {"me": 1.9557519023079049, "pc": 0.2673847995212448, "marker_score": 0.584258764401599, "symbol": "SCNN1G", "name": "sodium channel epithelial 1 subunit gamma", "organism": "Homo sapiens", "tissue": "All Tissues"}, {"me": 1.8489612741400068, "pc": 0.3289347695990425, "marker_score": 0.5764695592503563, "symbol": "SCIN", "name": "scinderin", "organism": "Homo sapiens", "tissue": "All Tissues"}, {"me": 3.178460823683552, "pc": 0.3699581089168163, "marker_score": 0.5754625074374404, "symbol": "GRIP1", "name": "glutamate receptor interacting protein 1", "organism": "Homo sapiens", "tissue": "All Tissues"}, {"me": 2.0290973340607903, "pc": 0.26385397965290247, "marker_score": 0.5731569046594853, "symbol": "PAX2", "name": "paired box 2", "organism": "Homo sapiens", "tissue": "All Tissues"}, {"me": 3.0262353795843793, "pc": 0.417115499700778, "marker_score": 0.5706386525322171, "symbol": "PKHD1", "name": "PKHD1 ciliary IPT domain containing fibrocystin/polyductin", "organism": "Homo sapiens", "tissue": "All Tissues"}, {"me": 2.4629126383896875, "pc": 0.33716337522441653, "marker_score": 0.5685221458239437, "symbol": "BMPR1B", "name": "bone morphogenetic protein receptor type 1B", "organism": "Homo sapiens", "tissue": "All Tissues"}, {"me": 2.515043667575684, "pc": 0.46923997606223816, "marker_score": 0.5634337660679557, "symbol": "PAX8", "name": "paired box 8", "organism": "Homo sapiens", "tissue": "All Tissues"}, {"me": 2.186382821113561, "pc": 0.2713943746259725, "marker_score": 0.5585835268135925, "symbol": "MPPED2", "name": "metallophosphoesterase domain containing 2", "organism": "Homo sapiens", "tissue": "All Tissues"}, {"me": 2.148332831770158, "pc": 0.29994015559545184, "marker_score": 0.5548114285446859, "symbol": "PIK3C2G", "name": "phosphatidylinositol-4-phosphate 3-kinase catalytic subunit type 2 gamma", "organism": "Homo sapiens", "tissue": "All Tissues"}, {"me": 1.9618414196696936, "pc": 0.22259126271693597, "marker_score": 0.5231407149847314, "symbol": "PTGER1", "name": "prostaglandin E receptor 1", "organism": "Homo sapiens", "tissue": "All Tissues"}, {"me": 2.279973542619375, "pc": 0.26663674446439256, "marker_score": 0.5179828196126085, "symbol": "PAPPA", "name": "pappalysin 1", "organism": "Homo sapiens", "tissue": "All Tissues"}, {"me": 2.3166747603042728, "pc": 0.22220227408737284, "marker_score": 0.5129067863009168, "symbol": "KSR2", "name": "kinase suppressor of ras 2", "organism": "Homo sapiens", "tissue": "All Tissues"}, {"me": 2.1861423118571457, "pc": 0.2760023937761819, "marker_score": 0.5099320695988259, "symbol": "C11orf80", "name": "chromosome 11 open reading frame 80", "organism": "Homo sapiens", "tissue": "All Tissues"}, {"me": 2.044379789182503, "pc": 0.4470676241771394, "marker_score": 0.49736626342192275, "symbol": "MAL", "name": "mal, T cell differentiation protein", "organism": "Homo sapiens", "tissue": "All Tissues"}, {"me": 2.521326761063511, "pc": 0.2552663076002394, "marker_score": 0.4901586471823729, "symbol": "ABTB2", "name": "ankyrin repeat and BTB domain containing 2", "organism": "Homo sapiens", "tissue": "All Tissues"}, {"me": 3.425633116897683, "pc": 0.5210652304009575, "marker_score": 0.48663697448829657, "symbol": "MECOM", "name": "MDS1 and EVI1 complex locus", "organism": "Homo sapiens", "tissue": "All Tissues"}, {"me": 1.8070488558022437, "pc": 0.21379413524835428, "marker_score": 0.46520680032714473, "symbol": "SLC25A29", "name": "solute carrier family 25 member 29", "organism": "Homo sapiens", "tissue": "All Tissues"}, {"me": 2.638134609777805, "pc": 0.6093656493117894, "marker_score": 0.46110842056838947, "symbol": "COBLL1", "name": "cordon-bleu WH2 repeat protein like 1", "organism": "Homo sapiens", "tissue": "All Tissues"}, {"me": 2.1856445234692456, "pc": 0.37555356074207064, "marker_score": 0.4600371582241073, "symbol": "ST6GAL1", "name": "ST6 beta-galactoside alpha-2,6-sialyltransferase 1", "organism": "Homo sapiens", "tissue": "All Tissues"}, {"me": 4.025443116045204, "pc": 0.18019150209455415, "marker_score": 0.4560201388674319, "symbol": "SLC14A2", "name": "solute carrier family 14 member 2", "organism": "Homo sapiens", "tissue": "All Tissues"}, {"me": 1.7994837231793859, "pc": 0.18444045481747456, "marker_score": 0.4501953177535507, "symbol": "SCNN1B", "name": "sodium channel epithelial 1 subunit beta", "organism": "Homo sapiens", "tissue": "All Tissues"}, {"me": 2.5761116322202677, "pc": 0.3295930580490724, "marker_score": 0.4450721706098982, "symbol": "CADPS2", "name": "calcium dependent secretion activator 2", "organism": "Homo sapiens", "tissue": "All Tissues"}, {"me": 1.8494343717732886, "pc": 0.1931178934769599, "marker_score": 0.43969411461575825, "symbol": "HS6ST1", "name": "heparan sulfate 6-O-sulfotransferase 1", "organism": "Homo sapiens", "tissue": "All Tissues"}, {"me": 2.4385514316788637, "pc": 0.16888090963494914, "marker_score": 0.43279595376308005, "symbol": "CALB1", "name": "calbindin 1", "organism": "Homo sapiens", "tissue": "All Tissues"}, {"me": 2.066460726307888, "pc": 0.19533213644524236, "marker_score": 0.4314184065405962, "symbol": "MYO3B", "name": "myosin IIIB", "organism": "Homo sapiens", "tissue": "All Tissues"}, {"me": 2.712306873742924, "pc": 0.1646918013165769, "marker_score": 0.4297864676603755, "symbol": "LINC01924", "name": "long intergenic non-protein coding RNA 1924", "organism": "Homo sapiens", "tissue": "All Tissues"}, {"me": 1.9466207831568971, "pc": 0.29329742669060443, "marker_score": 0.42427847323823153, "symbol": "PFKFB3", "name": "6-phosphofructo-2-kinase/fructose-2,6-biphosphatase 3", "organism": "Homo sapiens", "tissue": "All Tissues"}, {"me": 1.6893826132068943, "pc": 0.1528725314183124, "marker_score": 0.4188480652495219, "symbol": "EMX1", "name": "empty spiracles homeobox 1", "organism": "Homo sapiens", "tissue": "All Tissues"}, {"me": 2.3895735283375688, "pc": 0.1744165170556553, "marker_score": 0.41653122184113245, "symbol": "PWRN1", "name": "Prader-Willi region non-protein coding RNA 1", "organism": "Homo sapiens", "tissue": "All Tissues"}, {"me": 1.889237734338579, "pc": 0.18453022142429684, "marker_score": 0.40884598939056754, "symbol": "HOXB3", "name": "homeobox B3", "organism": "Homo sapiens", "tissue": "All Tissues"}, {"me": 2.1071262645650637, "pc": 0.20152603231597846, "marker_score": 0.4051528798857003, "symbol": "STC1", "name": "stanniocalcin 1", "organism": "Homo sapiens", "tissue": "All Tissues"}, {"me": 2.0975711845615805, "pc": 0.20748055056852185, "marker_score": 0.4007253319441928, "symbol": "TOX3", "name": "TOX high mobility group box family member 3", "organism": "Homo sapiens", "tissue": "All Tissues"}, {"me": 1.6755372568820908, "pc": 0.13928785158587673, "marker_score": 0.39636315164478597, "symbol": "CLDN8", "name": "claudin 8", "organism": "Homo sapiens", "tissue": "All Tissues"}, {"me": 2.1624775420162576, "pc": 0.4649611011370437, "marker_score": 0.39510174643546286, "symbol": "GLS", "name": "glutaminase", "organism": "Homo sapiens", "tissue": "All Tissues"}, {"me": 1.8571155922410285, "pc": 0.19302812687013765, "marker_score": 0.3787929385656246, "symbol": "FOLR1", "name": "folate receptor alpha", "organism": "Homo sapiens", "tissue": "All Tissues"}, {"me": 1.9255835529813725, "pc": 0.1457510472770796, "marker_score": 0.37661771838670266, "symbol": "LYPD6B", "name": "LY6/PLAUR domain containing 6B", "organism": "Homo sapiens", "tissue": "All Tissues"}, {"me": 2.103904217365171, "pc": 0.2603830041891083, "marker_score": 0.37234561563251806, "symbol": "CRYBG1", "name": "crystallin beta-gamma domain containing 1", "organism": "Homo sapiens", "tissue": "All Tissues"}, {"me": 2.1253108422366664, "pc": 0.39320766008378216, "marker_score": 0.37160119860423463, "symbol": "FAM107B", "name": "family with sequence similarity 107 member B", "organism": "Homo sapiens", "tissue": "All Tissues"}, {"me": 1.6961814859506752, "pc": 0.1312986235786954, "marker_score": 0.367782037693672, "symbol": "SPTBN2", "name": "spectrin beta, non-erythrocytic 2", "organism": "Homo sapiens", "tissue": "All Tissues"}, {"me": 1.969399576798754, "pc": 0.20155595451825253, "marker_score": 0.3675320167444001, "symbol": "KCNQ1", "name": "potassium voltage-gated channel subfamily Q member 1", "organism": "Homo sapiens", "tissue": "All Tissues"}, {"me": 2.0008857219212843, "pc": 0.34748653500897664, "marker_score": 0.36001213258978426, "symbol": "SLC38A1", "name": "solute carrier family 38 member 1", "organism": "Homo sapiens", "tissue": "All Tissues"}, {"me": 1.6502377158717105, "pc": 0.13076002393776182, "marker_score": 0.3595430172647211, "symbol": "CYS1", "name": "cystin 1", "organism": "Homo sapiens", "tissue": "All Tissues"}, {"me": 2.00917368805229, "pc": 0.13512866546977859, "marker_score": 0.35535604930748865, "symbol": "LINC01482", "name": "long intergenic non-protein coding RNA 1482", "organism": "Homo sapiens", "tissue": "All Tissues"}, {"me": 1.8684166571125853, "pc": 0.11959904248952723, "marker_score": 0.35315330521766986, "symbol": "SLC16A5", "name": "solute carrier family 16 member 5", "organism": "Homo sapiens", "tissue": "All Tissues"}, {"me": 1.882506390524973, "pc": 0.17995212447636147, "marker_score": 0.35220205354328893, "symbol": "ARG2", "name": "arginase 2", "organism": "Homo sapiens", "tissue": "All Tissues"}, {"me": 1.8031184409800691, "pc": 0.11316576900059844, "marker_score": 0.3515109642644109, "symbol": "ELF5", "name": "E74 like ETS transcription factor 5", "organism": "Homo sapiens", "tissue": "All Tissues"}, {"me": 1.9618088818690327, "pc": 0.22956313584679833, "marker_score": 0.35120615181084625, "symbol": "MACC1", "name": "MET transcriptional regulator MACC1", "organism": "Homo sapiens", "tissue": "All Tissues"}, {"me": 1.908970373390365, "pc": 0.2623578695391981, "marker_score": 0.3469026636957093, "symbol": "CYFIP2", "name": "cytoplasmic FMR1 interacting protein 2", "organism": "Homo sapiens", "tissue": "All Tissues"}, {"me": 1.811389729611325, "pc": 0.1120885697187313, "marker_score": 0.3454825964452557, "symbol": "ATP6V0A4", "name": "ATPase H+ transporting V0 subunit a4", "organism": "Homo sapiens", "tissue": "All Tissues"}, {"me": 2.149491898769753, "pc": 0.2054458408138839, "marker_score": 0.34480904555916353, "symbol": "LINC02532", "name": "long intergenic non-protein coding RNA 2532", "organism": "Homo sapiens", "tissue": "All Tissues"}, {"me": 1.6709468044295654, "pc": 0.10909634949132256, "marker_score": 0.34433810755057637, "symbol": "KCNJ1", "name": "potassium inwardly rectifying channel subfamily J member 1", "organism": "Homo sapiens", "tissue": "All Tissues"}, {"me": 1.8303987471638685, "pc": 0.12899461400359066, "marker_score": 0.341367457011849, "symbol": "SGPP1", "name": "sphingosine-1-phosphate phosphatase 1", "organism": "Homo sapiens", "tissue": "All Tissues"}, {"me": 1.910533935546875, "pc": 0.11968880909634949, "marker_score": 0.34004153758755096, "symbol": "MAP3K21", "name": "mitogen-activated protein kinase kinase kinase 21", "organism": "Homo sapiens", "tissue": "All Tissues"}, {"me": 2.0342363404964217, "pc": 0.10831837223219629, "marker_score": 0.33938288094748803, "symbol": "CRAT37", "name": "cervical cancer-associated transcript 37", "organism": "Homo sapiens", "tissue": "All Tissues"}, {"me": 2.1769332050559425, "pc": 0.10933572710951527, "marker_score": 0.3360256608420185, "symbol": "RP11-396O20.1", "name": "RP11-396O20.1", "organism": "Homo sapiens", "tissue": "All Tissues"}, {"me": 2.3004417558583574, "pc": 0.172262118491921, "marker_score": 0.3353217012911631, "symbol": "IL1RAPL2", "name": "interleukin 1 receptor accessory protein like 2", "organism": "Homo sapiens", "tissue": "All Tissues"}, {"me": 2.037936863754735, "pc": 0.16786355475763015, "marker_score": 0.3312225959788229, "symbol": "SCN2A", "name": "sodium voltage-gated channel alpha subunit 2", "organism": "Homo sapiens", "tissue": "All Tissues"}, {"me": 2.1113926781655077, "pc": 0.11888090963494913, "marker_score": 0.33121080394076197, "symbol": "SLC45A4", "name": "solute carrier family 45 member 4", "organism": "Homo sapiens", "tissue": "All Tissues"}, {"me": 1.7930137146165872, "pc": 0.1290843806104129, "marker_score": 0.32476760985240677, "symbol": "TMEM213", "name": "transmembrane protein 213", "organism": "Homo sapiens", "tissue": "All Tissues"}, {"me": 1.9280522288178046, "pc": 0.31756433273488927, "marker_score": 0.32466319738394994, "symbol": "RALBP1", "name": "ralA binding protein 1", "organism": "Homo sapiens", "tissue": "All Tissues"}, {"me": 1.9151872806235337, "pc": 0.14189108318372232, "marker_score": 0.32390636816844776, "symbol": "KITLG", "name": "KIT ligand", "organism": "Homo sapiens", "tissue": "All Tissues"}, {"me": 2.513505547397381, "pc": 0.201376421304608, "marker_score": 0.3235554418101491, "symbol": "PTH2R", "name": "parathyroid hormone 2 receptor", "organism": "Homo sapiens", "tissue": "All Tissues"}, {"me": 1.9295094158392183, "pc": 0.16166965888689408, "marker_score": 0.3230812916572896, "symbol": "PRDM16", "name": "PR/SET domain 16", "organism": "Homo sapiens", "tissue": "All Tissues"}, {"me": 1.886017216002164, "pc": 0.18494913225613405, "marker_score": 0.32219274009724175, "symbol": "MOB1B", "name": "MOB kinase activator 1B", "organism": "Homo sapiens", "tissue": "All Tissues"}, {"me": 2.148442431001836, "pc": 0.13037103530819869, "marker_score": 0.3205351514899641, "symbol": "TEX41", "name": "testis expressed 41", "organism": "Homo sapiens", "tissue": "All Tissues"}, {"me": 2.033421016399677, "pc": 0.09724715739078396, "marker_score": 0.31844006070298175, "symbol": "AC002539.1", "name": "AC002539.1", "organism": "Homo sapiens", "tissue": "All Tissues"}, {"me": 1.989425486802947, "pc": 0.19865350089766606, "marker_score": 0.3172491607822579, "symbol": "KIF13B", "name": "kinesin family member 13B", "organism": "Homo sapiens", "tissue": "All Tissues"}, {"me": 1.756995431509222, "pc": 0.15655296229802512, "marker_score": 0.3150620149756352, "symbol": "CCDC198", "name": "coiled-coil domain containing 198", "organism": "Homo sapiens", "tissue": "All Tissues"}, {"me": 2.4682086017225977, "pc": 0.36211849192100537, "marker_score": 0.31481929546022897, "symbol": "THSD7A", "name": "thrombospondin type 1 domain containing 7A", "organism": "Homo sapiens", "tissue": "All Tissues"}, {"me": 1.8467733822228773, "pc": 0.1189407540394973, "marker_score": 0.3145189680918484, "symbol": "SUSD1", "name": "sushi domain containing 1", "organism": "Homo sapiens", "tissue": "All Tissues"}, {"me": 2.1982063865168766, "pc": 0.0926391382405745, "marker_score": 0.31355257770272477, "symbol": "AC003090.1", "name": "long intergenic non-protein coding RNA 3007", "organism": "Homo sapiens", "tissue": "All Tissues"}, {"me": 2.0246214837635566, "pc": 0.16726511071214842, "marker_score": 0.3096379128912916, "symbol": "KCNJ15", "name": "potassium inwardly rectifying channel subfamily J member 15", "organism": "Homo sapiens", "tissue": "All Tissues"}, {"me": 2.038796115973272, "pc": 0.21774386594853382, "marker_score": 0.3085112047967799, "symbol": "FYB2", "name": "FYN binding protein 2", "organism": "Homo sapiens", "tissue": "All Tissues"}, {"me": 2.1672028209694623, "pc": 0.259934171154997, "marker_score": 0.3053005352378083, "symbol": "NTN4", "name": "netrin 4", "organism": "Homo sapiens", "tissue": "All Tissues"}, {"me": 1.679423436471721, "pc": 0.09661879114302813, "marker_score": 0.29991165533224595, "symbol": "PIGQ", "name": "phosphatidylinositol glycan anchor biosynthesis class Q", "organism": "Homo sapiens", "tissue": "All Tissues"}, {"me": 1.5750327228285166, "pc": 0.0822262118491921, "marker_score": 0.2961726720561796, "symbol": "GATA3-AS1", "name": "GATA3 antisense RNA 1", "organism": "Homo sapiens", "tissue": "All Tissues"}, {"me": 1.9640483482876707, "pc": 0.13453022142429683, "marker_score": 0.2947844621106258, "symbol": "EMX2OS", "name": "EMX2 opposite strand/antisense RNA", "organism": "Homo sapiens", "tissue": "All Tissues"}, {"me": 1.831548932462687, "pc": 0.08785158587672053, "marker_score": 0.2927998003364738, "symbol": "FAM81A", "name": "family with sequence similarity 81 member A", "organism": "Homo sapiens", "tissue": "All Tissues"}, {"me": 1.9533508638458463, "pc": 0.17307001795332136, "marker_score": 0.29242175091779515, "symbol": "WDR72", "name": "WD repeat domain 72", "organism": "Homo sapiens", "tissue": "All Tissues"}, {"me": 1.7097706043348138, "pc": 0.07956313584679832, "marker_score": 0.2886861149442559, "symbol": "LHX1", "name": "LIM homeobox 1", "organism": "Homo sapiens", "tissue": "All Tissues"}, {"me": 2.002300689035894, "pc": 0.24162178336325554, "marker_score": 0.28752403361966916, "symbol": "MTR", "name": "5-methyltetrahydrofolate-homocysteine methyltransferase", "organism": "Homo sapiens", "tissue": "All Tissues"}, {"me": 1.9430225910989283, "pc": 0.20766008378216635, "marker_score": 0.28668895443977177, "symbol": "ASAP2", "name": "ArfGAP with SH3 domain, ankyrin repeat and PH domain 2", "organism": "Homo sapiens", "tissue": "All Tissues"}, {"me": 1.7665717665197813, "pc": 0.12148414123279473, "marker_score": 0.2832747934305142, "symbol": "TWSG1", "name": "twisted gastrulation BMP signaling modulator 1", "organism": "Homo sapiens", "tissue": "All Tissues"}, {"me": 2.013307773241376, "pc": 0.10801915020945542, "marker_score": 0.2803472215671291, "symbol": "TGFBR1", "name": "transforming growth factor beta receptor 1", "organism": "Homo sapiens", "tissue": "All Tissues"}, {"me": 1.9542004728564326, "pc": 0.18479952124476362, "marker_score": 0.2797876993715388, "symbol": "SKAP1", "name": "src kinase associated phosphoprotein 1", "organism": "Homo sapiens", "tissue": "All Tissues"}, {"me": 2.0463413187156516, "pc": 0.10221424296828246, "marker_score": 0.27793881359497163, "symbol": "KLHL8", "name": "kelch like family member 8", "organism": "Homo sapiens", "tissue": "All Tissues"}, {"me": 1.5810152930522083, "pc": 0.07265110712148413, "marker_score": 0.27688613612054164, "symbol": "L1CAM", "name": "L1 cell adhesion molecule", "organism": "Homo sapiens", "tissue": "All Tissues"}, {"me": 2.1161228006536312, "pc": 0.31597845601436264, "marker_score": 0.27599626725376436, "symbol": "PTBP3", "name": "polypyrimidine tract binding protein 3", "organism": "Homo sapiens", "tissue": "All Tissues"}, {"me": 1.8932158126456187, "pc": 0.140065828845003, "marker_score": 0.27548017391582863, "symbol": "VEPH1", "name": "ventricular zone expressed PH domain containing 1", "organism": "Homo sapiens", "tissue": "All Tissues"}, {"me": 1.5789475489876093, "pc": 0.07878515858767206, "marker_score": 0.2725754262616805, "symbol": "PRDM16-DT", "name": "PRDM16 divergent transcript", "organism": "Homo sapiens", "tissue": "All Tissues"}, {"me": 1.7422686959927864, "pc": 0.1272292040694195, "marker_score": 0.2711249919290063, "symbol": "ABCB1", "name": "ATP binding cassette subfamily B member 1", "organism": "Homo sapiens", "tissue": "All Tissues"}]