[{"me": 4.310913677554524, "pc": 1.0, "marker_score": 1.2741588413718423, "symbol": "TPT1", "name": "tumor protein, translationally-controlled 1", "organism": "Homo sapiens", "tissue": "blood"}, {"me": 1.69165298235138, "pc": 0.7609046849757674, "marker_score": 0.9932338594113266, "symbol": "FAM30A", "name": "family with sequence similarity 30 member A", "organism": "Homo sapiens", "tissue": "blood"}, {"me": 1.8313604058159723, "pc": 0.36348949919224555, "marker_score": 0.7119317077302384, "symbol": "ACY3", "name": "aminoacylase 3", "organism": "Homo sapiens", "tissue": "blood"}, {"me": 1.820101391510124, "pc": 0.8626817447495961, "marker_score": 0.7091806311494153, "symbol": "SPINK2", "name": "serine peptidase inhibitor Kazal type 2", "organism": "Homo sapiens", "tissue": "blood"}, {"me": 2.0772266081947692, "pc": 0.30210016155088854, "marker_score": 0.6018211764674138, "symbol": "PRSS2", "name": "serine protease 2", "organism": "Homo sapiens", "tissue": "blood"}, {"me": 1.4536249069940477, "pc": 0.4410339256865913, "marker_score": 0.5762476319611131, "symbol": "CXXC5", "name": "CXXC finger protein 5", "organism": "Homo sapiens", "tissue": "blood"}, {"me": 1.5234586670743897, "pc": 0.4798061389337641, "marker_score": 0.5583792956941908, "symbol": "BCL11A", "name": "BCL11 transcription factor A", "organism": "Homo sapiens", "tissue": "blood"}, {"me": 1.8663067316604873, "pc": 0.9531502423263328, "marker_score": 0.5166667954795223, "symbol": "GNAS", "name": "GNAS complex locus", "organism": "Homo sapiens", "tissue": "blood"}, {"me": 1.8556845488888254, "pc": 0.8836833602584814, "marker_score": 0.5003996898299601, "symbol": "CD99", "name": "CD99 molecule (Xg blood group)", "organism": "Homo sapiens", "tissue": "blood"}, {"me": 1.907290272503735, "pc": 0.8109854604200323, "marker_score": 0.4787599497823878, "symbol": "H1-10", "name": "H1.10 linker histone", "organism": "Homo sapiens", "tissue": "blood"}, {"me": 2.398513918000508, "pc": 0.9935379644588045, "marker_score": 0.47274436108252826, "symbol": "JUND", "name": "JunD proto-oncogene, AP-1 transcription factor subunit", "organism": "Homo sapiens", "tissue": "blood"}, {"me": 1.3746923936151825, "pc": 0.1825525040387722, "marker_score": 0.4692693474940159, "symbol": "BAALC", "name": "BAALC binder of MAP3K1 and KLF4", "organism": "Homo sapiens", "tissue": "blood"}, {"me": 1.475662069691365, "pc": 0.45718901453957994, "marker_score": 0.4444645937235421, "symbol": "MSI2", "name": "musashi RNA binding protein 2", "organism": "Homo sapiens", "tissue": "blood"}, {"me": 1.3853389626682395, "pc": 0.1631663974151858, "marker_score": 0.437657974533547, "symbol": "SPNS3", "name": "SPNS lysolipid transporter 3, sphingosine-1-phosphate (putative)", "organism": "Homo sapiens", "tissue": "blood"}, {"me": 1.891303352046059, "pc": 0.8352180936995154, "marker_score": 0.4369465917599535, "symbol": "SOX4", "name": "SRY-box transcription factor 4", "organism": "Homo sapiens", "tissue": "blood"}, {"me": 4.572928630477585, "pc": 1.0, "marker_score": 0.4124560087789813, "symbol": "RPL10", "name": "ribosomal protein L10", "organism": "Homo sapiens", "tissue": "blood"}, {"me": 3.0026616463769216, "pc": 0.9983844911147012, "marker_score": 0.40285475588761144, "symbol": "RPL10A", "name": "ribosomal protein L10a", "organism": "Homo sapiens", "tissue": "blood"}, {"me": 1.5181984781217175, "pc": 0.38449111470113084, "marker_score": 0.40086369131713284, "symbol": "PIM3", "name": "Pim-3 proto-oncogene, serine/threonine kinase", "organism": "Homo sapiens", "tissue": "blood"}, {"me": 2.7865103372713413, "pc": 0.9935379644588045, "marker_score": 0.3895740842657979, "symbol": "H3-3B", "name": "H3.3 histone B", "organism": "Homo sapiens", "tissue": "blood"}, {"me": 1.6874859957576482, "pc": 0.8449111470113085, "marker_score": 0.389182379778534, "symbol": "RPS4Y1", "name": "ribosomal protein S4 Y-linked 1", "organism": "Homo sapiens", "tissue": "blood"}, {"me": 2.83838068110107, "pc": 1.0, "marker_score": 0.3593866172456194, "symbol": "NACA", "name": "nascent polypeptide associated complex subunit alpha", "organism": "Homo sapiens", "tissue": "blood"}, {"me": 1.7827679431689174, "pc": 0.8449111470113085, "marker_score": 0.3267461289908607, "symbol": "IGHM", "name": "immunoglobulin heavy constant mu", "organism": "Homo sapiens", "tissue": "blood"}, {"me": 2.971590747740812, "pc": 1.0, "marker_score": 0.32085661626803663, "symbol": "RPS9", "name": "ribosomal protein S9", "organism": "Homo sapiens", "tissue": "blood"}, {"me": 5.350218740534127, "pc": 1.0, "marker_score": 0.3198273074029958, "symbol": "MALAT1", "name": "metastasis associated lung adenocarcinoma transcript 1", "organism": "Homo sapiens", "tissue": "blood"}, {"me": 3.9657201320173665, "pc": 1.0, "marker_score": 0.25763810123785047, "symbol": "RPS3A", "name": "ribosomal protein S3A", "organism": "Homo sapiens", "tissue": "blood"}, {"me": 1.485833740234375, "pc": 0.2988691437802908, "marker_score": 0.24614926088541828, "symbol": "GABPB1-AS1", "name": "GABPB1-AS1", "organism": "Homo sapiens", "tissue": "blood"}, {"me": 1.9440582070574663, "pc": 0.962843295638126, "marker_score": 0.24385488293568874, "symbol": "EIF3E", "name": "eukaryotic translation initiation factor 3 subunit E", "organism": "Homo sapiens", "tissue": "blood"}, {"me": 1.5748252868652344, "pc": 0.15508885298869143, "marker_score": 0.22801736786425875, "symbol": "MAFF", "name": "MAF bZIP transcription factor F", "organism": "Homo sapiens", "tissue": "blood"}, {"me": 1.4180848863389757, "pc": 0.08723747980613894, "marker_score": 0.22793342233971145, "symbol": "HOXA9", "name": "homeobox A9", "organism": "Homo sapiens", "tissue": "blood"}, {"me": 1.4279179514190297, "pc": 0.2617124394184168, "marker_score": 0.22700004491737108, "symbol": "NRIP1", "name": "nuclear receptor interacting protein 1", "organism": "Homo sapiens", "tissue": "blood"}, {"me": 1.3629944665091378, "pc": 0.045234248788368334, "marker_score": 0.2167051030233439, "symbol": "ZBTB8A", "name": "zinc finger and BTB domain containing 8A", "organism": "Homo sapiens", "tissue": "blood"}, {"me": 1.3517221521448206, "pc": 0.04361873990306947, "marker_score": 0.20841268245114042, "symbol": "QPRT", "name": "quinolinate phosphoribosyltransferase", "organism": "Homo sapiens", "tissue": "blood"}, {"me": 1.4514278411865233, "pc": 0.048465266558966075, "marker_score": 0.20071895466745399, "symbol": "MME", "name": "membrane metalloendopeptidase", "organism": "Homo sapiens", "tissue": "blood"}, {"me": 1.4296482404073079, "pc": 0.03877221324717286, "marker_score": 0.20063126518678234, "symbol": "KIAA0087", "name": "KIAA0087 lncRNA", "organism": "Homo sapiens", "tissue": "blood"}, {"me": 1.3739150365193684, "pc": 0.03877221324717286, "marker_score": 0.19999000483715818, "symbol": "KCNK17", "name": "potassium two pore domain channel subfamily K member 17", "organism": "Homo sapiens", "tissue": "blood"}, {"me": 1.2380473695952317, "pc": 0.046849757673667204, "marker_score": 0.19661477018157736, "symbol": "PLCB1", "name": "uncharacterized LOC105372522", "organism": "Homo sapiens", "tissue": "blood"}, {"me": 1.2968397776285807, "pc": 0.048465266558966075, "marker_score": 0.18943639624739123, "symbol": "FMNL1-DT", "name": "FMNL1 divergent transcript", "organism": "Homo sapiens", "tissue": "blood"}, {"me": 1.3771349899167937, "pc": 0.1987075928917609, "marker_score": 0.18649194781942552, "symbol": "MXD4", "name": "MAX dimerization protein 4", "organism": "Homo sapiens", "tissue": "blood"}, {"me": 1.6928531286851416, "pc": 0.8562197092084006, "marker_score": 0.1805411630197166, "symbol": "CIRBP", "name": "cold inducible RNA binding protein", "organism": "Homo sapiens", "tissue": "blood"}, {"me": 1.3991451778927364, "pc": 0.2988691437802908, "marker_score": 0.17938743880988, "symbol": "PIK3R1", "name": "phosphoinositide-3-kinase regulatory subunit 1", "organism": "Homo sapiens", "tissue": "blood"}, {"me": 1.374056369443483, "pc": 0.12762520193861066, "marker_score": 0.1759948708060498, "symbol": "MEX3C", "name": "mex-3 RNA binding family member C", "organism": "Homo sapiens", "tissue": "blood"}, {"me": 1.436723180564053, "pc": 0.2681744749596123, "marker_score": 0.16310616025039598, "symbol": "RBM38", "name": "RNA binding motif protein 38", "organism": "Homo sapiens", "tissue": "blood"}, {"me": 1.380369706587358, "pc": 0.035541195476575124, "marker_score": 0.16071860717689582, "symbol": "NUDT8", "name": "nudix hydrolase 8", "organism": "Homo sapiens", "tissue": "blood"}, {"me": 1.3454727172851562, "pc": 0.07269789983844911, "marker_score": 0.15088491691568853, "symbol": "RERE", "name": "arginine-glutamic acid dipeptide repeats", "organism": "Homo sapiens", "tissue": "blood"}, {"me": 2.6396834560499394, "pc": 0.9967689822294022, "marker_score": 0.1472222757995905, "symbol": "RPL24", "name": "ribosomal protein L24", "organism": "Homo sapiens", "tissue": "blood"}, {"me": 1.3228756189346313, "pc": 0.051696284329563816, "marker_score": 0.1436602927324763, "symbol": "LCOR", "name": "ligand dependent nuclear receptor corepressor", "organism": "Homo sapiens", "tissue": "blood"}, {"me": 1.3450748806908017, "pc": 0.033925686591276254, "marker_score": 0.1390177307910475, "symbol": "SLC35E1", "name": "solute carrier family 35 member E1", "organism": "Homo sapiens", "tissue": "blood"}, {"me": 3.774167160995557, "pc": 1.0, "marker_score": 0.13679243116890158, "symbol": "RPS24", "name": "ribosomal protein S24", "organism": "Homo sapiens", "tissue": "blood"}, {"me": 1.3638314773787314, "pc": 0.10823909531502424, "marker_score": 0.1366087156201121, "symbol": "KLHL24", "name": "kelch like family member 24", "organism": "Homo sapiens", "tissue": "blood"}, {"me": 1.5304398854573569, "pc": 0.048465266558966075, "marker_score": 0.1359865108574195, "symbol": "HES4", "name": "hes family bHLH transcription factor 4", "organism": "Homo sapiens", "tissue": "blood"}, {"me": 1.4664615115603885, "pc": 0.2988691437802908, "marker_score": 0.12998066994191326, "symbol": "GNA15", "name": "G protein subunit alpha 15", "organism": "Homo sapiens", "tissue": "blood"}, {"me": 1.3353985377720423, "pc": 0.11308562197092084, "marker_score": 0.12826048694025077, "symbol": "HHEX", "name": "hematopoietically expressed homeobox", "organism": "Homo sapiens", "tissue": "blood"}, {"me": 4.31943375151454, "pc": 1.0, "marker_score": 0.12794060554430814, "symbol": "RPL13", "name": "ribosomal protein L13", "organism": "Homo sapiens", "tissue": "blood"}, {"me": 1.4843264779510048, "pc": 0.5476575121163166, "marker_score": 0.1222134921567432, "symbol": "LUC7L3", "name": "LUC7 like 3 pre-mRNA splicing factor", "organism": "Homo sapiens", "tissue": "blood"}, {"me": 1.4155146691106981, "pc": 0.050080775444264945, "marker_score": 0.11804404229931202, "symbol": "SLC2A5", "name": "solute carrier family 2 member 5", "organism": "Homo sapiens", "tissue": "blood"}, {"me": 3.8549879625656303, "pc": 1.0, "marker_score": 0.11799504332949134, "symbol": "RPS2", "name": "ribosomal protein S2", "organism": "Homo sapiens", "tissue": "blood"}, {"me": 1.5636344958262838, "pc": 0.25363489499192243, "marker_score": 0.11725772264378945, "symbol": "C1QTNF4", "name": "C1q and TNF related 4", "organism": "Homo sapiens", "tissue": "blood"}, {"me": 1.5818598873129894, "pc": 0.7221324717285945, "marker_score": 0.11649972383268575, "symbol": "PNISR", "name": "PNN interacting serine and arginine rich protein", "organism": "Homo sapiens", "tissue": "blood"}, {"me": 1.3427239990234374, "pc": 0.08077544426494346, "marker_score": 0.112582944353027, "symbol": "LUZP1", "name": "leucine zipper protein 1", "organism": "Homo sapiens", "tissue": "blood"}, {"me": 1.39935302734375, "pc": 0.0420032310177706, "marker_score": 0.09861680058227715, "symbol": "CTA-29F11.1", "name": "CTA-29F11.1", "organism": "Homo sapiens", "tissue": "blood"}, {"me": 1.2784536801851714, "pc": 0.0840064620355412, "marker_score": 0.09035141223947965, "symbol": "ZMYM2", "name": "zinc finger MYM-type containing 2", "organism": "Homo sapiens", "tissue": "blood"}, {"me": 1.3069309754805132, "pc": 0.035541195476575124, "marker_score": 0.08387658788119466, "symbol": "MGRN1", "name": "mahogunin ring finger 1", "organism": "Homo sapiens", "tissue": "blood"}, {"me": 1.5362999775155712, "pc": 0.4701130856219709, "marker_score": 0.07684040738485384, "symbol": "HOPX", "name": "HOP homeobox", "organism": "Homo sapiens", "tissue": "blood"}, {"me": 1.4298983487215908, "pc": 0.3198707592891761, "marker_score": 0.07358598044564695, "symbol": "TTC3", "name": "tetratricopeptide repeat domain 3", "organism": "Homo sapiens", "tissue": "blood"}, {"me": 1.292641321818034, "pc": 0.03877221324717286, "marker_score": 0.07289983064480625, "symbol": "LPIN1", "name": "lipin 1", "organism": "Homo sapiens", "tissue": "blood"}, {"me": 2.5986856370922813, "pc": 0.9967689822294022, "marker_score": 0.070003554221635, "symbol": "RPS11", "name": "ribosomal protein S11", "organism": "Homo sapiens", "tissue": "blood"}, {"me": 1.297920862833659, "pc": 0.033925686591276254, "marker_score": 0.06837447404764321, "symbol": "NFAT5", "name": "nuclear factor of activated T cells 5", "organism": "Homo sapiens", "tissue": "blood"}, {"me": 1.5108331484807827, "pc": 0.5831987075928917, "marker_score": 0.06573938319567244, "symbol": "DDX17", "name": "DEAD-box helicase 17", "organism": "Homo sapiens", "tissue": "blood"}, {"me": 1.3778694068992532, "pc": 0.1470113085621971, "marker_score": 0.06321371069756665, "symbol": "ADA", "name": "adenosine deaminase", "organism": "Homo sapiens", "tissue": "blood"}, {"me": 1.5858731575200122, "pc": 0.6558966074313409, "marker_score": 0.06308329837112836, "symbol": "SNHG7", "name": "small nucleolar RNA host gene 7", "organism": "Homo sapiens", "tissue": "blood"}, {"me": 3.151226974265448, "pc": 1.0, "marker_score": 0.060551397836245274, "symbol": "RPL18", "name": "ribosomal protein L18", "organism": "Homo sapiens", "tissue": "blood"}, {"me": 1.4276946311773255, "pc": 0.3473344103392569, "marker_score": 0.05992006587348825, "symbol": "ANKRD11", "name": "ankyrin repeat domain containing 11", "organism": "Homo sapiens", "tissue": "blood"}, {"me": 1.648618624611752, "pc": 0.7964458804523424, "marker_score": 0.05844797241242038, "symbol": "RBM39", "name": "RNA binding motif protein 39", "organism": "Homo sapiens", "tissue": "blood"}, {"me": 1.555295531512701, "pc": 0.2762520193861066, "marker_score": 0.058338006746393445, "symbol": "IQGAP2", "name": "IQ motif containing GTPase activating protein 2", "organism": "Homo sapiens", "tissue": "blood"}, {"me": 1.3578592344771985, "pc": 0.06946688206785137, "marker_score": 0.05683483417134366, "symbol": "WDFY2", "name": "WD repeat and FYVE domain containing 2", "organism": "Homo sapiens", "tissue": "blood"}, {"me": 1.3695747161580023, "pc": 0.172859450726979, "marker_score": 0.05672308014297117, "symbol": "FOXN3", "name": "forkhead box N3", "organism": "Homo sapiens", "tissue": "blood"}, {"me": 1.372077320240162, "pc": 0.21809369951534732, "marker_score": 0.04991124785413827, "symbol": "RNMT", "name": "RNA guanine-7 methyltransferase", "organism": "Homo sapiens", "tissue": "blood"}, {"me": 1.3149984492812046, "pc": 0.06946688206785137, "marker_score": 0.04464303721364786, "symbol": "OSER1", "name": "oxidative stress responsive serine rich 1", "organism": "Homo sapiens", "tissue": "blood"}, {"me": 1.432300260697288, "pc": 0.28109854604200324, "marker_score": 0.04216204123398807, "symbol": "IRF2BP2", "name": "interferon regulatory factor 2 binding protein 2", "organism": "Homo sapiens", "tissue": "blood"}, {"me": 1.4163830280303955, "pc": 0.051696284329563816, "marker_score": 0.0420577353073883, "symbol": "CBX4", "name": "chromobox 4", "organism": "Homo sapiens", "tissue": "blood"}, {"me": 1.5727276888760653, "pc": 0.7108239095315024, "marker_score": 0.041016921838439024, "symbol": "PNN", "name": "pinin, desmosome associated protein", "organism": "Homo sapiens", "tissue": "blood"}, {"me": 1.2675827026367188, "pc": 0.04038772213247173, "marker_score": 0.025534834391848362, "symbol": "PROM1", "name": "prominin 1", "organism": "Homo sapiens", "tissue": "blood"}, {"me": 1.3026258680555556, "pc": 0.04361873990306947, "marker_score": 0.0250812177518703, "symbol": "LDLRAD4", "name": "low density lipoprotein receptor class A domain containing 4", "organism": "Homo sapiens", "tissue": "blood"}, {"me": 1.3630559017783717, "pc": 0.15347334410339256, "marker_score": 0.0228117174777625, "symbol": "ZNF292", "name": "zinc finger protein 292", "organism": "Homo sapiens", "tissue": "blood"}, {"me": 1.307817892594771, "pc": 0.07108239095315025, "marker_score": 0.016859396865643236, "symbol": "PHF14", "name": "PHD finger protein 14", "organism": "Homo sapiens", "tissue": "blood"}, {"me": 1.400444864224987, "pc": 0.19224555735056542, "marker_score": 0.014868469303214837, "symbol": "ATF7IP2", "name": "activating transcription factor 7 interacting protein 2", "organism": "Homo sapiens", "tissue": "blood"}, {"me": 1.3885294198989868, "pc": 0.10339256865912763, "marker_score": 0.013829107763480931, "symbol": "RP11-386I14.4", "name": "RP11-386I14.4", "organism": "Homo sapiens", "tissue": "blood"}, {"me": 1.5661574854995266, "pc": 0.7463651050080775, "marker_score": 0.012255348894879982, "symbol": "ITM2C", "name": "integral membrane protein 2C", "organism": "Homo sapiens", "tissue": "blood"}, {"me": 1.3609735107421874, "pc": 0.04038772213247173, "marker_score": 0.011513087610954709, "symbol": "PDE7A", "name": "phosphodiesterase 7A", "organism": "Homo sapiens", "tissue": "blood"}, {"me": 1.298410521613227, "pc": 0.05815831987075929, "marker_score": 0.010139139820192615, "symbol": "JUP", "name": "junction plakoglobin", "organism": "Homo sapiens", "tissue": "blood"}, {"me": 1.2792389392852783, "pc": 0.051696284329563816, "marker_score": 0.00813221165609798, "symbol": "SPG7", "name": "uncharacterized LOC101930112", "organism": "Homo sapiens", "tissue": "blood"}, {"me": 1.3895707563920454, "pc": 0.2665589660743134, "marker_score": 0.005382231393140814, "symbol": "PRKCB", "name": "protein kinase C beta", "organism": "Homo sapiens", "tissue": "blood"}, {"me": 1.4756070917302913, "pc": 0.284329563812601, "marker_score": 0.001934871750613138, "symbol": "ARPC5L", "name": "actin related protein 2/3 complex subunit 5 like", "organism": "Homo sapiens", "tissue": "blood"}, {"me": 1.3268755674362183, "pc": 0.051696284329563816, "marker_score": 0.0007909496071405288, "symbol": "ODF2L", "name": "outer dense fiber of sperm tails 2 like", "organism": "Homo sapiens", "tissue": "blood"}, {"me": 1.7148166365352862, "pc": 0.6476552598225602, "marker_score": 1.298608672025387, "symbol": "C1QTNF4", "name": "C1q and TNF related 4", "organism": "Homo sapiens", "tissue": "liver"}, {"me": 1.6913408937707413, "pc": 0.5728770595690748, "marker_score": 1.1168112774365362, "symbol": "SPINK2", "name": "serine peptidase inhibitor Kazal type 2", "organism": "Homo sapiens", "tissue": "liver"}, {"me": 1.5071131694747741, "pc": 0.4207858048162231, "marker_score": 0.8320581879626415, "symbol": "CD34", "name": "CD34 molecule", "organism": "Homo sapiens", "tissue": "liver"}, {"me": 1.4109545527277767, "pc": 0.37515842839036756, "marker_score": 0.762694614451956, "symbol": "SMIM24", "name": "small integral membrane protein 24", "organism": "Homo sapiens", "tissue": "liver"}, {"me": 2.313220765293435, "pc": 0.47782002534854245, "marker_score": 0.5778374651449059, "symbol": "IGLL1", "name": "immunoglobulin lambda like polypeptide 1", "organism": "Homo sapiens", "tissue": "liver"}, {"me": 1.781186290922619, "pc": 0.6653992395437263, "marker_score": 0.5666110791026037, "symbol": "CD99", "name": "CD99 molecule (Xg blood group)", "organism": "Homo sapiens", "tissue": "liver"}, {"me": 1.4547785544882015, "pc": 0.24841571609632446, "marker_score": 0.5658165220782649, "symbol": "ADA", "name": "adenosine deaminase", "organism": "Homo sapiens", "tissue": "liver"}, {"me": 1.7296117495184076, "pc": 0.7401774397972116, "marker_score": 0.5356953915108362, "symbol": "ITGA4", "name": "integrin subunit alpha 4", "organism": "Homo sapiens", "tissue": "liver"}, {"me": 1.4735554477624726, "pc": 0.21673003802281368, "marker_score": 0.5122860424750268, "symbol": "FAM30A", "name": "family with sequence similarity 30 member A", "organism": "Homo sapiens", "tissue": "liver"}, {"me": 1.6711580589754418, "pc": 0.6096324461343473, "marker_score": 0.47743535584990526, "symbol": "NRIP1", "name": "nuclear receptor interacting protein 1", "organism": "Homo sapiens", "tissue": "liver"}, {"me": 1.5299110630580357, "pc": 0.2217997465145754, "marker_score": 0.46005026278283884, "symbol": "UHRF1", "name": "ubiquitin like with PHD and ring finger domains 1", "organism": "Homo sapiens", "tissue": "liver"}, {"me": 1.4428488462025884, "pc": 0.3320659062103929, "marker_score": 0.4564600682410149, "symbol": "RCSD1", "name": "RCSD domain containing 1", "organism": "Homo sapiens", "tissue": "liver"}, {"me": 1.3870789664132255, "pc": 0.14195183776932827, "marker_score": 0.3998157001343959, "symbol": "HOXA9", "name": "homeobox A9", "organism": "Homo sapiens", "tissue": "liver"}, {"me": 1.3756138965336964, "pc": 0.12547528517110265, "marker_score": 0.3718074623214231, "symbol": "SCN3A", "name": "sodium voltage-gated channel alpha subunit 3", "organism": "Homo sapiens", "tissue": "liver"}, {"me": 1.4507922777619124, "pc": 0.48542458808618505, "marker_score": 0.37073176132195124, "symbol": "IFI16", "name": "interferon gamma inducible protein 16", "organism": "Homo sapiens", "tissue": "liver"}, {"me": 1.653631591796875, "pc": 0.24081115335868186, "marker_score": 0.3679785529705448, "symbol": "VPREB1", "name": "V-set pre-B cell surrogate light chain 1", "organism": "Homo sapiens", "tissue": "liver"}, {"me": 2.044108780570652, "pc": 0.8745247148288974, "marker_score": 0.3670564569063921, "symbol": "NAP1L1", "name": "nucleosome assembly protein 1 like 1", "organism": "Homo sapiens", "tissue": "liver"}, {"me": 3.6625425681089743, "pc": 0.9885931558935361, "marker_score": 0.364633615240866, "symbol": "RPS24", "name": "ribosomal protein S24", "organism": "Homo sapiens", "tissue": "liver"}, {"me": 1.856745956445004, "pc": 0.8022813688212928, "marker_score": 0.3626070912596246, "symbol": "ANP32B", "name": "acidic nuclear phosphoprotein 32 family member B", "organism": "Homo sapiens", "tissue": "liver"}, {"me": 1.9613460465973498, "pc": 0.12927756653992395, "marker_score": 0.35180257171870355, "symbol": "PRSS2", "name": "serine protease 2", "organism": "Homo sapiens", "tissue": "liver"}, {"me": 1.5479256994437174, "pc": 0.2420785804816223, "marker_score": 0.3491811248534613, "symbol": "TLE4", "name": "TLE family member 4, transcriptional corepressor", "organism": "Homo sapiens", "tissue": "liver"}, {"me": 1.3290810886817643, "pc": 0.2002534854245881, "marker_score": 0.34491751828470696, "symbol": "SATB1", "name": "SATB homeobox 1", "organism": "Homo sapiens", "tissue": "liver"}, {"me": 1.526989613768208, "pc": 0.467680608365019, "marker_score": 0.33441668378478057, "symbol": "BCL11A", "name": "BCL11 transcription factor A", "organism": "Homo sapiens", "tissue": "liver"}, {"me": 1.4709147199799744, "pc": 0.10012674271229405, "marker_score": 0.32747257623305015, "symbol": "CYGB", "name": "cytoglobin", "organism": "Homo sapiens", "tissue": "liver"}, {"me": 1.4498334873222305, "pc": 0.21166032953105196, "marker_score": 0.3204945646162992, "symbol": "ANGPT1", "name": "angiopoietin 1", "organism": "Homo sapiens", "tissue": "liver"}, {"me": 1.8165326651880296, "pc": 0.7477820025348543, "marker_score": 0.3022355509549537, "symbol": "SOX4", "name": "SRY-box transcription factor 4", "organism": "Homo sapiens", "tissue": "liver"}, {"me": 1.3631287503104679, "pc": 0.21926489226869456, "marker_score": 0.30177255176696116, "symbol": "CNTRL", "name": "centriolin", "organism": "Homo sapiens", "tissue": "liver"}, {"me": 1.5558900694916213, "pc": 0.08745247148288973, "marker_score": 0.3011644975480062, "symbol": "RGL4", "name": "ral guanine nucleotide dissociation stimulator like 4", "organism": "Homo sapiens", "tissue": "liver"}, {"me": 1.3769480387369792, "pc": 0.2965779467680608, "marker_score": 0.2961423276817683, "symbol": "CCND2", "name": "cyclin D2", "organism": "Homo sapiens", "tissue": "liver"}, {"me": 1.655986347161306, "pc": 0.6501901140684411, "marker_score": 0.28986849670819753, "symbol": "CDK6", "name": "cyclin dependent kinase 6", "organism": "Homo sapiens", "tissue": "liver"}, {"me": 3.7519368280648266, "pc": 0.9873257287705957, "marker_score": 0.2884817830306912, "symbol": "RPS2", "name": "ribosomal protein S2", "organism": "Homo sapiens", "tissue": "liver"}, {"me": 4.190379551478794, "pc": 0.9936628643852978, "marker_score": 0.2850223501099401, "symbol": "RPL13", "name": "ribosomal protein L13", "organism": "Homo sapiens", "tissue": "liver"}, {"me": 1.4171826362609863, "pc": 0.4055766793409379, "marker_score": 0.28484497912946544, "symbol": "PRSS57", "name": "serine protease 57", "organism": "Homo sapiens", "tissue": "liver"}, {"me": 1.304773020189862, "pc": 0.21799746514575413, "marker_score": 0.2831286642770938, "symbol": "CDCA7", "name": "cell division cycle associated 7", "organism": "Homo sapiens", "tissue": "liver"}, {"me": 1.4922137502896584, "pc": 0.07477820025348543, "marker_score": 0.27672826086984453, "symbol": "ACY3", "name": "aminoacylase 3", "organism": "Homo sapiens", "tissue": "liver"}, {"me": 1.4481375301585477, "pc": 0.21546261089987326, "marker_score": 0.275770949582873, "symbol": "MIR181A1HG", "name": "MIR181A1HG", "organism": "Homo sapiens", "tissue": "liver"}, {"me": 4.0155350863171355, "pc": 0.991128010139417, "marker_score": 0.26870507405404936, "symbol": "RPS18", "name": "ribosomal protein S18", "organism": "Homo sapiens", "tissue": "liver"}, {"me": 1.4144810069691052, "pc": 0.0697084917617237, "marker_score": 0.26788013816945444, "symbol": "RAG1", "name": "recombination activating 1", "organism": "Homo sapiens", "tissue": "liver"}, {"me": 3.550329683985379, "pc": 0.9860583016476553, "marker_score": 0.26070268027126337, "symbol": "RPS4X", "name": "ribosomal protein S4 X-linked", "organism": "Homo sapiens", "tissue": "liver"}, {"me": 1.2697258903866722, "pc": 0.10646387832699619, "marker_score": 0.25158876944709985, "symbol": "GBP4", "name": "guanylate binding protein 4", "organism": "Homo sapiens", "tissue": "liver"}, {"me": 1.487510205878586, "pc": 0.3865652724968314, "marker_score": 0.25014762837884214, "symbol": "NREP", "name": "neuronal regeneration related protein", "organism": "Homo sapiens", "tissue": "liver"}, {"me": 1.174024947146152, "pc": 0.059569074778200254, "marker_score": 0.24551582205024358, "symbol": "BAHCC1", "name": "BAH domain and coiled-coil containing 1", "organism": "Homo sapiens", "tissue": "liver"}, {"me": 1.263406717552329, "pc": 0.06717363751584284, "marker_score": 0.24091264415878316, "symbol": "CD200", "name": "CD200 molecule", "organism": "Homo sapiens", "tissue": "liver"}, {"me": 2.4926634560317256, "pc": 0.9163498098859315, "marker_score": 0.23822762179192247, "symbol": "RPL36A", "name": "ribosomal protein L36a", "organism": "Homo sapiens", "tissue": "liver"}, {"me": 1.6412902171000676, "pc": 0.7021546261089987, "marker_score": 0.23501947396298076, "symbol": "ARGLU1", "name": "arginine and glutamate rich 1", "organism": "Homo sapiens", "tissue": "liver"}, {"me": 3.620198356331169, "pc": 0.9759188846641318, "marker_score": 0.23496720413812894, "symbol": "RPS14", "name": "ribosomal protein S14", "organism": "Homo sapiens", "tissue": "liver"}, {"me": 3.937756692842224, "pc": 0.9860583016476553, "marker_score": 0.23394673035409247, "symbol": "RPS8", "name": "ribosomal protein S8", "organism": "Homo sapiens", "tissue": "liver"}, {"me": 1.259867937136919, "pc": 0.049429657794676805, "marker_score": 0.22593216222263968, "symbol": "RP11-251M1.1", "name": "uncharacterized LOC101928612", "organism": "Homo sapiens", "tissue": "liver"}, {"me": 1.3611295651166866, "pc": 0.09885931558935361, "marker_score": 0.224799214816715, "symbol": "CDK6-AS1", "name": "CDK6 antisense RNA 1", "organism": "Homo sapiens", "tissue": "liver"}, {"me": 2.3097042410714286, "pc": 0.8871989860583016, "marker_score": 0.21856768602562981, "symbol": "RPS17", "name": "ribosomal protein S17", "organism": "Homo sapiens", "tissue": "liver"}, {"me": 1.449969526650249, "pc": 0.17490494296577946, "marker_score": 0.21721403718690674, "symbol": "NPR3", "name": "natriuretic peptide receptor 3", "organism": "Homo sapiens", "tissue": "liver"}, {"me": 2.565702433157357, "pc": 0.9302915082382763, "marker_score": 0.2172102815401431, "symbol": "RPL23", "name": "ribosomal protein L23", "organism": "Homo sapiens", "tissue": "liver"}, {"me": 1.3076115822305485, "pc": 0.062103929024081114, "marker_score": 0.21632105761327494, "symbol": "TRH", "name": "thyrotropin releasing hormone", "organism": "Homo sapiens", "tissue": "liver"}, {"me": 1.463981296705163, "pc": 0.2915082382762991, "marker_score": 0.21602878914604393, "symbol": "TOP2B", "name": "DNA topoisomerase II beta", "organism": "Homo sapiens", "tissue": "liver"}, {"me": 5.2241254257762995, "pc": 1.0, "marker_score": 0.21520150546370043, "symbol": "MALAT1", "name": "metastasis associated lung adenocarcinoma transcript 1", "organism": "Homo sapiens", "tissue": "liver"}, {"me": 3.0244850792769773, "pc": 0.9455006337135615, "marker_score": 0.21516071873209652, "symbol": "RPL12", "name": "ribosomal protein L12", "organism": "Homo sapiens", "tissue": "liver"}, {"me": 1.1467025981229895, "pc": 0.043092522179974654, "marker_score": 0.21176014833019682, "symbol": "SPNS3", "name": "SPNS lysolipid transporter 3, sphingosine-1-phosphate (putative)", "organism": "Homo sapiens", "tissue": "liver"}, {"me": 1.4755395340592894, "pc": 0.09252217997465145, "marker_score": 0.20820697788886955, "symbol": "MPO", "name": "myeloperoxidase", "organism": "Homo sapiens", "tissue": "liver"}, {"me": 1.5795514242989677, "pc": 0.14195183776932827, "marker_score": 0.20552253583999489, "symbol": "EBF1", "name": "EBF transcription factor 1", "organism": "Homo sapiens", "tissue": "liver"}, {"me": 1.36004638671875, "pc": 0.04055766793409379, "marker_score": 0.2038840862041913, "symbol": "MYCN", "name": "MYCN proto-oncogene, bHLH transcription factor", "organism": "Homo sapiens", "tissue": "liver"}, {"me": 1.4875355035486355, "pc": 0.17997465145754118, "marker_score": 0.20043340425546952, "symbol": "B3GNT2", "name": "UDP-GlcNAc:betaGal beta-1,3-N-acetylglucosaminyltransferase 2", "organism": "Homo sapiens", "tissue": "liver"}, {"me": 3.446296632751938, "pc": 0.9809885931558935, "marker_score": 0.19430201572506572, "symbol": "RPS6", "name": "ribosomal protein S6", "organism": "Homo sapiens", "tissue": "liver"}, {"me": 1.2213133609656133, "pc": 0.04182509505703422, "marker_score": 0.19199568193995542, "symbol": "RP11-25K19.1", "name": "TOX divergent transcript", "organism": "Homo sapiens", "tissue": "liver"}, {"me": 1.24090153462178, "pc": 0.09378960709759189, "marker_score": 0.18974687345736668, "symbol": "LAIR1", "name": "leukocyte associated immunoglobulin like receptor 1", "organism": "Homo sapiens", "tissue": "liver"}, {"me": 1.2969247513458508, "pc": 0.15082382762991128, "marker_score": 0.18249444778971263, "symbol": "GNPTAB", "name": "N-acetylglucosamine-1-phosphate transferase subunits alpha and beta", "organism": "Homo sapiens", "tissue": "liver"}, {"me": 2.933450901761968, "pc": 0.9531051964512041, "marker_score": 0.1823566778084333, "symbol": "RPL17", "name": "ribosomal protein L17", "organism": "Homo sapiens", "tissue": "liver"}, {"me": 1.3097964200106533, "pc": 0.15335868187579213, "marker_score": 0.18087517064997094, "symbol": "BAALC", "name": "BAALC binder of MAP3K1 and KLF4", "organism": "Homo sapiens", "tissue": "liver"}, {"me": 1.3979302844861998, "pc": 0.17363751584283904, "marker_score": 0.1807313578565507, "symbol": "LAT2", "name": "linker for activation of T cells family member 2", "organism": "Homo sapiens", "tissue": "liver"}, {"me": 1.2482603391011555, "pc": 0.060836501901140684, "marker_score": 0.17922437284669165, "symbol": "STARD4-AS1", "name": "STARD4 antisense RNA 1", "organism": "Homo sapiens", "tissue": "liver"}, {"me": 1.2924266052246094, "pc": 0.031685678073510776, "marker_score": 0.178588028744958, "symbol": "KB-208E9.1", "name": "KB-208E9.1", "organism": "Homo sapiens", "tissue": "liver"}, {"me": 2.158235888460498, "pc": 0.8783269961977186, "marker_score": 0.17766463879565553, "symbol": "EEF1G", "name": "eukaryotic translation elongation factor 1 gamma", "organism": "Homo sapiens", "tissue": "liver"}, {"me": 1.4838778994498996, "pc": 0.5525982256020279, "marker_score": 0.17561565647965063, "symbol": "APEX1", "name": "apurinic/apyrimidinic endodeoxyribonuclease 1", "organism": "Homo sapiens", "tissue": "liver"}, {"me": 3.446972214080692, "pc": 0.9797211660329531, "marker_score": 0.17496861441424677, "symbol": "RPS3", "name": "ribosomal protein S3", "organism": "Homo sapiens", "tissue": "liver"}, {"me": 3.5671684451219514, "pc": 0.9873257287705957, "marker_score": 0.17409262145286217, "symbol": "RPS3A", "name": "ribosomal protein S3A", "organism": "Homo sapiens", "tissue": "liver"}, {"me": 1.2642430844514265, "pc": 0.029150823827629912, "marker_score": 0.1706054128322335, "symbol": "LINC00426", "name": "long intergenic non-protein coding RNA 426", "organism": "Homo sapiens", "tissue": "liver"}, {"me": 1.3465672986260775, "pc": 0.18377693282636248, "marker_score": 0.17052691049968022, "symbol": "GNAI1", "name": "G protein subunit alpha i1", "organism": "Homo sapiens", "tissue": "liver"}, {"me": 1.4214691512886135, "pc": 0.33079847908745247, "marker_score": 0.16354045927140487, "symbol": "SELL", "name": "selectin L", "organism": "Homo sapiens", "tissue": "liver"}, {"me": 1.219490232921782, "pc": 0.026615969581749048, "marker_score": 0.1632561275993582, "symbol": "RAG2", "name": "recombination activating 2", "organism": "Homo sapiens", "tissue": "liver"}, {"me": 1.2115434646606444, "pc": 0.025348542458808618, "marker_score": 0.16102607165108523, "symbol": "UMODL1", "name": "uromodulin like 1", "organism": "Homo sapiens", "tissue": "liver"}, {"me": 1.3047411918640137, "pc": 0.025348542458808618, "marker_score": 0.1605784201841327, "symbol": "NOG", "name": "noggin", "organism": "Homo sapiens", "tissue": "liver"}, {"me": 1.3970807267494327, "pc": 0.3840304182509506, "marker_score": 0.16026749569604495, "symbol": "ARL6IP5", "name": "ADP ribosylation factor like GTPase 6 interacting protein 5", "organism": "Homo sapiens", "tissue": "liver"}, {"me": 1.2994612473707932, "pc": 0.08238276299112801, "marker_score": 0.15981302733171202, "symbol": "RP5-1171I10.5", "name": "RP5-1171I10.5", "organism": "Homo sapiens", "tissue": "liver"}, {"me": 1.4436614073397265, "pc": 0.2953105196451204, "marker_score": 0.15969033451720488, "symbol": "GABPB1-AS1", "name": "GABPB1-AS1", "organism": "Homo sapiens", "tissue": "liver"}, {"me": 2.9628132609577924, "pc": 0.9759188846641318, "marker_score": 0.15933698860339235, "symbol": "RPL14", "name": "ribosomal protein L14", "organism": "Homo sapiens", "tissue": "liver"}, {"me": 2.89175501293321, "pc": 0.9416983523447402, "marker_score": 0.15753142849812485, "symbol": "RPL5", "name": "ribosomal protein L5", "organism": "Homo sapiens", "tissue": "liver"}, {"me": 1.2408699989318848, "pc": 0.04055766793409379, "marker_score": 0.15274568207013192, "symbol": "CYSLTR1", "name": "cysteinyl leukotriene receptor 1", "organism": "Homo sapiens", "tissue": "liver"}, {"me": 1.5956789652506511, "pc": 0.026615969581749048, "marker_score": 0.1526390766956118, "symbol": "LTA", "name": "lymphotoxin alpha", "organism": "Homo sapiens", "tissue": "liver"}, {"me": 3.0081059256976936, "pc": 0.9480354879594424, "marker_score": 0.14575107808501714, "symbol": "RPS29", "name": "ribosomal protein S29", "organism": "Homo sapiens", "tissue": "liver"}, {"me": 1.30156982421875, "pc": 0.06337135614702155, "marker_score": 0.1446575824621652, "symbol": "LINC00342", "name": "LINC00342", "organism": "Homo sapiens", "tissue": "liver"}, {"me": 1.2743746849798387, "pc": 0.11787072243346007, "marker_score": 0.1438416108091685, "symbol": "EMB", "name": "embigin", "organism": "Homo sapiens", "tissue": "liver"}, {"me": 1.2198251260293496, "pc": 0.046894803548795945, "marker_score": 0.1437202217970608, "symbol": "TMEM38B", "name": "transmembrane protein 38B", "organism": "Homo sapiens", "tissue": "liver"}, {"me": 1.377086556835092, "pc": 0.29277566539923955, "marker_score": 0.1411841605432198, "symbol": "KMT2A", "name": "lysine methyltransferase 2A", "organism": "Homo sapiens", "tissue": "liver"}, {"me": 1.264521342952077, "pc": 0.051964512040557666, "marker_score": 0.13901846694156364, "symbol": "LL22NC03-2H8.5", "name": "LL22NC03-2H8.5", "organism": "Homo sapiens", "tissue": "liver"}, {"me": 1.4033922681621476, "pc": 0.2585551330798479, "marker_score": 0.13840722037338116, "symbol": "HOPX", "name": "HOP homeobox", "organism": "Homo sapiens", "tissue": "liver"}, {"me": 1.2870322985526843, "pc": 0.09885931558935361, "marker_score": 0.13818839897865995, "symbol": "EBLN3P", "name": "endogenous Bornavirus like nucleoprotein 3, pseudogene", "organism": "Homo sapiens", "tissue": "liver"}, {"me": 1.23947274684906, "pc": 0.08111533586818757, "marker_score": 0.13438596824161672, "symbol": "CBFA2T3", "name": "CBFA2/RUNX1 partner transcriptional co-repressor 3", "organism": "Homo sapiens", "tissue": "liver"}, {"me": 3.242217776014182, "pc": 0.9607097591888466, "marker_score": 0.13227591629065552, "symbol": "RPL26", "name": "ribosomal protein L26", "organism": "Homo sapiens", "tissue": "liver"}, {"me": 1.7566472627153167, "pc": 0.6806083650190115, "marker_score": 0.13127671196647409, "symbol": "MACROH2A1", "name": "macroH2A.1 histone", "organism": "Homo sapiens", "tissue": "liver"}, {"me": 1.304192641685749, "pc": 0.036755386565272496, "marker_score": 0.12969491668462543, "symbol": "TASL", "name": "TLR adaptor interacting with endolysosomal SLC15A4", "organism": "Homo sapiens", "tissue": "liver"}, {"me": 1.3000735658587832, "pc": 0.08365019011406843, "marker_score": 0.1267383361349911, "symbol": "HSH2D", "name": "hematopoietic SH2 domain containing", "organism": "Homo sapiens", "tissue": "liver"}, {"me": 1.8504872183686512, "pc": 0.7460629921259843, "marker_score": 1.5102114937948476, "symbol": "ZCCHC7", "name": "zinc finger CCHC-type containing 7", "organism": "Homo sapiens", "tissue": "bone marrow"}, {"me": 1.9287229345823096, "pc": 0.8011811023622047, "marker_score": 1.317632051356283, "symbol": "XIST", "name": "X inactive specific transcript", "organism": "Homo sapiens", "tissue": "bone marrow"}, {"me": 1.6178469686113166, "pc": 0.6653543307086615, "marker_score": 1.105072678898216, "symbol": "MED13L", "name": "mediator complex subunit 13L", "organism": "Homo sapiens", "tissue": "bone marrow"}, {"me": 1.6266080486240673, "pc": 0.6594488188976378, "marker_score": 1.0899243913655923, "symbol": "MSI2", "name": "musashi RNA binding protein 2", "organism": "Homo sapiens", "tissue": "bone marrow"}, {"me": 1.9632435142330178, "pc": 0.8838582677165354, "marker_score": 0.9383732814203763, "symbol": "ITGA4", "name": "integrin subunit alpha 4", "organism": "Homo sapiens", "tissue": "bone marrow"}, {"me": 1.5149702140485037, "pc": 0.6043307086614174, "marker_score": 0.8983921102017844, "symbol": "ADA", "name": "adenosine deaminase", "organism": "Homo sapiens", "tissue": "bone marrow"}, {"me": 1.4662097114662938, "pc": 0.4507874015748031, "marker_score": 0.8931533811827738, "symbol": "PALM2AKAP2", "name": "PALM2 and AKAP2 fusion", "organism": "Homo sapiens", "tissue": "bone marrow"}, {"me": 1.597892290280189, "pc": 0.6377952755905512, "marker_score": 0.8893638195370076, "symbol": "ETS2", "name": "ETS proto-oncogene 2, transcription factor", "organism": "Homo sapiens", "tissue": "bone marrow"}, {"me": 2.8837509513460975, "pc": 0.8385826771653543, "marker_score": 0.8821514780986534, "symbol": "IGLL1", "name": "immunoglobulin lambda like polypeptide 1", "organism": "Homo sapiens", "tissue": "bone marrow"}, {"me": 1.5244886610243056, "pc": 0.6023622047244095, "marker_score": 0.848308002763916, "symbol": "MYCBP2", "name": "MYC binding protein 2", "organism": "Homo sapiens", "tissue": "bone marrow"}, {"me": 2.774253366074124, "pc": 0.8149606299212598, "marker_score": 0.8352616581852915, "symbol": "LTB", "name": "lymphotoxin beta", "organism": "Homo sapiens", "tissue": "bone marrow"}, {"me": 1.6884217247596154, "pc": 0.639763779527559, "marker_score": 0.789288454034551, "symbol": "TOP2B", "name": "DNA topoisomerase II beta", "organism": "Homo sapiens", "tissue": "bone marrow"}, {"me": 1.4901927709579468, "pc": 0.5039370078740157, "marker_score": 0.7868093654113749, "symbol": "MIR181A1HG", "name": "MIR181A1HG", "organism": "Homo sapiens", "tissue": "bone marrow"}, {"me": 1.482069378439714, "pc": 0.4862204724409449, "marker_score": 0.7819044069869922, "symbol": "B3GNT2", "name": "UDP-GlcNAc:betaGal beta-1,3-N-acetylglucosaminyltransferase 2", "organism": "Homo sapiens", "tissue": "bone marrow"}, {"me": 1.7417250637802781, "pc": 0.8228346456692913, "marker_score": 0.7814067117273175, "symbol": "ARGLU1", "name": "arginine and glutamate rich 1", "organism": "Homo sapiens", "tissue": "bone marrow"}, {"me": 1.4386687776935634, "pc": 0.3956692913385827, "marker_score": 0.7422566109709704, "symbol": "AFF1", "name": "ALF transcription elongation factor 1", "organism": "Homo sapiens", "tissue": "bone marrow"}, {"me": 1.4468668186918219, "pc": 0.4625984251968504, "marker_score": 0.7384428140297586, "symbol": "ATXN7L3B", "name": "ataxin 7 like 3B", "organism": "Homo sapiens", "tissue": "bone marrow"}, {"me": 1.551706832944205, "pc": 0.5137795275590551, "marker_score": 0.7218606475348415, "symbol": "EBF1", "name": "EBF transcription factor 1", "organism": "Homo sapiens", "tissue": "bone marrow"}, {"me": 1.6658461015303057, "pc": 0.7165354330708661, "marker_score": 0.7152487203092204, "symbol": "PSMA6", "name": "proteasome 20S subunit alpha 6", "organism": "Homo sapiens", "tissue": "bone marrow"}, {"me": 1.683294213336447, "pc": 0.5433070866141733, "marker_score": 0.6960235574803995, "symbol": "TLE4", "name": "TLE family member 4, transcriptional corepressor", "organism": "Homo sapiens", "tissue": "bone marrow"}, {"me": 2.0033806994952985, "pc": 0.889763779527559, "marker_score": 0.6874539637444186, "symbol": "HNRNPU", "name": "heterogeneous nuclear ribonucleoprotein U", "organism": "Homo sapiens", "tissue": "bone marrow"}, {"me": 1.3820378791772578, "pc": 0.41141732283464566, "marker_score": 0.6709845487070056, "symbol": "JPX", "name": "JPX transcript, XIST activator", "organism": "Homo sapiens", "tissue": "bone marrow"}, {"me": 1.432708003603179, "pc": 0.2854330708661417, "marker_score": 0.6322840390152471, "symbol": "CYGB", "name": "cytoglobin", "organism": "Homo sapiens", "tissue": "bone marrow"}, {"me": 1.3235454690867456, "pc": 0.2854330708661417, "marker_score": 0.6276368217415307, "symbol": "VAV3", "name": "vav guanine nucleotide exchange factor 3", "organism": "Homo sapiens", "tissue": "bone marrow"}, {"me": 1.7483609056225713, "pc": 0.7598425196850394, "marker_score": 0.6169234122676985, "symbol": "CDK6", "name": "cyclin dependent kinase 6", "organism": "Homo sapiens", "tissue": "bone marrow"}, {"me": 1.4287970542907715, "pc": 0.31496062992125984, "marker_score": 0.5921443130037258, "symbol": "CDK6-AS1", "name": "CDK6 antisense RNA 1", "organism": "Homo sapiens", "tissue": "bone marrow"}, {"me": 1.3405342707558283, "pc": 0.24803149606299213, "marker_score": 0.5663295863073112, "symbol": "TTC7A", "name": "tetratricopeptide repeat domain 7A", "organism": "Homo sapiens", "tissue": "bone marrow"}, {"me": 1.3612727268486267, "pc": 0.3090551181102362, "marker_score": 0.5604153505373262, "symbol": "KAT6B", "name": "lysine acetyltransferase 6B", "organism": "Homo sapiens", "tissue": "bone marrow"}, {"me": 1.4104538972157215, "pc": 0.4468503937007874, "marker_score": 0.5344473635568315, "symbol": "KMT2A", "name": "lysine methyltransferase 2A", "organism": "Homo sapiens", "tissue": "bone marrow"}, {"me": 1.5200917170597956, "pc": 0.5118110236220472, "marker_score": 0.533634691586602, "symbol": "BCL11A", "name": "BCL11 transcription factor A", "organism": "Homo sapiens", "tissue": "bone marrow"}, {"me": 1.3149404884281015, "pc": 0.2618110236220472, "marker_score": 0.5328366542138877, "symbol": "GALNT2", "name": "polypeptide N-acetylgalactosaminyltransferase 2", "organism": "Homo sapiens", "tissue": "bone marrow"}, {"me": 1.3658528230628189, "pc": 0.3858267716535433, "marker_score": 0.5291380102544886, "symbol": "PTEN", "name": "phosphatase and tensin homolog", "organism": "Homo sapiens", "tissue": "bone marrow"}, {"me": 1.467275619506836, "pc": 0.28346456692913385, "marker_score": 0.5286950597230219, "symbol": "RAG1", "name": "recombination activating 1", "organism": "Homo sapiens", "tissue": "bone marrow"}, {"me": 1.4028698149181547, "pc": 0.28937007874015747, "marker_score": 0.5250691100182702, "symbol": "EBLN3P", "name": "endogenous Bornavirus like nucleoprotein 3, pseudogene", "organism": "Homo sapiens", "tissue": "bone marrow"}, {"me": 1.2932061415452223, "pc": 0.30708661417322836, "marker_score": 0.5247872466642827, "symbol": "SARNP", "name": "SAP domain containing ribonucleoprotein", "organism": "Homo sapiens", "tissue": "bone marrow"}, {"me": 1.4484974254261365, "pc": 0.3464566929133858, "marker_score": 0.5125314444062401, "symbol": "BCL2", "name": "BCL2 apoptosis regulator", "organism": "Homo sapiens", "tissue": "bone marrow"}, {"me": 1.4578974797175481, "pc": 0.5118110236220472, "marker_score": 0.50730967441834, "symbol": "CHD1", "name": "chromodomain helicase DNA binding protein 1", "organism": "Homo sapiens", "tissue": "bone marrow"}, {"me": 1.763523384876049, "pc": 0.5570866141732284, "marker_score": 0.5040589585751352, "symbol": "C1QTNF4", "name": "C1q and TNF related 4", "organism": "Homo sapiens", "tissue": "bone marrow"}, {"me": 1.5625300586671758, "pc": 0.5236220472440944, "marker_score": 0.50396689877717, "symbol": "UHRF1", "name": "ubiquitin like with PHD and ring finger domains 1", "organism": "Homo sapiens", "tissue": "bone marrow"}, {"me": 1.3304801354041467, "pc": 0.2047244094488189, "marker_score": 0.5021496063438873, "symbol": "BAALC", "name": "BAALC binder of MAP3K1 and KLF4", "organism": "Homo sapiens", "tissue": "bone marrow"}, {"me": 1.30061583392388, "pc": 0.22244094488188976, "marker_score": 0.4991789757160901, "symbol": "RIMKLB", "name": "ribosomal modification protein rimK like family member B", "organism": "Homo sapiens", "tissue": "bone marrow"}, {"me": 1.7110404529790768, "pc": 0.6850393700787402, "marker_score": 0.49099065562547034, "symbol": "VPREB1", "name": "V-set pre-B cell surrogate light chain 1", "organism": "Homo sapiens", "tissue": "bone marrow"}, {"me": 1.347740561275159, "pc": 0.3484251968503937, "marker_score": 0.48959369030540434, "symbol": "DDX39B", "name": "DExD-box helicase 39B", "organism": "Homo sapiens", "tissue": "bone marrow"}, {"me": 1.4895837756170742, "pc": 0.4074803149606299, "marker_score": 0.4873866862084532, "symbol": "GABPB1-AS1", "name": "GABPB1-AS1", "organism": "Homo sapiens", "tissue": "bone marrow"}, {"me": 1.5464962631908816, "pc": 0.2637795275590551, "marker_score": 0.48070604787060905, "symbol": "RGL4", "name": "ral guanine nucleotide dissociation stimulator like 4", "organism": "Homo sapiens", "tissue": "bone marrow"}, {"me": 1.4873567261447795, "pc": 0.3405511811023622, "marker_score": 0.4731142191966569, "symbol": "FBXW7", "name": "F-box and WD repeat domain containing 7", "organism": "Homo sapiens", "tissue": "bone marrow"}, {"me": 1.3359378662109376, "pc": 0.24606299212598426, "marker_score": 0.46584821231757173, "symbol": "KANSL1", "name": "KAT8 regulatory NSL complex subunit 1", "organism": "Homo sapiens", "tissue": "bone marrow"}, {"me": 1.5112043108258928, "pc": 0.3858267716535433, "marker_score": 0.46334003796560796, "symbol": "NRIP1", "name": "nuclear receptor interacting protein 1", "organism": "Homo sapiens", "tissue": "bone marrow"}, {"me": 1.357642497491399, "pc": 0.21456692913385828, "marker_score": 0.4633013493017753, "symbol": "AGPS", "name": "alkylglycerone phosphate synthase", "organism": "Homo sapiens", "tissue": "bone marrow"}, {"me": 1.4702929934939823, "pc": 0.5826771653543307, "marker_score": 0.46112767268101484, "symbol": "N4BP2L2", "name": "NEDD4 binding protein 2 like 2", "organism": "Homo sapiens", "tissue": "bone marrow"}, {"me": 1.86334290167298, "pc": 0.7795275590551181, "marker_score": 0.4596270402838145, "symbol": "EIF4A1", "name": "eukaryotic translation initiation factor 4A1", "organism": "Homo sapiens", "tissue": "bone marrow"}, {"me": 1.3401641845703125, "pc": 0.3228346456692913, "marker_score": 0.45707102103319874, "symbol": "SETD2", "name": "SET domain containing 2, histone lysine methyltransferase", "organism": "Homo sapiens", "tissue": "bone marrow"}, {"me": 1.418375741064021, "pc": 0.4448818897637795, "marker_score": 0.4520000228895577, "symbol": "ZNF292", "name": "zinc finger protein 292", "organism": "Homo sapiens", "tissue": "bone marrow"}, {"me": 1.3279521853424783, "pc": 0.16929133858267717, "marker_score": 0.44869185501463504, "symbol": "SFMBT2", "name": "Scm like with four mbt domains 2", "organism": "Homo sapiens", "tissue": "bone marrow"}, {"me": 1.3104377689218163, "pc": 0.2618110236220472, "marker_score": 0.44863956350787937, "symbol": "TRIM44", "name": "tripartite motif containing 44", "organism": "Homo sapiens", "tissue": "bone marrow"}, {"me": 1.5987460020357969, "pc": 0.7440944881889764, "marker_score": 0.4468819727143295, "symbol": "NDUFA13", "name": "NADH:ubiquinone oxidoreductase subunit A13", "organism": "Homo sapiens", "tissue": "bone marrow"}, {"me": 1.4599679379480286, "pc": 0.5492125984251969, "marker_score": 0.44069323957133444, "symbol": "PSMA2", "name": "proteasome 20S subunit alpha 2", "organism": "Homo sapiens", "tissue": "bone marrow"}, {"me": 1.3912415457243967, "pc": 0.39763779527559057, "marker_score": 0.4395926634682779, "symbol": "TUT4", "name": "terminal uridylyl transferase 4", "organism": "Homo sapiens", "tissue": "bone marrow"}, {"me": 1.4468789171816698, "pc": 0.3956692913385827, "marker_score": 0.4239800462466744, "symbol": "PAG1", "name": "phosphoprotein membrane anchor with glycosphingolipid microdomains 1", "organism": "Homo sapiens", "tissue": "bone marrow"}, {"me": 1.3918594756683746, "pc": 0.1515748031496063, "marker_score": 0.42358430339515507, "symbol": "SCN3A", "name": "sodium voltage-gated channel alpha subunit 3", "organism": "Homo sapiens", "tissue": "bone marrow"}, {"me": 1.4643586200216543, "pc": 0.36220472440944884, "marker_score": 0.42042791590037615, "symbol": "MAN1A1", "name": "mannosidase alpha class 1A member 1", "organism": "Homo sapiens", "tissue": "bone marrow"}, {"me": 1.4809437396218967, "pc": 0.5649606299212598, "marker_score": 0.41920977840347373, "symbol": "CHD9", "name": "chromodomain helicase DNA binding protein 9", "organism": "Homo sapiens", "tissue": "bone marrow"}, {"me": 1.619950109830902, "pc": 0.7421259842519685, "marker_score": 0.4183199678337861, "symbol": "PNN", "name": "pinin, desmosome associated protein", "organism": "Homo sapiens", "tissue": "bone marrow"}, {"me": 1.5827579550835056, "pc": 0.7145669291338582, "marker_score": 0.41828430073834694, "symbol": "PRRC2C", "name": "proline rich coiled-coil 2C", "organism": "Homo sapiens", "tissue": "bone marrow"}, {"me": 1.357904561360677, "pc": 0.3543307086614173, "marker_score": 0.41473691664059964, "symbol": "PHF14", "name": "PHD finger protein 14", "organism": "Homo sapiens", "tissue": "bone marrow"}, {"me": 1.291838399479898, "pc": 0.17519685039370078, "marker_score": 0.40970335010871883, "symbol": "PLCB1", "name": "uncharacterized LOC105372522", "organism": "Homo sapiens", "tissue": "bone marrow"}, {"me": 1.3872916028390523, "pc": 0.30118110236220474, "marker_score": 0.40734121185689426, "symbol": "SATB1", "name": "SATB homeobox 1", "organism": "Homo sapiens", "tissue": "bone marrow"}, {"me": 4.3982394694334, "pc": 0.9901574803149606, "marker_score": 0.4021893932279237, "symbol": "PTMA", "name": "prothymosin alpha", "organism": "Homo sapiens", "tissue": "bone marrow"}, {"me": 1.277868814026283, "pc": 0.297244094488189, "marker_score": 0.39329434071338276, "symbol": "RBM4", "name": "RNA binding motif protein 4", "organism": "Homo sapiens", "tissue": "bone marrow"}, {"me": 1.4112064340020303, "pc": 0.3484251968503937, "marker_score": 0.39234627817600687, "symbol": "KDM5B", "name": "lysine demethylase 5B", "organism": "Homo sapiens", "tissue": "bone marrow"}, {"me": 1.5730231574347786, "pc": 0.655511811023622, "marker_score": 0.3916003269207879, "symbol": "RNASEH2B", "name": "ribonuclease H2 subunit B", "organism": "Homo sapiens", "tissue": "bone marrow"}, {"me": 1.8776418445179763, "pc": 0.8110236220472441, "marker_score": 0.3885466705483461, "symbol": "MACROH2A1", "name": "macroH2A.1 histone", "organism": "Homo sapiens", "tissue": "bone marrow"}, {"me": 1.416478107884987, "pc": 0.38188976377952755, "marker_score": 0.38287142135043295, "symbol": "MEF2A", "name": "myocyte enhancer factor 2A", "organism": "Homo sapiens", "tissue": "bone marrow"}, {"me": 1.365572816387737, "pc": 0.4153543307086614, "marker_score": 0.3826599276984858, "symbol": "TOMM6", "name": "translocase of outer mitochondrial membrane 6", "organism": "Homo sapiens", "tissue": "bone marrow"}, {"me": 1.2655717967885785, "pc": 0.22244094488188976, "marker_score": 0.3821441281944247, "symbol": "CDK2AP1", "name": "cyclin dependent kinase 2 associated protein 1", "organism": "Homo sapiens", "tissue": "bone marrow"}, {"me": 1.378392948126941, "pc": 0.3169291338582677, "marker_score": 0.35480652735709783, "symbol": "GLS", "name": "glutaminase", "organism": "Homo sapiens", "tissue": "bone marrow"}, {"me": 1.5664240076151459, "pc": 0.5649606299212598, "marker_score": 0.3542971195952458, "symbol": "MYB", "name": "MYB proto-oncogene, transcription factor", "organism": "Homo sapiens", "tissue": "bone marrow"}, {"me": 1.3852871516563372, "pc": 0.35236220472440943, "marker_score": 0.35273313479007606, "symbol": "ARID1B", "name": "AT-rich interaction domain 1B", "organism": "Homo sapiens", "tissue": "bone marrow"}, {"me": 1.3811818217183207, "pc": 0.35826771653543305, "marker_score": 0.3514781598014506, "symbol": "LAT2", "name": "linker for activation of T cells family member 2", "organism": "Homo sapiens", "tissue": "bone marrow"}, {"me": 1.3034595196063703, "pc": 0.2559055118110236, "marker_score": 0.3503046916897981, "symbol": "BRD7", "name": "bromodomain containing 7", "organism": "Homo sapiens", "tissue": "bone marrow"}, {"me": 1.6829720126744074, "pc": 0.6437007874015748, "marker_score": 0.3477618476863246, "symbol": "IRF1", "name": "interferon regulatory factor 1", "organism": "Homo sapiens", "tissue": "bone marrow"}, {"me": 1.596519152323405, "pc": 0.7559055118110236, "marker_score": 0.3442064978074735, "symbol": "PNISR", "name": "PNN interacting serine and arginine rich protein", "organism": "Homo sapiens", "tissue": "bone marrow"}, {"me": 1.4460800170898438, "pc": 0.47244094488188976, "marker_score": 0.34399815329805705, "symbol": "BPTF", "name": "bromodomain PHD finger transcription factor", "organism": "Homo sapiens", "tissue": "bone marrow"}, {"me": 1.5502744547526042, "pc": 0.5905511811023622, "marker_score": 0.34081670165338357, "symbol": "NREP", "name": "neuronal regeneration related protein", "organism": "Homo sapiens", "tissue": "bone marrow"}, {"me": 1.2302927604088416, "pc": 0.10236220472440945, "marker_score": 0.3386953226037049, "symbol": "GPR174", "name": "G protein-coupled receptor 174", "organism": "Homo sapiens", "tissue": "bone marrow"}, {"me": 1.4198523947277908, "pc": 0.31299212598425197, "marker_score": 0.3322960481662861, "symbol": "TM9SF3", "name": "transmembrane 9 superfamily member 3", "organism": "Homo sapiens", "tissue": "bone marrow"}, {"me": 1.2854991239659928, "pc": 0.10039370078740158, "marker_score": 0.3321108384449708, "symbol": "LINC00426", "name": "long intergenic non-protein coding RNA 426", "organism": "Homo sapiens", "tissue": "bone marrow"}, {"me": 1.9134919788915787, "pc": 0.8385826771653543, "marker_score": 0.32806342006819744, "symbol": "SET", "name": "SET nuclear proto-oncogene", "organism": "Homo sapiens", "tissue": "bone marrow"}, {"me": 1.2925648630401234, "pc": 0.1594488188976378, "marker_score": 0.3264459996457889, "symbol": "ZNF217", "name": "zinc finger protein 217", "organism": "Homo sapiens", "tissue": "bone marrow"}, {"me": 1.2925209255393493, "pc": 0.21456692913385828, "marker_score": 0.322713492285429, "symbol": "RERE", "name": "arginine-glutamic acid dipeptide repeats", "organism": "Homo sapiens", "tissue": "bone marrow"}, {"me": 1.3703459211923543, "pc": 0.40551181102362205, "marker_score": 0.32181088225648846, "symbol": "PHF3", "name": "PHD finger protein 3", "organism": "Homo sapiens", "tissue": "bone marrow"}, {"me": 1.6246678922568538, "pc": 0.7539370078740157, "marker_score": 0.3198060722449791, "symbol": "DDX17", "name": "DEAD-box helicase 17", "organism": "Homo sapiens", "tissue": "bone marrow"}, {"me": 1.5597779743872995, "pc": 0.6751968503937008, "marker_score": 0.3148044319870346, "symbol": "ELF1", "name": "E74 like ETS transcription factor 1", "organism": "Homo sapiens", "tissue": "bone marrow"}, {"me": 1.339322795038638, "pc": 0.18110236220472442, "marker_score": 0.30941478078984597, "symbol": "PDE7A", "name": "phosphodiesterase 7A", "organism": "Homo sapiens", "tissue": "bone marrow"}, {"me": 1.4618925146154456, "pc": 0.5826771653543307, "marker_score": 0.2996113054423102, "symbol": "PAK2", "name": "p21 (RAC1) activated kinase 2", "organism": "Homo sapiens", "tissue": "bone marrow"}, {"me": 1.3968419042126885, "pc": 0.4566929133858268, "marker_score": 0.2959706464536961, "symbol": "IKZF1", "name": "IKAROS family zinc finger 1", "organism": "Homo sapiens", "tissue": "bone marrow"}, {"me": 1.2639181176010443, "pc": 0.09645669291338582, "marker_score": 0.29453855592009653, "symbol": "BAHCC1", "name": "BAH domain and coiled-coil containing 1", "organism": "Homo sapiens", "tissue": "bone marrow"}, {"me": 1.3007071999942554, "pc": 0.20078740157480315, "marker_score": 0.2893480942619102, "symbol": "PAXBP1", "name": "PAX3 and PAX7 binding protein 1", "organism": "Homo sapiens", "tissue": "bone marrow"}, {"me": 1.3455240350020559, "pc": 0.2618110236220472, "marker_score": 0.2870215191417465, "symbol": "DIAPH1", "name": "diaphanous related formin 1", "organism": "Homo sapiens", "tissue": "bone marrow"}, {"me": 1.2541202642978766, "pc": 0.15354330708661418, "marker_score": 0.27713374153986875, "symbol": "RUFY3", "name": "RUN and FYVE domain containing 3", "organism": "Homo sapiens", "tissue": "bone marrow"}, {"me": 1.7408842626014982, "pc": 0.5704592901878914, "marker_score": 1.1125576101966372, "symbol": "SPINK2", "name": "serine peptidase inhibitor Kazal type 2", "organism": "Homo sapiens", "tissue": "All Tissues"}, {"me": 1.7043522494824528, "pc": 0.4963465553235908, "marker_score": 0.9653938736878822, "symbol": "C1QTNF4", "name": "C1q and TNF related 4", "organism": "Homo sapiens", "tissue": "All Tissues"}, {"me": 2.516912613692667, "pc": 0.46085594989561585, "marker_score": 0.8531180104648104, "symbol": "IGLL1", "name": "immunoglobulin lambda like polypeptide 1", "organism": "Homo sapiens", "tissue": "All Tissues"}, {"me": 1.5239203764089497, "pc": 0.48329853862212946, "marker_score": 0.8200773317669262, "symbol": "BCL11A", "name": "BCL11 transcription factor A", "organism": "Homo sapiens", "tissue": "All Tissues"}, {"me": 1.6056326252140412, "pc": 0.38100208768267224, "marker_score": 0.7707341229400952, "symbol": "FAM30A", "name": "family with sequence similarity 30 member A", "organism": "Homo sapiens", "tissue": "All Tissues"}, {"me": 1.798842556423611, "pc": 0.587160751565762, "marker_score": 0.7658409497731602, "symbol": "ITGA4", "name": "integrin subunit alpha 4", "organism": "Homo sapiens", "tissue": "All Tissues"}, {"me": 1.6472471082532727, "pc": 0.6179540709812108, "marker_score": 0.7332675489278927, "symbol": "CDK6", "name": "cyclin dependent kinase 6", "organism": "Homo sapiens", "tissue": "All Tissues"}, {"me": 1.4205395801957832, "pc": 0.3465553235908142, "marker_score": 0.7179335929705759, "symbol": "PRSS57", "name": "serine protease 57", "organism": "Homo sapiens", "tissue": "All Tissues"}, {"me": 1.6837767448978147, "pc": 0.2881002087682672, "marker_score": 0.6249222213178464, "symbol": "VPREB1", "name": "V-set pre-B cell surrogate light chain 1", "organism": "Homo sapiens", "tissue": "All Tissues"}, {"me": 1.6006261446355712, "pc": 0.7035490605427975, "marker_score": 0.6246540994267835, "symbol": "PNN", "name": "pinin, desmosome associated protein", "organism": "Homo sapiens", "tissue": "All Tissues"}, {"me": 1.4741052698206019, "pc": 0.31002087682672236, "marker_score": 0.6194085207363486, "symbol": "ADA", "name": "adenosine deaminase", "organism": "Homo sapiens", "tissue": "All Tissues"}, {"me": 1.5868245830695025, "pc": 0.43789144050104384, "marker_score": 0.6035287083464037, "symbol": "NRIP1", "name": "nuclear receptor interacting protein 1", "organism": "Homo sapiens", "tissue": "All Tissues"}, {"me": 1.6969255719866072, "pc": 0.5845511482254697, "marker_score": 0.5915816041786495, "symbol": "IGHM", "name": "immunoglobulin heavy constant mu", "organism": "Homo sapiens", "tissue": "All Tissues"}, {"me": 1.5092898225977354, "pc": 0.5156576200417536, "marker_score": 0.47436954732247977, "symbol": "SNHG7", "name": "small nucleolar RNA host gene 7", "organism": "Homo sapiens", "tissue": "All Tissues"}, {"me": 1.48787522315979, "pc": 0.267223382045929, "marker_score": 0.4588544581752747, "symbol": "MYB", "name": "MYB proto-oncogene, transcription factor", "organism": "Homo sapiens", "tissue": "All Tissues"}, {"me": 1.7690447493542343, "pc": 0.6440501043841336, "marker_score": 0.45358144374688897, "symbol": "H1-10", "name": "H1.10 linker histone", "organism": "Homo sapiens", "tissue": "All Tissues"}, {"me": 1.483795244065697, "pc": 0.20407098121085596, "marker_score": 0.4474533375633531, "symbol": "B3GNT2", "name": "UDP-GlcNAc:betaGal beta-1,3-N-acetylglucosaminyltransferase 2", "organism": "Homo sapiens", "tissue": "All Tissues"}, {"me": 1.7229711614503451, "pc": 0.17014613778705637, "marker_score": 0.43263302784906127, "symbol": "ACY3", "name": "aminoacylase 3", "organism": "Homo sapiens", "tissue": "All Tissues"}, {"me": 1.5122597695680517, "pc": 0.38778705636743216, "marker_score": 0.4319964761719883, "symbol": "RNASEH2B", "name": "ribonuclease H2 subunit B", "organism": "Homo sapiens", "tissue": "All Tissues"}, {"me": 1.4790964173876548, "pc": 0.3157620041753653, "marker_score": 0.41683495360445294, "symbol": "CD34", "name": "CD34 molecule", "organism": "Homo sapiens", "tissue": "All Tissues"}, {"me": 1.387074296802393, "pc": 0.1403966597077244, "marker_score": 0.40124429705343856, "symbol": "CDK6-AS1", "name": "CDK6 antisense RNA 1", "organism": "Homo sapiens", "tissue": "All Tissues"}, {"me": 1.4080650970226025, "pc": 0.27348643006263046, "marker_score": 0.3981291408082237, "symbol": "ATXN7L3B", "name": "ataxin 7 like 3B", "organism": "Homo sapiens", "tissue": "All Tissues"}, {"me": 2.0289389120565877, "pc": 0.1544885177453027, "marker_score": 0.3916217135509305, "symbol": "PRSS2", "name": "serine protease 2", "organism": "Homo sapiens", "tissue": "All Tissues"}, {"me": 3.8025434544477514, "pc": 0.9864300626304802, "marker_score": 0.39043271798808105, "symbol": "RPS2", "name": "ribosomal protein S2", "organism": "Homo sapiens", "tissue": "All Tissues"}, {"me": 1.3848202739735205, "pc": 0.30427974947807934, "marker_score": 0.38554685517829795, "symbol": "IKZF1", "name": "IKAROS family zinc finger 1", "organism": "Homo sapiens", "tissue": "All Tissues"}, {"me": 1.3378565861628606, "pc": 0.17640918580375783, "marker_score": 0.38276206092705933, "symbol": "BAALC", "name": "BAALC binder of MAP3K1 and KLF4", "organism": "Homo sapiens", "tissue": "All Tissues"}, {"me": 1.5462616444700783, "pc": 0.23329853862212943, "marker_score": 0.37234947352138037, "symbol": "UHRF1", "name": "ubiquitin like with PHD and ring finger domains 1", "organism": "Homo sapiens", "tissue": "All Tissues"}, {"me": 3.7285688967702235, "pc": 0.9806889352818372, "marker_score": 0.3713669970765593, "symbol": "RPS3A", "name": "ribosomal protein S3A", "organism": "Homo sapiens", "tissue": "All Tissues"}, {"me": 1.4561028663148272, "pc": 0.12265135699373696, "marker_score": 0.3690757985132765, "symbol": "CYGB", "name": "cytoglobin", "organism": "Homo sapiens", "tissue": "All Tissues"}, {"me": 1.770059312376807, "pc": 0.7943632567849687, "marker_score": 0.3670060185927083, "symbol": "SET", "name": "SET nuclear proto-oncogene", "organism": "Homo sapiens", "tissue": "All Tissues"}, {"me": 1.7403344075009812, "pc": 0.6649269311064718, "marker_score": 0.36037329888852887, "symbol": "MACROH2A1", "name": "macroH2A.1 histone", "organism": "Homo sapiens", "tissue": "All Tissues"}, {"me": 1.6024671343838528, "pc": 0.7369519832985386, "marker_score": 0.357905032651074, "symbol": "PNISR", "name": "PNN interacting serine and arginine rich protein", "organism": "Homo sapiens", "tissue": "All Tissues"}, {"me": 1.8119698247965976, "pc": 0.7938413361169102, "marker_score": 0.3576872873166972, "symbol": "ANP32B", "name": "acidic nuclear phosphoprotein 32 family member B", "organism": "Homo sapiens", "tissue": "All Tissues"}, {"me": 1.5895060905221463, "pc": 0.37265135699373697, "marker_score": 0.3548428573874839, "symbol": "PSMA6", "name": "proteasome 20S subunit alpha 6", "organism": "Homo sapiens", "tissue": "All Tissues"}, {"me": 3.6522639248274946, "pc": 0.9832985386221295, "marker_score": 0.35294639884704454, "symbol": "RPS24", "name": "ribosomal protein S24", "organism": "Homo sapiens", "tissue": "All Tissues"}, {"me": 1.9476018125711665, "pc": 0.1289144050104384, "marker_score": 0.3505741959473647, "symbol": "VPREB3", "name": "V-set pre-B cell surrogate light chain 3", "organism": "Homo sapiens", "tissue": "All Tissues"}, {"me": 1.4616924298562084, "pc": 0.31419624217118997, "marker_score": 0.3445417655359937, "symbol": "RCSD1", "name": "RCSD domain containing 1", "organism": "Homo sapiens", "tissue": "All Tissues"}, {"me": 1.5424806120250147, "pc": 0.11116910229645094, "marker_score": 0.3440200076516115, "symbol": "RGL4", "name": "ral guanine nucleotide dissociation stimulator like 4", "organism": "Homo sapiens", "tissue": "All Tissues"}, {"me": 1.3265596993843516, "pc": 0.2092901878914405, "marker_score": 0.34218136911787556, "symbol": "DDX39B", "name": "DExD-box helicase 39B", "organism": "Homo sapiens", "tissue": "All Tissues"}, {"me": 1.452684105341159, "pc": 0.10386221294363257, "marker_score": 0.33585954843463467, "symbol": "RAG1", "name": "recombination activating 1", "organism": "Homo sapiens", "tissue": "All Tissues"}, {"me": 1.58606053233773, "pc": 0.2980167014613779, "marker_score": 0.32153808772669673, "symbol": "TOP2B", "name": "DNA topoisomerase II beta", "organism": "Homo sapiens", "tissue": "All Tissues"}, {"me": 4.200895208004213, "pc": 0.9911273486430062, "marker_score": 0.3138764588585287, "symbol": "RPL13", "name": "ribosomal protein L13", "organism": "Homo sapiens", "tissue": "All Tissues"}, {"me": 1.3860732619826859, "pc": 0.0965553235908142, "marker_score": 0.31249486570530266, "symbol": "HOXA9", "name": "homeobox A9", "organism": "Homo sapiens", "tissue": "All Tissues"}, {"me": 1.4610836943591388, "pc": 0.24164926931106473, "marker_score": 0.308263465357189, "symbol": "MIR181A1HG", "name": "MIR181A1HG", "organism": "Homo sapiens", "tissue": "All Tissues"}, {"me": 1.6394808409643955, "pc": 0.6367432150313153, "marker_score": 0.30705966384935324, "symbol": "ARGLU1", "name": "arginine and glutamate rich 1", "organism": "Homo sapiens", "tissue": "All Tissues"}, {"me": 1.3970565795898438, "pc": 0.08559498956158663, "marker_score": 0.3025178026324195, "symbol": "HEMGN", "name": "hemogen", "organism": "Homo sapiens", "tissue": "All Tissues"}, {"me": 1.2770274442784926, "pc": 0.13308977035490605, "marker_score": 0.3016949045184371, "symbol": "SARNP", "name": "SAP domain containing ribonucleoprotein", "organism": "Homo sapiens", "tissue": "All Tissues"}, {"me": 1.300303988986545, "pc": 0.08455114822546973, "marker_score": 0.3011349336958399, "symbol": "SPNS3", "name": "SPNS lysolipid transporter 3, sphingosine-1-phosphate (putative)", "organism": "Homo sapiens", "tissue": "All Tissues"}, {"me": 1.339391517232476, "pc": 0.24478079331941544, "marker_score": 0.29688738808464593, "symbol": "TOMM6", "name": "translocase of outer mitochondrial membrane 6", "organism": "Homo sapiens", "tissue": "All Tissues"}, {"me": 1.8911605834960938, "pc": 0.8350730688935282, "marker_score": 0.29389153558871045, "symbol": "EIF3E", "name": "eukaryotic translation initiation factor 3 subunit E", "organism": "Homo sapiens", "tissue": "All Tissues"}, {"me": 1.5958465798927919, "pc": 0.6435281837160751, "marker_score": 0.28919636394639425, "symbol": "SFPQ", "name": "splicing factor proline and glutamine rich", "organism": "Homo sapiens", "tissue": "All Tissues"}, {"me": 1.9371557892189455, "pc": 0.8340292275574113, "marker_score": 0.28704817757282813, "symbol": "NAP1L1", "name": "nucleosome assembly protein 1 like 1", "organism": "Homo sapiens", "tissue": "All Tissues"}, {"me": 1.2991063435872396, "pc": 0.07828810020876827, "marker_score": 0.2824931778328143, "symbol": "MEX3C", "name": "mex-3 RNA binding family member C", "organism": "Homo sapiens", "tissue": "All Tissues"}, {"me": 1.4208009781376008, "pc": 0.29123173277661796, "marker_score": 0.27279180096363126, "symbol": "CXXC5", "name": "CXXC finger protein 5", "organism": "Homo sapiens", "tissue": "All Tissues"}, {"me": 1.8085750218663614, "pc": 0.7552192066805845, "marker_score": 0.27136452984482845, "symbol": "HNRNPU", "name": "heterogeneous nuclear ribonucleoprotein U", "organism": "Homo sapiens", "tissue": "All Tissues"}, {"me": 5.259762057182933, "pc": 1.0, "marker_score": 0.2711917911070897, "symbol": "MALAT1", "name": "metastasis associated lung adenocarcinoma transcript 1", "organism": "Homo sapiens", "tissue": "All Tissues"}, {"me": 1.6386707385812644, "pc": 0.6727557411273486, "marker_score": 0.2673892460258971, "symbol": "FUS", "name": "FUS RNA binding protein", "organism": "Homo sapiens", "tissue": "All Tissues"}, {"me": 1.47135390625, "pc": 0.32620041753653445, "marker_score": 0.26705447923438486, "symbol": "GABPB1-AS1", "name": "GABPB1-AS1", "organism": "Homo sapiens", "tissue": "All Tissues"}, {"me": 1.3813637058016435, "pc": 0.2719206680584551, "marker_score": 0.26700548520833167, "symbol": "KMT2A", "name": "lysine methyltransferase 2A", "organism": "Homo sapiens", "tissue": "All Tissues"}, {"me": 1.6519284732484354, "pc": 0.7505219206680585, "marker_score": 0.26051446678815793, "symbol": "RBM39", "name": "RNA binding motif protein 39", "organism": "Homo sapiens", "tissue": "All Tissues"}, {"me": 1.5116985041920732, "pc": 0.1069937369519833, "marker_score": 0.25755613470328825, "symbol": "MPO", "name": "myeloperoxidase", "organism": "Homo sapiens", "tissue": "All Tissues"}, {"me": 2.7934706688971795, "pc": 0.9530271398747391, "marker_score": 0.2573503833708123, "symbol": "RPS11", "name": "ribosomal protein S11", "organism": "Homo sapiens", "tissue": "All Tissues"}, {"me": 1.4279732337364783, "pc": 0.10855949895615867, "marker_score": 0.2545209324544049, "symbol": "NPR3", "name": "natriuretic peptide receptor 3", "organism": "Homo sapiens", "tissue": "All Tissues"}, {"me": 1.3961949169187617, "pc": 0.13883089770354906, "marker_score": 0.25374019605600884, "symbol": "CYTL1", "name": "cytokine like 1", "organism": "Homo sapiens", "tissue": "All Tissues"}, {"me": 2.474915215652233, "pc": 0.9582463465553236, "marker_score": 0.2512899135497024, "symbol": "HMGB1", "name": "high mobility group box 1", "organism": "Homo sapiens", "tissue": "All Tissues"}, {"me": 1.8738341297532362, "pc": 0.8063674321503131, "marker_score": 0.2477211155146726, "symbol": "SOX4", "name": "SRY-box transcription factor 4", "organism": "Homo sapiens", "tissue": "All Tissues"}, {"me": 3.7477126531381026, "pc": 0.9958246346555324, "marker_score": 0.24584744525950392, "symbol": "PTMA", "name": "prothymosin alpha", "organism": "Homo sapiens", "tissue": "All Tissues"}, {"me": 1.4879342680067105, "pc": 0.33298538622129437, "marker_score": 0.24213429207707665, "symbol": "MZB1", "name": "marginal zone B and B1 cell specific protein", "organism": "Homo sapiens", "tissue": "All Tissues"}, {"me": 1.3827763066458896, "pc": 0.19363256784968685, "marker_score": 0.23493821695043757, "symbol": "LAT2", "name": "linker for activation of T cells family member 2", "organism": "Homo sapiens", "tissue": "All Tissues"}, {"me": 3.8704109438004033, "pc": 0.9707724425887265, "marker_score": 0.22727027611556141, "symbol": "TPT1", "name": "tumor protein, translationally-controlled 1", "organism": "Homo sapiens", "tissue": "All Tissues"}, {"me": 1.7849116469874526, "pc": 0.826722338204593, "marker_score": 0.21205894171468598, "symbol": "ZFAS1", "name": "ZNFX1 antisense RNA 1", "organism": "Homo sapiens", "tissue": "All Tissues"}, {"me": 1.4776866619403546, "pc": 0.4342379958246347, "marker_score": 0.2110976028307586, "symbol": "ELF1", "name": "E74 like ETS transcription factor 1", "organism": "Homo sapiens", "tissue": "All Tissues"}, {"me": 1.355720497905344, "pc": 0.18006263048016702, "marker_score": 0.2109652702706793, "symbol": "SATB1", "name": "SATB homeobox 1", "organism": "Homo sapiens", "tissue": "All Tissues"}, {"me": 1.2593870798746745, "pc": 0.06263048016701461, "marker_score": 0.21071433372294576, "symbol": "CBFA2T3", "name": "CBFA2/RUNX1 partner transcriptional co-repressor 3", "organism": "Homo sapiens", "tissue": "All Tissues"}, {"me": 1.2832408595729519, "pc": 0.1544885177453027, "marker_score": 0.20732086830882557, "symbol": "RBM4", "name": "RNA binding motif protein 4", "organism": "Homo sapiens", "tissue": "All Tissues"}, {"me": 1.314448690821982, "pc": 0.12212943632567849, "marker_score": 0.20296603003735858, "symbol": "N4BP2", "name": "NEDD4 binding protein 2", "organism": "Homo sapiens", "tissue": "All Tissues"}, {"me": 1.2151265530972868, "pc": 0.038622129436325675, "marker_score": 0.20095158629522827, "symbol": "GPR174", "name": "G protein-coupled receptor 174", "organism": "Homo sapiens", "tissue": "All Tissues"}, {"me": 1.226639990713082, "pc": 0.05323590814196242, "marker_score": 0.2006368890651719, "symbol": "BAHCC1", "name": "BAH domain and coiled-coil containing 1", "organism": "Homo sapiens", "tissue": "All Tissues"}, {"me": 1.2788925170898438, "pc": 0.038622129436325675, "marker_score": 0.19963990397876713, "symbol": "LINC00426", "name": "long intergenic non-protein coding RNA 426", "organism": "Homo sapiens", "tissue": "All Tissues"}, {"me": 1.432705873942507, "pc": 0.3778705636743215, "marker_score": 0.19761757955890438, "symbol": "PSIP1", "name": "PC4 and SRSF1 interacting protein 1", "organism": "Homo sapiens", "tissue": "All Tissues"}, {"me": 1.6747335169437159, "pc": 0.5720250521920668, "marker_score": 0.19317237331714207, "symbol": "LST1", "name": "leukocyte specific transcript 1", "organism": "Homo sapiens", "tissue": "All Tissues"}, {"me": 1.430547252505149, "pc": 0.41179540709812107, "marker_score": 0.18726521274289915, "symbol": "EIF2S3", "name": "eukaryotic translation initiation factor 2 subunit gamma", "organism": "Homo sapiens", "tissue": "All Tissues"}, {"me": 1.5358099937438965, "pc": 0.534446764091858, "marker_score": 0.18191309081693458, "symbol": "GYPC", "name": "glycophorin C (Gerbich blood group)", "organism": "Homo sapiens", "tissue": "All Tissues"}, {"me": 1.2765506378001412, "pc": 0.09237995824634655, "marker_score": 0.18099701541290258, "symbol": "GBP4", "name": "guanylate binding protein 4", "organism": "Homo sapiens", "tissue": "All Tissues"}, {"me": 1.8687869679782645, "pc": 0.7713987473903967, "marker_score": 0.17779113118008424, "symbol": "CD99", "name": "CD99 molecule (Xg blood group)", "organism": "Homo sapiens", "tissue": "All Tissues"}, {"me": 1.3597489718733162, "pc": 0.12108559498956159, "marker_score": 0.17588828904472864, "symbol": "EBLN3P", "name": "endogenous Bornavirus like nucleoprotein 3, pseudogene", "organism": "Homo sapiens", "tissue": "All Tissues"}, {"me": 1.5354913385064752, "pc": 0.5793319415448852, "marker_score": 0.17538347652840613, "symbol": "PRRC2C", "name": "proline rich coiled-coil 2C", "organism": "Homo sapiens", "tissue": "All Tissues"}, {"me": 1.3501687264657236, "pc": 0.11586638830897704, "marker_score": 0.17527029451303996, "symbol": "SLC39A10", "name": "solute carrier family 39 member 10", "organism": "Homo sapiens", "tissue": "All Tissues"}, {"me": 1.2955055236816406, "pc": 0.029227557411273485, "marker_score": 0.17389514903952838, "symbol": "KB-208E9.1", "name": "KB-208E9.1", "organism": "Homo sapiens", "tissue": "All Tissues"}, {"me": 1.255685268304287, "pc": 0.081419624217119, "marker_score": 0.17350796666793727, "symbol": "GAPT", "name": "GRB2 binding adaptor protein, transmembrane", "organism": "Homo sapiens", "tissue": "All Tissues"}, {"me": 1.2577224458966936, "pc": 0.029227557411273485, "marker_score": 0.1724604660538199, "symbol": "RP11-251M1.1", "name": "uncharacterized LOC101928612", "organism": "Homo sapiens", "tissue": "All Tissues"}, {"me": 2.4033320649551544, "pc": 0.574634655532359, "marker_score": 0.17243509200752838, "symbol": "LTB", "name": "lymphotoxin beta", "organism": "Homo sapiens", "tissue": "All Tissues"}, {"me": 1.2833143084236744, "pc": 0.09290187891440502, "marker_score": 0.17044451365155647, "symbol": "S1PR4", "name": "sphingosine-1-phosphate receptor 4", "organism": "Homo sapiens", "tissue": "All Tissues"}, {"me": 1.2299370859183518, "pc": 0.02661795407098121, "marker_score": 0.1653949230132075, "symbol": "RAG2", "name": "recombination activating 2", "organism": "Homo sapiens", "tissue": "All Tissues"}, {"me": 1.2436875563401442, "pc": 0.07463465553235908, "marker_score": 0.15987504352903148, "symbol": "STK26", "name": "serine/threonine kinase 26", "organism": "Homo sapiens", "tissue": "All Tissues"}, {"me": 1.2927198337234613, "pc": 0.13674321503131523, "marker_score": 0.15899631017364316, "symbol": "UBE2V1", "name": "ubiquitin conjugating enzyme E2 V1", "organism": "Homo sapiens", "tissue": "All Tissues"}, {"me": 1.2126512315538194, "pc": 0.02348643006263048, "marker_score": 0.15633705372871837, "symbol": "UMODL1", "name": "uromodulin like 1", "organism": "Homo sapiens", "tissue": "All Tissues"}, {"me": 1.3181155355353105, "pc": 0.03966597077244259, "marker_score": 0.15459273422401532, "symbol": "TRH", "name": "thyrotropin releasing hormone", "organism": "Homo sapiens", "tissue": "All Tissues"}, {"me": 1.1894442860673113, "pc": 0.02139874739039666, "marker_score": 0.14849474725507972, "symbol": "LINC00539", "name": "long intergenic non-protein coding RNA 539", "organism": "Homo sapiens", "tissue": "All Tissues"}, {"me": 2.0060479757302407, "pc": 0.7593945720250522, "marker_score": 0.14446185303916023, "symbol": "NCL", "name": "nucleolin", "organism": "Homo sapiens", "tissue": "All Tissues"}]