[{"me": 2.6687892418615147, "pc": 0.6572902015939991, "marker_score": 0.9219864279102619, "symbol": "RGS16", "name": "regulator of G protein signaling 16", "organism": "Homo sapiens", "tissue": "retina (organoid)"}, {"me": 2.44607648712192, "pc": 0.42334739803094235, "marker_score": 0.8450841762219176, "symbol": "ISL1", "name": "ISL LIM homeobox 1", "organism": "Homo sapiens", "tissue": "retina (organoid)"}, {"me": 2.2066803810510667, "pc": 0.42991092358180966, "marker_score": 0.7647341643211398, "symbol": "ATP2B1", "name": "ATPase plasma membrane Ca2+ transporting 1", "organism": "Homo sapiens", "tissue": "retina (organoid)"}, {"me": 3.189351985391896, "pc": 0.3745897796530708, "marker_score": 0.751347235151064, "symbol": "PCP2", "name": "Purkinje cell protein 2", "organism": "Homo sapiens", "tissue": "retina (organoid)"}, {"me": 2.142093637136108, "pc": 0.33567744960150026, "marker_score": 0.71090464157253, "symbol": "CA10", "name": "carbonic anhydrase 10", "organism": "Homo sapiens", "tissue": "retina (organoid)"}, {"me": 2.248363056145681, "pc": 0.4810126582278481, "marker_score": 0.5488803160216889, "symbol": "CADM2", "name": "cell adhesion molecule 2", "organism": "Homo sapiens", "tissue": "retina (organoid)"}, {"me": 2.078501230049576, "pc": 0.20206282231598688, "marker_score": 0.5058218121133449, "symbol": "VSTM2A", "name": "V-set and transmembrane domain containing 2A", "organism": "Homo sapiens", "tissue": "retina (organoid)"}, {"me": 2.489923675675198, "pc": 0.20721987810595405, "marker_score": 0.5056765248084868, "symbol": "GNG13", "name": "G protein subunit gamma 13", "organism": "Homo sapiens", "tissue": "retina (organoid)"}, {"me": 2.3384495746658507, "pc": 0.1945616502578528, "marker_score": 0.4853050576126336, "symbol": "SERPINI1", "name": "serpin family I member 1", "organism": "Homo sapiens", "tissue": "retina (organoid)"}, {"me": 2.0215468977819246, "pc": 0.1683075480543835, "marker_score": 0.4514268571053561, "symbol": "PROX1", "name": "prospero homeobox 1", "organism": "Homo sapiens", "tissue": "retina (organoid)"}, {"me": 3.802084364913439, "pc": 0.9985935302390999, "marker_score": 0.4439550369326827, "symbol": "H3-3B", "name": "H3.3 histone B", "organism": "Homo sapiens", "tissue": "retina (organoid)"}, {"me": 2.2519847405770412, "pc": 0.15799343647444913, "marker_score": 0.4301086737548403, "symbol": "SYT4", "name": "synaptotagmin 4", "organism": "Homo sapiens", "tissue": "retina (organoid)"}, {"me": 2.048359229129815, "pc": 0.1490857946554149, "marker_score": 0.41994758667288673, "symbol": "VSX2", "name": "visual system homeobox 2", "organism": "Homo sapiens", "tissue": "retina (organoid)"}, {"me": 2.034313497872188, "pc": 0.2175339896858884, "marker_score": 0.4128258284380869, "symbol": "OTX2", "name": "orthodenticle homeobox 2", "organism": "Homo sapiens", "tissue": "retina (organoid)"}, {"me": 2.085096336813534, "pc": 0.15939990623534928, "marker_score": 0.4034635210079971, "symbol": "EFR3A", "name": "EFR3 homolog A", "organism": "Homo sapiens", "tissue": "retina (organoid)"}, {"me": 2.075448618813993, "pc": 0.1373652133145804, "marker_score": 0.3998848856392464, "symbol": "NEUROD4", "name": "neuronal differentiation 4", "organism": "Homo sapiens", "tissue": "retina (organoid)"}, {"me": 2.0273536794325886, "pc": 0.1275199249882794, "marker_score": 0.38430956042333786, "symbol": "GNAO1", "name": "G protein subunit alpha o1", "organism": "Homo sapiens", "tissue": "retina (organoid)"}, {"me": 2.0213207512324147, "pc": 0.12705110173464604, "marker_score": 0.3836878729621341, "symbol": "ZNF804A", "name": "zinc finger protein 804A", "organism": "Homo sapiens", "tissue": "retina (organoid)"}, {"me": 2.35860911791961, "pc": 0.3670886075949367, "marker_score": 0.38072073801822215, "symbol": "LMO4", "name": "LIM domain only 4", "organism": "Homo sapiens", "tissue": "retina (organoid)"}, {"me": 2.161473497582191, "pc": 0.12611345522737927, "marker_score": 0.3783580909131463, "symbol": "PRDM8", "name": "PR/SET domain 8", "organism": "Homo sapiens", "tissue": "retina (organoid)"}, {"me": 2.164066069980837, "pc": 0.12423816221284575, "marker_score": 0.3724119629229343, "symbol": "PCP4L1", "name": "Purkinje cell protein 4 like 1", "organism": "Homo sapiens", "tissue": "retina (organoid)"}, {"me": 2.0831725041669116, "pc": 0.24941397093295828, "marker_score": 0.37206004190033226, "symbol": "MAP7", "name": "microtubule associated protein 7", "organism": "Homo sapiens", "tissue": "retina (organoid)"}, {"me": 2.0858896355879932, "pc": 0.2226910454758556, "marker_score": 0.372022119462806, "symbol": "CADPS", "name": "calcium dependent secretion activator", "organism": "Homo sapiens", "tissue": "retina (organoid)"}, {"me": 2.1852638582877923, "pc": 0.47585560243788094, "marker_score": 0.35957443861246213, "symbol": "PRMT1", "name": "protein arginine methyltransferase 1", "organism": "Homo sapiens", "tissue": "retina (organoid)"}, {"me": 2.1423354697438466, "pc": 0.10595405532114392, "marker_score": 0.32911291799019843, "symbol": "TMEM215", "name": "transmembrane protein 215", "organism": "Homo sapiens", "tissue": "retina (organoid)"}, {"me": 1.964712340802078, "pc": 0.11298640412564463, "marker_score": 0.3282833311307263, "symbol": "TSPAN13", "name": "tetraspanin 13", "organism": "Homo sapiens", "tissue": "retina (organoid)"}, {"me": 2.1194059326993897, "pc": 0.27848101265822783, "marker_score": 0.32561829484660354, "symbol": "FSTL5", "name": "follistatin like 5", "organism": "Homo sapiens", "tissue": "retina (organoid)"}, {"me": 2.112357221330915, "pc": 0.13127051101734646, "marker_score": 0.32487309606382264, "symbol": "CCDC136", "name": "coiled-coil domain containing 136", "organism": "Homo sapiens", "tissue": "retina (organoid)"}, {"me": 2.361945367628528, "pc": 0.11626816690107829, "marker_score": 0.31700267122601034, "symbol": "RP11-431M3.2", "name": "RP11-431M3.2", "organism": "Homo sapiens", "tissue": "retina (organoid)"}, {"me": 2.456170200316374, "pc": 0.11345522737927802, "marker_score": 0.3082311141882726, "symbol": "VSX1", "name": "visual system homeobox 1", "organism": "Homo sapiens", "tissue": "retina (organoid)"}, {"me": 2.1242078387548053, "pc": 0.14767932489451477, "marker_score": 0.2937774113977057, "symbol": "PIK3R1", "name": "phosphoinositide-3-kinase regulatory subunit 1", "organism": "Homo sapiens", "tissue": "retina (organoid)"}, {"me": 2.008593335563754, "pc": 0.11392405063291139, "marker_score": 0.2867939825823769, "symbol": "IGSF21", "name": "immunoglobin superfamily member 21", "organism": "Homo sapiens", "tissue": "retina (organoid)"}, {"me": 2.149064437202785, "pc": 0.07548054383497421, "marker_score": 0.28513704233617665, "symbol": "IGF1", "name": "insulin like growth factor 1", "organism": "Homo sapiens", "tissue": "retina (organoid)"}, {"me": 2.3366746827541913, "pc": 0.4177215189873418, "marker_score": 0.2844814242953043, "symbol": "MEG3", "name": "maternally expressed 3", "organism": "Homo sapiens", "tissue": "retina (organoid)"}, {"me": 2.1143013733584866, "pc": 0.06891701828410689, "marker_score": 0.27334081442773017, "symbol": "LINC00470", "name": "LINC00470", "organism": "Homo sapiens", "tissue": "retina (organoid)"}, {"me": 1.962846292031778, "pc": 0.10407876230661041, "marker_score": 0.2668620688420129, "symbol": "DOK6", "name": "docking protein 6", "organism": "Homo sapiens", "tissue": "retina (organoid)"}, {"me": 1.9532477289652652, "pc": 0.06516643225503985, "marker_score": 0.2661371639859607, "symbol": "PLXDC1", "name": "plexin domain containing 1", "organism": "Homo sapiens", "tissue": "retina (organoid)"}, {"me": 2.095922735239893, "pc": 0.1045475855602438, "marker_score": 0.26429857322854355, "symbol": "H2AC6", "name": "H2A clustered histone 6", "organism": "Homo sapiens", "tissue": "retina (organoid)"}, {"me": 1.9952989162359023, "pc": 0.06235349273323957, "marker_score": 0.2595897745947527, "symbol": "TRNP1", "name": "TMF1 regulated nuclear protein 1", "organism": "Homo sapiens", "tissue": "retina (organoid)"}, {"me": 1.9367922571779208, "pc": 0.061415846225972806, "marker_score": 0.25756051186562373, "symbol": "CAMK4", "name": "calcium/calmodulin dependent protein kinase IV", "organism": "Homo sapiens", "tissue": "retina (organoid)"}, {"me": 2.1246941540692306, "pc": 0.06938584153774027, "marker_score": 0.25096387861707337, "symbol": "WFDC1", "name": "WAP four-disulfide core domain 1", "organism": "Homo sapiens", "tissue": "retina (organoid)"}, {"me": 2.031771997554444, "pc": 0.16549460853258322, "marker_score": 0.24835217979440175, "symbol": "ANK3", "name": "ankyrin 3", "organism": "Homo sapiens", "tissue": "retina (organoid)"}, {"me": 2.203179164727529, "pc": 0.05625879043600562, "marker_score": 0.2442405525473638, "symbol": "CHODL", "name": "chondrolectin", "organism": "Homo sapiens", "tissue": "retina (organoid)"}, {"me": 1.985927135020763, "pc": 0.052039381153305204, "marker_score": 0.236164424939452, "symbol": "ASIC4", "name": "acid sensing ion channel subunit family member 4", "organism": "Homo sapiens", "tissue": "retina (organoid)"}, {"me": 2.0885055648697004, "pc": 0.13408345053914675, "marker_score": 0.22006653794462833, "symbol": "H1-0", "name": "H1.0 linker histone", "organism": "Homo sapiens", "tissue": "retina (organoid)"}, {"me": 1.891585360752063, "pc": 0.04172526957337084, "marker_score": 0.21052023527107655, "symbol": "ATP2B1-AS1", "name": "ATP2B1 antisense RNA 1", "organism": "Homo sapiens", "tissue": "retina (organoid)"}, {"me": 2.014489028070654, "pc": 0.05250820440693858, "marker_score": 0.21013302477786444, "symbol": "NPTX2", "name": "neuronal pentraxin 2", "organism": "Homo sapiens", "tissue": "retina (organoid)"}, {"me": 2.914356550847392, "pc": 0.9413970932958274, "marker_score": 0.20953457997832822, "symbol": "CALM2", "name": "calmodulin 2", "organism": "Homo sapiens", "tissue": "retina (organoid)"}, {"me": 1.9545753435655073, "pc": 0.04125644631973746, "marker_score": 0.2087760281078262, "symbol": "EDIL3", "name": "EGF like repeats and discoidin domains 3", "organism": "Homo sapiens", "tissue": "retina (organoid)"}, {"me": 2.1242792358398437, "pc": 0.11720581340834506, "marker_score": 0.20059916836297037, "symbol": "RD3L", "name": "RD3 like", "organism": "Homo sapiens", "tissue": "retina (organoid)"}, {"me": 1.9906840389722014, "pc": 0.03422409751523676, "marker_score": 0.18988251385003022, "symbol": "NDNF", "name": "neuron derived neurotrophic factor", "organism": "Homo sapiens", "tissue": "retina (organoid)"}, {"me": 1.97301593253283, "pc": 0.057665260196905765, "marker_score": 0.1847172074023563, "symbol": "FRMD3", "name": "FERM domain containing 3", "organism": "Homo sapiens", "tissue": "retina (organoid)"}, {"me": 2.0103813043915397, "pc": 0.0473511486169714, "marker_score": 0.1839726829879777, "symbol": "SSTR2", "name": "somatostatin receptor 2", "organism": "Homo sapiens", "tissue": "retina (organoid)"}, {"me": 1.954507721507031, "pc": 0.04313173933427098, "marker_score": 0.18157900161906138, "symbol": "KCNH6", "name": "potassium voltage-gated channel subfamily H member 6", "organism": "Homo sapiens", "tissue": "retina (organoid)"}, {"me": 1.9708190686774976, "pc": 0.030942334739803096, "marker_score": 0.180293726826313, "symbol": "SLC4A10", "name": "solute carrier family 4 member 10", "organism": "Homo sapiens", "tissue": "retina (organoid)"}, {"me": 2.010325010006244, "pc": 0.030473511486169714, "marker_score": 0.1774433041553085, "symbol": "PDZRN3", "name": "PDZ domain containing ring finger 3", "organism": "Homo sapiens", "tissue": "retina (organoid)"}, {"me": 2.060533078511556, "pc": 0.02812939521800281, "marker_score": 0.17065205099903674, "symbol": "SEMA3E", "name": "semaphorin 3E", "organism": "Homo sapiens", "tissue": "retina (organoid)"}, {"me": 2.088588119646825, "pc": 0.10220346929207688, "marker_score": 0.1696356168722336, "symbol": "GUCY1A1", "name": "guanylate cyclase 1 soluble subunit alpha 1", "organism": "Homo sapiens", "tissue": "retina (organoid)"}, {"me": 2.0614959453714303, "pc": 0.02719174871073605, "marker_score": 0.16791384450669108, "symbol": "KCNJ2", "name": "potassium inwardly rectifying channel subfamily J member 2", "organism": "Homo sapiens", "tissue": "retina (organoid)"}, {"me": 1.9429889812804104, "pc": 0.026722925457102673, "marker_score": 0.16729062993256014, "symbol": "SAMSN1", "name": "SAM domain, SH3 domain and nuclear localization signals 1", "organism": "Homo sapiens", "tissue": "retina (organoid)"}, {"me": 1.9441943849836076, "pc": 0.02625410220346929, "marker_score": 0.1655692667122535, "symbol": "TMEM196", "name": "transmembrane protein 196", "organism": "Homo sapiens", "tissue": "retina (organoid)"}, {"me": 1.9606356828109077, "pc": 0.04313173933427098, "marker_score": 0.16556524351007898, "symbol": "SYBU", "name": "syntabulin", "organism": "Homo sapiens", "tissue": "retina (organoid)"}, {"me": 2.044527769088745, "pc": 0.180028129395218, "marker_score": 0.16277078550819513, "symbol": "GABPB1-AS1", "name": "GABPB1-AS1", "organism": "Homo sapiens", "tissue": "retina (organoid)"}, {"me": 2.030812969914189, "pc": 0.02531645569620253, "marker_score": 0.1622156527728053, "symbol": "CACNA2D3", "name": "calcium voltage-gated channel auxiliary subunit alpha2delta 3", "organism": "Homo sapiens", "tissue": "retina (organoid)"}, {"me": 2.023654727485236, "pc": 0.059540553211439286, "marker_score": 0.16098004467335286, "symbol": "SYNE1", "name": "spectrin repeat containing nuclear envelope protein 1", "organism": "Homo sapiens", "tissue": "retina (organoid)"}, {"me": 1.9598503391238025, "pc": 0.06422878574777309, "marker_score": 0.16087588847865814, "symbol": "SNTG1", "name": "syntrophin gamma 1", "organism": "Homo sapiens", "tissue": "retina (organoid)"}, {"me": 2.0005989822686887, "pc": 0.02390998593530239, "marker_score": 0.15718789076950382, "symbol": "QPCT", "name": "glutaminyl-peptide cyclotransferase", "organism": "Homo sapiens", "tissue": "retina (organoid)"}, {"me": 1.877389793395996, "pc": 0.02344116268166901, "marker_score": 0.15611442045568144, "symbol": "GABRA1", "name": "gamma-aminobutyric acid type A receptor subunit alpha1", "organism": "Homo sapiens", "tissue": "retina (organoid)"}, {"me": 2.0395744174134496, "pc": 0.02390998593530239, "marker_score": 0.15567057112152158, "symbol": "NEUROD2", "name": "neuronal differentiation 2", "organism": "Homo sapiens", "tissue": "retina (organoid)"}, {"me": 1.9463366396286907, "pc": 0.03984997655883732, "marker_score": 0.15541450856112599, "symbol": "MYLIP", "name": "myosin regulatory light chain interacting protein", "organism": "Homo sapiens", "tissue": "retina (organoid)"}, {"me": 1.963366294393734, "pc": 0.02297233942803563, "marker_score": 0.1546202779523123, "symbol": "ST6GALNAC5", "name": "ST6 N-acetylgalactosaminide alpha-2,6-sialyltransferase 5", "organism": "Homo sapiens", "tissue": "retina (organoid)"}, {"me": 2.011240929365158, "pc": 0.02250351617440225, "marker_score": 0.1528212911173044, "symbol": "FIG4", "name": "FIG4 phosphoinositide 5-phosphatase", "organism": "Homo sapiens", "tissue": "retina (organoid)"}, {"me": 1.9248802350914997, "pc": 0.02156586966713549, "marker_score": 0.1494012743116078, "symbol": "NETO1-DT", "name": "NETO1 divergent transcript", "organism": "Homo sapiens", "tissue": "retina (organoid)"}, {"me": 2.2165941278985204, "pc": 0.02203469292076887, "marker_score": 0.14831614651957276, "symbol": "LRTM1", "name": "leucine rich repeats and transmembrane domains 1", "organism": "Homo sapiens", "tissue": "retina (organoid)"}, {"me": 1.9933123588562012, "pc": 0.02250351617440225, "marker_score": 0.14723754637371228, "symbol": "KHDRBS3", "name": "KH RNA binding domain containing, signal transduction associated 3", "organism": "Homo sapiens", "tissue": "retina (organoid)"}, {"me": 1.9036529895871184, "pc": 0.02015939990623535, "marker_score": 0.14497300549812503, "symbol": "KLHL35", "name": "kelch like family member 35", "organism": "Homo sapiens", "tissue": "retina (organoid)"}, {"me": 1.8395449708147746, "pc": 0.01922175339896859, "marker_score": 0.14120010148083983, "symbol": "LHX4", "name": "LIM homeobox 4", "organism": "Homo sapiens", "tissue": "retina (organoid)"}, {"me": 1.9176488356156782, "pc": 0.02062822315986873, "marker_score": 0.14083606787947373, "symbol": "PLCD4", "name": "phospholipase C delta 4", "organism": "Homo sapiens", "tissue": "retina (organoid)"}, {"me": 2.3237660056666325, "pc": 0.026722925457102673, "marker_score": 0.13841087925982848, "symbol": "PGM5-AS1", "name": "PGM5 antisense RNA 1", "organism": "Homo sapiens", "tissue": "retina (organoid)"}, {"me": 1.8704337829198592, "pc": 0.01828410689170183, "marker_score": 0.13774516597942316, "symbol": "PLXDC2", "name": "plexin domain containing 2", "organism": "Homo sapiens", "tissue": "retina (organoid)"}, {"me": 1.9218391516269782, "pc": 0.01828410689170183, "marker_score": 0.13756325194147978, "symbol": "NETO1", "name": "neuropilin and tolloid like 1", "organism": "Homo sapiens", "tissue": "retina (organoid)"}, {"me": 1.9400876668783336, "pc": 0.02437880918893577, "marker_score": 0.13664407350080218, "symbol": "MACIR", "name": "macrophage immunometabolism regulator", "organism": "Homo sapiens", "tissue": "retina (organoid)"}, {"me": 1.948507308959961, "pc": 0.016877637130801686, "marker_score": 0.13192440421145332, "symbol": "NTNG1", "name": "netrin G1", "organism": "Homo sapiens", "tissue": "retina (organoid)"}, {"me": 1.86145440269919, "pc": 0.015939990623534926, "marker_score": 0.12863669130310199, "symbol": "CTD-2314G24.2", "name": "CTD-2314G24.2", "organism": "Homo sapiens", "tissue": "retina (organoid)"}, {"me": 2.035270466524012, "pc": 0.015939990623534926, "marker_score": 0.12729050537645936, "symbol": "DPY19L2P4", "name": "DPY19L2P4", "organism": "Homo sapiens", "tissue": "retina (organoid)"}, {"me": 1.9902340755906216, "pc": 0.02015939990623535, "marker_score": 0.12725133359791127, "symbol": "OLFM3", "name": "olfactomedin 3", "organism": "Homo sapiens", "tissue": "retina (organoid)"}, {"me": 1.9253841581798734, "pc": 0.01969057665260197, "marker_score": 0.1262282933544299, "symbol": "FLRT3", "name": "fibronectin leucine rich transmembrane protein 3", "organism": "Homo sapiens", "tissue": "retina (organoid)"}, {"me": 1.8974828571081161, "pc": 0.015002344116268168, "marker_score": 0.12442304295271958, "symbol": "ZNF385B", "name": "zinc finger protein 385B", "organism": "Homo sapiens", "tissue": "retina (organoid)"}, {"me": 1.960871160030365, "pc": 0.015002344116268168, "marker_score": 0.12416872691623881, "symbol": "CLN6", "name": "CLN6 transmembrane ER protein", "organism": "Homo sapiens", "tissue": "retina (organoid)"}, {"me": 2.0168073100428425, "pc": 0.014533520862634786, "marker_score": 0.12243778987190532, "symbol": "LRRC38", "name": "leucine rich repeat containing 38", "organism": "Homo sapiens", "tissue": "retina (organoid)"}, {"me": 1.9663182152642145, "pc": 0.02109704641350211, "marker_score": 0.11922949537041343, "symbol": "GRID2", "name": "glutamate ionotropic receptor delta type subunit 2", "organism": "Homo sapiens", "tissue": "retina (organoid)"}, {"me": 1.8942485020078461, "pc": 0.013595874355368026, "marker_score": 0.11858923614999148, "symbol": "GRM6", "name": "glutamate metabotropic receptor 6", "organism": "Homo sapiens", "tissue": "retina (organoid)"}, {"me": 1.911762336204792, "pc": 0.013595874355368026, "marker_score": 0.11850002447069602, "symbol": "SAMD5", "name": "sterile alpha motif domain containing 5", "organism": "Homo sapiens", "tissue": "retina (organoid)"}, {"me": 2.0247967432415677, "pc": 0.11814345991561181, "marker_score": 0.11780413571301618, "symbol": "GNB5", "name": "G protein subunit beta 5", "organism": "Homo sapiens", "tissue": "retina (organoid)"}, {"me": 1.8528545924595423, "pc": 0.013127051101734646, "marker_score": 0.11661702508393001, "symbol": "ST18", "name": "ST18 C2H2C-type zinc finger transcription factor", "organism": "Homo sapiens", "tissue": "retina (organoid)"}, {"me": 1.9144236700875419, "pc": 0.013127051101734646, "marker_score": 0.11620882279441734, "symbol": "H2BC8", "name": "H2B clustered histone 8", "organism": "Homo sapiens", "tissue": "retina (organoid)"}, {"me": 1.9060087885175432, "pc": 0.013127051101734646, "marker_score": 0.11597439621017996, "symbol": "LINC01560", "name": "LINC01560", "organism": "Homo sapiens", "tissue": "retina (organoid)"}, {"me": 1.9210022820366754, "pc": 0.012658227848101266, "marker_score": 0.11148630116185593, "symbol": "PLPPR4", "name": "phospholipid phosphatase related 4", "organism": "Homo sapiens", "tissue": "retina (organoid)"}, {"me": 1.8734197616577148, "pc": 0.011720581340834505, "marker_score": 0.11015769183730272, "symbol": "ADGRL2", "name": "adhesion G protein-coupled receptor L2", "organism": "Homo sapiens", "tissue": "retina (organoid)"}, {"me": 2.0225704101352755, "pc": 0.13642756680731363, "marker_score": 0.10978585718770975, "symbol": "HPCA", "name": "hippocalcin", "organism": "Homo sapiens", "tissue": "retina (organoid)"}, {"me": 2.9403031649768643, "pc": 0.9323295550668246, "marker_score": 2.251939487701355, "symbol": "VAMP2", "name": "vesicle associated membrane protein 2", "organism": "Homo sapiens", "tissue": "eye"}, {"me": 2.727711978787672, "pc": 0.6974708171206225, "marker_score": 1.4104391880300913, "symbol": "GNG13", "name": "G protein subunit gamma 13", "organism": "Homo sapiens", "tissue": "eye"}, {"me": 2.8327785858374113, "pc": 0.7692014887497886, "marker_score": 1.3645321352354187, "symbol": "SNAP25", "name": "synaptosome associated protein 25", "organism": "Homo sapiens", "tissue": "eye"}, {"me": 3.7661369828006603, "pc": 0.5637371003214346, "marker_score": 1.087368269085142, "symbol": "PCP2", "name": "Purkinje cell protein 2", "organism": "Homo sapiens", "tissue": "eye"}, {"me": 2.3035843602710133, "pc": 0.5384029774995771, "marker_score": 1.048485107267422, "symbol": "CAMK2B", "name": "calcium/calmodulin dependent protein kinase II beta", "organism": "Homo sapiens", "tissue": "eye"}, {"me": 2.2812283416842853, "pc": 0.4901031974285231, "marker_score": 0.9544179215345052, "symbol": "LRTM1", "name": "leucine rich repeats and transmembrane domains 1", "organism": "Homo sapiens", "tissue": "eye"}, {"me": 2.3579604964964718, "pc": 0.6473523938419895, "marker_score": 0.9454087202417648, "symbol": "VDAC1", "name": "voltage dependent anion channel 1", "organism": "Homo sapiens", "tissue": "eye"}, {"me": 2.263001829292216, "pc": 0.5389950938927424, "marker_score": 0.9436001580961471, "symbol": "GNB3", "name": "G protein subunit beta 3", "organism": "Homo sapiens", "tissue": "eye"}, {"me": 2.802003574244688, "pc": 0.8917272881069193, "marker_score": 0.8780172902292855, "symbol": "CALM2", "name": "calmodulin 2", "organism": "Homo sapiens", "tissue": "eye"}, {"me": 2.648690884624324, "pc": 0.7506344104212486, "marker_score": 0.7813282559257096, "symbol": "NDUFA4", "name": "NDUFA4 mitochondrial complex associated", "organism": "Homo sapiens", "tissue": "eye"}, {"me": 2.3897931354284347, "pc": 0.48667738115378106, "marker_score": 0.7811466091669678, "symbol": "ITM2C", "name": "integral membrane protein 2C", "organism": "Homo sapiens", "tissue": "eye"}, {"me": 3.0746859951256753, "pc": 0.9002283877516495, "marker_score": 0.7171052358947537, "symbol": "CKB", "name": "creatine kinase B", "organism": "Homo sapiens", "tissue": "eye"}, {"me": 2.348606987634672, "pc": 0.47500422940280834, "marker_score": 0.6941660011868157, "symbol": "RGS16", "name": "regulator of G protein signaling 16", "organism": "Homo sapiens", "tissue": "eye"}, {"me": 2.226551854885803, "pc": 0.32591778040940617, "marker_score": 0.6829882487551646, "symbol": "AANAT", "name": "aralkylamine N-acetyltransferase", "organism": "Homo sapiens", "tissue": "eye"}, {"me": 2.289925236055528, "pc": 0.4227288106919303, "marker_score": 0.6772922584802573, "symbol": "NME1", "name": "NME/NM23 nucleoside diphosphate kinase 1", "organism": "Homo sapiens", "tissue": "eye"}, {"me": 2.21561946819465, "pc": 0.34270850955845034, "marker_score": 0.6686153991181906, "symbol": "CCDC136", "name": "coiled-coil domain containing 136", "organism": "Homo sapiens", "tissue": "eye"}, {"me": 2.3002763988580326, "pc": 0.5060057519878193, "marker_score": 0.6353795976824534, "symbol": "SPCS1", "name": "signal peptidase complex subunit 1", "organism": "Homo sapiens", "tissue": "eye"}, {"me": 2.2294683412063954, "pc": 0.29098291321265435, "marker_score": 0.6280887162823767, "symbol": "ISL1", "name": "ISL LIM homeobox 1", "organism": "Homo sapiens", "tissue": "eye"}, {"me": 2.2081915408307893, "pc": 0.48490103197428525, "marker_score": 0.6215145972925972, "symbol": "PGAM1", "name": "phosphoglycerate mutase 1", "organism": "Homo sapiens", "tissue": "eye"}, {"me": 2.333428822913639, "pc": 0.2910252072407376, "marker_score": 0.6157310715594496, "symbol": "SERPINI1", "name": "serpin family I member 1", "organism": "Homo sapiens", "tissue": "eye"}, {"me": 2.3456998199536665, "pc": 0.262434444256471, "marker_score": 0.5841752520667828, "symbol": "NIF3L1", "name": "NGG1 interacting factor 3 like 1", "organism": "Homo sapiens", "tissue": "eye"}, {"me": 2.3969110859340503, "pc": 0.6704872272035188, "marker_score": 0.5753839823400565, "symbol": "ALDOA", "name": "aldolase, fructose-bisphosphate A", "organism": "Homo sapiens", "tissue": "eye"}, {"me": 2.294232902979458, "pc": 0.23883437658602605, "marker_score": 0.5436189821999314, "symbol": "VSX1", "name": "visual system homeobox 1", "organism": "Homo sapiens", "tissue": "eye"}, {"me": 2.2303042424791593, "pc": 0.20186939604127896, "marker_score": 0.49601621397689327, "symbol": "HPCA", "name": "hippocalcin", "organism": "Homo sapiens", "tissue": "eye"}, {"me": 2.2222157766677597, "pc": 0.45140416173236336, "marker_score": 0.48639877671970166, "symbol": "STMN1", "name": "stathmin 1", "organism": "Homo sapiens", "tissue": "eye"}, {"me": 2.1311563070281654, "pc": 0.46062425985450856, "marker_score": 0.4808958481688855, "symbol": "TERF2IP", "name": "uncharacterized LOC105371348", "organism": "Homo sapiens", "tissue": "eye"}, {"me": 2.295686783830484, "pc": 0.5813314160040602, "marker_score": 0.479287200288627, "symbol": "COX7A2", "name": "cytochrome c oxidase subunit 7A2", "organism": "Homo sapiens", "tissue": "eye"}, {"me": 2.0970477590935337, "pc": 0.18313314160040603, "marker_score": 0.46841271565843096, "symbol": "TRNP1", "name": "TMF1 regulated nuclear protein 1", "organism": "Homo sapiens", "tissue": "eye"}, {"me": 2.2564117489246045, "pc": 0.29127897140923703, "marker_score": 0.4641691168886279, "symbol": "SYP", "name": "synaptophysin", "organism": "Homo sapiens", "tissue": "eye"}, {"me": 2.2806764377828634, "pc": 0.41118254102520724, "marker_score": 0.45479990844046325, "symbol": "BEX1", "name": "brain expressed X-linked 1", "organism": "Homo sapiens", "tissue": "eye"}, {"me": 2.0017112113548996, "pc": 0.16228218575537134, "marker_score": 0.4360029995852752, "symbol": "RP11-431M3.2", "name": "RP11-431M3.2", "organism": "Homo sapiens", "tissue": "eye"}, {"me": 2.3836597595609637, "pc": 0.6538656741668076, "marker_score": 0.43333389212826906, "symbol": "TPI1", "name": "triosephosphate isomerase 1", "organism": "Homo sapiens", "tissue": "eye"}, {"me": 2.3332543603236897, "pc": 0.16300118423278634, "marker_score": 0.43291551902580633, "symbol": "CPLX3", "name": "complexin 3", "organism": "Homo sapiens", "tissue": "eye"}, {"me": 2.9235757851211233, "pc": 0.9218406361021824, "marker_score": 0.4323106293639288, "symbol": "H3-3B", "name": "H3.3 histone B", "organism": "Homo sapiens", "tissue": "eye"}, {"me": 3.377115849768934, "pc": 0.9655303671121638, "marker_score": 0.4201742989320485, "symbol": "GAPDH", "name": "glyceraldehyde-3-phosphate dehydrogenase", "organism": "Homo sapiens", "tissue": "eye"}, {"me": 2.031380045663289, "pc": 0.2285146337337168, "marker_score": 0.4199328989443345, "symbol": "ATP1A3", "name": "ATPase Na+/K+ transporting subunit alpha 3", "organism": "Homo sapiens", "tissue": "eye"}, {"me": 1.9896782769097223, "pc": 0.14616816105565894, "marker_score": 0.4103029045970626, "symbol": "TMEM215", "name": "transmembrane protein 215", "organism": "Homo sapiens", "tissue": "eye"}, {"me": 2.0040302854837444, "pc": 0.20229233632211133, "marker_score": 0.40388297397660816, "symbol": "GNAO1", "name": "G protein subunit alpha o1", "organism": "Homo sapiens", "tissue": "eye"}, {"me": 2.015754233602542, "pc": 0.2104550837421756, "marker_score": 0.397877156615856, "symbol": "ATP1B2", "name": "ATPase Na+/K+ transporting subunit beta 2", "organism": "Homo sapiens", "tissue": "eye"}, {"me": 2.908213991253226, "pc": 0.7373963796311961, "marker_score": 0.3959530466737637, "symbol": "CALM1", "name": "calmodulin 1", "organism": "Homo sapiens", "tissue": "eye"}, {"me": 1.9654524154001365, "pc": 0.13166130942310947, "marker_score": 0.38631714806793416, "symbol": "GRM6", "name": "glutamate metabotropic receptor 6", "organism": "Homo sapiens", "tissue": "eye"}, {"me": 1.9450605576683386, "pc": 0.1760277448824226, "marker_score": 0.384240942106824, "symbol": "RAB3A", "name": "RAB3A, member RAS oncogene family", "organism": "Homo sapiens", "tissue": "eye"}, {"me": 1.9711631623670327, "pc": 0.12375232617154458, "marker_score": 0.37286521888020907, "symbol": "VSX2", "name": "visual system homeobox 2", "organism": "Homo sapiens", "tissue": "eye"}, {"me": 2.5048731606996797, "pc": 0.6204956860091355, "marker_score": 0.3686098973625964, "symbol": "CIRBP", "name": "cold inducible RNA binding protein", "organism": "Homo sapiens", "tissue": "eye"}, {"me": 2.305035057247379, "pc": 0.5123075621722213, "marker_score": 0.365356761653557, "symbol": "COX6C", "name": "cytochrome c oxidase subunit 6C", "organism": "Homo sapiens", "tissue": "eye"}, {"me": 2.3585172464229793, "pc": 0.6347910675012688, "marker_score": 0.3572073855103417, "symbol": "PKM", "name": "pyruvate kinase M1/2", "organism": "Homo sapiens", "tissue": "eye"}, {"me": 1.9544829022136425, "pc": 0.10920318051091187, "marker_score": 0.347408442700542, "symbol": "KRT222", "name": "keratin 222", "organism": "Homo sapiens", "tissue": "eye"}, {"me": 1.968607349512449, "pc": 0.12442903062087633, "marker_score": 0.34496066101829936, "symbol": "CHN2", "name": "CHN2", "organism": "Homo sapiens", "tissue": "eye"}, {"me": 2.0134884829812205, "pc": 0.1351294197259347, "marker_score": 0.3446270926705598, "symbol": "H2BC21", "name": "H2B clustered histone 21", "organism": "Homo sapiens", "tissue": "eye"}, {"me": 1.9135490937873953, "pc": 0.10603112840466926, "marker_score": 0.3398374738594464, "symbol": "ATP6V1G2", "name": "ATPase H+ transporting V1 subunit G2", "organism": "Homo sapiens", "tissue": "eye"}, {"me": 1.964191244089394, "pc": 0.19510235154796143, "marker_score": 0.33864583086834293, "symbol": "ZNF385A", "name": "zinc finger protein 385A", "organism": "Homo sapiens", "tissue": "eye"}, {"me": 2.1796789520540876, "pc": 0.5121806800879716, "marker_score": 0.3382747022587228, "symbol": "UNC119", "name": "unc-119 lipid binding chaperone", "organism": "Homo sapiens", "tissue": "eye"}, {"me": 1.9641975847789608, "pc": 0.11893080697005583, "marker_score": 0.33757228784834803, "symbol": "TTYH1", "name": "tweety family member 1", "organism": "Homo sapiens", "tissue": "eye"}, {"me": 1.954618019727791, "pc": 0.10087125697851464, "marker_score": 0.33240550676566644, "symbol": "TMEM196", "name": "transmembrane protein 196", "organism": "Homo sapiens", "tissue": "eye"}, {"me": 2.249537750363078, "pc": 0.5751564879039079, "marker_score": 0.3311707269735921, "symbol": "CPE", "name": "carboxypeptidase E", "organism": "Homo sapiens", "tissue": "eye"}, {"me": 2.082017042814856, "pc": 0.3982828624598207, "marker_score": 0.3275334658128138, "symbol": "GABARAPL2", "name": "GABA type A receptor associated protein like 2", "organism": "Homo sapiens", "tissue": "eye"}, {"me": 1.993838260361778, "pc": 0.10835729994924717, "marker_score": 0.3235564697581745, "symbol": "PRDM8", "name": "PR/SET domain 8", "organism": "Homo sapiens", "tissue": "eye"}, {"me": 2.3643578479340728, "pc": 0.6023938419895111, "marker_score": 0.31552433427577287, "symbol": "UQCRB", "name": "ubiquinol-cytochrome c reductase binding protein", "organism": "Homo sapiens", "tissue": "eye"}, {"me": 2.164140321127028, "pc": 0.44582135002537643, "marker_score": 0.3154228909628438, "symbol": "COX6A1", "name": "cytochrome c oxidase subunit 6A1", "organism": "Homo sapiens", "tissue": "eye"}, {"me": 2.141690763006309, "pc": 0.46256978514633734, "marker_score": 0.30889577273544655, "symbol": "PRDX2", "name": "peroxiredoxin 2", "organism": "Homo sapiens", "tissue": "eye"}, {"me": 2.2164541537901434, "pc": 0.14215022838775165, "marker_score": 0.3068974147949529, "symbol": "PCP4L1", "name": "Purkinje cell protein 4 like 1", "organism": "Homo sapiens", "tissue": "eye"}, {"me": 2.024006812056655, "pc": 0.22656910844188802, "marker_score": 0.3041811480034499, "symbol": "MDH1", "name": "malate dehydrogenase 1", "organism": "Homo sapiens", "tissue": "eye"}, {"me": 1.9438659637708384, "pc": 0.08530705464388429, "marker_score": 0.3029985504829312, "symbol": "CALY", "name": "calcyon neuron specific vesicular protein", "organism": "Homo sapiens", "tissue": "eye"}, {"me": 1.951205294429853, "pc": 0.09385044831669768, "marker_score": 0.30075654880431146, "symbol": "TTC32", "name": "tetratricopeptide repeat domain 32", "organism": "Homo sapiens", "tissue": "eye"}, {"me": 2.0994633587412426, "pc": 0.08602605312129927, "marker_score": 0.29060456890689146, "symbol": "PGM5-AS1", "name": "PGM5 antisense RNA 1", "organism": "Homo sapiens", "tissue": "eye"}, {"me": 1.8993298346517906, "pc": 0.07735577736423617, "marker_score": 0.28779259420553993, "symbol": "GABRA1", "name": "gamma-aminobutyric acid type A receptor subunit alpha1", "organism": "Homo sapiens", "tissue": "eye"}, {"me": 2.003212245164719, "pc": 0.07646760277448825, "marker_score": 0.28541218519652956, "symbol": "RP11-192H23.6", "name": "RP11-192H23.6", "organism": "Homo sapiens", "tissue": "eye"}, {"me": 2.0049443696547353, "pc": 0.26704449331754354, "marker_score": 0.2826766100651175, "symbol": "STX3", "name": "syntaxin 3", "organism": "Homo sapiens", "tissue": "eye"}, {"me": 1.9475596678792393, "pc": 0.138428353916427, "marker_score": 0.27228612757434417, "symbol": "PLXDC1", "name": "plexin domain containing 1", "organism": "Homo sapiens", "tissue": "eye"}, {"me": 2.011604037485462, "pc": 0.2091016748435121, "marker_score": 0.270882936548143, "symbol": "BEX2", "name": "brain expressed X-linked 2", "organism": "Homo sapiens", "tissue": "eye"}, {"me": 1.9156630943561423, "pc": 0.06991202842158688, "marker_score": 0.26766216546496135, "symbol": "AMIGO2", "name": "adhesion molecule with Ig like domain 2", "organism": "Homo sapiens", "tissue": "eye"}, {"me": 2.1771732159514925, "pc": 0.3428776856707833, "marker_score": 0.26685387115112313, "symbol": "ATP5IF1", "name": "ATP synthase inhibitory factor subunit 1", "organism": "Homo sapiens", "tissue": "eye"}, {"me": 2.3867891472670184, "pc": 0.5691084418880055, "marker_score": 0.26384736400330316, "symbol": "APLP2", "name": "amyloid beta precursor like protein 2", "organism": "Homo sapiens", "tissue": "eye"}, {"me": 2.07289140660621, "pc": 0.07536795804432414, "marker_score": 0.26373782464278006, "symbol": "TAGLN3", "name": "transgelin 3", "organism": "Homo sapiens", "tissue": "eye"}, {"me": 1.9000647041235077, "pc": 0.09034004398578921, "marker_score": 0.26172118225326807, "symbol": "HHATL", "name": "hedgehog acyltransferase like", "organism": "Homo sapiens", "tissue": "eye"}, {"me": 1.9697292979691876, "pc": 0.06039587210285908, "marker_score": 0.25144098664398457, "symbol": "NEUROD4", "name": "neuronal differentiation 4", "organism": "Homo sapiens", "tissue": "eye"}, {"me": 2.067417242066386, "pc": 0.25372187447132466, "marker_score": 0.24827291843945898, "symbol": "ATP2B1", "name": "ATPase plasma membrane Ca2+ transporting 1", "organism": "Homo sapiens", "tissue": "eye"}, {"me": 2.2492595820426566, "pc": 0.5359076298426663, "marker_score": 0.23896723571564985, "symbol": "CHCHD2", "name": "coiled-coil-helix-coiled-coil-helix domain containing 2", "organism": "Homo sapiens", "tissue": "eye"}, {"me": 2.0844249861395876, "pc": 0.054474708171206226, "marker_score": 0.2383162920807867, "symbol": "CABP2", "name": "calcium binding protein 2", "organism": "Homo sapiens", "tissue": "eye"}, {"me": 2.0785996318894093, "pc": 0.29352055489764844, "marker_score": 0.23635350708343128, "symbol": "CADPS", "name": "calcium dependent secretion activator", "organism": "Homo sapiens", "tissue": "eye"}, {"me": 1.8965879155199885, "pc": 0.072999492471663, "marker_score": 0.23578504399645497, "symbol": "ROGDI", "name": "rogdi atypical leucine zipper", "organism": "Homo sapiens", "tissue": "eye"}, {"me": 1.9373034350174674, "pc": 0.05523600067670445, "marker_score": 0.23542378807623401, "symbol": "RD3L", "name": "RD3 like", "organism": "Homo sapiens", "tissue": "eye"}, {"me": 1.9227690655821184, "pc": 0.0493148367450516, "marker_score": 0.22609661241255802, "symbol": "PGM5P3-AS1", "name": "PGM5P3 antisense RNA 1", "organism": "Homo sapiens", "tissue": "eye"}, {"me": 2.0576107855030834, "pc": 0.09025545592962274, "marker_score": 0.22531086475680984, "symbol": "SNCB", "name": "synuclein beta", "organism": "Homo sapiens", "tissue": "eye"}, {"me": 1.872934811357139, "pc": 0.04669260700389105, "marker_score": 0.22032687249553562, "symbol": "KCNA5", "name": "potassium voltage-gated channel subfamily A member 5", "organism": "Homo sapiens", "tissue": "eye"}, {"me": 1.9073154959612026, "pc": 0.06356792420910168, "marker_score": 0.21956453271566995, "symbol": "SLC1A7", "name": "solute carrier family 1 member 7", "organism": "Homo sapiens", "tissue": "eye"}, {"me": 1.9115112495720852, "pc": 0.10810353578074776, "marker_score": 0.21750698551812322, "symbol": "USP11", "name": "ubiquitin specific peptidase 11", "organism": "Homo sapiens", "tissue": "eye"}, {"me": 1.9625345661535758, "pc": 0.10526983589917104, "marker_score": 0.2143701566458255, "symbol": "DGKE", "name": "diacylglycerol kinase epsilon", "organism": "Homo sapiens", "tissue": "eye"}, {"me": 1.957066988970344, "pc": 0.07959736085264761, "marker_score": 0.21404378391106, "symbol": "BEX5", "name": "brain expressed X-linked 5", "organism": "Homo sapiens", "tissue": "eye"}, {"me": 1.9200074625420502, "pc": 0.04478937574014549, "marker_score": 0.2123640808554998, "symbol": "ASIC4", "name": "acid sensing ion channel subunit family member 4", "organism": "Homo sapiens", "tissue": "eye"}, {"me": 2.016342649034634, "pc": 0.2656064963627136, "marker_score": 0.20367776247382507, "symbol": "NDUFB8", "name": "NADH:ubiquinone oxidoreductase subunit B8", "organism": "Homo sapiens", "tissue": "eye"}, {"me": 1.9185389084063569, "pc": 0.08657587548638132, "marker_score": 0.19917931077684234, "symbol": "APLP1", "name": "amyloid beta precursor like protein 1", "organism": "Homo sapiens", "tissue": "eye"}, {"me": 2.1506169987446633, "pc": 0.43588225342581627, "marker_score": 0.19617297396025915, "symbol": "COX5B", "name": "cytochrome c oxidase subunit 5B", "organism": "Homo sapiens", "tissue": "eye"}, {"me": 1.8932221827485636, "pc": 0.047157841312806634, "marker_score": 0.1900103773625658, "symbol": "EEF1A2", "name": "eukaryotic translation elongation factor 1 alpha 2", "organism": "Homo sapiens", "tissue": "eye"}, {"me": 1.9372375507925652, "pc": 0.13140754525461004, "marker_score": 0.18869561562440812, "symbol": "PCSK1N", "name": "proprotein convertase subtilisin/kexin type 1 inhibitor", "organism": "Homo sapiens", "tissue": "eye"}, {"me": 1.8593821116507283, "pc": 0.03303163593300626, "marker_score": 0.18405087143025733, "symbol": "AC093159.1", "name": "AC093159.1", "organism": "Homo sapiens", "tissue": "eye"}, {"me": 1.8660821249318678, "pc": 0.03273557773642362, "marker_score": 0.18280082352884142, "symbol": "CCDC13", "name": "coiled-coil domain containing 13", "organism": "Homo sapiens", "tissue": "eye"}, {"me": 1.860581554066051, "pc": 0.03256640162409068, "marker_score": 0.18248482547468944, "symbol": "CTD-2314G24.2", "name": "CTD-2314G24.2", "organism": "Homo sapiens", "tissue": "eye"}, {"me": 1.8577168869422502, "pc": 0.049526306885467775, "marker_score": 0.18226073748556232, "symbol": "GPR37", "name": "G protein-coupled receptor 37", "organism": "Homo sapiens", "tissue": "eye"}, {"me": 1.8565702305530771, "pc": 0.030367112163762477, "marker_score": 0.17615296447549786, "symbol": "NETO1-DT", "name": "NETO1 divergent transcript", "organism": "Homo sapiens", "tissue": "eye"}, {"me": 2.9077565197604476, "pc": 0.9190363502347053, "marker_score": 2.207807318378893, "symbol": "VAMP2", "name": "vesicle associated membrane protein 2", "organism": "Homo sapiens", "tissue": "All Tissues"}, {"me": 3.0575480813394287, "pc": 0.8974279396361097, "marker_score": 1.5608838475652145, "symbol": "CKB", "name": "creatine kinase B", "organism": "Homo sapiens", "tissue": "All Tissues"}, {"me": 2.812955306345372, "pc": 0.7347247546262172, "marker_score": 1.403052865589069, "symbol": "SNAP25", "name": "synaptosome associated protein 25", "organism": "Homo sapiens", "tissue": "All Tissues"}, {"me": 2.7215050562326524, "pc": 0.6569034410521007, "marker_score": 1.2964454949309776, "symbol": "GNG13", "name": "G protein subunit gamma 13", "organism": "Homo sapiens", "tissue": "All Tissues"}, {"me": 3.733517328178086, "pc": 0.5480855025798193, "marker_score": 1.0537638637178042, "symbol": "PCP2", "name": "Purkinje cell protein 2", "organism": "Homo sapiens", "tissue": "All Tissues"}, {"me": 2.260134287723574, "pc": 0.5292314854327501, "marker_score": 1.0349756424594259, "symbol": "GNB3", "name": "G protein subunit beta 3", "organism": "Homo sapiens", "tissue": "All Tissues"}, {"me": 2.3001217492997745, "pc": 0.49862280327423675, "marker_score": 0.9706868412568557, "symbol": "CAMK2B", "name": "calcium/calmodulin dependent protein kinase II beta", "organism": "Homo sapiens", "tissue": "All Tissues"}, {"me": 2.1759745788453144, "pc": 0.48892423478294605, "marker_score": 0.930125476363356, "symbol": "UNC119", "name": "unc-119 lipid binding chaperone", "organism": "Homo sapiens", "tissue": "All Tissues"}, {"me": 2.9928857851361084, "pc": 0.5116188850525663, "marker_score": 0.9114269151056238, "symbol": "PCP4", "name": "Purkinje cell protein 4", "organism": "Homo sapiens", "tissue": "All Tissues"}, {"me": 2.280967313064031, "pc": 0.4513713775846685, "marker_score": 0.8852740099468823, "symbol": "LRTM1", "name": "leucine rich repeats and transmembrane domains 1", "organism": "Homo sapiens", "tissue": "All Tissues"}, {"me": 2.3841405569737986, "pc": 0.49008806300190094, "marker_score": 0.8675271712302338, "symbol": "RGS16", "name": "regulator of G protein signaling 16", "organism": "Homo sapiens", "tissue": "All Tissues"}, {"me": 2.4665690087280177, "pc": 0.7478372192264422, "marker_score": 0.8132361040336866, "symbol": "SYT1", "name": "synaptotagmin 1", "organism": "Homo sapiens", "tissue": "All Tissues"}, {"me": 2.8117732872856402, "pc": 0.8958373744035381, "marker_score": 0.799812085457448, "symbol": "CALM2", "name": "calmodulin 2", "organism": "Homo sapiens", "tissue": "All Tissues"}, {"me": 2.1519761280654484, "pc": 0.3725414128874578, "marker_score": 0.7586659308850776, "symbol": "TRPM1", "name": "transient receptor potential cation channel subfamily M member 1", "organism": "Homo sapiens", "tissue": "All Tissues"}, {"me": 2.2121704640343554, "pc": 0.32521239864995927, "marker_score": 0.6815621430119956, "symbol": "CCDC136", "name": "coiled-coil domain containing 136", "organism": "Homo sapiens", "tissue": "All Tissues"}, {"me": 2.3493269983872462, "pc": 0.6284284439616713, "marker_score": 0.6600642532516934, "symbol": "VDAC1", "name": "voltage dependent anion channel 1", "organism": "Homo sapiens", "tissue": "All Tissues"}, {"me": 2.2231874166014127, "pc": 0.30344881095550297, "marker_score": 0.6491970726356022, "symbol": "AANAT", "name": "aralkylamine N-acetyltransferase", "organism": "Homo sapiens", "tissue": "All Tissues"}, {"me": 2.2545996808950597, "pc": 0.3019358342708616, "marker_score": 0.6437924275601232, "symbol": "ISL1", "name": "ISL LIM homeobox 1", "organism": "Homo sapiens", "tissue": "All Tissues"}, {"me": 2.3337144684373285, "pc": 0.28304302284982735, "marker_score": 0.6136070997174716, "symbol": "SERPINI1", "name": "serpin family I member 1", "organism": "Homo sapiens", "tissue": "All Tissues"}, {"me": 2.2452050794165785, "pc": 0.2933235054505955, "marker_score": 0.5696617889522356, "symbol": "SYP", "name": "synaptophysin", "organism": "Homo sapiens", "tissue": "All Tissues"}, {"me": 2.1563889023680125, "pc": 0.24983512433564806, "marker_score": 0.5676177999853385, "symbol": "CABP5", "name": "calcium binding protein 5", "organism": "Homo sapiens", "tissue": "All Tissues"}, {"me": 2.0763817713734767, "pc": 0.2992590293672654, "marker_score": 0.5579732464887499, "symbol": "EFR3A", "name": "EFR3 homolog A", "organism": "Homo sapiens", "tissue": "All Tissues"}, {"me": 2.3447188705593955, "pc": 0.24133917833727742, "marker_score": 0.5498678870550252, "symbol": "NIF3L1", "name": "NGG1 interacting factor 3 like 1", "organism": "Homo sapiens", "tissue": "All Tissues"}, {"me": 2.0340019583983717, "pc": 0.22989486751755442, "marker_score": 0.5409867208517867, "symbol": "ATP1A3", "name": "ATPase Na+/K+ transporting subunit alpha 3", "organism": "Homo sapiens", "tissue": "All Tissues"}, {"me": 2.3008875459012565, "pc": 0.22845947938084338, "marker_score": 0.5288825760963021, "symbol": "VSX1", "name": "visual system homeobox 1", "organism": "Homo sapiens", "tissue": "All Tissues"}, {"me": 2.014910175852532, "pc": 0.2551111455949102, "marker_score": 0.5212435480353635, "symbol": "ENO2", "name": "enolase 2", "organism": "Homo sapiens", "tissue": "All Tissues"}, {"me": 2.003907153520038, "pc": 0.19916980253714553, "marker_score": 0.4941730995196121, "symbol": "MGARP", "name": "mitochondria localized glutamic acid rich protein", "organism": "Homo sapiens", "tissue": "All Tissues"}, {"me": 2.082996444729902, "pc": 0.21329091826046476, "marker_score": 0.4921945307418788, "symbol": "ALDOC", "name": "aldolase, fructose-bisphosphate C", "organism": "Homo sapiens", "tissue": "All Tissues"}, {"me": 2.2183668948651114, "pc": 0.19645420335958413, "marker_score": 0.48789537785583414, "symbol": "HPCA", "name": "hippocalcin", "organism": "Homo sapiens", "tissue": "All Tissues"}, {"me": 2.015040228544776, "pc": 0.1949412266749428, "marker_score": 0.48361805014504533, "symbol": "ATP1B2", "name": "ATPase Na+/K+ transporting subunit beta 2", "organism": "Homo sapiens", "tissue": "All Tissues"}, {"me": 2.28411111531477, "pc": 0.4165729138379175, "marker_score": 0.47634194939908736, "symbol": "NME1", "name": "NME/NM23 nucleoside diphosphate kinase 1", "organism": "Homo sapiens", "tissue": "All Tissues"}, {"me": 2.003910847332954, "pc": 0.25546029406059667, "marker_score": 0.4717364542634585, "symbol": "STX3", "name": "syntaxin 3", "organism": "Homo sapiens", "tissue": "All Tissues"}, {"me": 2.133867626998562, "pc": 0.45858711254218876, "marker_score": 0.45742544210085667, "symbol": "TERF2IP", "name": "uncharacterized LOC105371348", "organism": "Homo sapiens", "tissue": "All Tissues"}, {"me": 1.9472496265568895, "pc": 0.17286728478876517, "marker_score": 0.4526008512275982, "symbol": "RAB3A", "name": "RAB3A, member RAS oncogene family", "organism": "Homo sapiens", "tissue": "All Tissues"}, {"me": 2.0940156663556606, "pc": 0.17313884470652133, "marker_score": 0.44694660317528656, "symbol": "TRNP1", "name": "TMF1 regulated nuclear protein 1", "organism": "Homo sapiens", "tissue": "All Tissues"}, {"me": 2.2561726157454105, "pc": 0.5769096481359351, "marker_score": 0.4397246607669995, "symbol": "CPE", "name": "carboxypeptidase E", "organism": "Homo sapiens", "tissue": "All Tissues"}, {"me": 2.0235809363525092, "pc": 0.1584746091476898, "marker_score": 0.4296026716327563, "symbol": "RP11-431M3.2", "name": "RP11-431M3.2", "organism": "Homo sapiens", "tissue": "All Tissues"}, {"me": 1.9805955834362494, "pc": 0.15509950731272065, "marker_score": 0.42545638616765824, "symbol": "MIR124-2HG", "name": "MIR124-2 host gene", "organism": "Homo sapiens", "tissue": "All Tissues"}, {"me": 2.2691757246912556, "pc": 0.4099390929898747, "marker_score": 0.4182233339213581, "symbol": "BEX1", "name": "brain expressed X-linked 1", "organism": "Homo sapiens", "tissue": "All Tissues"}, {"me": 2.3332543603236897, "pc": 0.1495131318617372, "marker_score": 0.4118514543855716, "symbol": "CPLX3", "name": "complexin 3", "organism": "Homo sapiens", "tissue": "All Tissues"}, {"me": 1.9673936242751673, "pc": 0.16223765372231058, "marker_score": 0.4106370749567156, "symbol": "PCBP4", "name": "poly(rC) binding protein 4", "organism": "Homo sapiens", "tissue": "All Tissues"}, {"me": 1.99904830244687, "pc": 0.14284051673972922, "marker_score": 0.4050547765536543, "symbol": "TMEM215", "name": "transmembrane protein 215", "organism": "Homo sapiens", "tissue": "All Tissues"}, {"me": 2.005285318527448, "pc": 0.19610505489389765, "marker_score": 0.4024299979786453, "symbol": "GNAO1", "name": "G protein subunit alpha o1", "organism": "Homo sapiens", "tissue": "All Tissues"}, {"me": 2.2126253930758324, "pc": 0.1406680373976801, "marker_score": 0.3987279319098078, "symbol": "PCP4L1", "name": "Purkinje cell protein 4 like 1", "organism": "Homo sapiens", "tissue": "All Tissues"}, {"me": 1.9477914718502711, "pc": 0.13236606276913526, "marker_score": 0.3880116229809068, "symbol": "PLXDC1", "name": "plexin domain containing 1", "organism": "Homo sapiens", "tissue": "All Tissues"}, {"me": 2.3791582168686474, "pc": 0.5457966404158746, "marker_score": 0.38067455694849534, "symbol": "APLP2", "name": "amyloid beta precursor like protein 2", "organism": "Homo sapiens", "tissue": "All Tissues"}, {"me": 1.9787305274521232, "pc": 0.12584862474298794, "marker_score": 0.376760073238277, "symbol": "VSX2", "name": "visual system homeobox 2", "organism": "Homo sapiens", "tissue": "All Tissues"}, {"me": 1.9948515919357621, "pc": 0.18275982464988166, "marker_score": 0.37344038731722795, "symbol": "CA10", "name": "carbonic anhydrase 10", "organism": "Homo sapiens", "tissue": "All Tissues"}, {"me": 1.964795069509369, "pc": 0.12189160879854133, "marker_score": 0.36986615395625905, "symbol": "GRM6", "name": "glutamate metabotropic receptor 6", "organism": "Homo sapiens", "tissue": "All Tissues"}, {"me": 2.0790665958993593, "pc": 0.2876595414516817, "marker_score": 0.36296952043464037, "symbol": "CADPS", "name": "calcium dependent secretion activator", "organism": "Homo sapiens", "tissue": "All Tissues"}, {"me": 2.1129074600602706, "pc": 0.11746906156651278, "marker_score": 0.3579917996461095, "symbol": "SAG", "name": "S-antigen visual arrestin", "organism": "Homo sapiens", "tissue": "All Tissues"}, {"me": 2.6297858178087545, "pc": 0.744462117391473, "marker_score": 0.35073525814476275, "symbol": "NDUFA4", "name": "NDUFA4 mitochondrial complex associated", "organism": "Homo sapiens", "tissue": "All Tissues"}, {"me": 2.0097668754553384, "pc": 0.10982658959537572, "marker_score": 0.34796255293293, "symbol": "PRDM8", "name": "PR/SET domain 8", "organism": "Homo sapiens", "tissue": "All Tissues"}, {"me": 2.015288884419653, "pc": 0.17104395391240254, "marker_score": 0.3455325785763433, "symbol": "FSTL5", "name": "follistatin like 5", "organism": "Homo sapiens", "tissue": "All Tissues"}, {"me": 1.9692727373595853, "pc": 0.19598867207200218, "marker_score": 0.34492955788600765, "symbol": "ZNF385A", "name": "zinc finger protein 385A", "organism": "Homo sapiens", "tissue": "All Tissues"}, {"me": 1.9639831997324753, "pc": 0.10943864685572409, "marker_score": 0.3414210392213584, "symbol": "TTYH1", "name": "tweety family member 1", "organism": "Homo sapiens", "tissue": "All Tissues"}, {"me": 2.1449281011209425, "pc": 0.1062187221166156, "marker_score": 0.34104197330375086, "symbol": "PVALB", "name": "parvalbumin", "organism": "Homo sapiens", "tissue": "All Tissues"}, {"me": 2.1552575189318577, "pc": 0.10586957365092912, "marker_score": 0.34036255778988805, "symbol": "NEFL", "name": "neurofilament light chain", "organism": "Homo sapiens", "tissue": "All Tissues"}, {"me": 1.9152780027160994, "pc": 0.10199014625441284, "marker_score": 0.335323631641229, "symbol": "ATP6V1G2", "name": "ATPase H+ transporting V1 subunit G2", "organism": "Homo sapiens", "tissue": "All Tissues"}, {"me": 1.9543434408180502, "pc": 0.1004771695697715, "marker_score": 0.3319320460837273, "symbol": "KRT222", "name": "keratin 222", "organism": "Homo sapiens", "tissue": "All Tissues"}, {"me": 2.016337653987515, "pc": 0.13127982309811073, "marker_score": 0.32452688083559217, "symbol": "H2BC21", "name": "H2B clustered histone 21", "organism": "Homo sapiens", "tissue": "All Tissues"}, {"me": 1.9543789086503993, "pc": 0.09469682274896225, "marker_score": 0.32116505749905366, "symbol": "TMEM196", "name": "transmembrane protein 196", "organism": "Homo sapiens", "tissue": "All Tissues"}, {"me": 1.969136869752562, "pc": 0.095589091050161, "marker_score": 0.31258353720468923, "symbol": "DBP", "name": "D-box binding PAR bZIP transcription factor", "organism": "Homo sapiens", "tissue": "All Tissues"}, {"me": 1.9793188973944789, "pc": 0.08949839003763045, "marker_score": 0.31111319707163154, "symbol": "MIR124-1HG", "name": "MIR124-1 host gene", "organism": "Homo sapiens", "tissue": "All Tissues"}, {"me": 1.9609462369227995, "pc": 0.1344221592892889, "marker_score": 0.3094279572680548, "symbol": "GNB5", "name": "G protein subunit beta 5", "organism": "Homo sapiens", "tissue": "All Tissues"}, {"me": 2.1015951917918456, "pc": 0.09039065833882919, "marker_score": 0.3082774705898911, "symbol": "RHO", "name": "rhodopsin", "organism": "Homo sapiens", "tissue": "All Tissues"}, {"me": 2.0302035822344653, "pc": 0.087248322147651, "marker_score": 0.3047257916620477, "symbol": "ROM1", "name": "retinal outer segment membrane protein 1", "organism": "Homo sapiens", "tissue": "All Tissues"}, {"me": 2.0556419421871395, "pc": 0.0840283974085425, "marker_score": 0.3010030878282334, "symbol": "SNCB", "name": "synuclein beta", "organism": "Homo sapiens", "tissue": "All Tissues"}, {"me": 1.9001503273292824, "pc": 0.08379563176475152, "marker_score": 0.3007191702315293, "symbol": "HHATL", "name": "hedgehog acyltransferase like", "organism": "Homo sapiens", "tissue": "All Tissues"}, {"me": 1.8904071749500173, "pc": 0.08367924894285604, "marker_score": 0.3001395493947343, "symbol": "PLCD4", "name": "phospholipase C delta 4", "organism": "Homo sapiens", "tissue": "All Tissues"}, {"me": 2.3819434664037695, "pc": 0.3787484967218839, "marker_score": 0.29895134390431877, "symbol": "TAX1BP1", "name": "Tax1 binding protein 1", "organism": "Homo sapiens", "tissue": "All Tissues"}, {"me": 2.8774075649752477, "pc": 0.7287892307095473, "marker_score": 0.2932890046436144, "symbol": "CALM1", "name": "calmodulin 1", "organism": "Homo sapiens", "tissue": "All Tissues"}, {"me": 2.105577801814323, "pc": 0.08111882686115529, "marker_score": 0.29167375071263335, "symbol": "PGM5-AS1", "name": "PGM5 antisense RNA 1", "organism": "Homo sapiens", "tissue": "All Tissues"}, {"me": 2.3786049790790127, "pc": 0.3134965279124801, "marker_score": 0.29111067559811415, "symbol": "CXCL14", "name": "C-X-C motif chemokine ligand 14", "organism": "Homo sapiens", "tissue": "All Tissues"}, {"me": 1.9624052097064018, "pc": 0.09749001047445396, "marker_score": 0.2875804404705146, "symbol": "DGKE", "name": "diacylglycerol kinase epsilon", "organism": "Homo sapiens", "tissue": "All Tissues"}, {"me": 3.001784473480732, "pc": 0.9281917988904838, "marker_score": 0.2872738502887559, "symbol": "H3-3B", "name": "H3.3 histone B", "organism": "Homo sapiens", "tissue": "All Tissues"}, {"me": 3.357878885651894, "pc": 0.963766148116538, "marker_score": 0.28643879096944674, "symbol": "GAPDH", "name": "glyceraldehyde-3-phosphate dehydrogenase", "organism": "Homo sapiens", "tissue": "All Tissues"}, {"me": 1.950985274005523, "pc": 0.08670520231213873, "marker_score": 0.2845309027957713, "symbol": "TTC32", "name": "tetratricopeptide repeat domain 32", "organism": "Homo sapiens", "tissue": "All Tissues"}, {"me": 2.2079814549612418, "pc": 0.48294991659231096, "marker_score": 0.28128389167269185, "symbol": "PGAM1", "name": "phosphoglycerate mutase 1", "organism": "Homo sapiens", "tissue": "All Tissues"}, {"me": 1.8987460215082823, "pc": 0.07289444078054079, "marker_score": 0.27896426588481144, "symbol": "GABRA1", "name": "gamma-aminobutyric acid type A receptor subunit alpha1", "organism": "Homo sapiens", "tissue": "All Tissues"}, {"me": 1.9219293702091178, "pc": 0.07211855530123754, "marker_score": 0.27690215535228474, "symbol": "OTX2", "name": "orthodenticle homeobox 2", "organism": "Homo sapiens", "tissue": "All Tissues"}, {"me": 2.002806159235885, "pc": 0.07145905264382978, "marker_score": 0.27543064417892815, "symbol": "RP11-192H23.6", "name": "RP11-192H23.6", "organism": "Homo sapiens", "tissue": "All Tissues"}, {"me": 1.9779350960693702, "pc": 0.13799123249408388, "marker_score": 0.27456404908901655, "symbol": "DOK6", "name": "docking protein 6", "organism": "Homo sapiens", "tissue": "All Tissues"}, {"me": 1.9659668238817063, "pc": 0.07014004732901424, "marker_score": 0.2726251865383926, "symbol": "CABP1", "name": "calcium binding protein 1", "organism": "Homo sapiens", "tissue": "All Tissues"}, {"me": 1.9053953696457626, "pc": 0.06854948209644257, "marker_score": 0.26995961739536023, "symbol": "SLC17A7", "name": "solute carrier family 17 member 7", "organism": "Homo sapiens", "tissue": "All Tissues"}, {"me": 1.9377177067427818, "pc": 0.0698684874112581, "marker_score": 0.26792634477272215, "symbol": "IGSF21", "name": "immunoglobin superfamily member 21", "organism": "Homo sapiens", "tissue": "All Tissues"}, {"me": 1.9162682821584303, "pc": 0.06672615122007991, "marker_score": 0.26579137408274295, "symbol": "ZNF593OS", "name": "ZNF593 opposite strand", "organism": "Homo sapiens", "tissue": "All Tissues"}, {"me": 1.9877281033805745, "pc": 0.06676494549404507, "marker_score": 0.26549040518311223, "symbol": "NEUROD4", "name": "neuronal differentiation 4", "organism": "Homo sapiens", "tissue": "All Tissues"}, {"me": 1.9613810682130608, "pc": 0.06680373976801024, "marker_score": 0.2654823891137112, "symbol": "DRD4", "name": "dopamine receptor D4", "organism": "Homo sapiens", "tissue": "All Tissues"}, {"me": 2.028731643472813, "pc": 0.15963843736664468, "marker_score": 0.26275096287933736, "symbol": "BHLHE41", "name": "basic helix-loop-helix family member e41", "organism": "Homo sapiens", "tissue": "All Tissues"}, {"me": 2.3260910964937613, "pc": 0.10493851107576521, "marker_score": 0.25989023669289013, "symbol": "MTND2P28", "name": "MT-ND2 pseudogene 28", "organism": "Homo sapiens", "tissue": "All Tissues"}, {"me": 2.060109295862714, "pc": 0.06276913527563331, "marker_score": 0.25678276801510896, "symbol": "CPLX4", "name": "complexin 4", "organism": "Homo sapiens", "tissue": "All Tissues"}, {"me": 1.9434673764981027, "pc": 0.07859719905341972, "marker_score": 0.2536010839305535, "symbol": "CALY", "name": "calcyon neuron specific vesicular protein", "organism": "Homo sapiens", "tissue": "All Tissues"}, {"me": 2.0222922045775134, "pc": 0.061450129960817786, "marker_score": 0.2524470062989003, "symbol": "NRL", "name": "neural retina leucine zipper", "organism": "Homo sapiens", "tissue": "All Tissues"}, {"me": 1.9673444654763816, "pc": 0.06036389028979323, "marker_score": 0.25159121711266075, "symbol": "RD3L", "name": "RD3 like", "organism": "Homo sapiens", "tissue": "All Tissues"}, {"me": 1.9085133411038306, "pc": 0.06013112464600225, "marker_score": 0.2514374376483053, "symbol": "SLC1A7", "name": "solute carrier family 1 member 7", "organism": "Homo sapiens", "tissue": "All Tissues"}, {"me": 2.3609970614281104, "pc": 0.6311052488652675, "marker_score": 0.24847447339809345, "symbol": "PKM", "name": "pyruvate kinase M1/2", "organism": "Homo sapiens", "tissue": "All Tissues"}, {"me": 2.0934693557977964, "pc": 0.06447608333010048, "marker_score": 0.2484678645037668, "symbol": "PDE6G", "name": "phosphodiesterase 6G", "organism": "Homo sapiens", "tissue": "All Tissues"}, {"me": 2.069716360365774, "pc": 0.07464018310897312, "marker_score": 0.23972001142273547, "symbol": "TAGLN3", "name": "transgelin 3", "organism": "Homo sapiens", "tissue": "All Tissues"}, {"me": 2.0841989217111068, "pc": 0.0500834076890251, "marker_score": 0.2281661085993257, "symbol": "CABP2", "name": "calcium binding protein 2", "organism": "Homo sapiens", "tissue": "All Tissues"}]