[{"me": 2.8513460211270414, "pc": 0.709714499269544, "marker_score": 1.2928251716895, "symbol": "DCN", "name": "decorin", "organism": "Homo sapiens", "tissue": "breast"}, {"me": 2.3439202848728025, "pc": 0.5517887679641227, "marker_score": 1.0108967336796004, "symbol": "LUM", "name": "lumican", "organism": "Homo sapiens", "tissue": "breast"}, {"me": 2.6106947711457416, "pc": 0.5777397764464729, "marker_score": 0.9749100528768904, "symbol": "TNFAIP6", "name": "TNF alpha induced protein 6", "organism": "Homo sapiens", "tissue": "breast"}, {"me": 1.955373168855493, "pc": 0.5079104426903432, "marker_score": 0.9613535496262285, "symbol": "MMP2", "name": "matrix metallopeptidase 2", "organism": "Homo sapiens", "tissue": "breast"}, {"me": 2.618461685683389, "pc": 0.5602881054574693, "marker_score": 0.9244902254281132, "symbol": "APOD", "name": "apolipoprotein D", "organism": "Homo sapiens", "tissue": "breast"}, {"me": 1.9427941310775483, "pc": 0.49601363517966957, "marker_score": 0.8253929837921634, "symbol": "MEG3", "name": "maternally expressed 3", "organism": "Homo sapiens", "tissue": "breast"}, {"me": 2.068907796826083, "pc": 0.6022978222217189, "marker_score": 0.8249093005622405, "symbol": "RND3", "name": "Rho family GTPase 3", "organism": "Homo sapiens", "tissue": "breast"}, {"me": 1.9546252704252756, "pc": 0.3899899208389486, "marker_score": 0.7483510064635385, "symbol": "THBS2", "name": "thrombospondin 2", "organism": "Homo sapiens", "tissue": "breast"}, {"me": 2.141459601483736, "pc": 0.595349996036285, "marker_score": 0.7457762133578093, "symbol": "GEM", "name": "GTP binding protein overexpressed in skeletal muscle", "organism": "Homo sapiens", "tissue": "breast"}, {"me": 1.9693423115764856, "pc": 0.5326666742166001, "marker_score": 0.6793780250168766, "symbol": "COL6A2", "name": "collagen type VI alpha 2 chain", "organism": "Homo sapiens", "tissue": "breast"}, {"me": 2.3158152279470365, "pc": 0.845466076261877, "marker_score": 0.6253987320827434, "symbol": "RPL17", "name": "ribosomal protein L17", "organism": "Homo sapiens", "tissue": "breast"}, {"me": 1.9086030756755736, "pc": 0.3002740625813977, "marker_score": 0.6226999880045756, "symbol": "FBLN1", "name": "fibulin 1", "organism": "Homo sapiens", "tissue": "breast"}, {"me": 1.750573282113598, "pc": 0.28890952537343856, "marker_score": 0.6177271197683689, "symbol": "MFAP4", "name": "microfibril associated protein 4", "organism": "Homo sapiens", "tissue": "breast"}, {"me": 2.1573164430537592, "pc": 0.30650842006319295, "marker_score": 0.6157645103074496, "symbol": "IGFBP6", "name": "insulin like growth factor binding protein 6", "organism": "Homo sapiens", "tissue": "breast"}, {"me": 1.926860286040557, "pc": 0.35825755087711353, "marker_score": 0.601945798831121, "symbol": "CCDC80", "name": "coiled-coil domain containing 80", "organism": "Homo sapiens", "tissue": "breast"}, {"me": 2.068640700863154, "pc": 0.2833999614953398, "marker_score": 0.5898440034996579, "symbol": "SFRP2", "name": "secreted frizzled related protein 2", "organism": "Homo sapiens", "tissue": "breast"}, {"me": 2.3586533785098243, "pc": 0.43660320947667636, "marker_score": 0.5799383656726943, "symbol": "CYP1B1", "name": "cytochrome P450 family 1 subfamily B member 1", "organism": "Homo sapiens", "tissue": "breast"}, {"me": 1.8828191706329414, "pc": 0.6698055514660083, "marker_score": 0.5730340672083292, "symbol": "SNHG29", "name": "small nucleolar RNA host gene 29", "organism": "Homo sapiens", "tissue": "breast"}, {"me": 1.861597058028391, "pc": 0.6178808847011925, "marker_score": 0.5608911163030543, "symbol": "LAPTM4A", "name": "lysosomal protein transmembrane 4 alpha", "organism": "Homo sapiens", "tissue": "breast"}, {"me": 1.5949709612927387, "pc": 0.25702993171085264, "marker_score": 0.5601403942157661, "symbol": "C1S", "name": "complement C1s", "organism": "Homo sapiens", "tissue": "breast"}, {"me": 2.209888426912996, "pc": 0.28948709527638417, "marker_score": 0.5554546266176421, "symbol": "COL1A2", "name": "collagen type I alpha 2 chain", "organism": "Homo sapiens", "tissue": "breast"}, {"me": 3.299949648310655, "pc": 0.5039523901201571, "marker_score": 0.5359638343751426, "symbol": "HSPA1B", "name": "heat shock protein family A (Hsp70) member 1B", "organism": "Homo sapiens", "tissue": "breast"}, {"me": 1.7650660693769598, "pc": 0.23657149975651465, "marker_score": 0.5358356297331303, "symbol": "PDPN", "name": "podoplanin", "organism": "Homo sapiens", "tissue": "breast"}, {"me": 2.555926309038845, "pc": 0.33221028074427245, "marker_score": 0.531318595880654, "symbol": "AKR1C1", "name": "aldo-keto reductase family 1 member C1", "organism": "Homo sapiens", "tissue": "breast"}, {"me": 3.211818272862539, "pc": 0.4947282590231141, "marker_score": 0.5288892838247838, "symbol": "DNAJB1", "name": "DnaJ heat shock protein family (Hsp40) member B1", "organism": "Homo sapiens", "tissue": "breast"}, {"me": 3.6494906130178624, "pc": 0.6054857815879775, "marker_score": 0.5214383235569365, "symbol": "HSPA1A", "name": "heat shock protein family A (Hsp70) member 1A", "organism": "Homo sapiens", "tissue": "breast"}, {"me": 3.127711280146535, "pc": 0.27822448216894485, "marker_score": 0.5196898238424689, "symbol": "HSPA6", "name": "heat shock protein family A (Hsp70) member 6", "organism": "Homo sapiens", "tissue": "breast"}, {"me": 1.651283529730987, "pc": 0.21911982876751113, "marker_score": 0.5157314267175366, "symbol": "CTSK", "name": "cathepsin K", "organism": "Homo sapiens", "tissue": "breast"}, {"me": 1.6920552825084771, "pc": 0.2972446518159477, "marker_score": 0.5143270847357628, "symbol": "C1R", "name": "complement C1r", "organism": "Homo sapiens", "tissue": "breast"}, {"me": 1.807317431929703, "pc": 0.21233055118288582, "marker_score": 0.5034776046835947, "symbol": "PTGES", "name": "prostaglandin E synthase", "organism": "Homo sapiens", "tissue": "breast"}, {"me": 1.7793160999973467, "pc": 0.21342340403845936, "marker_score": 0.5026229901433618, "symbol": "OGN", "name": "osteoglycin", "organism": "Homo sapiens", "tissue": "breast"}, {"me": 1.9782040069461588, "pc": 0.5046035718734783, "marker_score": 0.49597587677453847, "symbol": "WTAP", "name": "WT1 associated protein", "organism": "Homo sapiens", "tissue": "breast"}, {"me": 1.874906604449958, "pc": 0.3514569483924304, "marker_score": 0.49485399743246683, "symbol": "PLPP3", "name": "phospholipid phosphatase 3", "organism": "Homo sapiens", "tissue": "breast"}, {"me": 1.7522861509162582, "pc": 0.2657387798552678, "marker_score": 0.49184730105840857, "symbol": "COL6A3", "name": "collagen type VI alpha 3 chain", "organism": "Homo sapiens", "tissue": "breast"}, {"me": 2.2260156083510347, "pc": 0.823699618350868, "marker_score": 0.4903470911413804, "symbol": "MTRNR2L12", "name": "MTRNR2L12", "organism": "Homo sapiens", "tissue": "breast"}, {"me": 1.9106821193183228, "pc": 0.22810047451331242, "marker_score": 0.4743822959369949, "symbol": "MEDAG", "name": "mesenteric estrogen dependent adipogenesis", "organism": "Homo sapiens", "tissue": "breast"}, {"me": 1.8172277826733858, "pc": 0.6393642201107576, "marker_score": 0.47125043036605996, "symbol": "EEF1G", "name": "eukaryotic translation elongation factor 1 gamma", "organism": "Homo sapiens", "tissue": "breast"}, {"me": 1.5951302623605776, "pc": 0.27566505475589176, "marker_score": 0.46799803307223065, "symbol": "SERPING1", "name": "serpin family G member 1", "organism": "Homo sapiens", "tissue": "breast"}, {"me": 2.4852342780579244, "pc": 0.21447661974383075, "marker_score": 0.46476706608971485, "symbol": "COL1A1", "name": "collagen type I alpha 1 chain", "organism": "Homo sapiens", "tissue": "breast"}, {"me": 1.9021494636013263, "pc": 0.26298682914123284, "marker_score": 0.4554366799250112, "symbol": "CXCL12", "name": "C-X-C motif chemokine ligand 12", "organism": "Homo sapiens", "tissue": "breast"}, {"me": 1.8629397066303273, "pc": 0.5900442803592258, "marker_score": 0.455120310405446, "symbol": "NME2", "name": "NME/NM23 nucleoside diphosphate kinase 2", "organism": "Homo sapiens", "tissue": "breast"}, {"me": 1.793126905029825, "pc": 0.2591533504716821, "marker_score": 0.44514728871779563, "symbol": "SERPINF1", "name": "serpin family F member 1", "organism": "Homo sapiens", "tissue": "breast"}, {"me": 1.6947441053865695, "pc": 0.26080678588011463, "marker_score": 0.4366437053378592, "symbol": "COL6A1", "name": "collagen type VI alpha 1 chain", "organism": "Homo sapiens", "tissue": "breast"}, {"me": 2.569756105322296, "pc": 0.6450493199397516, "marker_score": 0.4301836546899498, "symbol": "ZFP36", "name": "ZFP36 ring finger protein", "organism": "Homo sapiens", "tissue": "breast"}, {"me": 2.3978204653300073, "pc": 0.30190484818971475, "marker_score": 0.41610140442720595, "symbol": "CCN2", "name": "cellular communication network factor 2", "organism": "Homo sapiens", "tissue": "breast"}, {"me": 3.0514731201308485, "pc": 0.39466710456280224, "marker_score": 0.4153311223523495, "symbol": "CXCL1", "name": "C-X-C motif chemokine ligand 1", "organism": "Homo sapiens", "tissue": "breast"}, {"me": 1.6507727379286734, "pc": 0.38042604274017283, "marker_score": 0.4138781905019203, "symbol": "PRDX6", "name": "peroxiredoxin 6", "organism": "Homo sapiens", "tissue": "breast"}, {"me": 2.0551823267283265, "pc": 0.290194901529994, "marker_score": 0.4112089075783382, "symbol": "PTGS2", "name": "prostaglandin-endoperoxide synthase 2", "organism": "Homo sapiens", "tissue": "breast"}, {"me": 3.2440248304081325, "pc": 0.865601748564569, "marker_score": 0.4098671319442643, "symbol": "SOD2", "name": "SOD2", "organism": "Homo sapiens", "tissue": "breast"}, {"me": 1.5771452695853156, "pc": 0.2094653514682733, "marker_score": 0.40186218403656915, "symbol": "UAP1", "name": "UDP-N-acetylglucosamine pyrophosphorylase 1", "organism": "Homo sapiens", "tissue": "breast"}, {"me": 1.5686020037392983, "pc": 0.33466212160677683, "marker_score": 0.39501723678398326, "symbol": "SNHG6", "name": "SNHG6", "organism": "Homo sapiens", "tissue": "breast"}, {"me": 1.668415226588269, "pc": 0.23690558430821848, "marker_score": 0.39389504961115845, "symbol": "FSTL1", "name": "follistatin like 1", "organism": "Homo sapiens", "tissue": "breast"}, {"me": 1.7080597232117865, "pc": 0.22252862368489598, "marker_score": 0.3922014929252248, "symbol": "RARRES2", "name": "retinoic acid receptor responder 2", "organism": "Homo sapiens", "tissue": "breast"}, {"me": 1.6011825805464928, "pc": 0.17355409338512587, "marker_score": 0.38831456593671004, "symbol": "SRPX", "name": "sushi repeat containing protein X-linked", "organism": "Homo sapiens", "tissue": "breast"}, {"me": 2.2043230595081207, "pc": 0.15897894701079263, "marker_score": 0.38272046926758846, "symbol": "PTGDS", "name": "prostaglandin D2 synthase", "organism": "Homo sapiens", "tissue": "breast"}, {"me": 1.5314912269995227, "pc": 0.13047983601544716, "marker_score": 0.38046724135052173, "symbol": "PDGFRL", "name": "platelet derived growth factor receptor like", "organism": "Homo sapiens", "tissue": "breast"}, {"me": 1.6701988284170963, "pc": 0.14387719278377367, "marker_score": 0.3802937828622135, "symbol": "DPT", "name": "dermatopontin", "organism": "Homo sapiens", "tissue": "breast"}, {"me": 1.5266696089748384, "pc": 0.1514535509224131, "marker_score": 0.3748809605543463, "symbol": "NBL1", "name": "MICOS10-NBL1 readthrough", "organism": "Homo sapiens", "tissue": "breast"}, {"me": 1.8741055365709716, "pc": 0.1487185875584648, "marker_score": 0.3719226755120468, "symbol": "SERPINE2", "name": "serpin family E member 2", "organism": "Homo sapiens", "tissue": "breast"}, {"me": 1.5850602798856264, "pc": 0.2574432905629608, "marker_score": 0.369482698729247, "symbol": "EPB41L4A-AS1", "name": "EPB41L4A-AS1", "organism": "Homo sapiens", "tissue": "breast"}, {"me": 1.5050534572876137, "pc": 0.13243904372543913, "marker_score": 0.3680044399255079, "symbol": "GFPT2", "name": "glutamine-fructose-6-phosphate transaminase 2", "organism": "Homo sapiens", "tissue": "breast"}, {"me": 1.7102965235464411, "pc": 0.1867929015526438, "marker_score": 0.36660827792519357, "symbol": "TWIST1", "name": "twist family bHLH transcription factor 1", "organism": "Homo sapiens", "tissue": "breast"}, {"me": 1.8334554163688748, "pc": 0.12676526879650288, "marker_score": 0.36604458781450633, "symbol": "BDKRB1", "name": "bradykinin receptor B1", "organism": "Homo sapiens", "tissue": "breast"}, {"me": 1.7079856382187328, "pc": 0.12369055843082184, "marker_score": 0.36467293403350903, "symbol": "RSPO3", "name": "R-spondin 3", "organism": "Homo sapiens", "tissue": "breast"}, {"me": 1.8447311964626856, "pc": 0.36753830647444535, "marker_score": 0.3644270957603266, "symbol": "IGFBP4", "name": "insulin like growth factor binding protein 4", "organism": "Homo sapiens", "tissue": "breast"}, {"me": 1.5768212161847015, "pc": 0.12140292861915494, "marker_score": 0.358536962824071, "symbol": "TWIST2", "name": "twist family bHLH transcription factor 2", "organism": "Homo sapiens", "tissue": "breast"}, {"me": 1.5545096122951698, "pc": 0.26435147959819255, "marker_score": 0.3549581609317829, "symbol": "SNHG16", "name": "small nucleolar RNA host gene 16", "organism": "Homo sapiens", "tissue": "breast"}, {"me": 2.6577723637377244, "pc": 0.13204267222341762, "marker_score": 0.35375222953854335, "symbol": "SFRP4", "name": "secreted frizzled related protein 4", "organism": "Homo sapiens", "tissue": "breast"}, {"me": 1.567915116384591, "pc": 0.12479473618645315, "marker_score": 0.351561671813708, "symbol": "PCOLCE", "name": "procollagen C-endopeptidase enhancer", "organism": "Homo sapiens", "tissue": "breast"}, {"me": 2.4427823794024626, "pc": 0.18440901009048596, "marker_score": 0.3489280952552417, "symbol": "COL3A1", "name": "collagen type III alpha 1 chain", "organism": "Homo sapiens", "tissue": "breast"}, {"me": 1.8275639698792656, "pc": 0.13507208298886764, "marker_score": 0.3467624087381577, "symbol": "HGF", "name": "hepatocyte growth factor", "organism": "Homo sapiens", "tissue": "breast"}, {"me": 1.5961037069949904, "pc": 0.23058629007599007, "marker_score": 0.34596091622143754, "symbol": "CALU", "name": "calumenin", "organism": "Homo sapiens", "tissue": "breast"}, {"me": 1.7237593717466502, "pc": 0.3372215490198299, "marker_score": 0.34334942366118193, "symbol": "IL1R1", "name": "interleukin 1 receptor type 1", "organism": "Homo sapiens", "tissue": "breast"}, {"me": 2.2147638235080174, "pc": 0.5449032287290064, "marker_score": 0.3395705852809732, "symbol": "EGR1", "name": "early growth response 1", "organism": "Homo sapiens", "tissue": "breast"}, {"me": 1.505853659270312, "pc": 0.1470538272499745, "marker_score": 0.3394929965453454, "symbol": "TMEM38B", "name": "transmembrane protein 38B", "organism": "Homo sapiens", "tissue": "breast"}, {"me": 1.5313030287840852, "pc": 0.14473788518816322, "marker_score": 0.3336379742467029, "symbol": "MAP4K5", "name": "mitogen-activated protein kinase kinase kinase kinase 5", "organism": "Homo sapiens", "tissue": "breast"}, {"me": 2.131236029262345, "pc": 0.13932458296055536, "marker_score": 0.3331479069658882, "symbol": "PTX3", "name": "pentraxin 3", "organism": "Homo sapiens", "tissue": "breast"}, {"me": 1.544046415344748, "pc": 0.13493052173814565, "marker_score": 0.3329220943768302, "symbol": "UGDH", "name": "UDP-glucose 6-dehydrogenase", "organism": "Homo sapiens", "tissue": "breast"}, {"me": 2.405738378411541, "pc": 0.6460742233949786, "marker_score": 0.33089595488911433, "symbol": "DUSP1", "name": "dual specificity phosphatase 1", "organism": "Homo sapiens", "tissue": "breast"}, {"me": 1.5466853152855513, "pc": 0.10926263575723945, "marker_score": 0.32649131126494546, "symbol": "OAF", "name": "out at first homolog", "organism": "Homo sapiens", "tissue": "breast"}, {"me": 1.6637431400610438, "pc": 0.10621057519167393, "marker_score": 0.3259047988853786, "symbol": "NR2F1", "name": "nuclear receptor subfamily 2 group F member 1", "organism": "Homo sapiens", "tissue": "breast"}, {"me": 1.815035450950333, "pc": 0.41738485407866277, "marker_score": 0.3250015895733366, "symbol": "EIF1B", "name": "eukaryotic translation initiation factor 1B", "organism": "Homo sapiens", "tissue": "breast"}, {"me": 1.5739495380567792, "pc": 0.347051562269963, "marker_score": 0.32425071902032204, "symbol": "ATP6V0C", "name": "ATPase H+ transporting V0 subunit c", "organism": "Homo sapiens", "tissue": "breast"}, {"me": 1.5503852538814755, "pc": 0.11160122761916626, "marker_score": 0.3237592076129801, "symbol": "GPC3", "name": "glypican 3", "organism": "Homo sapiens", "tissue": "breast"}, {"me": 1.4612336401175812, "pc": 0.1264141968947124, "marker_score": 0.3236137257950308, "symbol": "SAMD4B", "name": "sterile alpha motif domain containing 4B", "organism": "Homo sapiens", "tissue": "breast"}, {"me": 1.5478132467569412, "pc": 0.12440402713446054, "marker_score": 0.3226188022914108, "symbol": "COPS8", "name": "COP9 signalosome subunit 8", "organism": "Homo sapiens", "tissue": "breast"}, {"me": 1.5759692620201415, "pc": 0.1793637671147552, "marker_score": 0.32253800810639444, "symbol": "GPRC5A", "name": "G protein-coupled receptor class C group 5 member A", "organism": "Homo sapiens", "tissue": "breast"}, {"me": 1.616618625418458, "pc": 0.3332181968494128, "marker_score": 0.32120112026328274, "symbol": "BTG3", "name": "BTG anti-proliferation factor 3", "organism": "Homo sapiens", "tissue": "breast"}, {"me": 1.7321822014876003, "pc": 0.14978312816389394, "marker_score": 0.31770064043353374, "symbol": "FGF7", "name": "fibroblast growth factor 7", "organism": "Homo sapiens", "tissue": "breast"}, {"me": 1.5675703214746015, "pc": 0.20209850398070237, "marker_score": 0.3158061258237107, "symbol": "AEBP1", "name": "AE binding protein 1", "organism": "Homo sapiens", "tissue": "breast"}, {"me": 1.8440342129762246, "pc": 0.15814090440651862, "marker_score": 0.3110813607777561, "symbol": "FAT1", "name": "FAT atypical cadherin 1", "organism": "Homo sapiens", "tissue": "breast"}, {"me": 3.3404342581226496, "pc": 0.10840194335284992, "marker_score": 0.3107051285786918, "symbol": "MMP3", "name": "matrix metallopeptidase 3", "organism": "Homo sapiens", "tissue": "breast"}, {"me": 1.6168898317222349, "pc": 0.1754396892447424, "marker_score": 0.31037071553016476, "symbol": "CLMP", "name": "CXADR like membrane protein", "organism": "Homo sapiens", "tissue": "breast"}, {"me": 1.8781811240500017, "pc": 0.16465838438975777, "marker_score": 0.3031799213650168, "symbol": "LIF", "name": "LIF interleukin 6 family cytokine", "organism": "Homo sapiens", "tissue": "breast"}, {"me": 2.1722646826194607, "pc": 0.1337867068323122, "marker_score": 0.30258572265084094, "symbol": "NMB", "name": "neuromedin B", "organism": "Homo sapiens", "tissue": "breast"}, {"me": 1.6689567313336464, "pc": 0.12058187336496755, "marker_score": 0.29972816032910576, "symbol": "CFH", "name": "complement factor H", "organism": "Homo sapiens", "tissue": "breast"}, {"me": 1.5848734550863313, "pc": 0.1846355080916411, "marker_score": 0.2986868287663464, "symbol": "PHC2", "name": "polyhomeotic homolog 2", "organism": "Homo sapiens", "tissue": "breast"}, {"me": 1.5448107258173012, "pc": 0.08417798212930772, "marker_score": 0.2979719014273772, "symbol": "PDGFRA", "name": "platelet derived growth factor receptor alpha", "organism": "Homo sapiens", "tissue": "breast"}, {"me": 1.6048746850517697, "pc": 0.2876637863670853, "marker_score": 0.2978072288856494, "symbol": "FGFR1", "name": "fibroblast growth factor receptor 1", "organism": "Homo sapiens", "tissue": "breast"}, {"me": 1.5383216267227402, "pc": 0.13969264221243247, "marker_score": 0.2961667482192566, "symbol": "MMP14", "name": "matrix metallopeptidase 14", "organism": "Homo sapiens", "tissue": "breast"}, {"me": 3.2440248304081325, "pc": 0.865601748564569, "marker_score": 1.2145317105772053, "symbol": "SOD2", "name": "SOD2", "organism": "Homo sapiens", "tissue": "All Tissues"}, {"me": 2.6106947711457416, "pc": 0.5777397764464729, "marker_score": 1.0274765651043938, "symbol": "TNFAIP6", "name": "TNF alpha induced protein 6", "organism": "Homo sapiens", "tissue": "All Tissues"}, {"me": 2.141459601483736, "pc": 0.595349996036285, "marker_score": 0.9763884617206093, "symbol": "GEM", "name": "GTP binding protein overexpressed in skeletal muscle", "organism": "Homo sapiens", "tissue": "All Tissues"}, {"me": 2.618461685683389, "pc": 0.5602881054574693, "marker_score": 0.8925382601331677, "symbol": "APOD", "name": "apolipoprotein D", "organism": "Homo sapiens", "tissue": "All Tissues"}, {"me": 2.405000357104596, "pc": 0.7928279407934224, "marker_score": 0.866363291225115, "symbol": "CEBPB", "name": "CCAAT enhancer binding protein beta", "organism": "Homo sapiens", "tissue": "All Tissues"}, {"me": 3.062955787550126, "pc": 0.6693129183134959, "marker_score": 0.841402915265425, "symbol": "C11orf96", "name": "chromosome 11 open reading frame 96", "organism": "Homo sapiens", "tissue": "All Tissues"}, {"me": 1.9546252704252756, "pc": 0.3899899208389486, "marker_score": 0.7211374892016211, "symbol": "THBS2", "name": "thrombospondin 2", "organism": "Homo sapiens", "tissue": "All Tissues"}, {"me": 2.3439202848728025, "pc": 0.5517887679641227, "marker_score": 0.6948834641925352, "symbol": "LUM", "name": "lumican", "organism": "Homo sapiens", "tissue": "All Tissues"}, {"me": 2.3586533785098243, "pc": 0.43660320947667636, "marker_score": 0.6642300607607199, "symbol": "CYP1B1", "name": "cytochrome P450 family 1 subfamily B member 1", "organism": "Homo sapiens", "tissue": "All Tissues"}, {"me": 1.9782040069461588, "pc": 0.5046035718734783, "marker_score": 0.639121848588522, "symbol": "WTAP", "name": "WT1 associated protein", "organism": "Homo sapiens", "tissue": "All Tissues"}, {"me": 3.5851502195900986, "pc": 0.8509529903398603, "marker_score": 0.6250220302542523, "symbol": "MT2A", "name": "metallothionein 2A", "organism": "Homo sapiens", "tissue": "All Tissues"}, {"me": 2.7309253600750134, "pc": 0.5193429292986489, "marker_score": 0.6094799915281138, "symbol": "CXCL2", "name": "C-X-C motif chemokine ligand 2", "organism": "Homo sapiens", "tissue": "All Tissues"}, {"me": 3.0514731201308485, "pc": 0.39466710456280224, "marker_score": 0.592639467562823, "symbol": "CXCL1", "name": "C-X-C motif chemokine ligand 1", "organism": "Homo sapiens", "tissue": "All Tissues"}, {"me": 2.068640700863154, "pc": 0.2833999614953398, "marker_score": 0.5740076201047987, "symbol": "SFRP2", "name": "secreted frizzled related protein 2", "organism": "Homo sapiens", "tissue": "All Tissues"}, {"me": 1.955373168855493, "pc": 0.5079104426903432, "marker_score": 0.5636559170359698, "symbol": "MMP2", "name": "matrix metallopeptidase 2", "organism": "Homo sapiens", "tissue": "All Tissues"}, {"me": 2.068907796826083, "pc": 0.6022978222217189, "marker_score": 0.5522358233833953, "symbol": "RND3", "name": "Rho family GTPase 3", "organism": "Homo sapiens", "tissue": "All Tissues"}, {"me": 2.551789700177398, "pc": 0.8714000973941405, "marker_score": 0.5299859017528913, "symbol": "JUND", "name": "JunD proto-oncogene, AP-1 transcription factor subunit", "organism": "Homo sapiens", "tissue": "All Tissues"}, {"me": 2.5422125986931663, "pc": 0.3119726843410607, "marker_score": 0.5099658497793402, "symbol": "CXCL3", "name": "C-X-C motif chemokine ligand 3", "organism": "Homo sapiens", "tissue": "All Tissues"}, {"me": 2.555926309038845, "pc": 0.33221028074427245, "marker_score": 0.4942807535869357, "symbol": "AKR1C1", "name": "aldo-keto reductase family 1 member C1", "organism": "Homo sapiens", "tissue": "All Tissues"}, {"me": 1.9106821193183228, "pc": 0.22810047451331242, "marker_score": 0.4905079926136973, "symbol": "MEDAG", "name": "mesenteric estrogen dependent adipogenesis", "organism": "Homo sapiens", "tissue": "All Tissues"}, {"me": 2.3045076838228193, "pc": 0.29325262454558837, "marker_score": 0.4849340150404898, "symbol": "IL6", "name": "interleukin 6", "organism": "Homo sapiens", "tissue": "All Tissues"}, {"me": 1.7650660693769598, "pc": 0.23657149975651465, "marker_score": 0.47815789419257415, "symbol": "PDPN", "name": "podoplanin", "organism": "Homo sapiens", "tissue": "All Tissues"}, {"me": 2.1573164430537592, "pc": 0.30650842006319295, "marker_score": 0.4764275015304082, "symbol": "IGFBP6", "name": "insulin like growth factor binding protein 6", "organism": "Homo sapiens", "tissue": "All Tissues"}, {"me": 2.1495356513803623, "pc": 0.4436472973126012, "marker_score": 0.4506818570095832, "symbol": "CTSL", "name": "cathepsin L", "organism": "Homo sapiens", "tissue": "All Tissues"}, {"me": 1.7102965235464411, "pc": 0.1867929015526438, "marker_score": 0.44538490943713854, "symbol": "TWIST1", "name": "twist family bHLH transcription factor 1", "organism": "Homo sapiens", "tissue": "All Tissues"}, {"me": 2.0551823267283265, "pc": 0.290194901529994, "marker_score": 0.4304338627208792, "symbol": "PTGS2", "name": "prostaglandin-endoperoxide synthase 2", "organism": "Homo sapiens", "tissue": "All Tissues"}, {"me": 1.807317431929703, "pc": 0.21233055118288582, "marker_score": 0.4233083331703043, "symbol": "PTGES", "name": "prostaglandin E synthase", "organism": "Homo sapiens", "tissue": "All Tissues"}, {"me": 1.9963311942318265, "pc": 0.6694997791644489, "marker_score": 0.41249638474009903, "symbol": "EIF4A1", "name": "eukaryotic translation initiation factor 4A1", "organism": "Homo sapiens", "tissue": "All Tissues"}, {"me": 2.8513460211270414, "pc": 0.709714499269544, "marker_score": 0.4106280901934201, "symbol": "DCN", "name": "decorin", "organism": "Homo sapiens", "tissue": "All Tissues"}, {"me": 1.7793160999973467, "pc": 0.21342340403845936, "marker_score": 0.39678718449695327, "symbol": "OGN", "name": "osteoglycin", "organism": "Homo sapiens", "tissue": "All Tissues"}, {"me": 3.127711280146535, "pc": 0.27822448216894485, "marker_score": 0.39400160020986347, "symbol": "HSPA6", "name": "heat shock protein family A (Hsp70) member 6", "organism": "Homo sapiens", "tissue": "All Tissues"}, {"me": 1.651283529730987, "pc": 0.21911982876751113, "marker_score": 0.3921257769587947, "symbol": "CTSK", "name": "cathepsin K", "organism": "Homo sapiens", "tissue": "All Tissues"}, {"me": 1.758404867560341, "pc": 0.23718304435963353, "marker_score": 0.3838148351121723, "symbol": "ADAMTS4", "name": "ADAM metallopeptidase with thrombospondin type 1 motif 4", "organism": "Homo sapiens", "tissue": "All Tissues"}, {"me": 3.6402121350714167, "pc": 0.36987689833637216, "marker_score": 0.38148776575952387, "symbol": "CXCL8", "name": "C-X-C motif chemokine ligand 8", "organism": "Homo sapiens", "tissue": "All Tissues"}, {"me": 1.9021494636013263, "pc": 0.26298682914123284, "marker_score": 0.38006408897598454, "symbol": "CXCL12", "name": "C-X-C motif chemokine ligand 12", "organism": "Homo sapiens", "tissue": "All Tissues"}, {"me": 2.2260156083510347, "pc": 0.823699618350868, "marker_score": 0.3798675990365439, "symbol": "MTRNR2L12", "name": "MTRNR2L12", "organism": "Homo sapiens", "tissue": "All Tissues"}, {"me": 1.926860286040557, "pc": 0.35825755087711353, "marker_score": 0.3797189567207462, "symbol": "CCDC80", "name": "coiled-coil domain containing 80", "organism": "Homo sapiens", "tissue": "All Tissues"}, {"me": 1.5882129274070151, "pc": 0.19243270178140678, "marker_score": 0.3764513553368953, "symbol": "SLC43A3", "name": "solute carrier family 43 member 3", "organism": "Homo sapiens", "tissue": "All Tissues"}, {"me": 1.6701988284170963, "pc": 0.14387719278377367, "marker_score": 0.3749643045275112, "symbol": "DPT", "name": "dermatopontin", "organism": "Homo sapiens", "tissue": "All Tissues"}, {"me": 1.8781811240500017, "pc": 0.16465838438975777, "marker_score": 0.3747657746408418, "symbol": "LIF", "name": "LIF interleukin 6 family cytokine", "organism": "Homo sapiens", "tissue": "All Tissues"}, {"me": 1.8334554163688748, "pc": 0.12676526879650288, "marker_score": 0.3659475333561324, "symbol": "BDKRB1", "name": "bradykinin receptor B1", "organism": "Homo sapiens", "tissue": "All Tissues"}, {"me": 1.5314912269995227, "pc": 0.13047983601544716, "marker_score": 0.36451099004950965, "symbol": "PDGFRL", "name": "platelet derived growth factor receptor like", "organism": "Homo sapiens", "tissue": "All Tissues"}, {"me": 1.7237593717466502, "pc": 0.3372215490198299, "marker_score": 0.3634824841814904, "symbol": "IL1R1", "name": "interleukin 1 receptor type 1", "organism": "Homo sapiens", "tissue": "All Tissues"}, {"me": 1.8275639698792656, "pc": 0.13507208298886764, "marker_score": 0.3455389569520294, "symbol": "HGF", "name": "hepatocyte growth factor", "organism": "Homo sapiens", "tissue": "All Tissues"}, {"me": 1.591260671076436, "pc": 0.1877951552077553, "marker_score": 0.3401146531557276, "symbol": "VASN", "name": "vasorin", "organism": "Homo sapiens", "tissue": "All Tissues"}, {"me": 1.5050534572876137, "pc": 0.13243904372543913, "marker_score": 0.33687092230846083, "symbol": "GFPT2", "name": "glutamine-fructose-6-phosphate transaminase 2", "organism": "Homo sapiens", "tissue": "All Tissues"}, {"me": 2.6577723637377244, "pc": 0.13204267222341762, "marker_score": 0.3317322646006265, "symbol": "SFRP4", "name": "secreted frizzled related protein 4", "organism": "Homo sapiens", "tissue": "All Tissues"}, {"me": 1.7079856382187328, "pc": 0.12369055843082184, "marker_score": 0.32981278657234625, "symbol": "RSPO3", "name": "R-spondin 3", "organism": "Homo sapiens", "tissue": "All Tissues"}, {"me": 1.5768212161847015, "pc": 0.12140292861915494, "marker_score": 0.32905363314570735, "symbol": "TWIST2", "name": "twist family bHLH transcription factor 2", "organism": "Homo sapiens", "tissue": "All Tissues"}, {"me": 1.505853659270312, "pc": 0.1470538272499745, "marker_score": 0.329012964115547, "symbol": "TMEM38B", "name": "transmembrane protein 38B", "organism": "Homo sapiens", "tissue": "All Tissues"}, {"me": 2.1079510609591563, "pc": 0.23082977542723185, "marker_score": 0.32750459024452955, "symbol": "MT1A", "name": "metallothionein 1A", "organism": "Homo sapiens", "tissue": "All Tissues"}, {"me": 1.940022297396496, "pc": 0.28926625972525793, "marker_score": 0.3270954510744083, "symbol": "SERPINE1", "name": "serpin family E member 1", "organism": "Homo sapiens", "tissue": "All Tissues"}, {"me": 1.8721607863476184, "pc": 0.29887543742426476, "marker_score": 0.3260238411169368, "symbol": "CLEC2B", "name": "C-type lectin domain family 2 member B", "organism": "Homo sapiens", "tissue": "All Tissues"}, {"me": 3.3404342581226496, "pc": 0.10840194335284992, "marker_score": 0.32199495150375695, "symbol": "MMP3", "name": "matrix metallopeptidase 3", "organism": "Homo sapiens", "tissue": "All Tissues"}, {"me": 2.131236029262345, "pc": 0.13932458296055536, "marker_score": 0.3218903373162607, "symbol": "PTX3", "name": "pentraxin 3", "organism": "Homo sapiens", "tissue": "All Tissues"}, {"me": 1.6001544024185461, "pc": 0.24278886988822324, "marker_score": 0.31962991219116593, "symbol": "PRRX1", "name": "paired related homeobox 1", "organism": "Homo sapiens", "tissue": "All Tissues"}, {"me": 3.299949648310655, "pc": 0.5039523901201571, "marker_score": 0.31962255175032106, "symbol": "HSPA1B", "name": "heat shock protein family A (Hsp70) member 1B", "organism": "Homo sapiens", "tissue": "All Tissues"}, {"me": 1.7205676524330018, "pc": 0.42997814294288855, "marker_score": 0.31815651229780856, "symbol": "RNASEK", "name": "ribonuclease K", "organism": "Homo sapiens", "tissue": "All Tissues"}, {"me": 1.907746202831015, "pc": 0.4848359588226634, "marker_score": 0.3172586631093534, "symbol": "SLC3A2", "name": "solute carrier family 3 member 2", "organism": "Homo sapiens", "tissue": "All Tissues"}, {"me": 1.6011825805464928, "pc": 0.17355409338512587, "marker_score": 0.31464041723753994, "symbol": "SRPX", "name": "sushi repeat containing protein X-linked", "organism": "Homo sapiens", "tissue": "All Tissues"}, {"me": 3.6494906130178624, "pc": 0.6054857815879775, "marker_score": 0.3133271441782076, "symbol": "HSPA1A", "name": "heat shock protein family A (Hsp70) member 1A", "organism": "Homo sapiens", "tissue": "All Tissues"}, {"me": 1.6753365301600092, "pc": 0.29513822040520493, "marker_score": 0.31297879519355926, "symbol": "ATP13A3", "name": "ATPase 13A3", "organism": "Homo sapiens", "tissue": "All Tissues"}, {"me": 2.1722646826194607, "pc": 0.1337867068323122, "marker_score": 0.3125726390929748, "symbol": "NMB", "name": "neuromedin B", "organism": "Homo sapiens", "tissue": "All Tissues"}, {"me": 1.6168898317222349, "pc": 0.1754396892447424, "marker_score": 0.30826885245583013, "symbol": "CLMP", "name": "CXADR like membrane protein", "organism": "Homo sapiens", "tissue": "All Tissues"}, {"me": 1.9873479406230838, "pc": 0.6741316632880715, "marker_score": 0.30478856124023196, "symbol": "PPP1R15A", "name": "protein phosphatase 1 regulatory subunit 15A", "organism": "Homo sapiens", "tissue": "All Tissues"}, {"me": 1.8629397066303273, "pc": 0.5900442803592258, "marker_score": 0.29323202005258564, "symbol": "NME2", "name": "NME/NM23 nucleoside diphosphate kinase 2", "organism": "Homo sapiens", "tissue": "All Tissues"}, {"me": 1.6397746235551534, "pc": 0.30666696866400156, "marker_score": 0.29182041306285816, "symbol": "KLF9", "name": "KLF transcription factor 9", "organism": "Homo sapiens", "tissue": "All Tissues"}, {"me": 1.5956969737376816, "pc": 0.11147099126850206, "marker_score": 0.27995894845389274, "symbol": "SPRY2", "name": "sprouty RTK signaling antagonist 2", "organism": "Homo sapiens", "tissue": "All Tissues"}, {"me": 1.5675703214746015, "pc": 0.20209850398070237, "marker_score": 0.27794892254620146, "symbol": "AEBP1", "name": "AE binding protein 1", "organism": "Homo sapiens", "tissue": "All Tissues"}, {"me": 1.7321822014876003, "pc": 0.14978312816389394, "marker_score": 0.2770406495676464, "symbol": "FGF7", "name": "fibroblast growth factor 7", "organism": "Homo sapiens", "tissue": "All Tissues"}, {"me": 1.7740030205130668, "pc": 0.07366847487570923, "marker_score": 0.2695688523679462, "symbol": "MAP3K4-AS1", "name": "MAP3K4 antisense RNA 1", "organism": "Homo sapiens", "tissue": "All Tissues"}, {"me": 1.750573282113598, "pc": 0.28890952537343856, "marker_score": 0.2693197599323927, "symbol": "MFAP4", "name": "microfibril associated protein 4", "organism": "Homo sapiens", "tissue": "All Tissues"}, {"me": 1.633821110298767, "pc": 0.1791032944134268, "marker_score": 0.26628995972694103, "symbol": "LHFPL2", "name": "LHFPL tetraspan subfamily member 2", "organism": "Homo sapiens", "tissue": "All Tissues"}, {"me": 2.5452442863433307, "pc": 0.7972899514161788, "marker_score": 0.2659568589703244, "symbol": "NFKBIA", "name": "NFKB inhibitor alpha", "organism": "Homo sapiens", "tissue": "All Tissues"}, {"me": 1.5085187772039519, "pc": 0.16391660343597467, "marker_score": 0.26256960639935695, "symbol": "MAFG", "name": "MAF bZIP transcription factor G", "organism": "Homo sapiens", "tissue": "All Tissues"}, {"me": 1.979747543065371, "pc": 0.1025582949230473, "marker_score": 0.2603309132957213, "symbol": "TAC1", "name": "tachykinin precursor 1", "organism": "Homo sapiens", "tissue": "All Tissues"}, {"me": 1.9693423115764856, "pc": 0.5326666742166001, "marker_score": 0.2584888262570776, "symbol": "COL6A2", "name": "collagen type VI alpha 2 chain", "organism": "Homo sapiens", "tissue": "All Tissues"}, {"me": 1.478010936798269, "pc": 0.138690388557321, "marker_score": 0.2577766420094933, "symbol": "SPHK1", "name": "sphingosine kinase 1", "organism": "Homo sapiens", "tissue": "All Tissues"}, {"me": 1.6920552825084771, "pc": 0.2972446518159477, "marker_score": 0.25025640366479845, "symbol": "C1R", "name": "complement C1r", "organism": "Homo sapiens", "tissue": "All Tissues"}, {"me": 1.4418917763157895, "pc": 0.06724159409293214, "marker_score": 0.24979915430882602, "symbol": "PRRX2", "name": "paired related homeobox 2", "organism": "Homo sapiens", "tissue": "All Tissues"}, {"me": 2.1275404585045408, "pc": 0.6559608611454004, "marker_score": 0.24784622701827938, "symbol": "ANXA5", "name": "annexin A5", "organism": "Homo sapiens", "tissue": "All Tissues"}, {"me": 2.7346603772687494, "pc": 0.8928890952537344, "marker_score": 0.24764934714768144, "symbol": "UBC", "name": "ubiquitin C", "organism": "Homo sapiens", "tissue": "All Tissues"}, {"me": 1.442449762823186, "pc": 0.1357855516925063, "marker_score": 0.24723461368588437, "symbol": "RELB", "name": "RELB proto-oncogene, NF-kB subunit", "organism": "Homo sapiens", "tissue": "All Tissues"}, {"me": 1.6508647910532654, "pc": 0.06346473992367017, "marker_score": 0.24620775483018933, "symbol": "C11orf53", "name": "POU class 2 homeobox associating factor 2", "organism": "Homo sapiens", "tissue": "All Tissues"}, {"me": 1.537581234511708, "pc": 0.22392724884202897, "marker_score": 0.24445009588938557, "symbol": "RAB21", "name": "RAB21, member RAS oncogene family", "organism": "Homo sapiens", "tissue": "All Tissues"}, {"me": 1.3996706249573727, "pc": 0.0830228423234165, "marker_score": 0.24027032663325823, "symbol": "MSANTD3", "name": "Myb/SANT DNA binding domain containing 3", "organism": "Homo sapiens", "tissue": "All Tissues"}, {"me": 1.6285181601644465, "pc": 0.23208117688361402, "marker_score": 0.23861087321258131, "symbol": "CREB5", "name": "cAMP responsive element binding protein 5", "organism": "Homo sapiens", "tissue": "All Tissues"}, {"me": 1.5383216267227402, "pc": 0.13969264221243247, "marker_score": 0.23097210226098458, "symbol": "MMP14", "name": "matrix metallopeptidase 14", "organism": "Homo sapiens", "tissue": "All Tissues"}, {"me": 1.5512644675925926, "pc": 0.1987519960136352, "marker_score": 0.22784164630507542, "symbol": "PNPLA8", "name": "patatin like phospholipase domain containing 8", "organism": "Homo sapiens", "tissue": "All Tissues"}, {"me": 1.5545096122951698, "pc": 0.26435147959819255, "marker_score": 0.22637713111561555, "symbol": "SNHG16", "name": "small nucleolar RNA host gene 16", "organism": "Homo sapiens", "tissue": "All Tissues"}, {"me": 1.4354247486090552, "pc": 0.1109330585157586, "marker_score": 0.2238983251739327, "symbol": "PLEKHM2", "name": "pleckstrin homology and RUN domain containing M2", "organism": "Homo sapiens", "tissue": "All Tissues"}, {"me": 1.847072728506185, "pc": 0.06912152750251979, "marker_score": 0.22215512440873733, "symbol": "CCN5", "name": "cellular communication network factor 5", "organism": "Homo sapiens", "tissue": "All Tissues"}, {"me": 3.211818272862539, "pc": 0.4947282590231141, "marker_score": 0.22169323012906644, "symbol": "DNAJB1", "name": "DnaJ heat shock protein family (Hsp40) member B1", "organism": "Homo sapiens", "tissue": "All Tissues"}, {"me": 1.7300569668625725, "pc": 0.16716118730252205, "marker_score": 0.22135157135129296, "symbol": "COL14A1", "name": "collagen type XIV alpha 1 chain", "organism": "Homo sapiens", "tissue": "All Tissues"}, {"me": 1.5947645513386153, "pc": 0.3016047383381842, "marker_score": 0.2201920910971264, "symbol": "CHASERR", "name": "CHASERR", "organism": "Homo sapiens", "tissue": "All Tissues"}, {"me": 1.4729313512925262, "pc": 0.10568962978901711, "marker_score": 0.21853568490969058, "symbol": "TRIP10", "name": "thyroid hormone receptor interactor 10", "organism": "Homo sapiens", "tissue": "All Tissues"}, {"me": 1.5443067150095213, "pc": 0.05203791576539337, "marker_score": 0.2160707333816405, "symbol": "MSC", "name": "musculin", "organism": "Homo sapiens", "tissue": "All Tissues"}, {"me": 1.4649901881799905, "pc": 0.04788167744419655, "marker_score": 0.21545843321768945, "symbol": "WNT2", "name": "Wnt family member 2", "organism": "Homo sapiens", "tissue": "All Tissues"}, {"me": 1.8516911331724941, "pc": 0.2476132773128277, "marker_score": 0.21449534400907974, "symbol": "TNFAIP2", "name": "TNF alpha induced protein 2", "organism": "Homo sapiens", "tissue": "All Tissues"}, {"me": 2.0194350776591654, "pc": 0.35326893240167156, "marker_score": 0.21274152648441702, "symbol": "PLIN2", "name": "perilipin 2", "organism": "Homo sapiens", "tissue": "All Tissues"}]