[{"me": 1.7851878387388163, "pc": 0.9732083054253181, "marker_score": 2.987621470838076, "symbol": "Etnk2", "name": "ethanolamine kinase 2", "organism": "Mus musculus", "tissue": "reproductive system"}, {"me": 2.0399645845801984, "pc": 0.9792364367046216, "marker_score": 2.9833273711697617, "symbol": "Spint2", "name": "serine protease inhibitor, Kunitz type 2", "organism": "Mus musculus", "tissue": "reproductive system"}, {"me": 2.012923877128136, "pc": 0.9343603482920295, "marker_score": 2.729314746589116, "symbol": "Gstm7", "name": "glutathione S-transferase, mu 7", "organism": "Mus musculus", "tissue": "reproductive system"}, {"me": 2.3892233636274423, "pc": 0.9598124581379772, "marker_score": 2.714623751320235, "symbol": "Sox9", "name": "SRY (sex determining region Y)-box 9", "organism": "Mus musculus", "tissue": "reproductive system"}, {"me": 2.4328616705382187, "pc": 0.955123911587408, "marker_score": 2.62126440760131, "symbol": "Col18a1", "name": "collagen, type XVIII, alpha 1", "organism": "Mus musculus", "tissue": "reproductive system"}, {"me": 4.030480875104866, "pc": 0.9979906229068989, "marker_score": 2.5661754971148527, "symbol": "Gstm2", "name": "glutathione S-transferase, mu 2", "organism": "Mus musculus", "tissue": "reproductive system"}, {"me": 1.8086347156579194, "pc": 0.8901540522438044, "marker_score": 2.513225386042084, "symbol": "Fbln2", "name": "fibulin 2", "organism": "Mus musculus", "tissue": "reproductive system"}, {"me": 1.7704830086629173, "pc": 0.9229738780977896, "marker_score": 2.456514671165431, "symbol": "Ppt1", "name": "palmitoyl-protein thioesterase 1", "organism": "Mus musculus", "tissue": "reproductive system"}, {"me": 1.5606467249225406, "pc": 0.8647019423978567, "marker_score": 2.368040732680629, "symbol": "Adamts16", "name": "a disintegrin-like and metallopeptidase (reprolysin type) with thrombospondin type 1 motif, 16", "organism": "Mus musculus", "tissue": "reproductive system"}, {"me": 4.022111978294541, "pc": 1.0, "marker_score": 2.2989974416543686, "symbol": "Ldhb", "name": "lactate dehydrogenase B", "organism": "Mus musculus", "tissue": "reproductive system"}, {"me": 2.8106285511363636, "pc": 0.9209645010046885, "marker_score": 2.2860405908803276, "symbol": "Aard", "name": "alanine and arginine rich domain containing protein", "organism": "Mus musculus", "tissue": "reproductive system"}, {"me": 1.5213153471502272, "pc": 0.8479571332886805, "marker_score": 2.2244972540100365, "symbol": "Adgrg1", "name": "adhesion G protein-coupled receptor G1", "organism": "Mus musculus", "tissue": "reproductive system"}, {"me": 1.888983880190007, "pc": 0.9517749497655726, "marker_score": 2.1250462845944726, "symbol": "Rnf181", "name": "ring finger protein 181", "organism": "Mus musculus", "tissue": "reproductive system"}, {"me": 1.7257147230595329, "pc": 0.8888144675150703, "marker_score": 2.0777450640084685, "symbol": "Rnd2", "name": "Rho family GTPase 2", "organism": "Mus musculus", "tissue": "reproductive system"}, {"me": 3.3730977034712897, "pc": 0.9973208305425318, "marker_score": 2.0773170842201973, "symbol": "Gstm1", "name": "glutathione S-transferase, mu 1", "organism": "Mus musculus", "tissue": "reproductive system"}, {"me": 2.7272012609511234, "pc": 0.9986604152712659, "marker_score": 1.90241650731924, "symbol": "Maged1", "name": "MAGE family member D1", "organism": "Mus musculus", "tissue": "reproductive system"}, {"me": 2.3697576536202667, "pc": 0.955123911587408, "marker_score": 1.8656778471820383, "symbol": "Gstm6", "name": "glutathione S-transferase, mu 6", "organism": "Mus musculus", "tissue": "reproductive system"}, {"me": 1.5898039777177317, "pc": 0.8017414601473544, "marker_score": 1.8410250870271936, "symbol": "Stim1", "name": "stromal interaction molecule 1", "organism": "Mus musculus", "tissue": "reproductive system"}, {"me": 1.9182773021941488, "pc": 0.7870060281312793, "marker_score": 1.8239958545040356, "symbol": "Tesc", "name": "tescalcin", "organism": "Mus musculus", "tissue": "reproductive system"}, {"me": 1.6879599001661085, "pc": 0.7749497655726725, "marker_score": 1.7881862140435194, "symbol": "Col9a2", "name": "collagen, type IX, alpha 2", "organism": "Mus musculus", "tissue": "reproductive system"}, {"me": 1.495451169593312, "pc": 0.8600133958472873, "marker_score": 1.7726516438244215, "symbol": "Bcat2", "name": "branched chain aminotransferase 2, mitochondrial", "organism": "Mus musculus", "tissue": "reproductive system"}, {"me": 1.7109030446698588, "pc": 0.8305425318151373, "marker_score": 1.75414153076873, "symbol": "Acot1", "name": "acyl-CoA thioesterase 1", "organism": "Mus musculus", "tissue": "reproductive system"}, {"me": 1.7133115004208754, "pc": 0.7957133288680509, "marker_score": 1.720260527233634, "symbol": "Arhgdig", "name": "Rho GDP dissociation inhibitor (GDI) gamma", "organism": "Mus musculus", "tissue": "reproductive system"}, {"me": 1.4328832492022447, "pc": 0.7608841259209645, "marker_score": 1.717527009507951, "symbol": "Gas7", "name": "growth arrest specific 7", "organism": "Mus musculus", "tissue": "reproductive system"}, {"me": 1.8648803620581977, "pc": 0.9048894842598795, "marker_score": 1.6587091577851012, "symbol": "Fkbp9", "name": "FK506 binding protein 9", "organism": "Mus musculus", "tissue": "reproductive system"}, {"me": 1.662203217142788, "pc": 0.8660415271265908, "marker_score": 1.6529195566617951, "symbol": "Nudt19", "name": "nudix hydrolase 19", "organism": "Mus musculus", "tissue": "reproductive system"}, {"me": 2.127235582139757, "pc": 0.9645010046885466, "marker_score": 1.6373962008330616, "symbol": "Phgdh", "name": "3-phosphoglycerate dehydrogenase", "organism": "Mus musculus", "tissue": "reproductive system"}, {"me": 1.5840769835319708, "pc": 0.8131279303415941, "marker_score": 1.6237777036250898, "symbol": "Hs6st1", "name": "heparan sulfate 6-O-sulfotransferase 1", "organism": "Mus musculus", "tissue": "reproductive system"}, {"me": 1.4084162156006084, "pc": 0.7294038847957133, "marker_score": 1.6218885476881013, "symbol": "Lsr", "name": "lipolysis stimulated lipoprotein receptor", "organism": "Mus musculus", "tissue": "reproductive system"}, {"me": 1.603946390237894, "pc": 0.7434695244474213, "marker_score": 1.6143909440573523, "symbol": "Mro", "name": "maestro", "organism": "Mus musculus", "tissue": "reproductive system"}, {"me": 2.5321121152294963, "pc": 0.8044206296048225, "marker_score": 1.6143450466517117, "symbol": "Gm35533", "name": "predicted gene, 35533", "organism": "Mus musculus", "tissue": "reproductive system"}, {"me": 2.709693768763646, "pc": 0.7669122572002679, "marker_score": 1.6028505647531461, "symbol": "Ptgds", "name": "prostaglandin D2 synthase (brain)", "organism": "Mus musculus", "tissue": "reproductive system"}, {"me": 1.758253914969308, "pc": 0.7501674480910918, "marker_score": 1.5805515249053848, "symbol": "Spp1", "name": "secreted phosphoprotein 1", "organism": "Mus musculus", "tissue": "reproductive system"}, {"me": 3.94024264084315, "pc": 0.7675820495646349, "marker_score": 1.5615650011016555, "symbol": "Amh", "name": "anti-Mullerian hormone", "organism": "Mus musculus", "tissue": "reproductive system"}, {"me": 1.9365781964393547, "pc": 0.97052913596785, "marker_score": 1.558935249731721, "symbol": "Sin3b", "name": "transcriptional regulator, SIN3B (yeast)", "organism": "Mus musculus", "tissue": "reproductive system"}, {"me": 1.8825890882959906, "pc": 0.9229738780977896, "marker_score": 1.5440696913960639, "symbol": "Trim47", "name": "tripartite motif-containing 47", "organism": "Mus musculus", "tissue": "reproductive system"}, {"me": 1.7821694359990763, "pc": 0.8158070997990623, "marker_score": 1.5372183078151278, "symbol": "Tmem184a", "name": "transmembrane protein 184a", "organism": "Mus musculus", "tissue": "reproductive system"}, {"me": 2.355830223880597, "pc": 0.8975217682518419, "marker_score": 1.5351558842283501, "symbol": "Bex2", "name": "brain expressed X-linked 2", "organism": "Mus musculus", "tissue": "reproductive system"}, {"me": 3.236282215413029, "pc": 0.9973208305425318, "marker_score": 1.5243726286507346, "symbol": "Cst3", "name": "cystatin C", "organism": "Mus musculus", "tissue": "reproductive system"}, {"me": 2.259433493449463, "pc": 0.7173476222371065, "marker_score": 1.5215900752970277, "symbol": "Col9a3", "name": "collagen, type IX, alpha 3", "organism": "Mus musculus", "tissue": "reproductive system"}, {"me": 2.527537226116521, "pc": 0.9973208305425318, "marker_score": 1.506721318929765, "symbol": "Vdac3", "name": "voltage-dependent anion channel 3", "organism": "Mus musculus", "tissue": "reproductive system"}, {"me": 1.444072565817123, "pc": 0.6972538513060951, "marker_score": 1.503692375787009, "symbol": "Trank1", "name": "tetratricopeptide repeat and ankyrin repeat containing 1", "organism": "Mus musculus", "tissue": "reproductive system"}, {"me": 1.531401524831404, "pc": 0.7883456128600134, "marker_score": 1.4929082690380775, "symbol": "Tpd52l1", "name": "tumor protein D52-like 1", "organism": "Mus musculus", "tissue": "reproductive system"}, {"me": 1.7766286124170354, "pc": 0.9082384460817147, "marker_score": 1.4611305847105318, "symbol": "Atp1b2", "name": "ATPase, Na+/K+ transporting, beta 2 polypeptide", "organism": "Mus musculus", "tissue": "reproductive system"}, {"me": 1.6006895889191939, "pc": 0.6791694574681849, "marker_score": 1.4565919839221388, "symbol": "Dhh", "name": "desert hedgehog", "organism": "Mus musculus", "tissue": "reproductive system"}, {"me": 1.4181812347357905, "pc": 0.754186202277294, "marker_score": 1.4403776975926548, "symbol": "Tspan7", "name": "tetraspanin 7", "organism": "Mus musculus", "tissue": "reproductive system"}, {"me": 1.4297154215648629, "pc": 0.7086403215003348, "marker_score": 1.421127626539492, "symbol": "St3gal4", "name": "ST3 beta-galactoside alpha-2,3-sialyltransferase 4", "organism": "Mus musculus", "tissue": "reproductive system"}, {"me": 1.5905569893973215, "pc": 0.9377093101138647, "marker_score": 1.4203215947019583, "symbol": "Adrm1", "name": "adhesion regulating molecule 1 26S proteasome ubiquitin receptor", "organism": "Mus musculus", "tissue": "reproductive system"}, {"me": 3.5538927688341753, "pc": 0.9946416610850636, "marker_score": 1.4028928438718438, "symbol": "Kctd14", "name": "potassium channel tetramerisation domain containing 14", "organism": "Mus musculus", "tissue": "reproductive system"}, {"me": 1.7223007224040532, "pc": 0.9336905559276625, "marker_score": 1.4023624608948857, "symbol": "Pkig", "name": "protein kinase inhibitor, gamma", "organism": "Mus musculus", "tissue": "reproductive system"}, {"me": 1.4844304681021974, "pc": 0.8077695914266577, "marker_score": 1.3824462947907281, "symbol": "Hpcal1", "name": "hippocalcin-like 1", "organism": "Mus musculus", "tissue": "reproductive system"}, {"me": 1.7401847718253969, "pc": 0.8439383791024783, "marker_score": 1.364007808525503, "symbol": "Cst8", "name": "cystatin 8 (cystatin-related epididymal spermatogenic)", "organism": "Mus musculus", "tissue": "reproductive system"}, {"me": 1.4872089909684452, "pc": 0.8928332217012726, "marker_score": 1.3572738000655638, "symbol": "Cd151", "name": "CD151 antigen", "organism": "Mus musculus", "tissue": "reproductive system"}, {"me": 1.4307428025107347, "pc": 0.7019423978566645, "marker_score": 1.3441931988137668, "symbol": "Adamts9", "name": "a disintegrin-like and metallopeptidase (reprolysin type) with thrombospondin type 1 motif, 9", "organism": "Mus musculus", "tissue": "reproductive system"}, {"me": 2.389777398878528, "pc": 0.9966510381781648, "marker_score": 1.3417751689118969, "symbol": "Isyna1", "name": "myo-inositol 1-phosphate synthase A1", "organism": "Mus musculus", "tissue": "reproductive system"}, {"me": 3.8969029952277294, "pc": 1.0, "marker_score": 1.3416239281207276, "symbol": "Vim", "name": "vimentin", "organism": "Mus musculus", "tissue": "reproductive system"}, {"me": 1.3813592513192612, "pc": 0.7615539182853316, "marker_score": 1.3371092627949293, "symbol": "Axl", "name": "AXL receptor tyrosine kinase", "organism": "Mus musculus", "tissue": "reproductive system"}, {"me": 1.673709422772185, "pc": 0.898191560616209, "marker_score": 1.318216215186439, "symbol": "Pgp", "name": "phosphoglycolate phosphatase", "organism": "Mus musculus", "tissue": "reproductive system"}, {"me": 1.3850266352267275, "pc": 0.6979236436704621, "marker_score": 1.3010829793027607, "symbol": "Hacd2", "name": "3-hydroxyacyl-CoA dehydratase 2", "organism": "Mus musculus", "tissue": "reproductive system"}, {"me": 2.0725367199910645, "pc": 0.8432685867381112, "marker_score": 1.2933667433722722, "symbol": "Serpine2", "name": "serine (or cysteine) peptidase inhibitor, clade E, member 2", "organism": "Mus musculus", "tissue": "reproductive system"}, {"me": 2.0755101388661648, "pc": 0.6396517079705292, "marker_score": 1.2882345171307736, "symbol": "Mt3", "name": "metallothionein 3", "organism": "Mus musculus", "tissue": "reproductive system"}, {"me": 1.4317585509500386, "pc": 0.6510381781647689, "marker_score": 1.2616778076727149, "symbol": "Gm2a", "name": "GM2 ganglioside activator protein", "organism": "Mus musculus", "tissue": "reproductive system"}, {"me": 1.3912123194280661, "pc": 0.6389819156061621, "marker_score": 1.2608549068636257, "symbol": "Mras", "name": "muscle and microspikes RAS", "organism": "Mus musculus", "tissue": "reproductive system"}, {"me": 1.6443894371084853, "pc": 0.8821165438713998, "marker_score": 1.2397361188616607, "symbol": "Cd2ap", "name": "CD2-associated protein", "organism": "Mus musculus", "tissue": "reproductive system"}, {"me": 1.4187591684845102, "pc": 0.6188881446751507, "marker_score": 1.2341892774398966, "symbol": "Rcan1", "name": "regulator of calcineurin 1", "organism": "Mus musculus", "tissue": "reproductive system"}, {"me": 1.5063275126340758, "pc": 0.608841259209645, "marker_score": 1.2180603865145518, "symbol": "Gpr37", "name": "G protein-coupled receptor 37", "organism": "Mus musculus", "tissue": "reproductive system"}, {"me": 1.4562635872970129, "pc": 0.8352310783657066, "marker_score": 1.212787571299038, "symbol": "Akr7a5", "name": "aldo-keto reductase family 7, member A5 (aflatoxin aldehyde reductase)", "organism": "Mus musculus", "tissue": "reproductive system"}, {"me": 2.0959788372238957, "pc": 0.8338914936369726, "marker_score": 1.206970791451794, "symbol": "Gatm", "name": "glycine amidinotransferase (L-arginine:glycine amidinotransferase)", "organism": "Mus musculus", "tissue": "reproductive system"}, {"me": 1.5896464979716933, "pc": 0.8178164768921634, "marker_score": 1.1968724767574797, "symbol": "Efhd2", "name": "EF hand domain containing 2", "organism": "Mus musculus", "tissue": "reproductive system"}, {"me": 1.4967987568233017, "pc": 0.724715338245144, "marker_score": 1.196676313915413, "symbol": "Ddit4", "name": "DNA-damage-inducible transcript 4", "organism": "Mus musculus", "tissue": "reproductive system"}, {"me": 1.5325920881991781, "pc": 0.8352310783657066, "marker_score": 1.192681630833967, "symbol": "Dag1", "name": "dystroglycan 1", "organism": "Mus musculus", "tissue": "reproductive system"}, {"me": 1.5719294662309369, "pc": 0.9223040857334226, "marker_score": 1.1858534555258553, "symbol": "Psme1", "name": "proteasome (prosome, macropain) activator subunit 1 (PA28 alpha)", "organism": "Mus musculus", "tissue": "reproductive system"}, {"me": 1.4040742280950957, "pc": 0.6999330207635633, "marker_score": 1.184644989237022, "symbol": "Nedd9", "name": "neural precursor cell expressed, developmentally down-regulated gene 9", "organism": "Mus musculus", "tissue": "reproductive system"}, {"me": 1.3805689064853162, "pc": 0.667113194909578, "marker_score": 1.1841517002473723, "symbol": "Sntb2", "name": "syntrophin, basic 2", "organism": "Mus musculus", "tissue": "reproductive system"}, {"me": 1.389965539691092, "pc": 0.7575351640991292, "marker_score": 1.183835863133788, "symbol": "Cd320", "name": "CD320 antigen", "organism": "Mus musculus", "tissue": "reproductive system"}, {"me": 2.378137147318309, "pc": 0.9584728734092431, "marker_score": 1.1829607202495425, "symbol": "Chchd10", "name": "coiled-coil-helix-coiled-coil-helix domain containing 10", "organism": "Mus musculus", "tissue": "reproductive system"}, {"me": 1.5077706723929214, "pc": 0.8385800401875418, "marker_score": 1.1828190458305199, "symbol": "Rp9", "name": "retinitis pigmentosa 9 (human)", "organism": "Mus musculus", "tissue": "reproductive system"}, {"me": 1.4468230633930645, "pc": 0.7206965840589418, "marker_score": 1.174161816138149, "symbol": "Thra", "name": "thyroid hormone receptor alpha", "organism": "Mus musculus", "tissue": "reproductive system"}, {"me": 1.3516290198822725, "pc": 0.5813797722705961, "marker_score": 1.1401766864031873, "symbol": "Ptk2b", "name": "PTK2 protein tyrosine kinase 2 beta", "organism": "Mus musculus", "tissue": "reproductive system"}, {"me": 1.4629473701452675, "pc": 0.8385800401875418, "marker_score": 1.1363967514999302, "symbol": "Mapkapk2", "name": "MAP kinase-activated protein kinase 2", "organism": "Mus musculus", "tissue": "reproductive system"}, {"me": 1.4632662846950744, "pc": 0.8566644340254521, "marker_score": 1.1211501525568124, "symbol": "Mdfi", "name": "MyoD family inhibitor", "organism": "Mus musculus", "tissue": "reproductive system"}, {"me": 2.0935658642281396, "pc": 0.9919624916275954, "marker_score": 1.1145653615252067, "symbol": "Vapa", "name": "vesicle-associated membrane protein, associated protein A", "organism": "Mus musculus", "tissue": "reproductive system"}, {"me": 1.4603608931034033, "pc": 0.8044206296048225, "marker_score": 1.106674983222622, "symbol": "Cxxc5", "name": "CXXC finger 5", "organism": "Mus musculus", "tissue": "reproductive system"}, {"me": 1.468304697672526, "pc": 0.6430006697923644, "marker_score": 1.1050643705584764, "symbol": "Socs2", "name": "suppressor of cytokine signaling 2", "organism": "Mus musculus", "tissue": "reproductive system"}, {"me": 1.2825711158014113, "pc": 0.5398526456798393, "marker_score": 1.103219912742094, "symbol": "Tyro3", "name": "TYRO3 protein tyrosine kinase 3", "organism": "Mus musculus", "tissue": "reproductive system"}, {"me": 1.5226954899527403, "pc": 0.5713328868050904, "marker_score": 1.0961430701111265, "symbol": "Gm45889", "name": "Gm45889", "organism": "Mus musculus", "tissue": "reproductive system"}, {"me": 1.3977121306154419, "pc": 0.7883456128600134, "marker_score": 1.0877384352476824, "symbol": "Ssbp4", "name": "single stranded DNA binding protein 4", "organism": "Mus musculus", "tissue": "reproductive system"}, {"me": 1.2950469519704433, "pc": 0.5438713998660415, "marker_score": 1.0870780059023475, "symbol": "Scrn2", "name": "secernin 2", "organism": "Mus musculus", "tissue": "reproductive system"}, {"me": 1.421343441667228, "pc": 0.6215673141326189, "marker_score": 1.0725782588192299, "symbol": "Tulp2", "name": "tubby-like protein 2", "organism": "Mus musculus", "tissue": "reproductive system"}, {"me": 1.3371137903091754, "pc": 0.6296048225050235, "marker_score": 1.069663884522786, "symbol": "F11r", "name": "F11 receptor", "organism": "Mus musculus", "tissue": "reproductive system"}, {"me": 1.3600401821993204, "pc": 0.5666443402545212, "marker_score": 1.06814187399313, "symbol": "Mex3c", "name": "mex3 RNA binding family member C", "organism": "Mus musculus", "tissue": "reproductive system"}, {"me": 1.278364950151586, "pc": 0.5385130609511052, "marker_score": 1.0612627177963574, "symbol": "Slc4a2", "name": "solute carrier family 4 (anion exchanger), member 2", "organism": "Mus musculus", "tissue": "reproductive system"}, {"me": 1.4009703885049798, "pc": 0.580040187541862, "marker_score": 1.0608146894035722, "symbol": "Zfpm2", "name": "zinc finger protein, multitype 2", "organism": "Mus musculus", "tissue": "reproductive system"}, {"me": 1.3620697925957053, "pc": 0.6101808439383791, "marker_score": 1.0493473319910889, "symbol": "Inhbb", "name": "inhibin beta-B", "organism": "Mus musculus", "tissue": "reproductive system"}, {"me": 1.4766828043766953, "pc": 0.7407903549899532, "marker_score": 1.0400032335470093, "symbol": "Vat1", "name": "vesicle amine transport 1", "organism": "Mus musculus", "tissue": "reproductive system"}, {"me": 1.5698404252899358, "pc": 0.8626925653047556, "marker_score": 1.0397636906031515, "symbol": "St3gal5", "name": "ST3 beta-galactoside alpha-2,3-sialyltransferase 5", "organism": "Mus musculus", "tissue": "reproductive system"}, {"me": 1.3178857939321411, "pc": 0.695244474212994, "marker_score": 1.0385806745809028, "symbol": "Pink1", "name": "PTEN induced putative kinase 1", "organism": "Mus musculus", "tissue": "reproductive system"}, {"me": 1.6523361039352695, "pc": 0.9196249162759544, "marker_score": 1.0306076691041317, "symbol": "Amhr2", "name": "anti-Mullerian hormone type 2 receptor", "organism": "Mus musculus", "tissue": "reproductive system"}, {"me": 1.4440569933012144, "pc": 0.6342933690555927, "marker_score": 1.0296392035678688, "symbol": "Fndc5", "name": "fibronectin type III domain containing 5", "organism": "Mus musculus", "tissue": "reproductive system"}, {"me": 1.836059793884501, "pc": 0.7314132618888145, "marker_score": 1.0209018061776498, "symbol": "Tinagl1", "name": "tubulointerstitial nephritis antigen-like 1", "organism": "Mus musculus", "tissue": "reproductive system"}, {"me": 3.025173881247277, "pc": 0.9108793015477068, "marker_score": 2.523021643050259, "symbol": "AMH", "name": "anti-Mullerian hormone", "organism": "Homo sapiens", "tissue": "reproductive system"}, {"me": 3.009645671472039, "pc": 0.9595498611032371, "marker_score": 1.920792199001192, "symbol": "APOA1", "name": "apolipoprotein A1", "organism": "Homo sapiens", "tissue": "reproductive system"}, {"me": 2.3904707973689683, "pc": 0.6814445263336923, "marker_score": 1.307475567978764, "symbol": "CITED1", "name": "Cbp/p300 interacting transactivator with Glu/Asp rich carboxy-terminal domain 1", "organism": "Homo sapiens", "tissue": "reproductive system"}, {"me": 2.5076019204851754, "pc": 0.8938998809456319, "marker_score": 1.2630468958660912, "symbol": "BEX1", "name": "brain expressed X-linked 1", "organism": "Homo sapiens", "tissue": "reproductive system"}, {"me": 2.158314441466104, "pc": 0.7455354611939452, "marker_score": 1.236732391278091, "symbol": "SERPINF1", "name": "serpin family F member 1", "organism": "Homo sapiens", "tissue": "reproductive system"}, {"me": 3.001398784347471, "pc": 0.9717671069788537, "marker_score": 1.1485761024398469, "symbol": "RNASE1", "name": "ribonuclease A family member 1, pancreatic", "organism": "Homo sapiens", "tissue": "reproductive system"}, {"me": 2.151236746520594, "pc": 0.7535858041839106, "marker_score": 0.8930333318117333, "symbol": "COPE", "name": "COPI coat complex subunit epsilon", "organism": "Homo sapiens", "tissue": "reproductive system"}, {"me": 2.1316709305092814, "pc": 0.7146663643063665, "marker_score": 0.8324631300165177, "symbol": "INHA", "name": "inhibin subunit alpha", "organism": "Homo sapiens", "tissue": "reproductive system"}, {"me": 2.0554313259225303, "pc": 0.6183740574862521, "marker_score": 0.8114484370436954, "symbol": "SERPINA5", "name": "serpin family A member 5", "organism": "Homo sapiens", "tissue": "reproductive system"}, {"me": 1.923339237691353, "pc": 0.41107772549464255, "marker_score": 0.7355478051764116, "symbol": "G6PD", "name": "glucose-6-phosphate dehydrogenase", "organism": "Homo sapiens", "tissue": "reproductive system"}, {"me": 1.9151348361604512, "pc": 0.33672543794999715, "marker_score": 0.7090332837152752, "symbol": "FATE1", "name": "fetal and adult testis expressed 1", "organism": "Homo sapiens", "tissue": "reproductive system"}, {"me": 1.7652963953475131, "pc": 0.3111854413515505, "marker_score": 0.6364841506663772, "symbol": "CTSV", "name": "cathepsin V", "organism": "Homo sapiens", "tissue": "reproductive system"}, {"me": 2.1845828297810006, "pc": 0.7740234707182947, "marker_score": 0.6062378200579063, "symbol": "MGST3", "name": "microsomal glutathione S-transferase 3", "organism": "Homo sapiens", "tissue": "reproductive system"}, {"me": 1.7533816616001292, "pc": 0.263421962696298, "marker_score": 0.594649480056578, "symbol": "SOX9", "name": "SRY-box transcription factor 9", "organism": "Homo sapiens", "tissue": "reproductive system"}, {"me": 2.1361734421791034, "pc": 0.6909972220647429, "marker_score": 0.5906691596115394, "symbol": "CST3", "name": "cystatin C", "organism": "Homo sapiens", "tissue": "reproductive system"}, {"me": 1.7137993333697825, "pc": 0.22682691762571575, "marker_score": 0.5305190492687871, "symbol": "INHBB", "name": "inhibin subunit beta B", "organism": "Homo sapiens", "tissue": "reproductive system"}, {"me": 1.9192682911475765, "pc": 0.45733885140881003, "marker_score": 0.49819400205181563, "symbol": "ZFAND5", "name": "zinc finger AN1-type containing 5", "organism": "Homo sapiens", "tissue": "reproductive system"}, {"me": 2.2866575623228615, "pc": 0.7101026135268439, "marker_score": 0.4807456071787386, "symbol": "MIR202HG", "name": "MIR202 host gene", "organism": "Homo sapiens", "tissue": "reproductive system"}, {"me": 1.7236399245428062, "pc": 0.17515165258801518, "marker_score": 0.45635613175167666, "symbol": "BRICD5", "name": "BRICHOS domain containing 5", "organism": "Homo sapiens", "tissue": "reproductive system"}, {"me": 1.7072732367184502, "pc": 0.22169624128351947, "marker_score": 0.44824948688715216, "symbol": "FHOD3", "name": "formin homology 2 domain containing 3", "organism": "Homo sapiens", "tissue": "reproductive system"}, {"me": 1.681781720872241, "pc": 0.16695957820738136, "marker_score": 0.4200646578647732, "symbol": "TNNI3", "name": "troponin I3, cardiac type", "organism": "Homo sapiens", "tissue": "reproductive system"}, {"me": 1.5985530114677662, "pc": 0.1314700379840127, "marker_score": 0.389950452109166, "symbol": "GNG7", "name": "G protein subunit gamma 7", "organism": "Homo sapiens", "tissue": "reproductive system"}, {"me": 1.7866503002954779, "pc": 0.2758092862407166, "marker_score": 0.38329554255179865, "symbol": "ABRACL", "name": "ABRA C-terminal like", "organism": "Homo sapiens", "tissue": "reproductive system"}, {"me": 1.6654824065305835, "pc": 0.20205227053687852, "marker_score": 0.3730143953523858, "symbol": "SUSD3", "name": "sushi domain containing 3", "organism": "Homo sapiens", "tissue": "reproductive system"}, {"me": 1.686651357014974, "pc": 0.10884970803333523, "marker_score": 0.33570730272983484, "symbol": "COL2A1", "name": "collagen type II alpha 1 chain", "organism": "Homo sapiens", "tissue": "reproductive system"}, {"me": 1.7481201525741443, "pc": 0.2542377685809853, "marker_score": 0.3353350397287556, "symbol": "PRNP", "name": "prion protein", "organism": "Homo sapiens", "tissue": "reproductive system"}, {"me": 1.6344717905621378, "pc": 0.16627926753217304, "marker_score": 0.32971635382116693, "symbol": "SEPTIN6", "name": "septin 6", "organism": "Homo sapiens", "tissue": "reproductive system"}, {"me": 1.5784689931951892, "pc": 0.09515845569476727, "marker_score": 0.32614976709117843, "symbol": "TRIM55", "name": "tripartite motif containing 55", "organism": "Homo sapiens", "tissue": "reproductive system"}, {"me": 1.6959291003999255, "pc": 0.09524349452916832, "marker_score": 0.3200892557532577, "symbol": "PRND", "name": "prion like protein doppel", "organism": "Homo sapiens", "tissue": "reproductive system"}, {"me": 2.1838562846580407, "pc": 0.7667668235160724, "marker_score": 0.3125144661777061, "symbol": "S100A10", "name": "S100 calcium binding protein A10", "organism": "Homo sapiens", "tissue": "reproductive system"}, {"me": 3.4586300562771926, "pc": 0.8990872498440955, "marker_score": 0.30811827516671564, "symbol": "MT-ND1", "name": "MT-ND1", "organism": "Homo sapiens", "tissue": "reproductive system"}, {"me": 1.9175178443512075, "pc": 0.4847497023640796, "marker_score": 0.30559961131523083, "symbol": "FSCN1", "name": "fascin actin-bundling protein 1", "organism": "Homo sapiens", "tissue": "reproductive system"}, {"me": 1.5767621697882122, "pc": 0.09402460456942004, "marker_score": 0.30494090890297176, "symbol": "GPRC5B", "name": "G protein-coupled receptor class C group 5 member B", "organism": "Homo sapiens", "tissue": "reproductive system"}, {"me": 1.603424985965569, "pc": 0.08520891206984522, "marker_score": 0.3040591883823747, "symbol": "MAP3K21", "name": "mitogen-activated protein kinase kinase kinase 21", "organism": "Homo sapiens", "tissue": "reproductive system"}, {"me": 1.5939775214137801, "pc": 0.09410964340382108, "marker_score": 0.29016829451342147, "symbol": "SLC27A3", "name": "solute carrier family 27 member 3", "organism": "Homo sapiens", "tissue": "reproductive system"}, {"me": 1.6203814338235294, "pc": 0.08192074380633822, "marker_score": 0.27997096625272605, "symbol": "ERBB3", "name": "erb-b2 receptor tyrosine kinase 3", "organism": "Homo sapiens", "tissue": "reproductive system"}, {"me": 1.557928348968388, "pc": 0.07341686036623392, "marker_score": 0.2794632680638317, "symbol": "RIMS4", "name": "regulating synaptic membrane exocytosis 4", "organism": "Homo sapiens", "tissue": "reproductive system"}, {"me": 1.6439916013298927, "pc": 0.07140427461874256, "marker_score": 0.2772748800206808, "symbol": "CLEC18B", "name": "C-type lectin domain family 18 member B", "organism": "Homo sapiens", "tissue": "reproductive system"}, {"me": 1.5502227295430855, "pc": 0.08158058846873406, "marker_score": 0.2767986990888225, "symbol": "JAM2", "name": "junctional adhesion molecule 2", "organism": "Homo sapiens", "tissue": "reproductive system"}, {"me": 1.5399922664378252, "pc": 0.07083734905606894, "marker_score": 0.2657202519624112, "symbol": "SNTA1", "name": "syntrophin alpha 1", "organism": "Homo sapiens", "tissue": "reproductive system"}, {"me": 3.6410034164487612, "pc": 0.91059583876637, "marker_score": 0.26215482065944296, "symbol": "MT-ND4", "name": "MT-ND4", "organism": "Homo sapiens", "tissue": "reproductive system"}, {"me": 1.6135209219796316, "pc": 0.06349566301944555, "marker_score": 0.2588819145780602, "symbol": "ARAP2", "name": "ArfGAP with RhoGAP domain, ankyrin repeat and PH domain 2", "organism": "Homo sapiens", "tissue": "reproductive system"}, {"me": 1.6099726223053141, "pc": 0.06360904813198028, "marker_score": 0.2578177740432855, "symbol": "TFF3", "name": "trefoil factor 3", "organism": "Homo sapiens", "tissue": "reproductive system"}, {"me": 1.6732723897673547, "pc": 0.06145473099382051, "marker_score": 0.2570891788111532, "symbol": "FAM236A", "name": "family with sequence similarity 236 member A", "organism": "Homo sapiens", "tissue": "reproductive system"}, {"me": 1.7013830843758988, "pc": 0.197120018141618, "marker_score": 0.25668091038273616, "symbol": "TMX4", "name": "thioredoxin related transmembrane protein 4", "organism": "Homo sapiens", "tissue": "reproductive system"}, {"me": 1.5954420565674823, "pc": 0.07644991212653779, "marker_score": 0.2535073365918338, "symbol": "ADGRG1", "name": "adhesion G protein-coupled receptor G1", "organism": "Homo sapiens", "tissue": "reproductive system"}, {"me": 1.6693292142309808, "pc": 0.09016951074323941, "marker_score": 0.24997342549922671, "symbol": "FSTL3", "name": "follistatin like 3", "organism": "Homo sapiens", "tissue": "reproductive system"}, {"me": 1.5510048352104875, "pc": 0.05757129088950621, "marker_score": 0.24401432005323742, "symbol": "SMOC1", "name": "SPARC related modular calcium binding 1", "organism": "Homo sapiens", "tissue": "reproductive system"}, {"me": 1.5894833341309342, "pc": 0.05553035886388117, "marker_score": 0.24230757818630433, "symbol": "NTNG2", "name": "netrin G2", "organism": "Homo sapiens", "tissue": "reproductive system"}, {"me": 1.7350759177890933, "pc": 0.21571517659731276, "marker_score": 0.23818716230527198, "symbol": "KLRK1-AS1", "name": "KLRK1 antisense RNA 1", "organism": "Homo sapiens", "tissue": "reproductive system"}, {"me": 1.5526556971284704, "pc": 0.05207211293157209, "marker_score": 0.23705948632114365, "symbol": "HR", "name": "HR lysine demethylase and nuclear receptor corepressor", "organism": "Homo sapiens", "tissue": "reproductive system"}, {"me": 1.8283007778168394, "pc": 0.1612619763025115, "marker_score": 0.23669256280107426, "symbol": "IL32", "name": "interleukin 32", "organism": "Homo sapiens", "tissue": "reproductive system"}, {"me": 1.5389712027616278, "pc": 0.060944497987414255, "marker_score": 0.23105729444802592, "symbol": "REEP1", "name": "receptor accessory protein 1", "organism": "Homo sapiens", "tissue": "reproductive system"}, {"me": 1.5989705464106612, "pc": 0.07630818073586938, "marker_score": 0.22774239174800892, "symbol": "TANC2", "name": "tetratricopeptide repeat, ankyrin repeat and coiled-coil containing 2", "organism": "Homo sapiens", "tissue": "reproductive system"}, {"me": 1.5204568289738964, "pc": 0.05008787346221441, "marker_score": 0.22654357345965426, "symbol": "CYP27A1", "name": "cytochrome P450 family 27 subfamily A member 1", "organism": "Homo sapiens", "tissue": "reproductive system"}, {"me": 1.7928867281517138, "pc": 0.34154430523272294, "marker_score": 0.22308981290726088, "symbol": "PABPN1", "name": "poly(A) binding protein nuclear 1", "organism": "Homo sapiens", "tissue": "reproductive system"}, {"me": 1.6463597632639355, "pc": 0.08441521628210216, "marker_score": 0.22165712508056284, "symbol": "DSP", "name": "desmoplakin", "organism": "Homo sapiens", "tissue": "reproductive system"}, {"me": 1.5328300449241647, "pc": 0.048358750496059866, "marker_score": 0.21933960522480905, "symbol": "LAMA1", "name": "laminin subunit alpha 1", "organism": "Homo sapiens", "tissue": "reproductive system"}, {"me": 1.9359779904587686, "pc": 0.4668065083054595, "marker_score": 0.2166295448851108, "symbol": "CLU", "name": "clusterin", "organism": "Homo sapiens", "tissue": "reproductive system"}, {"me": 1.5245244495152641, "pc": 0.04294461137252679, "marker_score": 0.2140758028297552, "symbol": "NKX3-1", "name": "NK3 homeobox 1", "organism": "Homo sapiens", "tissue": "reproductive system"}, {"me": 1.5612042018345424, "pc": 0.06349566301944555, "marker_score": 0.21352783048188448, "symbol": "SPOCK2", "name": "SPARC (osteonectin), cwcv and kazal like domains proteoglycan 2", "organism": "Homo sapiens", "tissue": "reproductive system"}, {"me": 1.5554185986195799, "pc": 0.05229888315664153, "marker_score": 0.21182201121252547, "symbol": "ILDR2", "name": "immunoglobulin like domain containing receptor 2", "organism": "Homo sapiens", "tissue": "reproductive system"}, {"me": 1.5298023009568118, "pc": 0.05045637507795227, "marker_score": 0.21110544400969986, "symbol": "AXL", "name": "AXL receptor tyrosine kinase", "organism": "Homo sapiens", "tissue": "reproductive system"}, {"me": 1.5155923839636543, "pc": 0.04328476671013096, "marker_score": 0.21104654192251032, "symbol": "PHF24", "name": "PHD finger protein 24", "organism": "Homo sapiens", "tissue": "reproductive system"}, {"me": 1.6167979358403741, "pc": 0.09393956573501899, "marker_score": 0.20416980559244452, "symbol": "TMEM176B", "name": "transmembrane protein 176B", "organism": "Homo sapiens", "tissue": "reproductive system"}, {"me": 1.6405833984375, "pc": 0.07086569533420262, "marker_score": 0.19568348784993955, "symbol": "POMC", "name": "proopiomelanocortin", "organism": "Homo sapiens", "tissue": "reproductive system"}, {"me": 1.5320550335136702, "pc": 0.03512103860763082, "marker_score": 0.18464082981707966, "symbol": "SYCN", "name": "syncollin", "organism": "Homo sapiens", "tissue": "reproductive system"}, {"me": 1.789688584573526, "pc": 0.06202165655649413, "marker_score": 0.184570450014383, "symbol": "PTGDS", "name": "prostaglandin D2 synthase", "organism": "Homo sapiens", "tissue": "reproductive system"}, {"me": 1.5160513726031417, "pc": 0.03169113895345541, "marker_score": 0.17608321738760035, "symbol": "CORO2A", "name": "coronin 2A", "organism": "Homo sapiens", "tissue": "reproductive system"}, {"me": 1.5039278961891351, "pc": 0.029253359033958842, "marker_score": 0.17198833336863445, "symbol": "EPHB1", "name": "EPH receptor B1", "organism": "Homo sapiens", "tissue": "reproductive system"}, {"me": 1.5337232930115903, "pc": 0.028431316968082092, "marker_score": 0.17161984123961047, "symbol": "TRIM50", "name": "tripartite motif containing 50", "organism": "Homo sapiens", "tissue": "reproductive system"}, {"me": 1.7679974505009541, "pc": 0.05570043653268326, "marker_score": 0.16980582327640706, "symbol": "WFDC2", "name": "WAP four-disulfide core domain 2", "organism": "Homo sapiens", "tissue": "reproductive system"}, {"me": 1.4825958575668996, "pc": 0.029395090424627245, "marker_score": 0.16778856187127003, "symbol": "LRRC75B", "name": "leucine rich repeat containing 75B", "organism": "Homo sapiens", "tissue": "reproductive system"}, {"me": 1.5781327719506921, "pc": 0.08192074380633822, "marker_score": 0.1673873904520648, "symbol": "DAG1", "name": "dystroglycan 1", "organism": "Homo sapiens", "tissue": "reproductive system"}, {"me": 1.482309234457672, "pc": 0.02678723283632859, "marker_score": 0.16449735034859747, "symbol": "THEMIS2", "name": "thymocyte selection associated family member 2", "organism": "Homo sapiens", "tissue": "reproductive system"}, {"me": 1.4979519631879392, "pc": 0.03631158228924542, "marker_score": 0.16247229336240399, "symbol": "CPNE5", "name": "copine 5", "organism": "Homo sapiens", "tissue": "reproductive system"}, {"me": 1.5237635305214858, "pc": 0.04073360167809967, "marker_score": 0.15974624064739945, "symbol": "STK10", "name": "serine/threonine kinase 10", "organism": "Homo sapiens", "tissue": "reproductive system"}, {"me": 1.6275470800386944, "pc": 0.1053064232666251, "marker_score": 0.15568201479843474, "symbol": "PSME4", "name": "proteasome activator subunit 4", "organism": "Homo sapiens", "tissue": "reproductive system"}, {"me": 1.5878976964156408, "pc": 0.07829242020522706, "marker_score": 0.15511159038026856, "symbol": "SEMA6A", "name": "semaphorin 6A", "organism": "Homo sapiens", "tissue": "reproductive system"}, {"me": 1.559136164426275, "pc": 0.025568342876580306, "marker_score": 0.15247042808558076, "symbol": "COL9A1", "name": "collagen type IX alpha 1 chain", "organism": "Homo sapiens", "tissue": "reproductive system"}, {"me": 1.4778203358907185, "pc": 0.023669142241623673, "marker_score": 0.1508712407547376, "symbol": "FBXL19", "name": "F-box and leucine rich repeat protein 19", "organism": "Homo sapiens", "tissue": "reproductive system"}, {"me": 1.4831126568073119, "pc": 0.021854980441068088, "marker_score": 0.15040014691977077, "symbol": "ANG", "name": "angiogenin", "organism": "Homo sapiens", "tissue": "reproductive system"}, {"me": 1.5164654939889026, "pc": 0.02298883156641533, "marker_score": 0.1498259612131271, "symbol": "GJB1", "name": "gap junction protein beta 1", "organism": "Homo sapiens", "tissue": "reproductive system"}, {"me": 1.5689257594029642, "pc": 0.05068314530302171, "marker_score": 0.14934554130359512, "symbol": "BMPR2", "name": "bone morphogenetic protein receptor type 2", "organism": "Homo sapiens", "tissue": "reproductive system"}, {"me": 1.5314469036405296, "pc": 0.055672090254549576, "marker_score": 0.14685743439780755, "symbol": "ENHO", "name": "energy homeostasis associated", "organism": "Homo sapiens", "tissue": "reproductive system"}, {"me": 1.4926078332721857, "pc": 0.020522705368785078, "marker_score": 0.14478389776715372, "symbol": "SLC1A6", "name": "solute carrier family 1 member 6", "organism": "Homo sapiens", "tissue": "reproductive system"}, {"me": 1.5589483916976763, "pc": 0.046657973808039, "marker_score": 0.14445083928258137, "symbol": "CSDC2", "name": "cold shock domain containing C2", "organism": "Homo sapiens", "tissue": "reproductive system"}, {"me": 1.5383702409771127, "pc": 0.05031464368728386, "marker_score": 0.14417242881215614, "symbol": "CLDN11", "name": "claudin 11", "organism": "Homo sapiens", "tissue": "reproductive system"}, {"me": 2.8787229508473433, "pc": 0.8396734508759, "marker_score": 0.13574473333303458, "symbol": "MT-ND2", "name": "MT-ND2", "organism": "Homo sapiens", "tissue": "reproductive system"}, {"me": 1.5404491770610993, "pc": 0.02656046261125914, "marker_score": 0.13477688809582203, "symbol": "KIF5C", "name": "kinesin family member 5C", "organism": "Homo sapiens", "tissue": "reproductive system"}, {"me": 1.610291686906304, "pc": 0.1312999603152106, "marker_score": 0.13230273993306405, "symbol": "PPIF", "name": "peptidylprolyl isomerase F", "organism": "Homo sapiens", "tissue": "reproductive system"}, {"me": 1.4913076880006324, "pc": 0.01680934293327286, "marker_score": 0.13220419801809705, "symbol": "FRMPD1", "name": "FERM and PDZ domain containing 1", "organism": "Homo sapiens", "tissue": "reproductive system"}, {"me": 1.5438983289157162, "pc": 0.03976982822155451, "marker_score": 0.13169452201521123, "symbol": "PLXNC1", "name": "plexin C1", "organism": "Homo sapiens", "tissue": "reproductive system"}, {"me": 1.510046331554632, "pc": 0.043908384829071945, "marker_score": 0.1316904105586536, "symbol": "TMEM181", "name": "transmembrane protein 181", "organism": "Homo sapiens", "tissue": "reproductive system"}, {"me": 1.5580194947429906, "pc": 0.0758262940075968, "marker_score": 0.13133500476555296, "symbol": "SLC7A5", "name": "solute carrier family 7 member 5", "organism": "Homo sapiens", "tissue": "reproductive system"}, {"me": 2.050969610227812, "pc": 0.5972560802766597, "marker_score": 0.1264143485916276, "symbol": "C4orf48", "name": "chromosome 4 open reading frame 48", "organism": "Homo sapiens", "tissue": "reproductive system"}, {"me": 1.4797528358540926, "pc": 0.01593060831112875, "marker_score": 0.12432489829843821, "symbol": "GPAT3", "name": "glycerol-3-phosphate acyltransferase 3", "organism": "Homo sapiens", "tissue": "reproductive system"}, {"me": 1.4902573511023527, "pc": 0.022138443222404897, "marker_score": 0.12351199169460875, "symbol": "SMIM10", "name": "small integral membrane protein 10", "organism": "Homo sapiens", "tissue": "reproductive system"}, {"me": 1.4971128445430384, "pc": 0.020664436759453484, "marker_score": 0.11987819169329444, "symbol": "ERBB4", "name": "erb-b2 receptor tyrosine kinase 4", "organism": "Homo sapiens", "tissue": "reproductive system"}, {"me": 1.4845517270199888, "pc": 0.01573218436419298, "marker_score": 0.11951293740805516, "symbol": "ANKRD6", "name": "ankyrin repeat domain 6", "organism": "Homo sapiens", "tissue": "reproductive system"}, {"me": 2.444670451536017, "pc": 0.9879437374413932, "marker_score": 4.713024994094943, "symbol": "Akr1cl", "name": "aldo-keto reductase family 1, member C-like", "organism": "Mus musculus", "tissue": "All Tissues"}, {"me": 2.389777398878528, "pc": 0.9966510381781648, "marker_score": 4.504468099963083, "symbol": "Isyna1", "name": "myo-inositol 1-phosphate synthase A1", "organism": "Mus musculus", "tissue": "All Tissues"}, {"me": 1.7851878387388163, "pc": 0.9732083054253181, "marker_score": 4.492070600630076, "symbol": "Etnk2", "name": "ethanolamine kinase 2", "organism": "Mus musculus", "tissue": "All Tissues"}, {"me": 4.030480875104866, "pc": 0.9979906229068989, "marker_score": 3.8425931121510475, "symbol": "Gstm2", "name": "glutathione S-transferase, mu 2", "organism": "Mus musculus", "tissue": "All Tissues"}, {"me": 1.888983880190007, "pc": 0.9517749497655726, "marker_score": 3.636672728980301, "symbol": "Rnf181", "name": "ring finger protein 181", "organism": "Mus musculus", "tissue": "All Tissues"}, {"me": 2.098181527420129, "pc": 0.9591426657736102, "marker_score": 3.567276229404524, "symbol": "Wnt6", "name": "wingless-type MMTV integration site family, member 6", "organism": "Mus musculus", "tissue": "All Tissues"}, {"me": 3.5538927688341753, "pc": 0.9946416610850636, "marker_score": 3.2963157875441484, "symbol": "Kctd14", "name": "potassium channel tetramerisation domain containing 14", "organism": "Mus musculus", "tissue": "All Tissues"}, {"me": 2.3697576536202667, "pc": 0.955123911587408, "marker_score": 3.096499158441105, "symbol": "Gstm6", "name": "glutathione S-transferase, mu 6", "organism": "Mus musculus", "tissue": "All Tissues"}, {"me": 4.022111978294541, "pc": 1.0, "marker_score": 3.0911612037682774, "symbol": "Ldhb", "name": "lactate dehydrogenase B", "organism": "Mus musculus", "tissue": "All Tissues"}, {"me": 2.012923877128136, "pc": 0.9343603482920295, "marker_score": 2.9342077521981036, "symbol": "Gstm7", "name": "glutathione S-transferase, mu 7", "organism": "Mus musculus", "tissue": "All Tissues"}, {"me": 1.6523361039352695, "pc": 0.9196249162759544, "marker_score": 2.934193089514156, "symbol": "Amhr2", "name": "anti-Mullerian hormone type 2 receptor", "organism": "Mus musculus", "tissue": "All Tissues"}, {"me": 2.4328616705382187, "pc": 0.955123911587408, "marker_score": 2.872648818973112, "symbol": "Col18a1", "name": "collagen, type XVIII, alpha 1", "organism": "Mus musculus", "tissue": "All Tissues"}, {"me": 1.6529722784557481, "pc": 0.9176155391828533, "marker_score": 2.85962950971752, "symbol": "Gata4", "name": "GATA binding protein 4", "organism": "Mus musculus", "tissue": "All Tissues"}, {"me": 2.527537226116521, "pc": 0.9973208305425318, "marker_score": 2.740116769986736, "symbol": "Vdac3", "name": "voltage-dependent anion channel 3", "organism": "Mus musculus", "tissue": "All Tissues"}, {"me": 1.9753354094749274, "pc": 0.9216342933690556, "marker_score": 2.687411724045483, "symbol": "Me1", "name": "malic enzyme 1, NADP(+)-dependent, cytosolic", "organism": "Mus musculus", "tissue": "All Tissues"}, {"me": 1.9365781964393547, "pc": 0.97052913596785, "marker_score": 2.647359660620335, "symbol": "Sin3b", "name": "transcriptional regulator, SIN3B (yeast)", "organism": "Mus musculus", "tissue": "All Tissues"}, {"me": 1.8825890882959906, "pc": 0.9229738780977896, "marker_score": 2.6372984998684026, "symbol": "Trim47", "name": "tripartite motif-containing 47", "organism": "Mus musculus", "tissue": "All Tissues"}, {"me": 1.7216154589052137, "pc": 0.9089082384460817, "marker_score": 2.6316114578062866, "symbol": "Wt1", "name": "WT1 transcription factor", "organism": "Mus musculus", "tissue": "All Tissues"}, {"me": 1.719577073874166, "pc": 0.9035498995311454, "marker_score": 2.627807553873996, "symbol": "Akr1b8", "name": "aldo-keto reductase family 1, member B8", "organism": "Mus musculus", "tissue": "All Tissues"}, {"me": 1.7187809831722434, "pc": 0.9658405894172807, "marker_score": 2.599790927443675, "symbol": "Hnrnpl", "name": "heterogeneous nuclear ribonucleoprotein L", "organism": "Mus musculus", "tissue": "All Tissues"}, {"me": 1.7704830086629173, "pc": 0.9229738780977896, "marker_score": 2.526701444736178, "symbol": "Ppt1", "name": "palmitoyl-protein thioesterase 1", "organism": "Mus musculus", "tissue": "All Tissues"}, {"me": 1.9147341033090846, "pc": 0.9437374413931681, "marker_score": 2.462315194960922, "symbol": "Bmyc", "name": "brain expressed myelocytomatosis oncogene", "organism": "Mus musculus", "tissue": "All Tissues"}, {"me": 1.7257147230595329, "pc": 0.8888144675150703, "marker_score": 2.4424760646624017, "symbol": "Rnd2", "name": "Rho family GTPase 2", "organism": "Mus musculus", "tissue": "All Tissues"}, {"me": 1.6830583447404737, "pc": 0.9403884795713329, "marker_score": 2.3947800643736796, "symbol": "Adh5", "name": "alcohol dehydrogenase 5 (class III), chi polypeptide", "organism": "Mus musculus", "tissue": "All Tissues"}, {"me": 1.537822239672314, "pc": 0.8821165438713998, "marker_score": 2.38742935129547, "symbol": "Cct6a", "name": "chaperonin containing Tcp1, subunit 6a (zeta)", "organism": "Mus musculus", "tissue": "All Tissues"}, {"me": 2.127235582139757, "pc": 0.9645010046885466, "marker_score": 2.368054899259717, "symbol": "Phgdh", "name": "3-phosphoglycerate dehydrogenase", "organism": "Mus musculus", "tissue": "All Tissues"}, {"me": 1.5606467249225406, "pc": 0.8647019423978567, "marker_score": 2.3480115335927785, "symbol": "Adamts16", "name": "a disintegrin-like and metallopeptidase (reprolysin type) with thrombospondin type 1 motif, 16", "organism": "Mus musculus", "tissue": "All Tissues"}, {"me": 1.6305860273677146, "pc": 0.8734092431346283, "marker_score": 2.300875707322535, "symbol": "Nr5a1", "name": "nuclear receptor subfamily 5, group A, member 1", "organism": "Mus musculus", "tissue": "All Tissues"}, {"me": 2.8106285511363636, "pc": 0.9209645010046885, "marker_score": 2.2838793318845285, "symbol": "Aard", "name": "alanine and arginine rich domain containing protein", "organism": "Mus musculus", "tissue": "All Tissues"}, {"me": 1.4632662846950744, "pc": 0.8566644340254521, "marker_score": 2.283239934146113, "symbol": "Mdfi", "name": "MyoD family inhibitor", "organism": "Mus musculus", "tissue": "All Tissues"}, {"me": 4.449839812353483, "pc": 1.0, "marker_score": 2.280722924681265, "symbol": "Hsp90ab1", "name": "heat shock protein 90 alpha (cytosolic), class B member 1", "organism": "Mus musculus", "tissue": "All Tissues"}, {"me": 1.495451169593312, "pc": 0.8600133958472873, "marker_score": 2.2748009918099954, "symbol": "Bcat2", "name": "branched chain aminotransferase 2, mitochondrial", "organism": "Mus musculus", "tissue": "All Tissues"}, {"me": 2.464575839091024, "pc": 0.9906229068988613, "marker_score": 2.2607405846563955, "symbol": "Serpinb6a", "name": "serine (or cysteine) peptidase inhibitor, clade B, member 6a", "organism": "Mus musculus", "tissue": "All Tissues"}, {"me": 2.128224892397898, "pc": 0.9799062290689886, "marker_score": 2.2523961538594595, "symbol": "Eno1", "name": "enolase 1, alpha non-neuron", "organism": "Mus musculus", "tissue": "All Tissues"}, {"me": 1.5097536947505374, "pc": 0.8566644340254521, "marker_score": 2.249152557157066, "symbol": "Obsl1", "name": "obscurin-like 1", "organism": "Mus musculus", "tissue": "All Tissues"}, {"me": 1.692721131490215, "pc": 0.9497655726724715, "marker_score": 2.2131253954771464, "symbol": "Puf60", "name": "poly-U binding splicing factor 60", "organism": "Mus musculus", "tissue": "All Tissues"}, {"me": 1.5921759787570224, "pc": 0.8941728064300067, "marker_score": 2.183986432738257, "symbol": "Eps8", "name": "epidermal growth factor receptor pathway substrate 8", "organism": "Mus musculus", "tissue": "All Tissues"}, {"me": 1.5213153471502272, "pc": 0.8479571332886805, "marker_score": 2.1703446475080956, "symbol": "Adgrg1", "name": "adhesion G protein-coupled receptor G1", "organism": "Mus musculus", "tissue": "All Tissues"}, {"me": 1.7766286124170354, "pc": 0.9082384460817147, "marker_score": 2.1608441250756605, "symbol": "Atp1b2", "name": "ATPase, Na+/K+ transporting, beta 2 polypeptide", "organism": "Mus musculus", "tissue": "All Tissues"}, {"me": 1.5905569893973215, "pc": 0.9377093101138647, "marker_score": 2.1568236158408034, "symbol": "Adrm1", "name": "adhesion regulating molecule 1 26S proteasome ubiquitin receptor", "organism": "Mus musculus", "tissue": "All Tissues"}, {"me": 1.911741419013785, "pc": 0.9839249832551908, "marker_score": 2.137928819320261, "symbol": "Ndfip1", "name": "Nedd4 family interacting protein 1", "organism": "Mus musculus", "tissue": "All Tissues"}, {"me": 1.7571179385974445, "pc": 0.9631614199598124, "marker_score": 2.135806863993507, "symbol": "Pabpn1", "name": "poly(A) binding protein, nuclear 1", "organism": "Mus musculus", "tissue": "All Tissues"}, {"me": 2.3892233636274423, "pc": 0.9598124581379772, "marker_score": 2.1250311169882488, "symbol": "Sox9", "name": "SRY (sex determining region Y)-box 9", "organism": "Mus musculus", "tissue": "All Tissues"}, {"me": 1.5683808563862853, "pc": 0.8754186202277294, "marker_score": 2.1116765515627107, "symbol": "Kdm5b", "name": "lysine (K)-specific demethylase 5B", "organism": "Mus musculus", "tissue": "All Tissues"}, {"me": 1.8086347156579194, "pc": 0.8901540522438044, "marker_score": 2.1106126880782, "symbol": "Fbln2", "name": "fibulin 2", "organism": "Mus musculus", "tissue": "All Tissues"}, {"me": 3.3730977034712897, "pc": 0.9973208305425318, "marker_score": 2.096623510836391, "symbol": "Gstm1", "name": "glutathione S-transferase, mu 1", "organism": "Mus musculus", "tissue": "All Tissues"}, {"me": 1.5835051214579985, "pc": 0.8332217012726055, "marker_score": 2.0811565160997247, "symbol": "Fdxr", "name": "ferredoxin reductase", "organism": "Mus musculus", "tissue": "All Tissues"}, {"me": 1.7401847718253969, "pc": 0.8439383791024783, "marker_score": 2.0678721561848246, "symbol": "Cst8", "name": "cystatin 8 (cystatin-related epididymal spermatogenic)", "organism": "Mus musculus", "tissue": "All Tissues"}, {"me": 2.4952592836126963, "pc": 0.9390488948425988, "marker_score": 2.0627963596198686, "symbol": "Gm49708", "name": "Gm49708", "organism": "Mus musculus", "tissue": "All Tissues"}, {"me": 1.603836005422729, "pc": 0.9437374413931681, "marker_score": 2.0584154109506314, "symbol": "Srsf9", "name": "serine and arginine-rich splicing factor 9", "organism": "Mus musculus", "tissue": "All Tissues"}, {"me": 2.636227151621943, "pc": 0.9859343603482921, "marker_score": 2.0479239735770856, "symbol": "mt-Nd4l", "name": "mt-Nd4l", "organism": "Mus musculus", "tissue": "All Tissues"}, {"me": 2.0935658642281396, "pc": 0.9919624916275954, "marker_score": 2.0437231438991414, "symbol": "Vapa", "name": "vesicle-associated membrane protein, associated protein A", "organism": "Mus musculus", "tissue": "All Tissues"}, {"me": 1.6808298607995333, "pc": 0.9330207635632953, "marker_score": 2.037014431930169, "symbol": "Trim28", "name": "tripartite motif-containing 28", "organism": "Mus musculus", "tissue": "All Tissues"}, {"me": 1.6557724251325485, "pc": 0.9316811788345613, "marker_score": 2.027475085560527, "symbol": "Rab5if", "name": "RAB5 interacting factor", "organism": "Mus musculus", "tissue": "All Tissues"}, {"me": 1.4629473701452675, "pc": 0.8385800401875418, "marker_score": 2.0271341739816378, "symbol": "Mapkapk2", "name": "MAP kinase-activated protein kinase 2", "organism": "Mus musculus", "tissue": "All Tissues"}, {"me": 2.7272012609511234, "pc": 0.9986604152712659, "marker_score": 2.020373122571261, "symbol": "Maged1", "name": "MAGE family member D1", "organism": "Mus musculus", "tissue": "All Tissues"}, {"me": 1.4709129036863335, "pc": 0.8613529805760214, "marker_score": 2.019085701577225, "symbol": "Sap18", "name": "Sin3-associated polypeptide 18", "organism": "Mus musculus", "tissue": "All Tissues"}, {"me": 1.4554121701104745, "pc": 0.8184862692565305, "marker_score": 2.013287279680636, "symbol": "Nutf2", "name": "nuclear transport factor 2", "organism": "Mus musculus", "tissue": "All Tissues"}, {"me": 1.8648803620581977, "pc": 0.9048894842598795, "marker_score": 1.9952441947234216, "symbol": "Fkbp9", "name": "FK506 binding protein 9", "organism": "Mus musculus", "tissue": "All Tissues"}, {"me": 1.7718992946366177, "pc": 0.9584728734092431, "marker_score": 1.9609659966078918, "symbol": "Rbbp7", "name": "retinoblastoma binding protein 7, chromatin remodeling factor", "organism": "Mus musculus", "tissue": "All Tissues"}, {"me": 1.7821694359990763, "pc": 0.8158070997990623, "marker_score": 1.95973588402617, "symbol": "Tmem184a", "name": "transmembrane protein 184a", "organism": "Mus musculus", "tissue": "All Tissues"}, {"me": 1.4884743761660448, "pc": 0.8077695914266577, "marker_score": 1.9419552519864673, "symbol": "Smoc1", "name": "SPARC related modular calcium binding 1", "organism": "Mus musculus", "tissue": "All Tissues"}, {"me": 1.5497962169308983, "pc": 0.8687206965840589, "marker_score": 1.9117727703106926, "symbol": "Unc119", "name": "unc-119 lipid binding chaperone", "organism": "Mus musculus", "tissue": "All Tissues"}, {"me": 1.8297840231078586, "pc": 0.9524447421299397, "marker_score": 1.9116126577983823, "symbol": "Hmgb3", "name": "high mobility group box 3", "organism": "Mus musculus", "tissue": "All Tissues"}, {"me": 1.5811552711856265, "pc": 0.8713998660415271, "marker_score": 1.9113399283560675, "symbol": "Septin9", "name": "septin 9", "organism": "Mus musculus", "tissue": "All Tissues"}, {"me": 1.5657410875665905, "pc": 0.8801071667782987, "marker_score": 1.9098381302434937, "symbol": "Itgb5", "name": "integrin beta 5", "organism": "Mus musculus", "tissue": "All Tissues"}, {"me": 1.7409883888309736, "pc": 0.8633623576691226, "marker_score": 1.8955766306700481, "symbol": "Laptm4b", "name": "lysosomal-associated protein transmembrane 4B", "organism": "Mus musculus", "tissue": "All Tissues"}, {"me": 1.5840769835319708, "pc": 0.8131279303415941, "marker_score": 1.8918000661646404, "symbol": "Hs6st1", "name": "heparan sulfate 6-O-sulfotransferase 1", "organism": "Mus musculus", "tissue": "All Tissues"}, {"me": 2.6443570044732865, "pc": 0.9966510381781648, "marker_score": 1.8828992626192564, "symbol": "Ucp2", "name": "uncoupling protein 2 (mitochondrial, proton carrier)", "organism": "Mus musculus", "tissue": "All Tissues"}, {"me": 1.9414577536386985, "pc": 0.9778968519758875, "marker_score": 1.8739813869752704, "symbol": "Idh2", "name": "isocitrate dehydrogenase 2 (NADP+), mitochondrial", "organism": "Mus musculus", "tissue": "All Tissues"}, {"me": 3.8969029952277294, "pc": 1.0, "marker_score": 1.8557213827981365, "symbol": "Vim", "name": "vimentin", "organism": "Mus musculus", "tissue": "All Tissues"}, {"me": 1.5898039777177317, "pc": 0.8017414601473544, "marker_score": 1.8542493333099783, "symbol": "Stim1", "name": "stromal interaction molecule 1", "organism": "Mus musculus", "tissue": "All Tissues"}, {"me": 1.4747562834406018, "pc": 0.8097789685197588, "marker_score": 1.847508029049716, "symbol": "Dhx9", "name": "DEAH (Asp-Glu-Ala-His) box polypeptide 9", "organism": "Mus musculus", "tissue": "All Tissues"}, {"me": 1.7174173090661873, "pc": 0.9082384460817147, "marker_score": 1.8457124428521139, "symbol": "Kitl", "name": "kit ligand", "organism": "Mus musculus", "tissue": "All Tissues"}, {"me": 1.4147626654753302, "pc": 0.8111185532484929, "marker_score": 1.8413575055549292, "symbol": "Med10", "name": "mediator complex subunit 10", "organism": "Mus musculus", "tissue": "All Tissues"}, {"me": 1.7343536141709004, "pc": 0.955793703951775, "marker_score": 1.8311064123927783, "symbol": "Pdcd5", "name": "programmed cell death 5", "organism": "Mus musculus", "tissue": "All Tissues"}, {"me": 1.531401524831404, "pc": 0.7883456128600134, "marker_score": 1.830894854854151, "symbol": "Tpd52l1", "name": "tumor protein D52-like 1", "organism": "Mus musculus", "tissue": "All Tissues"}, {"me": 1.673709422772185, "pc": 0.898191560616209, "marker_score": 1.8251599239126453, "symbol": "Pgp", "name": "phosphoglycolate phosphatase", "organism": "Mus musculus", "tissue": "All Tissues"}, {"me": 2.0521484045525473, "pc": 0.9926322839919625, "marker_score": 1.819575145263669, "symbol": "Pcbp1", "name": "poly(rC) binding protein 1", "organism": "Mus musculus", "tissue": "All Tissues"}, {"me": 1.7376191079367156, "pc": 0.8004018754186202, "marker_score": 1.8193137403414668, "symbol": "Hmga2", "name": "high mobility group AT-hook 2", "organism": "Mus musculus", "tissue": "All Tissues"}, {"me": 1.586788150478216, "pc": 0.8513060951105157, "marker_score": 1.8129217096748702, "symbol": "Smarcc1", "name": "SWI/SNF related, matrix associated, actin dependent regulator of chromatin, subfamily c, member 1", "organism": "Mus musculus", "tissue": "All Tissues"}, {"me": 2.75924653942953, "pc": 0.9979906229068989, "marker_score": 1.7900592971633489, "symbol": "Aldoa", "name": "aldolase A, fructose-bisphosphate", "organism": "Mus musculus", "tissue": "All Tissues"}, {"me": 1.4854170129654256, "pc": 0.7870060281312793, "marker_score": 1.7889221493756782, "symbol": "Trim27", "name": "tripartite motif-containing 27", "organism": "Mus musculus", "tissue": "All Tissues"}, {"me": 1.9182773021941488, "pc": 0.7870060281312793, "marker_score": 1.7749966714872203, "symbol": "Tesc", "name": "tescalcin", "organism": "Mus musculus", "tissue": "All Tissues"}, {"me": 1.6879599001661085, "pc": 0.7749497655726725, "marker_score": 1.7486444279294386, "symbol": "Col9a2", "name": "collagen, type IX, alpha 2", "organism": "Mus musculus", "tissue": "All Tissues"}, {"me": 2.5321121152294963, "pc": 0.8044206296048225, "marker_score": 1.73456695076892, "symbol": "Gm35533", "name": "predicted gene, 35533", "organism": "Mus musculus", "tissue": "All Tissues"}, {"me": 1.5650530743581572, "pc": 0.9196249162759544, "marker_score": 1.7340887871306352, "symbol": "Taf10", "name": "TATA-box binding protein associated factor 10", "organism": "Mus musculus", "tissue": "All Tissues"}, {"me": 1.6297441978594323, "pc": 0.9142665773610181, "marker_score": 1.7336580509314907, "symbol": "Ube2e3", "name": "ubiquitin-conjugating enzyme E2E 3", "organism": "Mus musculus", "tissue": "All Tissues"}, {"me": 3.947799365790355, "pc": 1.0, "marker_score": 1.7278524471141923, "symbol": "Rps26", "name": "ribosomal protein S26", "organism": "Mus musculus", "tissue": "All Tissues"}, {"me": 2.5342196675755035, "pc": 0.9979906229068989, "marker_score": 1.724367062149493, "symbol": "Tle5", "name": "TLE family member 5, transcriptional modulator", "organism": "Mus musculus", "tissue": "All Tissues"}, {"me": 1.3962907909292035, "pc": 0.7568653717347622, "marker_score": 1.7060856392665782, "symbol": "Crtap", "name": "cartilage associated protein", "organism": "Mus musculus", "tissue": "All Tissues"}, {"me": 2.0641146648236637, "pc": 0.9899531145344943, "marker_score": 1.7044740839424226, "symbol": "Cdk4", "name": "cyclin dependent kinase 4", "organism": "Mus musculus", "tissue": "All Tissues"}, {"me": 1.389965539691092, "pc": 0.7575351640991292, "marker_score": 1.6994391437837029, "symbol": "Cd320", "name": "CD320 antigen", "organism": "Mus musculus", "tissue": "All Tissues"}, {"me": 1.5325920881991781, "pc": 0.8352310783657066, "marker_score": 1.6979581434056574, "symbol": "Dag1", "name": "dystroglycan 1", "organism": "Mus musculus", "tissue": "All Tissues"}, {"me": 1.662203217142788, "pc": 0.8660415271265908, "marker_score": 1.6940837283002042, "symbol": "Nudt19", "name": "nudix hydrolase 19", "organism": "Mus musculus", "tissue": "All Tissues"}, {"me": 1.4831765612716195, "pc": 0.8519758874748827, "marker_score": 1.6906614682082912, "symbol": "Hdac2", "name": "histone deacetylase 2", "organism": "Mus musculus", "tissue": "All Tissues"}, {"me": 1.9711319488732992, "pc": 0.9845947756195579, "marker_score": 1.6904222148012418, "symbol": "Atp6v0c", "name": "ATPase, H+ transporting, lysosomal V0 subunit C", "organism": "Mus musculus", "tissue": "All Tissues"}, {"me": 2.7175862793951207, "pc": 0.9986604152712659, "marker_score": 1.6811790862968974, "symbol": "Atp5g3", "name": "ATP synthase, H+ transporting, mitochondrial F0 complex, subunit C3 (subunit 9)", "organism": "Mus musculus", "tissue": "All Tissues"}, {"me": 1.4815137148953745, "pc": 0.7602143335565975, "marker_score": 1.6765839394210773, "symbol": "Fat1", "name": "FAT atypical cadherin 1", "organism": "Mus musculus", "tissue": "All Tissues"}, {"me": 1.5571150007628154, "pc": 0.8231748158070998, "marker_score": 1.6763930512232232, "symbol": "Ctnnd1", "name": "catenin (cadherin associated protein), delta 1", "organism": "Mus musculus", "tissue": "All Tissues"}, {"me": 3.025173881247277, "pc": 0.9108793015477068, "marker_score": 2.6373465473454347, "symbol": "AMH", "name": "anti-Mullerian hormone", "organism": "Homo sapiens", "tissue": "All Tissues"}, {"me": 3.001398784347471, "pc": 0.9717671069788537, "marker_score": 2.2402791641032227, "symbol": "RNASE1", "name": "ribonuclease A family member 1, pancreatic", "organism": "Homo sapiens", "tissue": "All Tissues"}, {"me": 3.009645671472039, "pc": 0.9595498611032371, "marker_score": 2.229505839250127, "symbol": "APOA1", "name": "apolipoprotein A1", "organism": "Homo sapiens", "tissue": "All Tissues"}, {"me": 2.5076019204851754, "pc": 0.8938998809456319, "marker_score": 2.16113310007305, "symbol": "BEX1", "name": "brain expressed X-linked 1", "organism": "Homo sapiens", "tissue": "All Tissues"}, {"me": 2.1316709305092814, "pc": 0.7146663643063665, "marker_score": 1.5122682963468637, "symbol": "INHA", "name": "inhibin subunit alpha", "organism": "Homo sapiens", "tissue": "All Tissues"}, {"me": 2.2866575623228615, "pc": 0.7101026135268439, "marker_score": 1.4622469586159665, "symbol": "MIR202HG", "name": "MIR202 host gene", "organism": "Homo sapiens", "tissue": "All Tissues"}, {"me": 2.3904707973689683, "pc": 0.6814445263336923, "marker_score": 1.351733974423309, "symbol": "CITED1", "name": "Cbp/p300 interacting transactivator with Glu/Asp rich carboxy-terminal domain 1", "organism": "Homo sapiens", "tissue": "All Tissues"}, {"me": 2.3314790138755805, "pc": 0.7691479108793016, "marker_score": 1.2990518930378865, "symbol": "GSTA1", "name": "glutathione S-transferase alpha 1", "organism": "Homo sapiens", "tissue": "All Tissues"}, {"me": 2.0554313259225303, "pc": 0.6183740574862521, "marker_score": 1.2278179435243424, "symbol": "SERPINA5", "name": "serpin family A member 5", "organism": "Homo sapiens", "tissue": "All Tissues"}, {"me": 2.158314441466104, "pc": 0.7455354611939452, "marker_score": 1.0960882250497008, "symbol": "SERPINF1", "name": "serpin family F member 1", "organism": "Homo sapiens", "tissue": "All Tissues"}, {"me": 1.923339237691353, "pc": 0.41107772549464255, "marker_score": 0.7773672949713174, "symbol": "G6PD", "name": "glucose-6-phosphate dehydrogenase", "organism": "Homo sapiens", "tissue": "All Tissues"}, {"me": 3.374879537114133, "pc": 0.9191847610408753, "marker_score": 0.770875020658176, "symbol": "MT-ND4L", "name": "MT-ND4L", "organism": "Homo sapiens", "tissue": "All Tissues"}, {"me": 1.9175178443512075, "pc": 0.4847497023640796, "marker_score": 0.7692696688061005, "symbol": "FSCN1", "name": "fascin actin-bundling protein 1", "organism": "Homo sapiens", "tissue": "All Tissues"}, {"me": 2.151236746520594, "pc": 0.7535858041839106, "marker_score": 0.7629932146053513, "symbol": "COPE", "name": "COPI coat complex subunit epsilon", "organism": "Homo sapiens", "tissue": "All Tissues"}, {"me": 1.8116754382065583, "pc": 0.37862123703157774, "marker_score": 0.7469696974223039, "symbol": "REEP6", "name": "receptor accessory protein 6", "organism": "Homo sapiens", "tissue": "All Tissues"}, {"me": 1.9151348361604512, "pc": 0.33672543794999715, "marker_score": 0.6981442868679947, "symbol": "FATE1", "name": "fetal and adult testis expressed 1", "organism": "Homo sapiens", "tissue": "All Tissues"}, {"me": 2.1845828297810006, "pc": 0.7740234707182947, "marker_score": 0.6955774174321643, "symbol": "MGST3", "name": "microsomal glutathione S-transferase 3", "organism": "Homo sapiens", "tissue": "All Tissues"}, {"me": 2.050969610227812, "pc": 0.5972560802766597, "marker_score": 0.6867785789000262, "symbol": "C4orf48", "name": "chromosome 4 open reading frame 48", "organism": "Homo sapiens", "tissue": "All Tissues"}, {"me": 1.7652963953475131, "pc": 0.3111854413515505, "marker_score": 0.6622871292753526, "symbol": "CTSV", "name": "cathepsin V", "organism": "Homo sapiens", "tissue": "All Tissues"}, {"me": 1.7663700580175763, "pc": 0.3209365610295368, "marker_score": 0.6466385573674629, "symbol": "OBSL1", "name": "obscurin like cytoskeletal adaptor 1", "organism": "Homo sapiens", "tissue": "All Tissues"}, {"me": 1.870154331218941, "pc": 0.2966154543908385, "marker_score": 0.6198399883250261, "symbol": "HERC5", "name": "HECT and RLD domain containing E3 ubiquitin protein ligase 5", "organism": "Homo sapiens", "tissue": "All Tissues"}, {"me": 2.3160333958988, "pc": 0.793809172855604, "marker_score": 0.5505457249121756, "symbol": "SPARC", "name": "secreted protein acidic and cysteine rich", "organism": "Homo sapiens", "tissue": "All Tissues"}, {"me": 1.7831474343813254, "pc": 0.3220987584330177, "marker_score": 0.5481515686869864, "symbol": "TMEM97", "name": "transmembrane protein 97", "organism": "Homo sapiens", "tissue": "All Tissues"}, {"me": 2.6935437735070615, "pc": 0.7385906230511934, "marker_score": 0.5359653544713782, "symbol": "MT-ATP8", "name": "MT-ATP8", "organism": "Homo sapiens", "tissue": "All Tissues"}, {"me": 1.7137993333697825, "pc": 0.22682691762571575, "marker_score": 0.532408823801794, "symbol": "INHBB", "name": "inhibin subunit beta B", "organism": "Homo sapiens", "tissue": "All Tissues"}, {"me": 1.9680093374507652, "pc": 0.5685413005272407, "marker_score": 0.5173661941459471, "symbol": "DDX24", "name": "DEAD-box helicase 24", "organism": "Homo sapiens", "tissue": "All Tissues"}, {"me": 1.7350759177890933, "pc": 0.21571517659731276, "marker_score": 0.517315815088537, "symbol": "KLRK1-AS1", "name": "KLRK1 antisense RNA 1", "organism": "Homo sapiens", "tissue": "All Tissues"}, {"me": 1.6773500351168433, "pc": 0.2219797040648563, "marker_score": 0.4858954326074041, "symbol": "IFI27L1", "name": "interferon alpha inducible protein 27 like 1", "organism": "Homo sapiens", "tissue": "All Tissues"}, {"me": 1.9208137344074845, "pc": 0.3408639945575146, "marker_score": 0.47045967749198137, "symbol": "GADD45G", "name": "growth arrest and DNA damage inducible gamma", "organism": "Homo sapiens", "tissue": "All Tissues"}, {"me": 1.6654824065305835, "pc": 0.20205227053687852, "marker_score": 0.46336077768015604, "symbol": "SUSD3", "name": "sushi domain containing 3", "organism": "Homo sapiens", "tissue": "All Tissues"}, {"me": 1.7236399245428062, "pc": 0.17515165258801518, "marker_score": 0.4551663105073531, "symbol": "BRICD5", "name": "BRICHOS domain containing 5", "organism": "Homo sapiens", "tissue": "All Tissues"}, {"me": 1.8024781829744196, "pc": 0.3468450592437213, "marker_score": 0.446924198703779, "symbol": "GATM", "name": "glycine amidinotransferase", "organism": "Homo sapiens", "tissue": "All Tissues"}, {"me": 1.681781720872241, "pc": 0.16695957820738136, "marker_score": 0.44268951966232595, "symbol": "TNNI3", "name": "troponin I3, cardiac type", "organism": "Homo sapiens", "tissue": "All Tissues"}, {"me": 1.7813511930960764, "pc": 0.33811440557854755, "marker_score": 0.43329057265363524, "symbol": "ISYNA1", "name": "inositol-3-phosphate synthase 1", "organism": "Homo sapiens", "tissue": "All Tissues"}, {"me": 1.6829175093127315, "pc": 0.16075174329610523, "marker_score": 0.43237256344879327, "symbol": "CYP11A1", "name": "cytochrome P450 family 11 subfamily A member 1", "organism": "Homo sapiens", "tissue": "All Tissues"}, {"me": 1.6210365725716205, "pc": 0.15831396337660866, "marker_score": 0.4139874890898175, "symbol": "FDXR", "name": "ferredoxin reductase", "organism": "Homo sapiens", "tissue": "All Tissues"}, {"me": 1.6379104393115942, "pc": 0.14669198934179942, "marker_score": 0.41074031207199396, "symbol": "WNT6", "name": "Wnt family member 6", "organism": "Homo sapiens", "tissue": "All Tissues"}, {"me": 1.6980767805724932, "pc": 0.18827597936390952, "marker_score": 0.39874076243101597, "symbol": "TCEAL2", "name": "transcription elongation factor A like 2", "organism": "Homo sapiens", "tissue": "All Tissues"}, {"me": 1.71679319120376, "pc": 0.23294971370259085, "marker_score": 0.3985047388075632, "symbol": "HLTF", "name": "helicase like transcription factor", "organism": "Homo sapiens", "tissue": "All Tissues"}, {"me": 1.6160081408374536, "pc": 0.1375928340608878, "marker_score": 0.3957199497227566, "symbol": "WT1", "name": "WT1 transcription factor", "organism": "Homo sapiens", "tissue": "All Tissues"}, {"me": 2.1210704679154735, "pc": 0.732411134418051, "marker_score": 0.39107024892601827, "symbol": "BEX3", "name": "brain expressed X-linked 3", "organism": "Homo sapiens", "tissue": "All Tissues"}, {"me": 2.173829378941803, "pc": 0.7505810987017405, "marker_score": 0.3861670321869055, "symbol": "CD99", "name": "CD99 molecule (Xg blood group)", "organism": "Homo sapiens", "tissue": "All Tissues"}, {"me": 1.650181615851436, "pc": 0.1944271217189183, "marker_score": 0.38556841178589113, "symbol": "GATA4", "name": "GATA binding protein 4", "organism": "Homo sapiens", "tissue": "All Tissues"}, {"me": 1.7928867281517138, "pc": 0.34154430523272294, "marker_score": 0.37100875432439695, "symbol": "PABPN1", "name": "poly(A) binding protein nuclear 1", "organism": "Homo sapiens", "tissue": "All Tissues"}, {"me": 1.6444758634316918, "pc": 0.1479392255796814, "marker_score": 0.3596959178130405, "symbol": "SMIM1", "name": "small integral membrane protein 1 (Vel blood group)", "organism": "Homo sapiens", "tissue": "All Tissues"}, {"me": 1.686651357014974, "pc": 0.10884970803333523, "marker_score": 0.34126520759824813, "symbol": "COL2A1", "name": "collagen type II alpha 1 chain", "organism": "Homo sapiens", "tissue": "All Tissues"}, {"me": 1.672055904864277, "pc": 0.2051987074097171, "marker_score": 0.3297598419847432, "symbol": "ERG28", "name": "ergosterol biosynthesis 28 homolog", "organism": "Homo sapiens", "tissue": "All Tissues"}, {"me": 1.7024094833712335, "pc": 0.2493055161857248, "marker_score": 0.32299011673564015, "symbol": "PHGDH", "name": "phosphoglycerate dehydrogenase", "organism": "Homo sapiens", "tissue": "All Tissues"}, {"me": 1.7220126000311309, "pc": 0.09674584727025341, "marker_score": 0.3222173128996786, "symbol": "CLEC4M", "name": "C-type lectin domain family 4 member M", "organism": "Homo sapiens", "tissue": "All Tissues"}, {"me": 1.5916152922378508, "pc": 0.10907647825840468, "marker_score": 0.3203792421002369, "symbol": "MMP15", "name": "matrix metallopeptidase 15", "organism": "Homo sapiens", "tissue": "All Tissues"}, {"me": 1.6959291003999255, "pc": 0.09524349452916832, "marker_score": 0.32005737764533004, "symbol": "PRND", "name": "prion like protein doppel", "organism": "Homo sapiens", "tissue": "All Tissues"}, {"me": 1.7533816616001292, "pc": 0.263421962696298, "marker_score": 0.3175571165888948, "symbol": "SOX9", "name": "SRY-box transcription factor 9", "organism": "Homo sapiens", "tissue": "All Tissues"}, {"me": 1.9192682911475765, "pc": 0.45733885140881003, "marker_score": 0.3154745261023913, "symbol": "ZFAND5", "name": "zinc finger AN1-type containing 5", "organism": "Homo sapiens", "tissue": "All Tissues"}, {"me": 1.5784689931951892, "pc": 0.09515845569476727, "marker_score": 0.31125167283416494, "symbol": "TRIM55", "name": "tripartite motif containing 55", "organism": "Homo sapiens", "tissue": "All Tissues"}, {"me": 1.585756561788695, "pc": 0.09340098645047905, "marker_score": 0.3055353681157402, "symbol": "WIPF3", "name": "WAS/WASL interacting protein family member 3", "organism": "Homo sapiens", "tissue": "All Tissues"}, {"me": 1.8451775710973475, "pc": 0.4370712625432281, "marker_score": 0.29889193478803744, "symbol": "MAGED2", "name": "MAGE family member D2", "organism": "Homo sapiens", "tissue": "All Tissues"}, {"me": 1.7256628812229995, "pc": 0.13779125800782357, "marker_score": 0.2892049972467394, "symbol": "ACSM3", "name": "acyl-CoA synthetase medium chain family member 3", "organism": "Homo sapiens", "tissue": "All Tissues"}, {"me": 1.5939775214137801, "pc": 0.09410964340382108, "marker_score": 0.2866881755945827, "symbol": "SLC27A3", "name": "solute carrier family 27 member 3", "organism": "Homo sapiens", "tissue": "All Tissues"}, {"me": 1.612686577193234, "pc": 0.08651284086399456, "marker_score": 0.2860245729913644, "symbol": "MIR503HG", "name": "MIR503HG", "organism": "Homo sapiens", "tissue": "All Tissues"}, {"me": 1.557928348968388, "pc": 0.07341686036623392, "marker_score": 0.2794421387520111, "symbol": "RIMS4", "name": "regulating synaptic membrane exocytosis 4", "organism": "Homo sapiens", "tissue": "All Tissues"}, {"me": 1.5555928912783752, "pc": 0.07117750439367311, "marker_score": 0.2744036284331425, "symbol": "NUDT11", "name": "nudix hydrolase 11", "organism": "Homo sapiens", "tissue": "All Tissues"}, {"me": 1.6439916013298927, "pc": 0.07140427461874256, "marker_score": 0.2742929023441084, "symbol": "CLEC18B", "name": "C-type lectin domain family 18 member B", "organism": "Homo sapiens", "tissue": "All Tissues"}, {"me": 2.19314257742969, "pc": 0.7962469527751006, "marker_score": 0.2741195492463972, "symbol": "DYNLL1", "name": "dynein light chain LC8-type 1", "organism": "Homo sapiens", "tissue": "All Tissues"}, {"me": 1.7504667915579628, "pc": 0.24990078802653212, "marker_score": 0.2711108577400741, "symbol": "HUWE1", "name": "HECT, UBA and WWE domain containing E3 ubiquitin protein ligase 1", "organism": "Homo sapiens", "tissue": "All Tissues"}, {"me": 3.1403897314318807, "pc": 0.587363229208005, "marker_score": 0.2670385805189292, "symbol": "MTRNR2L12", "name": "MTRNR2L12", "organism": "Homo sapiens", "tissue": "All Tissues"}, {"me": 1.6732723897673547, "pc": 0.06145473099382051, "marker_score": 0.25252033798538154, "symbol": "FAM236A", "name": "family with sequence similarity 236 member A", "organism": "Homo sapiens", "tissue": "All Tissues"}, {"me": 1.603424985965569, "pc": 0.08520891206984522, "marker_score": 0.24700643966397184, "symbol": "MAP3K21", "name": "mitogen-activated protein kinase kinase kinase 21", "organism": "Homo sapiens", "tissue": "All Tissues"}, {"me": 1.59564737577727, "pc": 0.09459153013209366, "marker_score": 0.24414353597103264, "symbol": "FAM98A", "name": "RASGRP3 antisense RNA 1", "organism": "Homo sapiens", "tissue": "All Tissues"}, {"me": 1.5399922664378252, "pc": 0.07083734905606894, "marker_score": 0.24251646560504608, "symbol": "SNTA1", "name": "syntrophin alpha 1", "organism": "Homo sapiens", "tissue": "All Tissues"}, {"me": 1.5894833341309342, "pc": 0.05553035886388117, "marker_score": 0.24051973709984897, "symbol": "NTNG2", "name": "netrin G2", "organism": "Homo sapiens", "tissue": "All Tissues"}, {"me": 2.0804819530631105, "pc": 0.6440841317535008, "marker_score": 0.24001281673802516, "symbol": "CKB", "name": "creatine kinase B", "organism": "Homo sapiens", "tissue": "All Tissues"}, {"me": 1.6200679210614901, "pc": 0.07894438460230171, "marker_score": 0.22958120422514489, "symbol": "COL9A3", "name": "collagen type IX alpha 3 chain", "organism": "Homo sapiens", "tissue": "All Tissues"}, {"me": 1.5526556971284704, "pc": 0.05207211293157209, "marker_score": 0.2292401073344656, "symbol": "HR", "name": "HR lysine demethylase and nuclear receptor corepressor", "organism": "Homo sapiens", "tissue": "All Tissues"}, {"me": 1.743425238952711, "pc": 0.2331764839276603, "marker_score": 0.22705732796113753, "symbol": "PPP1R14A", "name": "protein phosphatase 1 regulatory inhibitor subunit 14A", "organism": "Homo sapiens", "tissue": "All Tissues"}, {"me": 1.5502227295430855, "pc": 0.08158058846873406, "marker_score": 0.22628484857462478, "symbol": "JAM2", "name": "junctional adhesion molecule 2", "organism": "Homo sapiens", "tissue": "All Tissues"}, {"me": 1.5779468792536298, "pc": 0.09371279550994954, "marker_score": 0.2238675281125173, "symbol": "FN3K", "name": "fructosamine 3 kinase", "organism": "Homo sapiens", "tissue": "All Tissues"}, {"me": 1.5436788070542182, "pc": 0.06652871477974942, "marker_score": 0.22304825434469513, "symbol": "IL11RA", "name": "interleukin 11 receptor subunit alpha", "organism": "Homo sapiens", "tissue": "All Tissues"}, {"me": 1.6665526624984666, "pc": 0.05776971483644198, "marker_score": 0.22258033773714944, "symbol": "STAR", "name": "steroidogenic acute regulatory protein", "organism": "Homo sapiens", "tissue": "All Tissues"}, {"me": 1.5314469036405296, "pc": 0.055672090254549576, "marker_score": 0.22061830565836912, "symbol": "ENHO", "name": "energy homeostasis associated", "organism": "Homo sapiens", "tissue": "All Tissues"}, {"me": 1.5114265455674292, "pc": 0.04708316798004422, "marker_score": 0.22059741616890183, "symbol": "AMHR2", "name": "anti-Mullerian hormone receptor type 2", "organism": "Homo sapiens", "tissue": "All Tissues"}, {"me": 1.6693292142309808, "pc": 0.09016951074323941, "marker_score": 0.2190161433427148, "symbol": "FSTL3", "name": "follistatin like 3", "organism": "Homo sapiens", "tissue": "All Tissues"}, {"me": 1.7598941894318676, "pc": 0.3255570043653268, "marker_score": 0.21811966649916012, "symbol": "RBBP7", "name": "RB binding protein 7, chromatin remodeling factor", "organism": "Homo sapiens", "tissue": "All Tissues"}, {"me": 1.5554185986195799, "pc": 0.05229888315664153, "marker_score": 0.21679610047347206, "symbol": "ILDR2", "name": "immunoglobulin like domain containing receptor 2", "organism": "Homo sapiens", "tissue": "All Tissues"}, {"me": 1.558691871279762, "pc": 0.04464538806054765, "marker_score": 0.21427659752943462, "symbol": "ZNF280B", "name": "zinc finger protein 280B", "organism": "Homo sapiens", "tissue": "All Tissues"}, {"me": 1.669424740206979, "pc": 0.1657123419694994, "marker_score": 0.21108881575778515, "symbol": "TSPYL2", "name": "TSPY like 2", "organism": "Homo sapiens", "tissue": "All Tissues"}, {"me": 1.5155923839636543, "pc": 0.04328476671013096, "marker_score": 0.21107028282565157, "symbol": "PHF24", "name": "PHD finger protein 24", "organism": "Homo sapiens", "tissue": "All Tissues"}, {"me": 1.5348138254292119, "pc": 0.04189579908158059, "marker_score": 0.20730699565256155, "symbol": "NUDT10", "name": "nudix hydrolase 10", "organism": "Homo sapiens", "tissue": "All Tissues"}, {"me": 1.5272573018528048, "pc": 0.055076818413742276, "marker_score": 0.2057559491363329, "symbol": "CNTFR", "name": "ciliary neurotrophic factor receptor", "organism": "Homo sapiens", "tissue": "All Tissues"}, {"me": 1.5578448304085908, "pc": 0.05411304495719712, "marker_score": 0.2049291459825469, "symbol": "CAMSAP3", "name": "calmodulin regulated spectrin associated protein family member 3", "organism": "Homo sapiens", "tissue": "All Tissues"}, {"me": 1.5589483916976763, "pc": 0.046657973808039, "marker_score": 0.20449885007731272, "symbol": "CSDC2", "name": "cold shock domain containing C2", "organism": "Homo sapiens", "tissue": "All Tissues"}, {"me": 1.5433266035630053, "pc": 0.05258234593797834, "marker_score": 0.20332443898074637, "symbol": "CHST3", "name": "carbohydrate sulfotransferase 3", "organism": "Homo sapiens", "tissue": "All Tissues"}, {"me": 1.6405833984375, "pc": 0.07086569533420262, "marker_score": 0.20287926501844022, "symbol": "POMC", "name": "proopiomelanocortin", "organism": "Homo sapiens", "tissue": "All Tissues"}, {"me": 1.6505291697427118, "pc": 0.11278984069391688, "marker_score": 0.20211946950962528, "symbol": "PEG3", "name": "paternally expressed 3", "organism": "Homo sapiens", "tissue": "All Tissues"}, {"me": 1.614565741356383, "pc": 0.09992063042122569, "marker_score": 0.1992551096928074, "symbol": "HMGN5", "name": "high mobility group nucleosome binding domain 5", "organism": "Homo sapiens", "tissue": "All Tissues"}, {"me": 1.5767621697882122, "pc": 0.09402460456942004, "marker_score": 0.19250042379584403, "symbol": "GPRC5B", "name": "G protein-coupled receptor class C group 5 member B", "organism": "Homo sapiens", "tissue": "All Tissues"}, {"me": 1.5320550335136702, "pc": 0.03512103860763082, "marker_score": 0.1890198719017523, "symbol": "SYCN", "name": "syncollin", "organism": "Homo sapiens", "tissue": "All Tissues"}, {"me": 1.7013830843758988, "pc": 0.197120018141618, "marker_score": 0.1878921030939762, "symbol": "TMX4", "name": "thioredoxin related transmembrane protein 4", "organism": "Homo sapiens", "tissue": "All Tissues"}, {"me": 1.6817069793205317, "pc": 0.1919043029650207, "marker_score": 0.18667288463274723, "symbol": "HPRT1", "name": "hypoxanthine phosphoribosyltransferase 1", "organism": "Homo sapiens", "tissue": "All Tissues"}, {"me": 1.5225471678462201, "pc": 0.04518396734508759, "marker_score": 0.1848041115583167, "symbol": "ZMYM3", "name": "zinc finger MYM-type containing 3", "organism": "Homo sapiens", "tissue": "All Tissues"}, {"me": 1.5245244495152641, "pc": 0.04294461137252679, "marker_score": 0.18310205184364517, "symbol": "NKX3-1", "name": "NK3 homeobox 1", "organism": "Homo sapiens", "tissue": "All Tissues"}]