[{"me": 3.333816247483704, "pc": 0.8578947368421053, "marker_score": 1.8569603172867588, "symbol": "PRKG1", "name": "protein kinase cGMP-dependent 1", "organism": "Homo sapiens", "tissue": "esophagus"}, {"me": 3.130558558872768, "pc": 0.7736842105263158, "marker_score": 1.703098782033222, "symbol": "DPP10", "name": "dipeptidyl peptidase like 10", "organism": "Homo sapiens", "tissue": "esophagus"}, {"me": 2.925351059227659, "pc": 0.6, "marker_score": 1.1811818562473613, "symbol": "DGKB", "name": "diacylglycerol kinase beta", "organism": "Homo sapiens", "tissue": "esophagus"}, {"me": 2.8695752782729067, "pc": 0.5421052631578948, "marker_score": 1.0528264129954525, "symbol": "HMCN1", "name": "hemicentin 1", "organism": "Homo sapiens", "tissue": "esophagus"}, {"me": 2.835660067471591, "pc": 0.5210526315789473, "marker_score": 1.0134002676631015, "symbol": "GUCY1A1", "name": "guanylate cyclase 1 soluble subunit alpha 1", "organism": "Homo sapiens", "tissue": "esophagus"}, {"me": 2.7994253058182568, "pc": 0.5, "marker_score": 0.9696379478744784, "symbol": "ADAMTSL3", "name": "ADAMTS like 3", "organism": "Homo sapiens", "tissue": "esophagus"}, {"me": 2.904616984915226, "pc": 0.49473684210526314, "marker_score": 0.9598763681326957, "symbol": "ANO1", "name": "anoctamin 1", "organism": "Homo sapiens", "tissue": "esophagus"}, {"me": 2.817146060341283, "pc": 0.5, "marker_score": 0.9594925643975345, "symbol": "SDK1", "name": "sidekick cell adhesion molecule 1", "organism": "Homo sapiens", "tissue": "esophagus"}, {"me": 2.768458775111607, "pc": 0.4789473684210526, "marker_score": 0.9319411370310131, "symbol": "MAGI2", "name": "membrane associated guanylate kinase, WW and PDZ domain containing 2", "organism": "Homo sapiens", "tissue": "esophagus"}, {"me": 2.82162106692136, "pc": 0.4789473684210526, "marker_score": 0.9252278966303416, "symbol": "DLGAP1", "name": "DLG associated protein 1", "organism": "Homo sapiens", "tissue": "esophagus"}, {"me": 2.7780770388516514, "pc": 0.4631578947368421, "marker_score": 0.9082240965624636, "symbol": "PDE3A", "name": "phosphodiesterase 3A", "organism": "Homo sapiens", "tissue": "esophagus"}, {"me": 2.795490958473899, "pc": 0.4631578947368421, "marker_score": 0.9008071221963326, "symbol": "COL19A1", "name": "collagen type XIX alpha 1 chain", "organism": "Homo sapiens", "tissue": "esophagus"}, {"me": 2.667896359465843, "pc": 0.45263157894736844, "marker_score": 0.8885501812198463, "symbol": "ENOX1", "name": "ecto-NOX disulfide-thiol exchanger 1", "organism": "Homo sapiens", "tissue": "esophagus"}, {"me": 2.9948768144772377, "pc": 0.4263157894736842, "marker_score": 0.8263377863275804, "symbol": "FCHSD2", "name": "FCH and double SH3 domains 2", "organism": "Homo sapiens", "tissue": "esophagus"}, {"me": 2.7897195255055145, "pc": 0.4473684210526316, "marker_score": 0.8161246784217762, "symbol": "GPC6", "name": "glypican 6", "organism": "Homo sapiens", "tissue": "esophagus"}, {"me": 2.720120364672517, "pc": 0.38421052631578945, "marker_score": 0.7698986895548026, "symbol": "ADAMTS19", "name": "ADAM metallopeptidase with thrombospondin type 1 motif 19", "organism": "Homo sapiens", "tissue": "esophagus"}, {"me": 2.620846761067708, "pc": 0.39473684210526316, "marker_score": 0.7261954905596584, "symbol": "BMPR2", "name": "bone morphogenetic protein receptor type 2", "organism": "Homo sapiens", "tissue": "esophagus"}, {"me": 2.554395964651397, "pc": 0.3473684210526316, "marker_score": 0.7198548916553664, "symbol": "MEIS2", "name": "Meis homeobox 2", "organism": "Homo sapiens", "tissue": "esophagus"}, {"me": 2.578112746729995, "pc": 0.3473684210526316, "marker_score": 0.7172009485648753, "symbol": "PDE1A", "name": "phosphodiesterase 1A", "organism": "Homo sapiens", "tissue": "esophagus"}, {"me": 2.7662683743149485, "pc": 0.3526315789473684, "marker_score": 0.7161671877303665, "symbol": "ANKRD44", "name": "ankyrin repeat domain 44", "organism": "Homo sapiens", "tissue": "esophagus"}, {"me": 2.675529956817627, "pc": 0.3368421052631579, "marker_score": 0.7044299790566193, "symbol": "ADGRB3", "name": "adhesion G protein-coupled receptor B3", "organism": "Homo sapiens", "tissue": "esophagus"}, {"me": 2.599084036690848, "pc": 0.33157894736842103, "marker_score": 0.6891706680580681, "symbol": "FOXP2", "name": "forkhead box P2", "organism": "Homo sapiens", "tissue": "esophagus"}, {"me": 2.9554787493766623, "pc": 0.49473684210526314, "marker_score": 0.6887441374723722, "symbol": "PTPRG", "name": "protein tyrosine phosphatase receptor type G", "organism": "Homo sapiens", "tissue": "esophagus"}, {"me": 2.743040296766493, "pc": 0.33157894736842103, "marker_score": 0.6886901333605192, "symbol": "DGKH", "name": "diacylglycerol kinase eta", "organism": "Homo sapiens", "tissue": "esophagus"}, {"me": 2.9029456829202585, "pc": 0.45789473684210524, "marker_score": 0.6851767429317894, "symbol": "HDAC9", "name": "histone deacetylase 9", "organism": "Homo sapiens", "tissue": "esophagus"}, {"me": 2.540341486696337, "pc": 0.32105263157894737, "marker_score": 0.6776034488062664, "symbol": "LAMB1", "name": "laminin subunit beta 1", "organism": "Homo sapiens", "tissue": "esophagus"}, {"me": 2.5711209615071615, "pc": 0.3157894736842105, "marker_score": 0.667859455112532, "symbol": "CPA6", "name": "carboxypeptidase A6", "organism": "Homo sapiens", "tissue": "esophagus"}, {"me": 2.590645118995949, "pc": 0.28421052631578947, "marker_score": 0.6215296276075145, "symbol": "SLC2A13", "name": "solute carrier family 2 member 13", "organism": "Homo sapiens", "tissue": "esophagus"}, {"me": 2.600162281709559, "pc": 0.26842105263157895, "marker_score": 0.6004157620330111, "symbol": "PLCE1", "name": "phospholipase C epsilon 1", "organism": "Homo sapiens", "tissue": "esophagus"}, {"me": 2.5399273681640624, "pc": 0.2631578947368421, "marker_score": 0.5897781151505741, "symbol": "KIT", "name": "KIT proto-oncogene, receptor tyrosine kinase", "organism": "Homo sapiens", "tissue": "esophagus"}, {"me": 2.5729587078094482, "pc": 0.3368421052631579, "marker_score": 0.5718541838859731, "symbol": "PARD3", "name": "par-3 family cell polarity regulator", "organism": "Homo sapiens", "tissue": "esophagus"}, {"me": 2.598556680882231, "pc": 0.24736842105263157, "marker_score": 0.5648402629988705, "symbol": "FGF14", "name": "fibroblast growth factor 14", "organism": "Homo sapiens", "tissue": "esophagus"}, {"me": 2.489362965459409, "pc": 0.24210526315789474, "marker_score": 0.5589622171036531, "symbol": "PAM", "name": "peptidylglycine alpha-amidating monooxygenase", "organism": "Homo sapiens", "tissue": "esophagus"}, {"me": 2.6474851820203993, "pc": 0.23684210526315788, "marker_score": 0.5481822384574436, "symbol": "IL1RAPL2", "name": "interleukin 1 receptor accessory protein like 2", "organism": "Homo sapiens", "tissue": "esophagus"}, {"me": 2.734849887424045, "pc": 0.23684210526315788, "marker_score": 0.5432340662311911, "symbol": "LINC02753", "name": "long intergenic non-protein coding RNA 2753", "organism": "Homo sapiens", "tissue": "esophagus"}, {"me": 2.4903912977738814, "pc": 0.23157894736842105, "marker_score": 0.5414751709464366, "symbol": "PLEKHH2", "name": "pleckstrin homology, MyTH4 and FERM domain containing H2", "organism": "Homo sapiens", "tissue": "esophagus"}, {"me": 2.4993690668150434, "pc": 0.22631578947368422, "marker_score": 0.5351871740114759, "symbol": "CTNND2", "name": "catenin delta 2", "organism": "Homo sapiens", "tissue": "esophagus"}, {"me": 2.5762020292736234, "pc": 0.22105263157894736, "marker_score": 0.528760120577559, "symbol": "KCNT2", "name": "potassium sodium-activated channel subfamily T member 2", "organism": "Homo sapiens", "tissue": "esophagus"}, {"me": 2.3748027522389483, "pc": 0.21578947368421053, "marker_score": 0.5215440099803255, "symbol": "RABGAP1L", "name": "RAB GTPase activating protein 1 like", "organism": "Homo sapiens", "tissue": "esophagus"}, {"me": 2.7476476033528647, "pc": 0.22105263157894736, "marker_score": 0.5209368607297578, "symbol": "FBN2", "name": "fibrillin 2", "organism": "Homo sapiens", "tissue": "esophagus"}, {"me": 2.7087398710704984, "pc": 0.22105263157894736, "marker_score": 0.5169329507707882, "symbol": "SLC4A4", "name": "solute carrier family 4 member 4", "organism": "Homo sapiens", "tissue": "esophagus"}, {"me": 2.6125292778015137, "pc": 0.3368421052631579, "marker_score": 0.4983153910312933, "symbol": "CHRM3", "name": "cholinergic receptor muscarinic 3", "organism": "Homo sapiens", "tissue": "esophagus"}, {"me": 2.5521830240885417, "pc": 0.23684210526315788, "marker_score": 0.4957205544126942, "symbol": "CTNNA3", "name": "catenin alpha 3", "organism": "Homo sapiens", "tissue": "esophagus"}, {"me": 2.6649211003230167, "pc": 0.20526315789473684, "marker_score": 0.49426611333097054, "symbol": "IQGAP2", "name": "IQ motif containing GTPase activating protein 2", "organism": "Homo sapiens", "tissue": "esophagus"}, {"me": 2.3868602030986064, "pc": 0.19473684210526315, "marker_score": 0.4874166052633051, "symbol": "PARD3B", "name": "par-3 family cell polarity regulator beta", "organism": "Homo sapiens", "tissue": "esophagus"}, {"me": 2.60619457347973, "pc": 0.19473684210526315, "marker_score": 0.48312856639534896, "symbol": "SLC12A2", "name": "solute carrier family 12 member 2", "organism": "Homo sapiens", "tissue": "esophagus"}, {"me": 2.698258683488176, "pc": 0.19473684210526315, "marker_score": 0.48283043395978176, "symbol": "PPM1E", "name": "protein phosphatase, Mg2+/Mn2+ dependent 1E", "organism": "Homo sapiens", "tissue": "esophagus"}, {"me": 2.510597560716712, "pc": 0.24210526315789474, "marker_score": 0.481571017851419, "symbol": "FAM155A", "name": "NALCN channel auxiliary factor 1", "organism": "Homo sapiens", "tissue": "esophagus"}, {"me": 2.449947466169085, "pc": 0.18421052631578946, "marker_score": 0.47278456860670215, "symbol": "DENND2A", "name": "DENN domain containing 2A", "organism": "Homo sapiens", "tissue": "esophagus"}, {"me": 3.0219064440046037, "pc": 0.29473684210526313, "marker_score": 0.46262394749966174, "symbol": "KCNIP4", "name": "potassium voltage-gated channel interacting protein 4", "organism": "Homo sapiens", "tissue": "esophagus"}, {"me": 2.4908308141371784, "pc": 0.17894736842105263, "marker_score": 0.4620106074990865, "symbol": "OXR1", "name": "oxidation resistance 1", "organism": "Homo sapiens", "tissue": "esophagus"}, {"me": 2.6252246183507584, "pc": 0.17894736842105263, "marker_score": 0.45924005446245203, "symbol": "CNTNAP4", "name": "contactin associated protein family member 4", "organism": "Homo sapiens", "tissue": "esophagus"}, {"me": 2.595691680908203, "pc": 0.17894736842105263, "marker_score": 0.4580779902106051, "symbol": "CARMIL1", "name": "capping protein regulator and myosin 1 linker 1", "organism": "Homo sapiens", "tissue": "esophagus"}, {"me": 2.7977311611175537, "pc": 0.3368421052631579, "marker_score": 0.4572805246906788, "symbol": "MAML2", "name": "mastermind like transcriptional coactivator 2", "organism": "Homo sapiens", "tissue": "esophagus"}, {"me": 2.4219094478722774, "pc": 0.1736842105263158, "marker_score": 0.45099149612047673, "symbol": "NHS", "name": "NHS actin remodeling regulator", "organism": "Homo sapiens", "tissue": "esophagus"}, {"me": 2.441978931427002, "pc": 0.16842105263157894, "marker_score": 0.4460448524916074, "symbol": "ATP10A", "name": "ATPase phospholipid transporting 10A (putative)", "organism": "Homo sapiens", "tissue": "esophagus"}, {"me": 2.9303263346354167, "pc": 0.23684210526315788, "marker_score": 0.4451760420188252, "symbol": "A2M", "name": "alpha-2-macroglobulin", "organism": "Homo sapiens", "tissue": "esophagus"}, {"me": 2.493630886077881, "pc": 0.16842105263157894, "marker_score": 0.444644568102163, "symbol": "CTC-575N7.1", "name": "CTC-575N7.1", "organism": "Homo sapiens", "tissue": "esophagus"}, {"me": 2.518463373184204, "pc": 0.16842105263157894, "marker_score": 0.443633840189499, "symbol": "CPED1", "name": "cadherin like and PC-esterase domain containing 1", "organism": "Homo sapiens", "tissue": "esophagus"}, {"me": 2.5793031126588257, "pc": 0.4789473684210526, "marker_score": 0.43887144144789464, "symbol": "ZBTB20", "name": "zinc finger and BTB domain containing 20", "organism": "Homo sapiens", "tissue": "esophagus"}, {"me": 2.5512545185704387, "pc": 0.1631578947368421, "marker_score": 0.43625134722101355, "symbol": "PTPRD", "name": "protein tyrosine phosphatase receptor type D", "organism": "Homo sapiens", "tissue": "esophagus"}, {"me": 2.390557913944639, "pc": 0.15263157894736842, "marker_score": 0.42185603351790857, "symbol": "CNTN4", "name": "contactin 4", "organism": "Homo sapiens", "tissue": "esophagus"}, {"me": 2.4295174734933034, "pc": 0.14736842105263157, "marker_score": 0.4126570382547436, "symbol": "TANC2", "name": "tetratricopeptide repeat, ankyrin repeat and coiled-coil containing 2", "organism": "Homo sapiens", "tissue": "esophagus"}, {"me": 2.4895801544189453, "pc": 0.14736842105263157, "marker_score": 0.4111265917478364, "symbol": "ROBO1", "name": "roundabout guidance receptor 1", "organism": "Homo sapiens", "tissue": "esophagus"}, {"me": 2.5015871865408763, "pc": 0.14736842105263157, "marker_score": 0.4107495346802378, "symbol": "MYO1D", "name": "myosin ID", "organism": "Homo sapiens", "tissue": "esophagus"}, {"me": 2.4734101472077548, "pc": 0.14210526315789473, "marker_score": 0.4038786699725247, "symbol": "NPAS3", "name": "neuronal PAS domain protein 3", "organism": "Homo sapiens", "tissue": "esophagus"}, {"me": 2.550832228227095, "pc": 0.23157894736842105, "marker_score": 0.4003387102762099, "symbol": "PRKD1", "name": "protein kinase D1", "organism": "Homo sapiens", "tissue": "esophagus"}, {"me": 2.4633407592773438, "pc": 0.1368421052631579, "marker_score": 0.3948078899531073, "symbol": "TOX", "name": "thymocyte selection associated high mobility group box", "organism": "Homo sapiens", "tissue": "esophagus"}, {"me": 2.45256101168119, "pc": 0.1368421052631579, "marker_score": 0.393014655103503, "symbol": "COL8A1", "name": "collagen type VIII alpha 1 chain", "organism": "Homo sapiens", "tissue": "esophagus"}, {"me": 2.3382113647460936, "pc": 0.13157894736842105, "marker_score": 0.38747546125929655, "symbol": "FRMPD4", "name": "FERM and PDZ domain containing 4", "organism": "Homo sapiens", "tissue": "esophagus"}, {"me": 2.6644622802734377, "pc": 0.18421052631578946, "marker_score": 0.38677899642417024, "symbol": "CEMIP2", "name": "cell migration inducing hyaluronidase 2", "organism": "Homo sapiens", "tissue": "esophagus"}, {"me": 2.4403730773925782, "pc": 0.13157894736842105, "marker_score": 0.3837974807303107, "symbol": "RP11-396J6.1", "name": "RP11-396J6.1", "organism": "Homo sapiens", "tissue": "esophagus"}, {"me": 2.3959085083007814, "pc": 0.13157894736842105, "marker_score": 0.3771008497564746, "symbol": "EML4", "name": "EMAP like 4", "organism": "Homo sapiens", "tissue": "esophagus"}, {"me": 2.8960259755452475, "pc": 0.12631578947368421, "marker_score": 0.37289836310039365, "symbol": "ROBO2", "name": "roundabout guidance receptor 2", "organism": "Homo sapiens", "tissue": "esophagus"}, {"me": 2.376766386486235, "pc": 0.11052631578947368, "marker_score": 0.350827535465797, "symbol": "OBSCN", "name": "obscurin, cytoskeletal calmodulin and titin-interacting RhoGEF", "organism": "Homo sapiens", "tissue": "esophagus"}, {"me": 2.296110607328869, "pc": 0.11052631578947368, "marker_score": 0.3496942045211682, "symbol": "MDFIC", "name": "MyoD family inhibitor domain containing", "organism": "Homo sapiens", "tissue": "esophagus"}, {"me": 2.3791580200195312, "pc": 0.11052631578947368, "marker_score": 0.3486482194667895, "symbol": "ARSB", "name": "arylsulfatase B", "organism": "Homo sapiens", "tissue": "esophagus"}, {"me": 2.50927734375, "pc": 0.2894736842105263, "marker_score": 0.34549375176662794, "symbol": "DLG2", "name": "discs large MAGUK scaffold protein 2", "organism": "Homo sapiens", "tissue": "esophagus"}, {"me": 2.3265506744384767, "pc": 0.10526315789473684, "marker_score": 0.341260626241491, "symbol": "MOXD1", "name": "monooxygenase DBH like 1", "organism": "Homo sapiens", "tissue": "esophagus"}, {"me": 2.3804813385009767, "pc": 0.10526315789473684, "marker_score": 0.33844861127177395, "symbol": "TBC1D12", "name": "TBC1 domain family member 12", "organism": "Homo sapiens", "tissue": "esophagus"}, {"me": 2.4524341583251954, "pc": 0.10526315789473684, "marker_score": 0.3361699559824348, "symbol": "WWC1", "name": "WW and C2 domain containing 1", "organism": "Homo sapiens", "tissue": "esophagus"}, {"me": 2.382406134354441, "pc": 0.1, "marker_score": 0.33270840066026464, "symbol": "XPR1", "name": "xenotropic and polytropic retrovirus receptor 1", "organism": "Homo sapiens", "tissue": "esophagus"}, {"me": 2.345219662314967, "pc": 0.1, "marker_score": 0.33259981866426375, "symbol": "SH3KBP1", "name": "SH3 domain containing kinase binding protein 1", "organism": "Homo sapiens", "tissue": "esophagus"}, {"me": 2.2852847450657894, "pc": 0.1, "marker_score": 0.33204586224413435, "symbol": "LINGO2", "name": "leucine rich repeat and Ig domain containing 2", "organism": "Homo sapiens", "tissue": "esophagus"}, {"me": 2.6701136137309827, "pc": 0.1, "marker_score": 0.32888554821526506, "symbol": "ADAMTS3", "name": "ADAM metallopeptidase with thrombospondin type 1 motif 3", "organism": "Homo sapiens", "tissue": "esophagus"}, {"me": 2.5125501723516557, "pc": 0.11052631578947368, "marker_score": 0.3267132197701744, "symbol": "CFH", "name": "complement factor H", "organism": "Homo sapiens", "tissue": "esophagus"}, {"me": 3.075384441174959, "pc": 0.1, "marker_score": 0.32620023426104516, "symbol": "SNTG1", "name": "syntrophin gamma 1", "organism": "Homo sapiens", "tissue": "esophagus"}, {"me": 2.451655337685033, "pc": 0.2, "marker_score": 0.3227290961102741, "symbol": "SEMA3A", "name": "semaphorin 3A", "organism": "Homo sapiens", "tissue": "esophagus"}, {"me": 2.4361383650037975, "pc": 0.09473684210526316, "marker_score": 0.3198049994220775, "symbol": "SVEP1", "name": "sushi, von Willebrand factor type A, EGF and pentraxin domain containing 1", "organism": "Homo sapiens", "tissue": "esophagus"}, {"me": 2.218610551622179, "pc": 0.09473684210526316, "marker_score": 0.31848644267742277, "symbol": "ACSL3", "name": "acyl-CoA synthetase long chain family member 3", "organism": "Homo sapiens", "tissue": "esophagus"}, {"me": 2.3813323974609375, "pc": 0.10526315789473684, "marker_score": 0.31542117228263916, "symbol": "GFOD1", "name": "glucose-fructose oxidoreductase domain containing 1", "organism": "Homo sapiens", "tissue": "esophagus"}, {"me": 2.620380695049579, "pc": 0.1368421052631579, "marker_score": 0.3122806123782267, "symbol": "TMTC2", "name": "transmembrane O-mannosyltransferase targeting cadherins 2", "organism": "Homo sapiens", "tissue": "esophagus"}, {"me": 2.4705033553274056, "pc": 0.1, "marker_score": 0.3067116097814178, "symbol": "TNIK", "name": "TRAF2 and NCK interacting kinase", "organism": "Homo sapiens", "tissue": "esophagus"}, {"me": 2.4879561714504077, "pc": 0.12105263157894737, "marker_score": 0.29851033671668503, "symbol": "NLGN1", "name": "neuroligin 1", "organism": "Homo sapiens", "tissue": "esophagus"}, {"me": 2.4875674777560763, "pc": 0.18947368421052632, "marker_score": 0.2784888126448721, "symbol": "ZSWIM6", "name": "zinc finger SWIM-type containing 6", "organism": "Homo sapiens", "tissue": "esophagus"}, {"me": 2.754030911427624, "pc": 0.5578947368421052, "marker_score": 0.2598424827006617, "symbol": "FOXP1", "name": "forkhead box P1", "organism": "Homo sapiens", "tissue": "esophagus"}, {"me": 2.537783696101262, "pc": 0.2736842105263158, "marker_score": 0.25376396577554, "symbol": "PLCB1", "name": "uncharacterized LOC105372522", "organism": "Homo sapiens", "tissue": "esophagus"}, {"me": 2.2463137978001644, "pc": 0.1, "marker_score": 0.2508396275449123, "symbol": "PRKN", "name": "parkin RBR E3 ubiquitin protein ligase", "organism": "Homo sapiens", "tissue": "esophagus"}, {"me": 2.3470297092344703, "pc": 0.21578947368421053, "marker_score": 0.24035126492597095, "symbol": "MED13L", "name": "mediator complex subunit 13L", "organism": "Homo sapiens", "tissue": "esophagus"}, {"me": 2.367610316122732, "pc": 0.1631578947368421, "marker_score": 0.22005303693304423, "symbol": "IMMP2L", "name": "inner mitochondrial membrane peptidase subunit 2", "organism": "Homo sapiens", "tissue": "esophagus"}, {"me": 1.7555892732408311, "pc": 0.9473684210526315, "marker_score": 2.3339533335378495, "symbol": "TSHZ2", "name": "teashirt zinc finger homeobox 2", "organism": "Homo sapiens", "tissue": "colon"}, {"me": 2.1088728653757194, "pc": 1.0, "marker_score": 1.5757274378891306, "symbol": "MEST", "name": "mesoderm specific transcript", "organism": "Homo sapiens", "tissue": "colon"}, {"me": 1.540746576645795, "pc": 0.8947368421052632, "marker_score": 1.105222509419132, "symbol": "UBE2E3", "name": "ubiquitin conjugating enzyme E2 E3", "organism": "Homo sapiens", "tissue": "colon"}, {"me": 1.5995025634765625, "pc": 0.6842105263157895, "marker_score": 1.0801402259400932, "symbol": "MFAP2", "name": "microfibril associated protein 2", "organism": "Homo sapiens", "tissue": "colon"}, {"me": 1.658784031867981, "pc": 0.8421052631578947, "marker_score": 1.0585051546318183, "symbol": "ATP1B1", "name": "ATPase Na+/K+ transporting subunit beta 1", "organism": "Homo sapiens", "tissue": "colon"}, {"me": 1.6522046602689302, "pc": 0.6842105263157895, "marker_score": 1.0546908227917973, "symbol": "DCN", "name": "decorin", "organism": "Homo sapiens", "tissue": "colon"}, {"me": 1.9461241960525513, "pc": 0.8421052631578947, "marker_score": 1.0529634637828724, "symbol": "IGFBP5", "name": "insulin like growth factor binding protein 5", "organism": "Homo sapiens", "tissue": "colon"}, {"me": 2.831181375603927, "pc": 1.0, "marker_score": 0.9592178610965885, "symbol": "COL3A1", "name": "collagen type III alpha 1 chain", "organism": "Homo sapiens", "tissue": "colon"}, {"me": 1.6204362596784319, "pc": 0.7368421052631579, "marker_score": 0.9023268362673668, "symbol": "FSTL1", "name": "follistatin like 1", "organism": "Homo sapiens", "tissue": "colon"}, {"me": 1.517485838669997, "pc": 0.6842105263157895, "marker_score": 0.7690862827556573, "symbol": "GYPC", "name": "glycophorin C (Gerbich blood group)", "organism": "Homo sapiens", "tissue": "colon"}, {"me": 1.8733343396868025, "pc": 0.7368421052631579, "marker_score": 0.7347753283378616, "symbol": "COL6A2", "name": "collagen type VI alpha 2 chain", "organism": "Homo sapiens", "tissue": "colon"}, {"me": 1.7204553059169225, "pc": 0.7368421052631579, "marker_score": 0.7300237382492264, "symbol": "MEIS2", "name": "Meis homeobox 2", "organism": "Homo sapiens", "tissue": "colon"}, {"me": 2.0566832224527993, "pc": 0.9473684210526315, "marker_score": 0.7184527084086547, "symbol": "COL1A2", "name": "collagen type I alpha 2 chain", "organism": "Homo sapiens", "tissue": "colon"}, {"me": 2.044123888015747, "pc": 0.8421052631578947, "marker_score": 0.6220489653768261, "symbol": "IGFBP2", "name": "insulin like growth factor binding protein 2", "organism": "Homo sapiens", "tissue": "colon"}, {"me": 2.7519187927246094, "pc": 1.0, "marker_score": 0.6049716685510448, "symbol": "LGALS1", "name": "galectin 1", "organism": "Homo sapiens", "tissue": "colon"}, {"me": 2.2600860595703125, "pc": 0.8947368421052632, "marker_score": 0.5385539943728525, "symbol": "HMGN2", "name": "high mobility group nucleosomal binding domain 2", "organism": "Homo sapiens", "tissue": "colon"}, {"me": 1.6358327865600586, "pc": 0.8421052631578947, "marker_score": 0.531197775320509, "symbol": "RP11-84E17.1", "name": "RP11-84E17.1", "organism": "Homo sapiens", "tissue": "colon"}, {"me": 2.887816178171258, "pc": 1.0, "marker_score": 0.5253784174158032, "symbol": "RPS16", "name": "ribosomal protein S16", "organism": "Homo sapiens", "tissue": "colon"}, {"me": 1.6248943328857421, "pc": 0.7894736842105263, "marker_score": 0.49895020360068953, "symbol": "C12orf57", "name": "chromosome 12 open reading frame 57", "organism": "Homo sapiens", "tissue": "colon"}, {"me": 2.0872067903217517, "pc": 1.0, "marker_score": 0.48760093508407976, "symbol": "COL1A1", "name": "collagen type I alpha 1 chain", "organism": "Homo sapiens", "tissue": "colon"}, {"me": 3.3851707860043176, "pc": 1.0, "marker_score": 0.4191154755228086, "symbol": "HNRNPA1", "name": "heterogeneous nuclear ribonucleoprotein A1", "organism": "Homo sapiens", "tissue": "colon"}, {"me": 3.2119562249434623, "pc": 1.0, "marker_score": 0.4090812456413331, "symbol": "RPL23A", "name": "ribosomal protein L23a", "organism": "Homo sapiens", "tissue": "colon"}, {"me": 3.671575847424959, "pc": 1.0, "marker_score": 0.39537391070599165, "symbol": "RPL15", "name": "ribosomal protein L15", "organism": "Homo sapiens", "tissue": "colon"}, {"me": 1.5327379703521729, "pc": 0.8421052631578947, "marker_score": 0.3908811869230596, "symbol": "TSC22D1", "name": "TSC22 domain family member 1", "organism": "Homo sapiens", "tissue": "colon"}, {"me": 1.931124793158637, "pc": 0.9473684210526315, "marker_score": 0.3809892818694106, "symbol": "HMGN1", "name": "high mobility group nucleosome binding domain 1", "organism": "Homo sapiens", "tissue": "colon"}, {"me": 1.5835878708783317, "pc": 0.8947368421052632, "marker_score": 0.3684495117350285, "symbol": "EID1", "name": "EP300 interacting inhibitor of differentiation 1", "organism": "Homo sapiens", "tissue": "colon"}, {"me": 1.838922949398265, "pc": 0.8947368421052632, "marker_score": 0.352186425950629, "symbol": "ZFP36L1", "name": "ZFP36 ring finger protein like 1", "organism": "Homo sapiens", "tissue": "colon"}, {"me": 3.236164093017578, "pc": 1.0, "marker_score": 0.34296936550616963, "symbol": "RPL27A", "name": "ribosomal protein L27a", "organism": "Homo sapiens", "tissue": "colon"}, {"me": 1.7492747673621545, "pc": 0.6842105263157895, "marker_score": 0.34213827605030245, "symbol": "MFAP4", "name": "microfibril associated protein 4", "organism": "Homo sapiens", "tissue": "colon"}, {"me": 1.7487657070159912, "pc": 0.8421052631578947, "marker_score": 0.3387192306336779, "symbol": "HNRNPC", "name": "heterogeneous nuclear ribonucleoprotein C", "organism": "Homo sapiens", "tissue": "colon"}, {"me": 4.164342779862253, "pc": 1.0, "marker_score": 0.3370864889226055, "symbol": "RPL13A", "name": "ribosomal protein L13a", "organism": "Homo sapiens", "tissue": "colon"}, {"me": 1.7409718831380208, "pc": 0.7894736842105263, "marker_score": 0.29519390736581463, "symbol": "LAPTM4A", "name": "lysosomal protein transmembrane 4 alpha", "organism": "Homo sapiens", "tissue": "colon"}, {"me": 1.8358560289655412, "pc": 0.7368421052631579, "marker_score": 0.28661684514668034, "symbol": "HES1", "name": "hes family bHLH transcription factor 1", "organism": "Homo sapiens", "tissue": "colon"}, {"me": 1.751387323651995, "pc": 0.7368421052631579, "marker_score": 0.27341988981902443, "symbol": "SPARCL1", "name": "SPARC like 1", "organism": "Homo sapiens", "tissue": "colon"}, {"me": 1.6453048161097936, "pc": 0.7368421052631579, "marker_score": 0.27327200655385026, "symbol": "HNRNPA3", "name": "heterogeneous nuclear ribonucleoprotein A3", "organism": "Homo sapiens", "tissue": "colon"}, {"me": 2.008012983534071, "pc": 0.9473684210526315, "marker_score": 0.26623119216218005, "symbol": "BEX3", "name": "brain expressed X-linked 3", "organism": "Homo sapiens", "tissue": "colon"}, {"me": 1.857248033796038, "pc": 0.7368421052631579, "marker_score": 0.2500296638076283, "symbol": "SEPTIN7", "name": "septin 7", "organism": "Homo sapiens", "tissue": "colon"}, {"me": 2.33684640181692, "pc": 1.0, "marker_score": 0.24868014767576826, "symbol": "RPS26", "name": "ribosomal protein S26", "organism": "Homo sapiens", "tissue": "colon"}, {"me": 2.1952032791940788, "pc": 1.0, "marker_score": 0.2431802745920184, "symbol": "HMGB1", "name": "high mobility group box 1", "organism": "Homo sapiens", "tissue": "colon"}, {"me": 2.7181818108809623, "pc": 1.0, "marker_score": 0.24133097737913733, "symbol": "RPS20", "name": "ribosomal protein S20", "organism": "Homo sapiens", "tissue": "colon"}, {"me": 2.4329101160952917, "pc": 1.0, "marker_score": 0.23417674641939812, "symbol": "NPM1", "name": "nucleophosmin 1", "organism": "Homo sapiens", "tissue": "colon"}, {"me": 2.514596236379523, "pc": 1.0, "marker_score": 0.2281534506888035, "symbol": "MDK", "name": "midkine", "organism": "Homo sapiens", "tissue": "colon"}, {"me": 3.7461712485865544, "pc": 1.0, "marker_score": 0.22534075345406862, "symbol": "RPL21", "name": "ribosomal protein L21", "organism": "Homo sapiens", "tissue": "colon"}, {"me": 3.396042271664268, "pc": 1.0, "marker_score": 0.2165131215540825, "symbol": "RPS27A", "name": "ribosomal protein S27a", "organism": "Homo sapiens", "tissue": "colon"}, {"me": 3.011796047813014, "pc": 1.0, "marker_score": 0.21554934750016702, "symbol": "RPS7", "name": "ribosomal protein S7", "organism": "Homo sapiens", "tissue": "colon"}, {"me": 2.858987707840769, "pc": 1.0, "marker_score": 0.21384404248605918, "symbol": "RPL31", "name": "ribosomal protein L31", "organism": "Homo sapiens", "tissue": "colon"}, {"me": 3.1607955129523027, "pc": 1.0, "marker_score": 0.20759385610921866, "symbol": "RPL35A", "name": "ribosomal protein L35a", "organism": "Homo sapiens", "tissue": "colon"}, {"me": 2.0452954909380745, "pc": 0.8947368421052632, "marker_score": 0.19219881291492624, "symbol": "NAP1L1", "name": "nucleosome assembly protein 1 like 1", "organism": "Homo sapiens", "tissue": "colon"}, {"me": 1.7624943072979267, "pc": 0.6842105263157895, "marker_score": 0.18812329645068848, "symbol": "KCNQ1OT1", "name": "KCNQ1 opposite strand/antisense transcript 1", "organism": "Homo sapiens", "tissue": "colon"}, {"me": 2.474425667210629, "pc": 1.0, "marker_score": 0.18768539668706233, "symbol": "RPL4", "name": "ribosomal protein L4", "organism": "Homo sapiens", "tissue": "colon"}, {"me": 3.1132856670178866, "pc": 1.0, "marker_score": 0.18170835004855704, "symbol": "RPL6", "name": "ribosomal protein L6", "organism": "Homo sapiens", "tissue": "colon"}, {"me": 1.7423171997070312, "pc": 0.8947368421052632, "marker_score": 0.16394335117220094, "symbol": "HNRNPDL", "name": "heterogeneous nuclear ribonucleoprotein D like", "organism": "Homo sapiens", "tissue": "colon"}, {"me": 1.7364477581448026, "pc": 0.9473684210526315, "marker_score": 0.16198126475255048, "symbol": "ITM2C", "name": "integral membrane protein 2C", "organism": "Homo sapiens", "tissue": "colon"}, {"me": 1.7308425903320312, "pc": 0.8947368421052632, "marker_score": 0.15634148335617074, "symbol": "CCNI", "name": "cyclin I", "organism": "Homo sapiens", "tissue": "colon"}, {"me": 1.6491399492536272, "pc": 0.7368421052631579, "marker_score": 0.1550837531828645, "symbol": "SSR2", "name": "signal sequence receptor subunit 2", "organism": "Homo sapiens", "tissue": "colon"}, {"me": 1.503845469156901, "pc": 0.7894736842105263, "marker_score": 0.1517372912623679, "symbol": "EIF3H", "name": "eukaryotic translation initiation factor 3 subunit H", "organism": "Homo sapiens", "tissue": "colon"}, {"me": 2.6977703696803044, "pc": 1.0, "marker_score": 0.15022914994613157, "symbol": "H3-3B", "name": "H3.3 histone B", "organism": "Homo sapiens", "tissue": "colon"}, {"me": 2.40251320286801, "pc": 1.0, "marker_score": 0.14918251423561485, "symbol": "RPL27", "name": "ribosomal protein L27", "organism": "Homo sapiens", "tissue": "colon"}, {"me": 3.1566105892783716, "pc": 1.0, "marker_score": 0.14815578957707667, "symbol": "RPL30", "name": "ribosomal protein L30", "organism": "Homo sapiens", "tissue": "colon"}, {"me": 1.7684925624302454, "pc": 0.7368421052631579, "marker_score": 0.1465533273570449, "symbol": "HNRNPA0", "name": "heterogeneous nuclear ribonucleoprotein A0", "organism": "Homo sapiens", "tissue": "colon"}, {"me": 2.47545724166067, "pc": 1.0, "marker_score": 0.09895170857817011, "symbol": "RPS11", "name": "ribosomal protein S11", "organism": "Homo sapiens", "tissue": "colon"}, {"me": 1.8722522442157452, "pc": 0.6842105263157895, "marker_score": 0.0966821784372196, "symbol": "SET", "name": "SET nuclear proto-oncogene", "organism": "Homo sapiens", "tissue": "colon"}, {"me": 1.7661142910228056, "pc": 0.8947368421052632, "marker_score": 0.09629112521512023, "symbol": "EIF4A2", "name": "eukaryotic translation initiation factor 4A2", "organism": "Homo sapiens", "tissue": "colon"}, {"me": 3.0554687098452917, "pc": 1.0, "marker_score": 0.09426025065020839, "symbol": "RPL9", "name": "ribosomal protein L9", "organism": "Homo sapiens", "tissue": "colon"}, {"me": 2.852696468955592, "pc": 1.0, "marker_score": 0.08952466414373272, "symbol": "RPS13", "name": "ribosomal protein S13", "organism": "Homo sapiens", "tissue": "colon"}, {"me": 3.031951904296875, "pc": 1.0, "marker_score": 0.08696814443751327, "symbol": "RPL5", "name": "ribosomal protein L5", "organism": "Homo sapiens", "tissue": "colon"}, {"me": 1.439517094538762, "pc": 0.6842105263157895, "marker_score": 0.08526841672348155, "symbol": "UBE2D3", "name": "ubiquitin conjugating enzyme E2 D3", "organism": "Homo sapiens", "tissue": "colon"}, {"me": 3.428755107678865, "pc": 1.0, "marker_score": 0.08393301579646566, "symbol": "ACTG1", "name": "actin gamma 1", "organism": "Homo sapiens", "tissue": "colon"}, {"me": 3.5144757722553455, "pc": 1.0, "marker_score": 0.07584011288110298, "symbol": "RPS15A", "name": "ribosomal protein S15a", "organism": "Homo sapiens", "tissue": "colon"}, {"me": 3.67801907188014, "pc": 1.0, "marker_score": 0.07368517602833127, "symbol": "RPS12", "name": "ribosomal protein S12", "organism": "Homo sapiens", "tissue": "colon"}, {"me": 1.6754926443099976, "pc": 0.8421052631578947, "marker_score": 0.07326515538764794, "symbol": "HNRNPK", "name": "heterogeneous nuclear ribonucleoprotein K", "organism": "Homo sapiens", "tissue": "colon"}, {"me": 5.293692337839227, "pc": 1.0, "marker_score": 0.07033532206535828, "symbol": "MALAT1", "name": "metastasis associated lung adenocarcinoma transcript 1", "organism": "Homo sapiens", "tissue": "colon"}, {"me": 3.357410430908203, "pc": 1.0, "marker_score": 0.0668679937673234, "symbol": "RPL7", "name": "ribosomal protein L7", "organism": "Homo sapiens", "tissue": "colon"}, {"me": 4.77391212864926, "pc": 1.0, "marker_score": 0.05377845428007476, "symbol": "EEF1A1", "name": "eukaryotic translation elongation factor 1 alpha 1", "organism": "Homo sapiens", "tissue": "colon"}, {"me": 1.7938716411590576, "pc": 0.8421052631578947, "marker_score": 0.044283762150530086, "symbol": "SOX4", "name": "SRY-box transcription factor 4", "organism": "Homo sapiens", "tissue": "colon"}, {"me": 2.8665205302991366, "pc": 1.0, "marker_score": 0.03913173845797317, "symbol": "RPS17", "name": "ribosomal protein S17", "organism": "Homo sapiens", "tissue": "colon"}, {"me": 3.3768744217722038, "pc": 1.0, "marker_score": 0.035094101800096714, "symbol": "RPL37A", "name": "ribosomal protein L37a", "organism": "Homo sapiens", "tissue": "colon"}, {"me": 4.120905022872122, "pc": 1.0, "marker_score": 0.0044684445511193535, "symbol": "RPL41", "name": "ribosomal protein L41", "organism": "Homo sapiens", "tissue": "colon"}, {"me": 1.6650191859195107, "pc": 1.0, "marker_score": 0.0040727139026862265, "symbol": "EIF3E", "name": "eukaryotic translation initiation factor 3 subunit E", "organism": "Homo sapiens", "tissue": "colon"}, {"me": 3.689792833830181, "pc": 1.0, "marker_score": 0.003896155153731499, "symbol": "RPS8", "name": "ribosomal protein S8", "organism": "Homo sapiens", "tissue": "colon"}, {"me": 1.8532101435334933, "pc": 0.8171896316507503, "marker_score": 1.757176448700507, "symbol": "MEST", "name": "mesoderm specific transcript", "organism": "Homo sapiens", "tissue": "small intestine"}, {"me": 1.9081913117439515, "pc": 0.8458390177353342, "marker_score": 1.7313396950689537, "symbol": "SPON2", "name": "spondin 2", "organism": "Homo sapiens", "tissue": "small intestine"}, {"me": 1.761805565348601, "pc": 0.7557980900409277, "marker_score": 1.6615232396847208, "symbol": "TSHZ2", "name": "teashirt zinc finger homeobox 2", "organism": "Homo sapiens", "tissue": "small intestine"}, {"me": 1.9295989461027818, "pc": 0.7080491132332879, "marker_score": 1.4236249351372068, "symbol": "PLAT", "name": "plasminogen activator, tissue type", "organism": "Homo sapiens", "tissue": "small intestine"}, {"me": 1.783030010699453, "pc": 0.8417462482946794, "marker_score": 1.2805945991792707, "symbol": "MEIS2", "name": "Meis homeobox 2", "organism": "Homo sapiens", "tissue": "small intestine"}, {"me": 1.6837339005380307, "pc": 0.723055934515689, "marker_score": 1.26471721511155, "symbol": "MFAP2", "name": "microfibril associated protein 2", "organism": "Homo sapiens", "tissue": "small intestine"}, {"me": 1.8470351779768004, "pc": 0.582537517053206, "marker_score": 1.1087236482402874, "symbol": "FHL2", "name": "four and a half LIM domains 2", "organism": "Homo sapiens", "tissue": "small intestine"}, {"me": 1.6825014269849652, "pc": 0.6862210095497954, "marker_score": 0.9051260752410242, "symbol": "BST2", "name": "bone marrow stromal cell antigen 2", "organism": "Homo sapiens", "tissue": "small intestine"}, {"me": 3.2653236702696917, "pc": 0.9959072305593452, "marker_score": 0.8881138592454116, "symbol": "LGALS1", "name": "galectin 1", "organism": "Homo sapiens", "tissue": "small intestine"}, {"me": 1.9025256420461605, "pc": 0.6862210095497954, "marker_score": 0.7863708316082695, "symbol": "IGFBP5", "name": "insulin like growth factor binding protein 5", "organism": "Homo sapiens", "tissue": "small intestine"}, {"me": 1.5809715644462958, "pc": 0.39017735334242837, "marker_score": 0.7852589484984607, "symbol": "FBLN5", "name": "fibulin 5", "organism": "Homo sapiens", "tissue": "small intestine"}, {"me": 1.5733898882339858, "pc": 0.38335607094133695, "marker_score": 0.7749273875740007, "symbol": "TCF21", "name": "transcription factor 21", "organism": "Homo sapiens", "tissue": "small intestine"}, {"me": 1.835282633331645, "pc": 0.8417462482946794, "marker_score": 0.7393283556720663, "symbol": "MFAP4", "name": "microfibril associated protein 4", "organism": "Homo sapiens", "tissue": "small intestine"}, {"me": 1.5150091317983774, "pc": 0.35470668485675305, "marker_score": 0.7330550287553714, "symbol": "PCDH18", "name": "protocadherin 18", "organism": "Homo sapiens", "tissue": "small intestine"}, {"me": 2.1650658969221444, "pc": 0.6330150068212824, "marker_score": 0.7321047575618698, "symbol": "PTN", "name": "pleiotrophin", "organism": "Homo sapiens", "tissue": "small intestine"}, {"me": 1.5123919389379306, "pc": 0.34652114597544337, "marker_score": 0.7197435381788477, "symbol": "ELN", "name": "elastin", "organism": "Homo sapiens", "tissue": "small intestine"}, {"me": 1.8269074003575212, "pc": 0.8049113233287858, "marker_score": 0.7100525340851611, "symbol": "MAGED2", "name": "MAGE family member D2", "organism": "Homo sapiens", "tissue": "small intestine"}, {"me": 1.6192886545688292, "pc": 0.538881309686221, "marker_score": 0.6864566755580512, "symbol": "COL6A3", "name": "collagen type VI alpha 3 chain", "organism": "Homo sapiens", "tissue": "small intestine"}, {"me": 1.500082902082308, "pc": 0.34652114597544337, "marker_score": 0.6783816788935491, "symbol": "CLEC11A", "name": "C-type lectin domain containing 11A", "organism": "Homo sapiens", "tissue": "small intestine"}, {"me": 2.154716314271439, "pc": 0.9386084583901774, "marker_score": 0.6778657074223942, "symbol": "SPARCL1", "name": "SPARC like 1", "organism": "Homo sapiens", "tissue": "small intestine"}, {"me": 1.7673373752170138, "pc": 0.31923601637107774, "marker_score": 0.6660024499943947, "symbol": "EDN3", "name": "endothelin 3", "organism": "Homo sapiens", "tissue": "small intestine"}, {"me": 1.8172035336868142, "pc": 0.8703956343792633, "marker_score": 0.6632003683523813, "symbol": "ITM2C", "name": "integral membrane protein 2C", "organism": "Homo sapiens", "tissue": "small intestine"}, {"me": 3.054126843728654, "pc": 0.9986357435197817, "marker_score": 0.6569160448901827, "symbol": "RPS7", "name": "ribosomal protein S7", "organism": "Homo sapiens", "tissue": "small intestine"}, {"me": 1.6157453488080928, "pc": 0.5320600272851296, "marker_score": 0.6550138222319615, "symbol": "EMILIN1", "name": "elastin microfibril interfacer 1", "organism": "Homo sapiens", "tissue": "small intestine"}, {"me": 3.5971503160172236, "pc": 1.0, "marker_score": 0.65495629692695, "symbol": "ACTG1", "name": "actin gamma 1", "organism": "Homo sapiens", "tissue": "small intestine"}, {"me": 1.5497998237609862, "pc": 0.43656207366984995, "marker_score": 0.6383016107157105, "symbol": "THY1", "name": "Thy-1 cell surface antigen", "organism": "Homo sapiens", "tissue": "small intestine"}, {"me": 1.5226305225227452, "pc": 0.32332878581173263, "marker_score": 0.634195437350103, "symbol": "HIC1", "name": "HIC ZBTB transcriptional repressor 1", "organism": "Homo sapiens", "tissue": "small intestine"}, {"me": 1.8534185291526322, "pc": 0.6834924965893588, "marker_score": 0.6190429662821781, "symbol": "HBG2", "name": "hemoglobin subunit gamma 2", "organism": "Homo sapiens", "tissue": "small intestine"}, {"me": 1.7407860165550595, "pc": 0.286493860845839, "marker_score": 0.6153667987642373, "symbol": "ASPN", "name": "asporin", "organism": "Homo sapiens", "tissue": "small intestine"}, {"me": 2.0002529930522424, "pc": 0.7148703956343793, "marker_score": 0.6100519530075715, "symbol": "IGF2", "name": "insulin like growth factor 2", "organism": "Homo sapiens", "tissue": "small intestine"}, {"me": 1.5940080397199876, "pc": 0.2755798090040928, "marker_score": 0.60685289031857, "symbol": "HTRA3", "name": "HtrA serine peptidase 3", "organism": "Homo sapiens", "tissue": "small intestine"}, {"me": 1.4617742421675701, "pc": 0.2673942701227831, "marker_score": 0.5986480834797798, "symbol": "FKBP10", "name": "FKBP prolyl isomerase 10", "organism": "Homo sapiens", "tissue": "small intestine"}, {"me": 1.576995849609375, "pc": 0.27012278308321963, "marker_score": 0.596886419327065, "symbol": "CCDC80", "name": "coiled-coil domain containing 80", "organism": "Homo sapiens", "tissue": "small intestine"}, {"me": 1.5865234689614207, "pc": 0.2646657571623465, "marker_score": 0.5942595253396635, "symbol": "NPR3", "name": "natriuretic peptide receptor 3", "organism": "Homo sapiens", "tissue": "small intestine"}, {"me": 1.7119406960227272, "pc": 0.5252387448840382, "marker_score": 0.5598498246854796, "symbol": "DCN", "name": "decorin", "organism": "Homo sapiens", "tissue": "small intestine"}, {"me": 2.0883851132150424, "pc": 0.8854024556616644, "marker_score": 0.5580029883364319, "symbol": "COL1A1", "name": "collagen type I alpha 1 chain", "organism": "Homo sapiens", "tissue": "small intestine"}, {"me": 1.9236831665039062, "pc": 0.9167803547066848, "marker_score": 0.5504055444262446, "symbol": "HMGN1", "name": "high mobility group nucleosome binding domain 1", "organism": "Homo sapiens", "tissue": "small intestine"}, {"me": 2.2670903791461074, "pc": 0.31105047748976805, "marker_score": 0.5417591748314795, "symbol": "CTSL", "name": "cathepsin L", "organism": "Homo sapiens", "tissue": "small intestine"}, {"me": 1.7654027574844944, "pc": 0.7148703956343793, "marker_score": 0.5362146844135349, "symbol": "COL6A2", "name": "collagen type VI alpha 2 chain", "organism": "Homo sapiens", "tissue": "small intestine"}, {"me": 1.765101800962936, "pc": 0.2933151432469304, "marker_score": 0.5263108535648536, "symbol": "LUM", "name": "lumican", "organism": "Homo sapiens", "tissue": "small intestine"}, {"me": 1.467472749597886, "pc": 0.208731241473397, "marker_score": 0.5096861823819279, "symbol": "FAM110B", "name": "family with sequence similarity 110 member B", "organism": "Homo sapiens", "tissue": "small intestine"}, {"me": 2.171830206692052, "pc": 0.9740791268758526, "marker_score": 0.4976193534535043, "symbol": "COL3A1", "name": "collagen type III alpha 1 chain", "organism": "Homo sapiens", "tissue": "small intestine"}, {"me": 1.4932262023649605, "pc": 0.3015006821282401, "marker_score": 0.4975303561059299, "symbol": "OLFML3", "name": "olfactomedin like 3", "organism": "Homo sapiens", "tissue": "small intestine"}, {"me": 2.816475573881173, "pc": 0.9945429740791268, "marker_score": 0.4975030703145107, "symbol": "RPS16", "name": "ribosomal protein S16", "organism": "Homo sapiens", "tissue": "small intestine"}, {"me": 1.5019030184359163, "pc": 0.2019099590723056, "marker_score": 0.4967058424901022, "symbol": "PDGFRA", "name": "platelet derived growth factor receptor alpha", "organism": "Homo sapiens", "tissue": "small intestine"}, {"me": 1.5867410939890187, "pc": 0.19508867667121418, "marker_score": 0.4838520804551695, "symbol": "PRSS35", "name": "serine protease 35", "organism": "Homo sapiens", "tissue": "small intestine"}, {"me": 2.527111147527825, "pc": 0.9959072305593452, "marker_score": 0.4804205093810977, "symbol": "MDK", "name": "midkine", "organism": "Homo sapiens", "tissue": "small intestine"}, {"me": 1.8401225650825375, "pc": 0.8212824010914052, "marker_score": 0.474672473025037, "symbol": "TPI1", "name": "triosephosphate isomerase 1", "organism": "Homo sapiens", "tissue": "small intestine"}, {"me": 1.9513390582540762, "pc": 0.878581173260573, "marker_score": 0.47444642940300746, "symbol": "COL1A2", "name": "collagen type I alpha 2 chain", "organism": "Homo sapiens", "tissue": "small intestine"}, {"me": 1.4971972834454836, "pc": 0.1869031377899045, "marker_score": 0.47408053604784034, "symbol": "PTGER3", "name": "prostaglandin E receptor 3", "organism": "Homo sapiens", "tissue": "small intestine"}, {"me": 3.1447843958119877, "pc": 0.9986357435197817, "marker_score": 0.4722348762732197, "symbol": "RPL23A", "name": "ribosomal protein L23a", "organism": "Homo sapiens", "tissue": "small intestine"}, {"me": 1.5314304517663044, "pc": 0.21964529331514324, "marker_score": 0.4688746092095895, "symbol": "PEG10", "name": "paternally expressed 10", "organism": "Homo sapiens", "tissue": "small intestine"}, {"me": 1.5320851252629206, "pc": 0.17735334242837653, "marker_score": 0.4598367901924667, "symbol": "BCHE", "name": "butyrylcholinesterase", "organism": "Homo sapiens", "tissue": "small intestine"}, {"me": 1.586009490184295, "pc": 0.5320600272851296, "marker_score": 0.4579284658354813, "symbol": "GYPC", "name": "glycophorin C (Gerbich blood group)", "organism": "Homo sapiens", "tissue": "small intestine"}, {"me": 1.8373176201240167, "pc": 0.7803547066848567, "marker_score": 0.45737390307546955, "symbol": "TPM4", "name": "tropomyosin 4", "organism": "Homo sapiens", "tissue": "small intestine"}, {"me": 1.498295461098979, "pc": 0.17326057298772168, "marker_score": 0.4522643088281111, "symbol": "GUCY1A1", "name": "guanylate cyclase 1 soluble subunit alpha 1", "organism": "Homo sapiens", "tissue": "small intestine"}, {"me": 1.6181731224060059, "pc": 0.17462482946793997, "marker_score": 0.45205311685958616, "symbol": "C7", "name": "complement C7", "organism": "Homo sapiens", "tissue": "small intestine"}, {"me": 2.6302856277402853, "pc": 0.9918144611186903, "marker_score": 0.44785962559895837, "symbol": "RPS20", "name": "ribosomal protein S20", "organism": "Homo sapiens", "tissue": "small intestine"}, {"me": 1.648553554527079, "pc": 0.6643929058663028, "marker_score": 0.446127509775428, "symbol": "C12orf57", "name": "chromosome 12 open reading frame 57", "organism": "Homo sapiens", "tissue": "small intestine"}, {"me": 1.421211956216277, "pc": 0.18963165075034105, "marker_score": 0.4448869641219026, "symbol": "FGFR1", "name": "fibroblast growth factor receptor 1", "organism": "Homo sapiens", "tissue": "small intestine"}, {"me": 1.4703098745907055, "pc": 0.1855388813096862, "marker_score": 0.4425333318386483, "symbol": "FBN2", "name": "fibrillin 2", "organism": "Homo sapiens", "tissue": "small intestine"}, {"me": 1.6021601176090379, "pc": 0.5688949522510232, "marker_score": 0.4399374010512459, "symbol": "COL6A1", "name": "collagen type VI alpha 1 chain", "organism": "Homo sapiens", "tissue": "small intestine"}, {"me": 1.552792752173639, "pc": 0.4229195088676671, "marker_score": 0.43530721179882853, "symbol": "TGFB1I1", "name": "transforming growth factor beta 1 induced transcript 1", "organism": "Homo sapiens", "tissue": "small intestine"}, {"me": 1.5611323169153979, "pc": 0.15961800818553887, "marker_score": 0.4349326668430053, "symbol": "OSR1", "name": "odd-skipped related transcription factor 1", "organism": "Homo sapiens", "tissue": "small intestine"}, {"me": 1.560566567474941, "pc": 0.3615279672578445, "marker_score": 0.43215999416985607, "symbol": "NDN", "name": "necdin, MAGE family member", "organism": "Homo sapiens", "tissue": "small intestine"}, {"me": 3.9595066294338337, "pc": 1.0, "marker_score": 0.4317399310425539, "symbol": "RPL13A", "name": "ribosomal protein L13a", "organism": "Homo sapiens", "tissue": "small intestine"}, {"me": 3.1229549475613916, "pc": 1.0, "marker_score": 0.4190711886231251, "symbol": "HNRNPA1", "name": "heterogeneous nuclear ribonucleoprotein A1", "organism": "Homo sapiens", "tissue": "small intestine"}, {"me": 1.6307353721759565, "pc": 0.5170532060027285, "marker_score": 0.418622864164599, "symbol": "HBA2", "name": "hemoglobin subunit alpha 2", "organism": "Homo sapiens", "tissue": "small intestine"}, {"me": 1.4143014610360523, "pc": 0.14870395634379263, "marker_score": 0.41488405157899333, "symbol": "CNTFR", "name": "ciliary neurotrophic factor receptor", "organism": "Homo sapiens", "tissue": "small intestine"}, {"me": 1.8025581428596564, "pc": 0.15143246930422918, "marker_score": 0.41339754923520766, "symbol": "SOSTDC1", "name": "sclerostin domain containing 1", "organism": "Homo sapiens", "tissue": "small intestine"}, {"me": 1.4566514915395006, "pc": 0.14597544338335608, "marker_score": 0.40976153167998725, "symbol": "ZFHX4", "name": "zinc finger homeobox 4", "organism": "Homo sapiens", "tissue": "small intestine"}, {"me": 1.7279293875162454, "pc": 0.7216916780354706, "marker_score": 0.4050877673932237, "symbol": "LAPTM4A", "name": "lysosomal protein transmembrane 4 alpha", "organism": "Homo sapiens", "tissue": "small intestine"}, {"me": 1.554297613990681, "pc": 0.3042291950886767, "marker_score": 0.4037302451158729, "symbol": "FBLN1", "name": "fibulin 1", "organism": "Homo sapiens", "tissue": "small intestine"}, {"me": 1.8865334724616325, "pc": 0.7667121418826739, "marker_score": 0.4019383129713921, "symbol": "LDHA", "name": "lactate dehydrogenase A", "organism": "Homo sapiens", "tissue": "small intestine"}, {"me": 1.7100480429491205, "pc": 0.27148703956343795, "marker_score": 0.4006148641165283, "symbol": "ETV1", "name": "ETS variant transcription factor 1", "organism": "Homo sapiens", "tissue": "small intestine"}, {"me": 1.888247274675355, "pc": 0.91268758526603, "marker_score": 0.39627843273477986, "symbol": "RBP1", "name": "retinol binding protein 1", "organism": "Homo sapiens", "tissue": "small intestine"}, {"me": 1.6087857759915865, "pc": 0.2305593451568895, "marker_score": 0.3868422260323915, "symbol": "OGN", "name": "osteoglycin", "organism": "Homo sapiens", "tissue": "small intestine"}, {"me": 1.5235507611146908, "pc": 0.13233287858117326, "marker_score": 0.3859651803297367, "symbol": "FIBIN", "name": "fin bud initiation factor homolog", "organism": "Homo sapiens", "tissue": "small intestine"}, {"me": 1.6315821279393565, "pc": 0.2755798090040928, "marker_score": 0.375428204925033, "symbol": "SFRP1", "name": "secreted frizzled related protein 1", "organism": "Homo sapiens", "tissue": "small intestine"}, {"me": 1.4908065795898438, "pc": 0.12005457025920874, "marker_score": 0.36648973587585487, "symbol": "KCNN3", "name": "potassium calcium-activated channel subfamily N member 3", "organism": "Homo sapiens", "tissue": "small intestine"}, {"me": 1.7845398619934754, "pc": 0.7448840381991815, "marker_score": 0.3593064873722327, "symbol": "SEPTIN7", "name": "septin 7", "organism": "Homo sapiens", "tissue": "small intestine"}, {"me": 1.4811013793945313, "pc": 0.2728512960436562, "marker_score": 0.3535225245039515, "symbol": "LTBP4", "name": "latent transforming growth factor beta binding protein 4", "organism": "Homo sapiens", "tissue": "small intestine"}, {"me": 1.4692711046006945, "pc": 0.3069577080491132, "marker_score": 0.3526737154202752, "symbol": "NFIA", "name": "nuclear factor I A", "organism": "Homo sapiens", "tissue": "small intestine"}, {"me": 1.368098258972168, "pc": 0.10914051841746249, "marker_score": 0.34899027576299996, "symbol": "ISLR", "name": "immunoglobulin superfamily containing leucine rich repeat", "organism": "Homo sapiens", "tissue": "small intestine"}, {"me": 3.5562610730447406, "pc": 0.9986357435197817, "marker_score": 0.3472030992025303, "symbol": "RPL15", "name": "ribosomal protein L15", "organism": "Homo sapiens", "tissue": "small intestine"}, {"me": 1.5482090775684645, "pc": 0.12687585266030013, "marker_score": 0.34446717218288014, "symbol": "KIT", "name": "KIT proto-oncogene, receptor tyrosine kinase", "organism": "Homo sapiens", "tissue": "small intestine"}, {"me": 1.5237628252078326, "pc": 0.10641200545702592, "marker_score": 0.34177018813960947, "symbol": "CDH8", "name": "cadherin 8", "organism": "Homo sapiens", "tissue": "small intestine"}, {"me": 3.1769476626449524, "pc": 1.0, "marker_score": 0.3376146448112676, "symbol": "RPL37A", "name": "ribosomal protein L37a", "organism": "Homo sapiens", "tissue": "small intestine"}, {"me": 1.6122120182688644, "pc": 0.44747612551159616, "marker_score": 0.3359595498967409, "symbol": "RAMP1", "name": "receptor activity modifying protein 1", "organism": "Homo sapiens", "tissue": "small intestine"}, {"me": 4.7643846457196455, "pc": 1.0, "marker_score": 0.33465023395188115, "symbol": "TMSB4X", "name": "thymosin beta 4 X-linked", "organism": "Homo sapiens", "tissue": "small intestine"}, {"me": 1.4109410179985895, "pc": 0.09822646657571624, "marker_score": 0.328463629797148, "symbol": "EDNRA", "name": "endothelin receptor type A", "organism": "Homo sapiens", "tissue": "small intestine"}, {"me": 1.436281016175176, "pc": 0.09686221009549795, "marker_score": 0.32578274409919705, "symbol": "IL11RA", "name": "interleukin 11 receptor subunit alpha", "organism": "Homo sapiens", "tissue": "small intestine"}, {"me": 1.64604738023546, "pc": 0.09822646657571624, "marker_score": 0.3257809778546253, "symbol": "DLK1", "name": "delta like non-canonical Notch ligand 1", "organism": "Homo sapiens", "tissue": "small intestine"}, {"me": 2.399686528832873, "pc": 0.9877216916780355, "marker_score": 0.32436135676942335, "symbol": "RPL27", "name": "ribosomal protein L27", "organism": "Homo sapiens", "tissue": "small intestine"}, {"me": 1.516903795514788, "pc": 0.09549795361527967, "marker_score": 0.32246788595451364, "symbol": "MPPED2", "name": "metallophosphoesterase domain containing 2", "organism": "Homo sapiens", "tissue": "small intestine"}, {"me": 1.411914991295856, "pc": 0.0941336971350614, "marker_score": 0.32235696549082904, "symbol": "SOBP", "name": "sine oculis binding protein homolog", "organism": "Homo sapiens", "tissue": "small intestine"}, {"me": 1.417751903265295, "pc": 0.09686221009549795, "marker_score": 0.3180703725081698, "symbol": "LURAP1L", "name": "leucine rich adaptor protein 1 like", "organism": "Homo sapiens", "tissue": "small intestine"}, {"me": 1.7870953151157924, "pc": 0.7639836289222374, "marker_score": 0.3153423404597961, "symbol": "ZFP36L1", "name": "ZFP36 ring finger protein like 1", "organism": "Homo sapiens", "tissue": "small intestine"}, {"me": 1.4454468684409982, "pc": 0.09140518417462483, "marker_score": 0.3143957245089156, "symbol": "KCNJ8", "name": "potassium inwardly rectifying channel subfamily J member 8", "organism": "Homo sapiens", "tissue": "small intestine"}, {"me": 2.069426455740201, "pc": 0.965893587994543, "marker_score": 0.31220358233574175, "symbol": "SLC25A6", "name": "solute carrier family 25 member 6", "organism": "Homo sapiens", "tissue": "small intestine"}, {"me": 1.9037635694058028, "pc": 0.667728237791932, "marker_score": 1.344800998162809, "symbol": "SPON2", "name": "spondin 2", "organism": "Homo sapiens", "tissue": "All Tissues"}, {"me": 1.861070355165352, "pc": 0.6560509554140127, "marker_score": 1.288668670521181, "symbol": "MEST", "name": "mesoderm specific transcript", "organism": "Homo sapiens", "tissue": "All Tissues"}, {"me": 1.6817172842570212, "pc": 0.5764331210191083, "marker_score": 1.1448081987274163, "symbol": "MFAP2", "name": "microfibril associated protein 2", "organism": "Homo sapiens", "tissue": "All Tissues"}, {"me": 1.8335079132564485, "pc": 0.6687898089171974, "marker_score": 1.0756117565016232, "symbol": "MFAP4", "name": "microfibril associated protein 4", "organism": "Homo sapiens", "tissue": "All Tissues"}, {"me": 1.9275951920268692, "pc": 0.5679405520169851, "marker_score": 1.0230607765886472, "symbol": "PLAT", "name": "plasminogen activator, tissue type", "organism": "Homo sapiens", "tissue": "All Tissues"}, {"me": 2.188311379397835, "pc": 0.7845010615711253, "marker_score": 0.8957215143596147, "symbol": "COL3A1", "name": "collagen type III alpha 1 chain", "organism": "Homo sapiens", "tissue": "All Tissues"}, {"me": 1.6118509979632398, "pc": 0.42144373673036095, "marker_score": 0.8440151314531592, "symbol": "EMILIN1", "name": "elastin microfibril interfacer 1", "organism": "Homo sapiens", "tissue": "All Tissues"}, {"me": 2.5267935372162884, "pc": 0.7951167728237792, "marker_score": 0.843090622289014, "symbol": "MDK", "name": "midkine", "organism": "Homo sapiens", "tissue": "All Tissues"}, {"me": 1.8845432571500365, "pc": 0.7261146496815286, "marker_score": 0.8248166950568513, "symbol": "RBP1", "name": "retinol binding protein 1", "organism": "Homo sapiens", "tissue": "All Tissues"}, {"me": 1.7086646991540055, "pc": 0.3842887473460722, "marker_score": 0.7720558946633854, "symbol": "ACTG2", "name": "actin gamma 2, smooth muscle", "organism": "Homo sapiens", "tissue": "All Tissues"}, {"me": 1.8258133823185316, "pc": 0.638004246284501, "marker_score": 0.7690386970830048, "symbol": "MAGED2", "name": "MAGE family member D2", "organism": "Homo sapiens", "tissue": "All Tissues"}, {"me": 1.5526699382028761, "pc": 0.3333333333333333, "marker_score": 0.7014595368998864, "symbol": "TGFB1I1", "name": "transforming growth factor beta 1 induced transcript 1", "organism": "Homo sapiens", "tissue": "All Tissues"}, {"me": 1.580620798123937, "pc": 0.31210191082802546, "marker_score": 0.6725027290917149, "symbol": "FBLN5", "name": "fibulin 5", "organism": "Homo sapiens", "tissue": "All Tissues"}, {"me": 1.576831896551724, "pc": 0.3078556263269639, "marker_score": 0.666291413719929, "symbol": "TCF21", "name": "transcription factor 21", "organism": "Homo sapiens", "tissue": "All Tissues"}, {"me": 1.8548149645243006, "pc": 0.7399150743099787, "marker_score": 0.6618106594342976, "symbol": "MEIS2", "name": "Meis homeobox 2", "organism": "Homo sapiens", "tissue": "All Tissues"}, {"me": 1.5153144921511965, "pc": 0.28556263269639065, "marker_score": 0.6410555110467346, "symbol": "PCDH18", "name": "protocadherin 18", "organism": "Homo sapiens", "tissue": "All Tissues"}, {"me": 1.5020826216432985, "pc": 0.2791932059447983, "marker_score": 0.6377198508936097, "symbol": "MAB21L2", "name": "mab-21 like 2", "organism": "Homo sapiens", "tissue": "All Tissues"}, {"me": 1.524034969142226, "pc": 0.25902335456475584, "marker_score": 0.5984635532406832, "symbol": "HIC1", "name": "HIC ZBTB transcriptional repressor 1", "organism": "Homo sapiens", "tissue": "All Tissues"}, {"me": 2.0882681488812596, "pc": 0.7101910828025477, "marker_score": 0.5934733613184185, "symbol": "COL1A1", "name": "collagen type I alpha 1 chain", "organism": "Homo sapiens", "tissue": "All Tissues"}, {"me": 1.5531893216646635, "pc": 0.34501061571125263, "marker_score": 0.587219525379628, "symbol": "THY1", "name": "Thy-1 cell surface antigen", "organism": "Homo sapiens", "tissue": "All Tissues"}, {"me": 1.7653809881411524, "pc": 0.2515923566878981, "marker_score": 0.5775998063925258, "symbol": "EDN3", "name": "endothelin 3", "organism": "Homo sapiens", "tissue": "All Tissues"}, {"me": 1.5803879854971903, "pc": 0.24203821656050956, "marker_score": 0.5735548755675501, "symbol": "FOXF1", "name": "forkhead box F1", "organism": "Homo sapiens", "tissue": "All Tissues"}, {"me": 1.778645972683005, "pc": 0.6199575371549894, "marker_score": 0.5669066264208779, "symbol": "TSHZ2", "name": "teashirt zinc finger homeobox 2", "organism": "Homo sapiens", "tissue": "All Tissues"}, {"me": 1.8509077842832957, "pc": 0.470276008492569, "marker_score": 0.5666234355273233, "symbol": "FHL2", "name": "four and a half LIM domains 2", "organism": "Homo sapiens", "tissue": "All Tissues"}, {"me": 2.0293107288042025, "pc": 0.49575371549893843, "marker_score": 0.5654526766002953, "symbol": "ACTA2", "name": "actin alpha 2, smooth muscle", "organism": "Homo sapiens", "tissue": "All Tissues"}, {"me": 1.5574549565084805, "pc": 0.28556263269639065, "marker_score": 0.5603965758590717, "symbol": "NDN", "name": "necdin, MAGE family member", "organism": "Homo sapiens", "tissue": "All Tissues"}, {"me": 1.7573970760311093, "pc": 0.2356687898089172, "marker_score": 0.5494159833574475, "symbol": "ASPN", "name": "asporin", "organism": "Homo sapiens", "tissue": "All Tissues"}, {"me": 2.0696818033854165, "pc": 0.24522292993630573, "marker_score": 0.5320317236553832, "symbol": "GUCY1A1", "name": "guanylate cyclase 1 soluble subunit alpha 1", "organism": "Homo sapiens", "tissue": "All Tissues"}, {"me": 1.5946145151175706, "pc": 0.21656050955414013, "marker_score": 0.529322805233673, "symbol": "HTRA3", "name": "HtrA serine peptidase 3", "organism": "Homo sapiens", "tissue": "All Tissues"}, {"me": 1.5827716064453126, "pc": 0.21231422505307856, "marker_score": 0.517642086329613, "symbol": "NPR3", "name": "natriuretic peptide receptor 3", "organism": "Homo sapiens", "tissue": "All Tissues"}, {"me": 2.1581349092371322, "pc": 0.505307855626327, "marker_score": 0.5052094184809064, "symbol": "PTN", "name": "pleiotrophin", "organism": "Homo sapiens", "tissue": "All Tissues"}, {"me": 1.754464306182145, "pc": 0.22611464968152867, "marker_score": 0.502979007521785, "symbol": "ETV1", "name": "ETS variant transcription factor 1", "organism": "Homo sapiens", "tissue": "All Tissues"}, {"me": 1.5057218818254368, "pc": 0.2961783439490446, "marker_score": 0.46813976505774313, "symbol": "PDLIM7", "name": "PDZ and LIM domain 7", "organism": "Homo sapiens", "tissue": "All Tissues"}, {"me": 3.252615234375, "pc": 0.7961783439490446, "marker_score": 0.45864002673794807, "symbol": "LGALS1", "name": "galectin 1", "organism": "Homo sapiens", "tissue": "All Tissues"}, {"me": 1.8491184452816816, "pc": 0.5382165605095541, "marker_score": 0.44632805435932993, "symbol": "HBG2", "name": "hemoglobin subunit gamma 2", "organism": "Homo sapiens", "tissue": "All Tissues"}, {"me": 1.4583251345810013, "pc": 0.21337579617834396, "marker_score": 0.4365638395413442, "symbol": "FKBP10", "name": "FKBP prolyl isomerase 10", "organism": "Homo sapiens", "tissue": "All Tissues"}, {"me": 1.7675926165873779, "pc": 0.19002123142250532, "marker_score": 0.431246319393057, "symbol": "FBN2", "name": "fibrillin 2", "organism": "Homo sapiens", "tissue": "All Tissues"}, {"me": 1.5881680005217251, "pc": 0.15498938428874734, "marker_score": 0.430741904181156, "symbol": "PRSS35", "name": "serine protease 35", "organism": "Homo sapiens", "tissue": "All Tissues"}, {"me": 1.5361698035037878, "pc": 0.2802547770700637, "marker_score": 0.4291148406838494, "symbol": "ELN", "name": "elastin", "organism": "Homo sapiens", "tissue": "All Tissues"}, {"me": 1.992496775157416, "pc": 0.5690021231422505, "marker_score": 0.4195802713143819, "symbol": "IGF2", "name": "insulin like growth factor 2", "organism": "Homo sapiens", "tissue": "All Tissues"}, {"me": 1.7061676025390624, "pc": 0.14861995753715498, "marker_score": 0.41474043305596914, "symbol": "LY6H", "name": "lymphocyte antigen 6 family member H", "organism": "Homo sapiens", "tissue": "All Tissues"}, {"me": 1.5288035074869792, "pc": 0.14012738853503184, "marker_score": 0.40266433102432486, "symbol": "BCHE", "name": "butyrylcholinesterase", "organism": "Homo sapiens", "tissue": "All Tissues"}, {"me": 1.5011085304054055, "pc": 0.15711252653927812, "marker_score": 0.3953307614257273, "symbol": "TMSB15A", "name": "thymosin beta 15A", "organism": "Homo sapiens", "tissue": "All Tissues"}, {"me": 1.6104974639549683, "pc": 0.18895966029723993, "marker_score": 0.3931561480087193, "symbol": "OGN", "name": "osteoglycin", "organism": "Homo sapiens", "tissue": "All Tissues"}, {"me": 2.4792607625325522, "pc": 0.14012738853503184, "marker_score": 0.3898071642787676, "symbol": "ANO1", "name": "anoctamin 1", "organism": "Homo sapiens", "tissue": "All Tissues"}, {"me": 1.5599604461152674, "pc": 0.12526539278131635, "marker_score": 0.38545554053487163, "symbol": "OSR1", "name": "odd-skipped related transcription factor 1", "organism": "Homo sapiens", "tissue": "All Tissues"}, {"me": 1.4121559836647728, "pc": 0.11677282377919321, "marker_score": 0.36681374822411983, "symbol": "CNTFR", "name": "ciliary neurotrophic factor receptor", "organism": "Homo sapiens", "tissue": "All Tissues"}, {"me": 2.925351059227659, "pc": 0.12101910828025478, "marker_score": 0.366537781053585, "symbol": "DGKB", "name": "diacylglycerol kinase beta", "organism": "Homo sapiens", "tissue": "All Tissues"}, {"me": 1.7992264883858817, "pc": 0.11889596602972399, "marker_score": 0.3652722401273685, "symbol": "SOSTDC1", "name": "sclerostin domain containing 1", "organism": "Homo sapiens", "tissue": "All Tissues"}, {"me": 3.0092365892627573, "pc": 0.16772823779193205, "marker_score": 0.36396778851827105, "symbol": "DPP10", "name": "dipeptidyl peptidase like 10", "organism": "Homo sapiens", "tissue": "All Tissues"}, {"me": 1.493050537109375, "pc": 0.23885350318471338, "marker_score": 0.3508645006993461, "symbol": "OLFML3", "name": "olfactomedin like 3", "organism": "Homo sapiens", "tissue": "All Tissues"}, {"me": 2.8695752782729067, "pc": 0.10934182590233546, "marker_score": 0.34569536768379855, "symbol": "HMCN1", "name": "hemicentin 1", "organism": "Homo sapiens", "tissue": "All Tissues"}, {"me": 1.814987740865568, "pc": 0.6963906581740976, "marker_score": 0.3442601295260441, "symbol": "ITM2C", "name": "integral membrane protein 2C", "organism": "Homo sapiens", "tissue": "All Tissues"}, {"me": 1.4300294906374007, "pc": 0.1337579617834395, "marker_score": 0.3436517686865239, "symbol": "HNRNPA1L2", "name": "heterogeneous nuclear ribonucleoprotein A1 like 2", "organism": "Homo sapiens", "tissue": "All Tissues"}, {"me": 1.6266150223581415, "pc": 0.10084925690021232, "marker_score": 0.34271793936866013, "symbol": "HAND1", "name": "heart and neural crest derivatives expressed 1", "organism": "Homo sapiens", "tissue": "All Tissues"}, {"me": 1.5286880647293244, "pc": 0.10509554140127389, "marker_score": 0.3405308782887553, "symbol": "FIBIN", "name": "fin bud initiation factor homolog", "organism": "Homo sapiens", "tissue": "All Tissues"}, {"me": 1.430481941469254, "pc": 0.1316348195329087, "marker_score": 0.3337172803062582, "symbol": "HOXB2", "name": "homeobox B2", "organism": "Homo sapiens", "tissue": "All Tissues"}, {"me": 1.6922897338867187, "pc": 0.3184713375796178, "marker_score": 0.33242846611568, "symbol": "KCTD12", "name": "potassium channel tetramerization domain containing 12", "organism": "Homo sapiens", "tissue": "All Tissues"}, {"me": 1.610380626860119, "pc": 0.35668789808917195, "marker_score": 0.3315372453673409, "symbol": "RAMP1", "name": "receptor activity modifying protein 1", "organism": "Homo sapiens", "tissue": "All Tissues"}, {"me": 1.6442219687149664, "pc": 0.4734607218683652, "marker_score": 0.3295785797826165, "symbol": "COL6A1", "name": "collagen type VI alpha 1 chain", "organism": "Homo sapiens", "tissue": "All Tissues"}, {"me": 2.6599237351190474, "pc": 0.11146496815286625, "marker_score": 0.32810508314323555, "symbol": "ADAMTSL3", "name": "ADAMTS like 3", "organism": "Homo sapiens", "tissue": "All Tissues"}, {"me": 1.6297025981702302, "pc": 0.4033970276008493, "marker_score": 0.32789261696054006, "symbol": "HBA2", "name": "hemoglobin subunit alpha 2", "organism": "Homo sapiens", "tissue": "All Tissues"}, {"me": 1.4966478787935698, "pc": 0.2760084925690021, "marker_score": 0.32758511650627326, "symbol": "CLEC11A", "name": "C-type lectin domain containing 11A", "organism": "Homo sapiens", "tissue": "All Tissues"}, {"me": 1.4187676933374298, "pc": 0.09447983014861996, "marker_score": 0.3240837485178391, "symbol": "HOXB4", "name": "homeobox B4", "organism": "Homo sapiens", "tissue": "All Tissues"}, {"me": 1.4872952579112535, "pc": 0.09447983014861996, "marker_score": 0.3217696706846915, "symbol": "KCNN3", "name": "potassium calcium-activated channel subfamily N member 3", "organism": "Homo sapiens", "tissue": "All Tissues"}, {"me": 2.795490958473899, "pc": 0.09341825902335456, "marker_score": 0.32156928986569533, "symbol": "COL19A1", "name": "collagen type XIX alpha 1 chain", "organism": "Homo sapiens", "tissue": "All Tissues"}, {"me": 1.6160180362654322, "pc": 0.4299363057324841, "marker_score": 0.32106297844080345, "symbol": "COL6A3", "name": "collagen type VI alpha 3 chain", "organism": "Homo sapiens", "tissue": "All Tissues"}, {"me": 1.4312502653702446, "pc": 0.12208067940552017, "marker_score": 0.3195700407744737, "symbol": "MDFI", "name": "MyoD family inhibitor", "organism": "Homo sapiens", "tissue": "All Tissues"}, {"me": 1.5485495567321776, "pc": 0.08492569002123142, "marker_score": 0.30153108026236264, "symbol": "CDH8", "name": "cadherin 8", "organism": "Homo sapiens", "tissue": "All Tissues"}, {"me": 1.8462283383509157, "pc": 0.6666666666666666, "marker_score": 0.29890044657309484, "symbol": "PTMS", "name": "parathymosin", "organism": "Homo sapiens", "tissue": "All Tissues"}, {"me": 1.987395542689732, "pc": 0.7430997876857749, "marker_score": 0.2988610231266933, "symbol": "BEX3", "name": "brain expressed X-linked 3", "organism": "Homo sapiens", "tissue": "All Tissues"}, {"me": 1.4307178921169705, "pc": 0.07643312101910828, "marker_score": 0.2873405268340647, "symbol": "IL11RA", "name": "interleukin 11 receptor subunit alpha", "organism": "Homo sapiens", "tissue": "All Tissues"}, {"me": 2.720120364672517, "pc": 0.07749469214437367, "marker_score": 0.2868629811858796, "symbol": "ADAMTS19", "name": "ADAM metallopeptidase with thrombospondin type 1 motif 19", "organism": "Homo sapiens", "tissue": "All Tissues"}, {"me": 1.8949636179250438, "pc": 0.15180467091295116, "marker_score": 0.2834756408729791, "symbol": "KIT", "name": "KIT proto-oncogene, receptor tyrosine kinase", "organism": "Homo sapiens", "tissue": "All Tissues"}, {"me": 1.4424006518195658, "pc": 0.07218683651804671, "marker_score": 0.28247813141513045, "symbol": "KCNJ8", "name": "potassium inwardly rectifying channel subfamily J member 8", "organism": "Homo sapiens", "tissue": "All Tissues"}, {"me": 1.7898072599298411, "pc": 0.5934182590233545, "marker_score": 0.2791726033745179, "symbol": "COL6A2", "name": "collagen type VI alpha 2 chain", "organism": "Homo sapiens", "tissue": "All Tissues"}, {"me": 1.4005015446589544, "pc": 0.06900212314225053, "marker_score": 0.27822925812668586, "symbol": "NKX2-3", "name": "NK2 homeobox 3", "organism": "Homo sapiens", "tissue": "All Tissues"}, {"me": 1.6811574697494507, "pc": 0.5435244161358811, "marker_score": 0.2755345775531188, "symbol": "BST2", "name": "bone marrow stromal cell antigen 2", "organism": "Homo sapiens", "tissue": "All Tissues"}, {"me": 1.5518131871377268, "pc": 0.06581740976645435, "marker_score": 0.27384939568554095, "symbol": "GPR20", "name": "G protein-coupled receptor 20", "organism": "Homo sapiens", "tissue": "All Tissues"}, {"me": 1.488893802349384, "pc": 0.2208067940552017, "marker_score": 0.2732938146576715, "symbol": "LTBP4", "name": "latent transforming growth factor beta binding protein 4", "organism": "Homo sapiens", "tissue": "All Tissues"}, {"me": 1.4021622704677894, "pc": 0.06475583864118896, "marker_score": 0.2687977051855819, "symbol": "HOXC6", "name": "homeobox C6", "organism": "Homo sapiens", "tissue": "All Tissues"}, {"me": 2.5711209615071615, "pc": 0.06369426751592357, "marker_score": 0.26295692894750217, "symbol": "CPA6", "name": "carboxypeptidase A6", "organism": "Homo sapiens", "tissue": "All Tissues"}, {"me": 1.4441539958371954, "pc": 0.06263269639065817, "marker_score": 0.2573950911348824, "symbol": "PSRC1", "name": "proline and serine rich coiled-coil 1", "organism": "Homo sapiens", "tissue": "All Tissues"}, {"me": 1.4964693509615385, "pc": 0.16560509554140126, "marker_score": 0.25208428580142533, "symbol": "PDGFRA", "name": "platelet derived growth factor receptor alpha", "organism": "Homo sapiens", "tissue": "All Tissues"}, {"me": 1.7917546025028934, "pc": 0.5732484076433121, "marker_score": 0.2439815138272497, "symbol": "TPM2", "name": "tropomyosin 2", "organism": "Homo sapiens", "tissue": "All Tissues"}, {"me": 3.1295802339594414, "pc": 0.7983014861995754, "marker_score": 0.24301846082342018, "symbol": "HNRNPA1", "name": "heterogeneous nuclear ribonucleoprotein A1", "organism": "Homo sapiens", "tissue": "All Tissues"}, {"me": 1.839296635262713, "pc": 0.529723991507431, "marker_score": 0.24006925736889217, "symbol": "MYL9", "name": "myosin light chain 9", "organism": "Homo sapiens", "tissue": "All Tissues"}, {"me": 1.3739636892295746, "pc": 0.0881104033970276, "marker_score": 0.23910217096711683, "symbol": "ISLR", "name": "immunoglobulin superfamily containing leucine rich repeat", "organism": "Homo sapiens", "tissue": "All Tissues"}, {"me": 1.4385729397044462, "pc": 0.14437367303609341, "marker_score": 0.23640582308970395, "symbol": "EFEMP2", "name": "EGF containing fibulin extracellular matrix protein 2", "organism": "Homo sapiens", "tissue": "All Tissues"}, {"me": 1.362484614054362, "pc": 0.050955414012738856, "marker_score": 0.23170816180471296, "symbol": "ADGRA2", "name": "adhesion G protein-coupled receptor A2", "organism": "Homo sapiens", "tissue": "All Tissues"}, {"me": 1.5656895721759054, "pc": 0.30042462845010615, "marker_score": 0.22870410971358984, "symbol": "RCN2", "name": "reticulocalbin 2", "organism": "Homo sapiens", "tissue": "All Tissues"}, {"me": 2.734849887424045, "pc": 0.04777070063694268, "marker_score": 0.22813548810708323, "symbol": "LINC02753", "name": "long intergenic non-protein coding RNA 2753", "organism": "Homo sapiens", "tissue": "All Tissues"}, {"me": 1.7872338345890793, "pc": 0.5966029723991507, "marker_score": 0.22674731785812824, "symbol": "SEPTIN7", "name": "septin 7", "organism": "Homo sapiens", "tissue": "All Tissues"}, {"me": 1.4092410473113364, "pc": 0.049893842887473464, "marker_score": 0.22555977624110687, "symbol": "HOXB6", "name": "homeobox B6", "organism": "Homo sapiens", "tissue": "All Tissues"}, {"me": 2.1476288923980498, "pc": 0.7484076433121019, "marker_score": 0.22225069095460473, "symbol": "SPARCL1", "name": "SPARC like 1", "organism": "Homo sapiens", "tissue": "All Tissues"}, {"me": 2.5746788814150054, "pc": 0.06157112526539278, "marker_score": 0.21407175262625888, "symbol": "HPSE2", "name": "heparanase 2 (inactive)", "organism": "Homo sapiens", "tissue": "All Tissues"}, {"me": 1.474314022064209, "pc": 0.04246284501061571, "marker_score": 0.21120045973694784, "symbol": "FNDC1", "name": "fibronectin type III domain containing 1", "organism": "Homo sapiens", "tissue": "All Tissues"}, {"me": 1.4162415295112423, "pc": 0.0435244161358811, "marker_score": 0.2101624614524737, "symbol": "LRRC3B", "name": "leucine rich repeat containing 3B", "organism": "Homo sapiens", "tissue": "All Tissues"}, {"me": 1.3699314719752262, "pc": 0.040339702760084924, "marker_score": 0.20398135591617178, "symbol": "CCDC8", "name": "coiled-coil domain containing 8", "organism": "Homo sapiens", "tissue": "All Tissues"}, {"me": 1.6686132047568538, "pc": 0.40658174097664546, "marker_score": 0.20290175810889405, "symbol": "SERPINH1", "name": "serpin family H member 1", "organism": "Homo sapiens", "tissue": "All Tissues"}]