[{"me": 2.2819709053374515, "pc": 0.8983672720601724, "marker_score": 1.5735511819379877, "symbol": "MYH14", "name": "myosin heavy chain 14", "organism": "Homo sapiens", "tissue": "eye"}, {"me": 2.314943520021645, "pc": 0.8475509080902587, "marker_score": 1.3850217085152499, "symbol": "ELF3", "name": "E74 like ETS transcription factor 3", "organism": "Homo sapiens", "tissue": "eye"}, {"me": 2.2025561068671857, "pc": 0.7189506512566501, "marker_score": 1.3217766626111418, "symbol": "DSC2", "name": "desmocollin 2", "organism": "Homo sapiens", "tissue": "eye"}, {"me": 2.0316262792705526, "pc": 0.6806090625573289, "marker_score": 1.2867228809677786, "symbol": "LIPH", "name": "lipase H", "organism": "Homo sapiens", "tissue": "eye"}, {"me": 2.138568537526933, "pc": 0.7662814162538983, "marker_score": 1.271843548733294, "symbol": "MAL2", "name": "mal, T cell differentiation protein 2", "organism": "Homo sapiens", "tissue": "eye"}, {"me": 2.587401818829284, "pc": 0.8532379379930288, "marker_score": 1.2404426208832362, "symbol": "B4GALT5", "name": "beta-1,4-galactosyltransferase 5", "organism": "Homo sapiens", "tissue": "eye"}, {"me": 2.610548174916805, "pc": 0.6615299944964227, "marker_score": 1.1960372650838293, "symbol": "KRT3", "name": "keratin 3", "organism": "Homo sapiens", "tissue": "eye"}, {"me": 2.3130004851359187, "pc": 0.7119794533113191, "marker_score": 1.1942229184435624, "symbol": "SCEL", "name": "sciellin", "organism": "Homo sapiens", "tissue": "eye"}, {"me": 1.9049737813643493, "pc": 0.7018895615483397, "marker_score": 1.0630041342633088, "symbol": "C6orf132", "name": "chromosome 6 open reading frame 132", "organism": "Homo sapiens", "tissue": "eye"}, {"me": 2.1402063146814125, "pc": 0.5650339387268392, "marker_score": 1.0556833903024296, "symbol": "MAL", "name": "mal, T cell differentiation protein", "organism": "Homo sapiens", "tissue": "eye"}, {"me": 2.542167059646457, "pc": 0.6187855439368923, "marker_score": 1.0445806955048744, "symbol": "MUC16", "name": "mucin 16, cell surface associated", "organism": "Homo sapiens", "tissue": "eye"}, {"me": 2.7303609928806285, "pc": 0.822968262704091, "marker_score": 1.0349789797626905, "symbol": "LGALS3", "name": "galectin 3", "organism": "Homo sapiens", "tissue": "eye"}, {"me": 2.29870977561148, "pc": 0.7462850853054486, "marker_score": 1.0193166415263388, "symbol": "FA2H", "name": "fatty acid 2-hydroxylase", "organism": "Homo sapiens", "tissue": "eye"}, {"me": 2.1556026189555806, "pc": 0.6525408181984957, "marker_score": 1.003356040768474, "symbol": "LMO7", "name": "LIM domain 7", "organism": "Homo sapiens", "tissue": "eye"}, {"me": 2.688448794114872, "pc": 0.7290405430196294, "marker_score": 0.9922272437651593, "symbol": "SLC20A1", "name": "solute carrier family 20 member 1", "organism": "Homo sapiens", "tissue": "eye"}, {"me": 2.1817705803788248, "pc": 0.7554577141808843, "marker_score": 0.9742923812102542, "symbol": "DENND2C", "name": "DENN domain containing 2C", "organism": "Homo sapiens", "tissue": "eye"}, {"me": 2.024974901184938, "pc": 0.6802421574023115, "marker_score": 0.959188385794395, "symbol": "ERICH5", "name": "glutamate rich 5", "organism": "Homo sapiens", "tissue": "eye"}, {"me": 2.744941988729031, "pc": 0.7873784626674005, "marker_score": 0.9503775827206532, "symbol": "TGFBI", "name": "transforming growth factor beta induced", "organism": "Homo sapiens", "tissue": "eye"}, {"me": 1.6171606316137566, "pc": 0.5200880572372042, "marker_score": 0.9499567615769702, "symbol": "EVPL", "name": "envoplakin", "organism": "Homo sapiens", "tissue": "eye"}, {"me": 1.9039073443336445, "pc": 0.6875802605026601, "marker_score": 0.9452262199092338, "symbol": "ANXA11", "name": "annexin A11", "organism": "Homo sapiens", "tissue": "eye"}, {"me": 2.126673520313376, "pc": 0.6541918913960741, "marker_score": 0.941764415090643, "symbol": "XDH", "name": "xanthine dehydrogenase", "organism": "Homo sapiens", "tissue": "eye"}, {"me": 2.0842943599448445, "pc": 0.8148963492937076, "marker_score": 0.937473242660372, "symbol": "RIOK3", "name": "RIO kinase 3", "organism": "Homo sapiens", "tissue": "eye"}, {"me": 1.6663421197176516, "pc": 0.4905521922583012, "marker_score": 0.9343544748446063, "symbol": "NECTIN4", "name": "nectin cell adhesion molecule 4", "organism": "Homo sapiens", "tissue": "eye"}, {"me": 2.173092695793673, "pc": 0.6552926068611264, "marker_score": 0.9316720815093322, "symbol": "DSG1", "name": "desmoglein 1", "organism": "Homo sapiens", "tissue": "eye"}, {"me": 2.026109570563222, "pc": 0.5716382315171528, "marker_score": 0.917505355152711, "symbol": "RELL1", "name": "RELT like 1", "organism": "Homo sapiens", "tissue": "eye"}, {"me": 1.7535285892549446, "pc": 0.6121812511465786, "marker_score": 0.9097741900233298, "symbol": "PPP1R14C", "name": "protein phosphatase 1 regulatory inhibitor subunit 14C", "organism": "Homo sapiens", "tissue": "eye"}, {"me": 2.2309256054106212, "pc": 0.49312052834342324, "marker_score": 0.8958980276501212, "symbol": "LYPD3", "name": "LY6/PLAUR domain containing 3", "organism": "Homo sapiens", "tissue": "eye"}, {"me": 1.8354825656953453, "pc": 0.4808292056503394, "marker_score": 0.8875208553305106, "symbol": "ADGRF1", "name": "adhesion G protein-coupled receptor F1", "organism": "Homo sapiens", "tissue": "eye"}, {"me": 2.4664854758747623, "pc": 0.5793432397725188, "marker_score": 0.8640705705071418, "symbol": "MACC1", "name": "MET transcriptional regulator MACC1", "organism": "Homo sapiens", "tissue": "eye"}, {"me": 1.9690336589188182, "pc": 0.7389469822051, "marker_score": 0.8623767263762705, "symbol": "PPP4R1", "name": "protein phosphatase 4 regulatory subunit 1", "organism": "Homo sapiens", "tissue": "eye"}, {"me": 2.326097774026382, "pc": 0.7301412584846817, "marker_score": 0.8560078836737495, "symbol": "ARHGEF4", "name": "Rho guanine nucleotide exchange factor 4", "organism": "Homo sapiens", "tissue": "eye"}, {"me": 2.2871847509931897, "pc": 0.8081086039258851, "marker_score": 0.8519214157274408, "symbol": "KLF5", "name": "KLF transcription factor 5", "organism": "Homo sapiens", "tissue": "eye"}, {"me": 2.14847649468316, "pc": 0.5811777655476059, "marker_score": 0.8471784434693796, "symbol": "CTSV", "name": "cathepsin V", "organism": "Homo sapiens", "tissue": "eye"}, {"me": 2.7567382615572695, "pc": 0.9097413318657127, "marker_score": 0.8223828780305943, "symbol": "ASPH", "name": "aspartate beta-hydroxylase", "organism": "Homo sapiens", "tissue": "eye"}, {"me": 2.1360459998152104, "pc": 0.5584296459365254, "marker_score": 0.819797562351132, "symbol": "SDC1", "name": "syndecan 1", "organism": "Homo sapiens", "tissue": "eye"}, {"me": 2.1176800403154896, "pc": 0.6519904604659695, "marker_score": 0.8186680244936083, "symbol": "CRTAC1", "name": "cartilage acidic protein 1", "organism": "Homo sapiens", "tissue": "eye"}, {"me": 1.7956019761158828, "pc": 0.6514401027334434, "marker_score": 0.8134613930763326, "symbol": "PPL", "name": "periplakin", "organism": "Homo sapiens", "tissue": "eye"}, {"me": 2.1965111521056233, "pc": 0.7372959090075215, "marker_score": 0.8112973006314215, "symbol": "CD55", "name": "CD55 molecule (Cromer blood group)", "organism": "Homo sapiens", "tissue": "eye"}, {"me": 2.081817683995327, "pc": 0.6870299027701339, "marker_score": 0.8058082933850355, "symbol": "TRIM29", "name": "tripartite motif containing 29", "organism": "Homo sapiens", "tissue": "eye"}, {"me": 2.7308953590921194, "pc": 0.8613098514034122, "marker_score": 0.8004095789142904, "symbol": "PERP", "name": "p53 apoptosis effector related to PMP22", "organism": "Homo sapiens", "tissue": "eye"}, {"me": 2.778402643209811, "pc": 0.8638781874885342, "marker_score": 0.7727746927552075, "symbol": "EZR", "name": "ezrin", "organism": "Homo sapiens", "tissue": "eye"}, {"me": 1.8748659481903147, "pc": 0.6354797284901853, "marker_score": 0.7699118724577751, "symbol": "NET1", "name": "neuroepithelial cell transforming 1", "organism": "Homo sapiens", "tissue": "eye"}, {"me": 2.751390480029418, "pc": 0.8106769400110072, "marker_score": 0.7653031673981793, "symbol": "EMP1", "name": "epithelial membrane protein 1", "organism": "Homo sapiens", "tissue": "eye"}, {"me": 2.45966001223259, "pc": 0.4030453127866446, "marker_score": 0.7567555047437573, "symbol": "KRT24", "name": "keratin 24", "organism": "Homo sapiens", "tissue": "eye"}, {"me": 1.984682321808801, "pc": 0.8400293524124014, "marker_score": 0.7517843256758288, "symbol": "TMPRSS4", "name": "transmembrane serine protease 4", "organism": "Homo sapiens", "tissue": "eye"}, {"me": 2.7546646194441426, "pc": 0.8440653091175931, "marker_score": 0.7474633942925226, "symbol": "DSP", "name": "desmoplakin", "organism": "Homo sapiens", "tissue": "eye"}, {"me": 1.6841825367205034, "pc": 0.572188589249679, "marker_score": 0.7450630579645822, "symbol": "SCNN1A", "name": "sodium channel epithelial 1 subunit alpha", "organism": "Homo sapiens", "tissue": "eye"}, {"me": 2.0282642656874317, "pc": 0.5050449458814896, "marker_score": 0.7385449416461981, "symbol": "IL20RA", "name": "interleukin 20 receptor subunit alpha", "organism": "Homo sapiens", "tissue": "eye"}, {"me": 1.8693310767816742, "pc": 0.6081452944413869, "marker_score": 0.738413072536432, "symbol": "JUP", "name": "junction plakoglobin", "organism": "Homo sapiens", "tissue": "eye"}, {"me": 1.6020785696138211, "pc": 0.47385800770500824, "marker_score": 0.7384114449492387, "symbol": "GIPC1", "name": "GIPC PDZ domain containing family member 1", "organism": "Homo sapiens", "tissue": "eye"}, {"me": 2.2317439009907707, "pc": 0.844799119427628, "marker_score": 0.7278004804398224, "symbol": "AFDN", "name": "afadin, adherens junction formation factor", "organism": "Homo sapiens", "tissue": "eye"}, {"me": 1.5626136929381127, "pc": 0.44909190974133184, "marker_score": 0.7255724488385316, "symbol": "TUFT1", "name": "tuftelin 1", "organism": "Homo sapiens", "tissue": "eye"}, {"me": 1.787854679618792, "pc": 0.3546138323243442, "marker_score": 0.7236168863031439, "symbol": "UPK1B", "name": "uroplakin 1B", "organism": "Homo sapiens", "tissue": "eye"}, {"me": 1.8996711893284575, "pc": 0.6208035222894882, "marker_score": 0.7188622308018091, "symbol": "SYT8", "name": "synaptotagmin 8", "organism": "Homo sapiens", "tissue": "eye"}, {"me": 1.6123429308520718, "pc": 0.363052650889745, "marker_score": 0.7124298038342636, "symbol": "BICDL2", "name": "BICD family like cargo adaptor 2", "organism": "Homo sapiens", "tissue": "eye"}, {"me": 1.665116282165985, "pc": 0.5382498624105668, "marker_score": 0.7102331473878807, "symbol": "GALNT3", "name": "polypeptide N-acetylgalactosaminyltransferase 3", "organism": "Homo sapiens", "tissue": "eye"}, {"me": 2.0263127084416146, "pc": 0.5294441386901486, "marker_score": 0.7064821576100251, "symbol": "TPCN1", "name": "two pore segment channel 1", "organism": "Homo sapiens", "tissue": "eye"}, {"me": 1.683969198153987, "pc": 0.45092643551641903, "marker_score": 0.6992886370648609, "symbol": "GRHL1", "name": "grainyhead like transcription factor 1", "organism": "Homo sapiens", "tissue": "eye"}, {"me": 2.7877705608569814, "pc": 0.5268758026050266, "marker_score": 0.698325059835405, "symbol": "CLDN4", "name": "claudin 4", "organism": "Homo sapiens", "tissue": "eye"}, {"me": 1.7574492001192368, "pc": 0.34617501375894333, "marker_score": 0.6940313489578619, "symbol": "NBEAL2", "name": "neurobeachin like 2", "organism": "Homo sapiens", "tissue": "eye"}, {"me": 1.6388823638091217, "pc": 0.40726472206934505, "marker_score": 0.6932498471965287, "symbol": "EPHA2", "name": "EPH receptor A2", "organism": "Homo sapiens", "tissue": "eye"}, {"me": 2.2965010305927067, "pc": 0.802421574023115, "marker_score": 0.6908707620069147, "symbol": "CRYBG1", "name": "crystallin beta-gamma domain containing 1", "organism": "Homo sapiens", "tissue": "eye"}, {"me": 1.5945405624521927, "pc": 0.3597505044945882, "marker_score": 0.6892002288336452, "symbol": "ADH7", "name": "alcohol dehydrogenase 7 (class IV), mu or sigma polypeptide", "organism": "Homo sapiens", "tissue": "eye"}, {"me": 1.759569638078384, "pc": 0.33204916529077233, "marker_score": 0.6859175030440956, "symbol": "C1orf116", "name": "chromosome 1 open reading frame 116", "organism": "Homo sapiens", "tissue": "eye"}, {"me": 1.757507215550816, "pc": 0.6182351862043661, "marker_score": 0.6838864279643327, "symbol": "RGS12", "name": "regulator of G protein signaling 12", "organism": "Homo sapiens", "tissue": "eye"}, {"me": 1.6577237935649454, "pc": 0.5204549623922217, "marker_score": 0.6830819822856689, "symbol": "FGFR3", "name": "fibroblast growth factor receptor 3", "organism": "Homo sapiens", "tissue": "eye"}, {"me": 1.9869351502249357, "pc": 0.35681526325444873, "marker_score": 0.6799675213903184, "symbol": "LGALSL", "name": "galectin like", "organism": "Homo sapiens", "tissue": "eye"}, {"me": 1.5248456948684828, "pc": 0.3905705375160521, "marker_score": 0.67635790255918, "symbol": "CCDC12", "name": "coiled-coil domain containing 12", "organism": "Homo sapiens", "tissue": "eye"}, {"me": 1.7647721335317748, "pc": 0.6336452027150982, "marker_score": 0.6677803586730762, "symbol": "MBD2", "name": "methyl-CpG binding domain protein 2", "organism": "Homo sapiens", "tissue": "eye"}, {"me": 1.779674315574425, "pc": 0.43074665199046047, "marker_score": 0.6671374779946116, "symbol": "NIBAN2", "name": "niban apoptosis regulator 2", "organism": "Homo sapiens", "tissue": "eye"}, {"me": 1.8460561278740746, "pc": 0.32214272610530176, "marker_score": 0.6645425529757413, "symbol": "ABLIM2", "name": "actin binding LIM protein family member 2", "organism": "Homo sapiens", "tissue": "eye"}, {"me": 1.843785833318461, "pc": 0.3212254632177582, "marker_score": 0.6632002396294348, "symbol": "CLDN7", "name": "claudin 7", "organism": "Homo sapiens", "tissue": "eye"}, {"me": 1.913365307105799, "pc": 0.4729407448174647, "marker_score": 0.6618413645249048, "symbol": "NUAK2", "name": "NUAK family kinase 2", "organism": "Homo sapiens", "tissue": "eye"}, {"me": 1.6332073497296173, "pc": 0.44101999633094846, "marker_score": 0.6613237250681614, "symbol": "AMPD3", "name": "adenosine monophosphate deaminase 3", "organism": "Homo sapiens", "tissue": "eye"}, {"me": 1.702556203336845, "pc": 0.5006420840212805, "marker_score": 0.6598063012592483, "symbol": "ZNF431", "name": "zinc finger protein 431", "organism": "Homo sapiens", "tissue": "eye"}, {"me": 2.272967981339092, "pc": 0.5920014676206201, "marker_score": 0.6552922423612568, "symbol": "RND3", "name": "Rho family GTPase 3", "organism": "Homo sapiens", "tissue": "eye"}, {"me": 1.8595758382072904, "pc": 0.6743716749220326, "marker_score": 0.6535880929328407, "symbol": "EPN2", "name": "epsin 2", "organism": "Homo sapiens", "tissue": "eye"}, {"me": 1.5985072712725903, "pc": 0.38066409833058157, "marker_score": 0.6490838643885204, "symbol": "BLNK", "name": "B cell linker", "organism": "Homo sapiens", "tissue": "eye"}, {"me": 2.8018282477386336, "pc": 0.7706842781141076, "marker_score": 0.647075464122986, "symbol": "PCSK5", "name": "proprotein convertase subtilisin/kexin type 5", "organism": "Homo sapiens", "tissue": "eye"}, {"me": 2.812326615033917, "pc": 0.4665199046046597, "marker_score": 0.6428206906507556, "symbol": "TACSTD2", "name": "tumor associated calcium signal transducer 2", "organism": "Homo sapiens", "tissue": "eye"}, {"me": 1.9683447214388772, "pc": 0.5244909190974133, "marker_score": 0.6392593608270243, "symbol": "MRPL33", "name": "mitochondrial ribosomal protein L33", "organism": "Homo sapiens", "tissue": "eye"}, {"me": 2.0303902732364922, "pc": 0.6417171161254815, "marker_score": 0.633583363578988, "symbol": "TRIM36", "name": "tripartite motif containing 36", "organism": "Homo sapiens", "tissue": "eye"}, {"me": 2.372900909284901, "pc": 0.36268574573472756, "marker_score": 0.6296305199350144, "symbol": "PHLDA2", "name": "pleckstrin homology like domain family A member 2", "organism": "Homo sapiens", "tissue": "eye"}, {"me": 2.130707870911215, "pc": 0.39258851586864796, "marker_score": 0.6265932628789485, "symbol": "GPRC5A", "name": "G protein-coupled receptor class C group 5 member A", "organism": "Homo sapiens", "tissue": "eye"}, {"me": 1.6695293666950846, "pc": 0.39002017978352593, "marker_score": 0.6233487590948525, "symbol": "ST14", "name": "ST14 transmembrane serine protease matriptase", "organism": "Homo sapiens", "tissue": "eye"}, {"me": 1.869525994955157, "pc": 0.6954687213355347, "marker_score": 0.622903838417707, "symbol": "CLINT1", "name": "clathrin interactor 1", "organism": "Homo sapiens", "tissue": "eye"}, {"me": 1.6996640685602282, "pc": 0.41386901485965877, "marker_score": 0.6225972189749668, "symbol": "MPZL2", "name": "myelin protein zero like 2", "organism": "Homo sapiens", "tissue": "eye"}, {"me": 1.5936338706668962, "pc": 0.3995597138139791, "marker_score": 0.6166593058380565, "symbol": "MFSD4A", "name": "major facilitator superfamily domain containing 4A", "organism": "Homo sapiens", "tissue": "eye"}, {"me": 1.432940790455812, "pc": 0.288020546688681, "marker_score": 0.616265880978615, "symbol": "PROM2", "name": "prominin 2", "organism": "Homo sapiens", "tissue": "eye"}, {"me": 1.5691342810754703, "pc": 0.3120528343423225, "marker_score": 0.6157122592614607, "symbol": "EPS8L2", "name": "EPS8 like 2", "organism": "Homo sapiens", "tissue": "eye"}, {"me": 1.7170255419234155, "pc": 0.468904788112273, "marker_score": 0.6139876892415744, "symbol": "HM13", "name": "histocompatibility minor 13", "organism": "Homo sapiens", "tissue": "eye"}, {"me": 2.3979416702324428, "pc": 0.830673270959457, "marker_score": 0.6072229160646309, "symbol": "CAST", "name": "calpastatin", "organism": "Homo sapiens", "tissue": "eye"}, {"me": 1.7151123162636321, "pc": 0.3869014859658778, "marker_score": 0.6066598159808205, "symbol": "C12orf75", "name": "chromosome 12 open reading frame 75", "organism": "Homo sapiens", "tissue": "eye"}, {"me": 1.608402632707722, "pc": 0.4377178499357916, "marker_score": 0.5972330461322092, "symbol": "PKP1", "name": "plakophilin 1", "organism": "Homo sapiens", "tissue": "eye"}, {"me": 1.704622678765439, "pc": 0.4010273344340488, "marker_score": 0.5965929537381363, "symbol": "SQLE", "name": "squalene epoxidase", "organism": "Homo sapiens", "tissue": "eye"}, {"me": 2.7470169067382812, "pc": 0.49312052834342324, "marker_score": 0.5964368198515719, "symbol": "XACT", "name": "XACT", "organism": "Homo sapiens", "tissue": "eye"}, {"me": 2.011984766426556, "pc": 0.26820766831773984, "marker_score": 0.5936797992051464, "symbol": "C19orf33", "name": "chromosome 19 open reading frame 33", "organism": "Homo sapiens", "tissue": "eye"}, {"me": 2.6736493319687984, "pc": 0.7114290955787929, "marker_score": 0.5900411690296224, "symbol": "WNK2", "name": "WNK lysine deficient protein kinase 2", "organism": "Homo sapiens", "tissue": "eye"}, {"me": 2.139532390242467, "pc": 0.4870665932856357, "marker_score": 0.5882938053201681, "symbol": "MICAL2", "name": "microtubule associated monooxygenase, calponin and LIM domain containing 2", "organism": "Homo sapiens", "tissue": "eye"}, {"me": 1.5948095163587708, "pc": 0.2656393322326179, "marker_score": 0.5874108714154216, "symbol": "ZNF750", "name": "zinc finger protein 750", "organism": "Homo sapiens", "tissue": "eye"}, {"me": 2.2867728365384616, "pc": 0.8943313153549808, "marker_score": 2.2700226126120606, "symbol": "PAX6", "name": "paired box 6", "organism": "Homo sapiens", "tissue": "All Tissues"}, {"me": 2.2819709053374515, "pc": 0.8983672720601724, "marker_score": 2.2652252217014555, "symbol": "MYH14", "name": "myosin heavy chain 14", "organism": "Homo sapiens", "tissue": "All Tissues"}, {"me": 1.984682321808801, "pc": 0.8400293524124014, "marker_score": 1.9717262168096157, "symbol": "TMPRSS4", "name": "transmembrane serine protease 4", "organism": "Homo sapiens", "tissue": "All Tissues"}, {"me": 2.7567382615572695, "pc": 0.9097413318657127, "marker_score": 1.849454584753293, "symbol": "ASPH", "name": "aspartate beta-hydroxylase", "organism": "Homo sapiens", "tissue": "All Tissues"}, {"me": 2.587401818829284, "pc": 0.8532379379930288, "marker_score": 1.7457577209238544, "symbol": "B4GALT5", "name": "beta-1,4-galactosyltransferase 5", "organism": "Homo sapiens", "tissue": "All Tissues"}, {"me": 2.744941988729031, "pc": 0.7873784626674005, "marker_score": 1.686208533736147, "symbol": "TGFBI", "name": "transforming growth factor beta induced", "organism": "Homo sapiens", "tissue": "All Tissues"}, {"me": 2.3897511307108714, "pc": 0.8251696936341956, "marker_score": 1.6615588218632313, "symbol": "SLCO3A1", "name": "solute carrier organic anion transporter family member 3A1", "organism": "Homo sapiens", "tissue": "All Tissues"}, {"me": 2.0842943599448445, "pc": 0.8148963492937076, "marker_score": 1.660137141075486, "symbol": "RIOK3", "name": "RIO kinase 3", "organism": "Homo sapiens", "tissue": "All Tissues"}, {"me": 2.2317439009907707, "pc": 0.844799119427628, "marker_score": 1.6402243813983333, "symbol": "AFDN", "name": "afadin, adherens junction formation factor", "organism": "Homo sapiens", "tissue": "All Tissues"}, {"me": 2.2965010305927067, "pc": 0.802421574023115, "marker_score": 1.6302343342156516, "symbol": "CRYBG1", "name": "crystallin beta-gamma domain containing 1", "organism": "Homo sapiens", "tissue": "All Tissues"}, {"me": 1.996712056840371, "pc": 0.7516052100532012, "marker_score": 1.616828668767055, "symbol": "FAM83A", "name": "family with sequence similarity 83 member A", "organism": "Homo sapiens", "tissue": "All Tissues"}, {"me": 2.3358557166342298, "pc": 0.7776554760594386, "marker_score": 1.5898908426948164, "symbol": "CPAMD8", "name": "C3 and PZP like alpha-2-macroglobulin domain containing 8", "organism": "Homo sapiens", "tissue": "All Tissues"}, {"me": 3.774998187678444, "pc": 0.7710511832691249, "marker_score": 1.5783083619172507, "symbol": "KRT12", "name": "keratin 12", "organism": "Homo sapiens", "tissue": "All Tissues"}, {"me": 2.122150608129094, "pc": 0.8121445606310769, "marker_score": 1.5746117669215094, "symbol": "YAP1", "name": "Yes1 associated transcriptional regulator", "organism": "Homo sapiens", "tissue": "All Tissues"}, {"me": 2.1817705803788248, "pc": 0.7554577141808843, "marker_score": 1.5552376680360274, "symbol": "DENND2C", "name": "DENN domain containing 2C", "organism": "Homo sapiens", "tissue": "All Tissues"}, {"me": 2.5198770605652583, "pc": 0.8770867730691616, "marker_score": 1.540442001260948, "symbol": "PTPN13", "name": "protein tyrosine phosphatase non-receptor type 13", "organism": "Homo sapiens", "tissue": "All Tissues"}, {"me": 2.231010590647951, "pc": 0.7743533296642818, "marker_score": 1.5290288167403563, "symbol": "SUCO", "name": "SUN domain containing ossification factor", "organism": "Homo sapiens", "tissue": "All Tissues"}, {"me": 2.8018282477386336, "pc": 0.7706842781141076, "marker_score": 1.512045456160028, "symbol": "PCSK5", "name": "proprotein convertase subtilisin/kexin type 5", "organism": "Homo sapiens", "tissue": "All Tissues"}, {"me": 1.9729898160250317, "pc": 0.7237204182718767, "marker_score": 1.5017716010671232, "symbol": "BCL2L13", "name": "BCL2 like 13", "organism": "Homo sapiens", "tissue": "All Tissues"}, {"me": 2.138568537526933, "pc": 0.7662814162538983, "marker_score": 1.493937420065245, "symbol": "MAL2", "name": "mal, T cell differentiation protein 2", "organism": "Homo sapiens", "tissue": "All Tissues"}, {"me": 1.9690336589188182, "pc": 0.7389469822051, "marker_score": 1.4925318664930367, "symbol": "PPP4R1", "name": "protein phosphatase 4 regulatory subunit 1", "organism": "Homo sapiens", "tissue": "All Tissues"}, {"me": 2.1413995530678998, "pc": 0.8132452760961292, "marker_score": 1.442830107169764, "symbol": "MYO6", "name": "myosin VI", "organism": "Homo sapiens", "tissue": "All Tissues"}, {"me": 3.0508292700945625, "pc": 0.7760044028618602, "marker_score": 1.440967932803414, "symbol": "KRT5", "name": "keratin 5", "organism": "Homo sapiens", "tissue": "All Tissues"}, {"me": 2.326097774026382, "pc": 0.7301412584846817, "marker_score": 1.4406632261493535, "symbol": "ARHGEF4", "name": "Rho guanine nucleotide exchange factor 4", "organism": "Homo sapiens", "tissue": "All Tissues"}, {"me": 2.2025561068671857, "pc": 0.7189506512566501, "marker_score": 1.4392413808727214, "symbol": "DSC2", "name": "desmocollin 2", "organism": "Homo sapiens", "tissue": "All Tissues"}, {"me": 2.29870977561148, "pc": 0.7462850853054486, "marker_score": 1.434494044248798, "symbol": "FA2H", "name": "fatty acid 2-hydroxylase", "organism": "Homo sapiens", "tissue": "All Tissues"}, {"me": 1.9049737813643493, "pc": 0.7018895615483397, "marker_score": 1.4168493097296875, "symbol": "C6orf132", "name": "chromosome 6 open reading frame 132", "organism": "Homo sapiens", "tissue": "All Tissues"}, {"me": 2.545163503644047, "pc": 0.7488534213905705, "marker_score": 1.413102098021413, "symbol": "ARHGEF3", "name": "Rho guanine nucleotide exchange factor 3", "organism": "Homo sapiens", "tissue": "All Tissues"}, {"me": 2.0329728449483317, "pc": 0.7367455512749954, "marker_score": 1.407504221409317, "symbol": "SH3RF1", "name": "SH3 domain containing ring finger 1", "organism": "Homo sapiens", "tissue": "All Tissues"}, {"me": 2.426894229220361, "pc": 0.7117960007338103, "marker_score": 1.4014309318831275, "symbol": "ARHGEF28", "name": "Rho guanine nucleotide exchange factor 28", "organism": "Homo sapiens", "tissue": "All Tissues"}, {"me": 2.081817683995327, "pc": 0.6870299027701339, "marker_score": 1.3950340395889542, "symbol": "TRIM29", "name": "tripartite motif containing 29", "organism": "Homo sapiens", "tissue": "All Tissues"}, {"me": 2.024974901184938, "pc": 0.6802421574023115, "marker_score": 1.3939003318666958, "symbol": "ERICH5", "name": "glutamate rich 5", "organism": "Homo sapiens", "tissue": "All Tissues"}, {"me": 2.6736493319687984, "pc": 0.7114290955787929, "marker_score": 1.3726358158891225, "symbol": "WNK2", "name": "WNK lysine deficient protein kinase 2", "organism": "Homo sapiens", "tissue": "All Tissues"}, {"me": 2.309795037978864, "pc": 0.6943680058704825, "marker_score": 1.3692982518899426, "symbol": "MIR205HG", "name": "MIR205 host gene", "organism": "Homo sapiens", "tissue": "All Tissues"}, {"me": 2.7546646194441426, "pc": 0.8440653091175931, "marker_score": 1.3608840956256134, "symbol": "DSP", "name": "desmoplakin", "organism": "Homo sapiens", "tissue": "All Tissues"}, {"me": 1.9850231599032864, "pc": 0.7563749770684278, "marker_score": 1.3572273339906702, "symbol": "KDM2A", "name": "lysine demethylase 2A", "organism": "Homo sapiens", "tissue": "All Tissues"}, {"me": 2.688448794114872, "pc": 0.7290405430196294, "marker_score": 1.3568793921341562, "symbol": "SLC20A1", "name": "solute carrier family 20 member 1", "organism": "Homo sapiens", "tissue": "All Tissues"}, {"me": 2.2129790300603145, "pc": 0.8288387451843698, "marker_score": 1.3515808460830487, "symbol": "MYCBP2", "name": "MYC binding protein 2", "organism": "Homo sapiens", "tissue": "All Tissues"}, {"me": 2.0457591125230747, "pc": 0.6956521739130435, "marker_score": 1.3353889587408314, "symbol": "TIAM1", "name": "TIAM Rac1 associated GEF 1", "organism": "Homo sapiens", "tissue": "All Tissues"}, {"me": 2.0316262792705526, "pc": 0.6806090625573289, "marker_score": 1.319146635961235, "symbol": "LIPH", "name": "lipase H", "organism": "Homo sapiens", "tissue": "All Tissues"}, {"me": 2.3130004851359187, "pc": 0.7119794533113191, "marker_score": 1.3160993896863573, "symbol": "SCEL", "name": "sciellin", "organism": "Homo sapiens", "tissue": "All Tissues"}, {"me": 2.1176800403154896, "pc": 0.6519904604659695, "marker_score": 1.3093190769807854, "symbol": "CRTAC1", "name": "cartilage acidic protein 1", "organism": "Homo sapiens", "tissue": "All Tissues"}, {"me": 2.427753880243009, "pc": 0.688864428545221, "marker_score": 1.3057578647622745, "symbol": "IKZF2", "name": "IKAROS family zinc finger 2", "organism": "Homo sapiens", "tissue": "All Tissues"}, {"me": 2.751390480029418, "pc": 0.8106769400110072, "marker_score": 1.2936135927527976, "symbol": "EMP1", "name": "epithelial membrane protein 1", "organism": "Homo sapiens", "tissue": "All Tissues"}, {"me": 2.778402643209811, "pc": 0.8638781874885342, "marker_score": 1.2911953228130306, "symbol": "EZR", "name": "ezrin", "organism": "Homo sapiens", "tissue": "All Tissues"}, {"me": 2.173092695793673, "pc": 0.6552926068611264, "marker_score": 1.290013634619191, "symbol": "DSG1", "name": "desmoglein 1", "organism": "Homo sapiens", "tissue": "All Tissues"}, {"me": 1.7956019761158828, "pc": 0.6514401027334434, "marker_score": 1.2798616269971743, "symbol": "PPL", "name": "periplakin", "organism": "Homo sapiens", "tissue": "All Tissues"}, {"me": 2.9297397703165795, "pc": 0.8431480462300496, "marker_score": 1.2689189866468442, "symbol": "PLXDC2", "name": "plexin domain containing 2", "organism": "Homo sapiens", "tissue": "All Tissues"}, {"me": 2.743542809072782, "pc": 0.9200146762062007, "marker_score": 1.2659605998041128, "symbol": "MACF1", "name": "microtubule actin crosslinking factor 1", "organism": "Homo sapiens", "tissue": "All Tissues"}, {"me": 1.8595758382072904, "pc": 0.6743716749220326, "marker_score": 1.2606847037865392, "symbol": "EPN2", "name": "epsin 2", "organism": "Homo sapiens", "tissue": "All Tissues"}, {"me": 1.8153664748733107, "pc": 0.6787745367822418, "marker_score": 1.247926464575849, "symbol": "SLK", "name": "STE20 like kinase", "organism": "Homo sapiens", "tissue": "All Tissues"}, {"me": 2.610548174916805, "pc": 0.6615299944964227, "marker_score": 1.2341874939509525, "symbol": "KRT3", "name": "keratin 3", "organism": "Homo sapiens", "tissue": "All Tissues"}, {"me": 2.304670802426452, "pc": 0.7295909007521556, "marker_score": 1.2254532081619973, "symbol": "ERBIN", "name": "erbb2 interacting protein", "organism": "Homo sapiens", "tissue": "All Tissues"}, {"me": 1.8996711893284575, "pc": 0.6208035222894882, "marker_score": 1.2224964457749525, "symbol": "SYT8", "name": "synaptotagmin 8", "organism": "Homo sapiens", "tissue": "All Tissues"}, {"me": 2.3651197451136117, "pc": 0.851770317372959, "marker_score": 1.2157178658280825, "symbol": "FOXN3", "name": "forkhead box N3", "organism": "Homo sapiens", "tissue": "All Tissues"}, {"me": 1.757507215550816, "pc": 0.6182351862043661, "marker_score": 1.2074463519189715, "symbol": "RGS12", "name": "regulator of G protein signaling 12", "organism": "Homo sapiens", "tissue": "All Tissues"}, {"me": 1.949762670370825, "pc": 0.7470188956154834, "marker_score": 1.203929574597713, "symbol": "KIF21A", "name": "kinesin family member 21A", "organism": "Homo sapiens", "tissue": "All Tissues"}, {"me": 1.7535285892549446, "pc": 0.6121812511465786, "marker_score": 1.19009493638727, "symbol": "PPP1R14C", "name": "protein phosphatase 1 regulatory inhibitor subunit 14C", "organism": "Homo sapiens", "tissue": "All Tissues"}, {"me": 2.3979416702324428, "pc": 0.830673270959457, "marker_score": 1.1886664334647623, "symbol": "CAST", "name": "calpastatin", "organism": "Homo sapiens", "tissue": "All Tissues"}, {"me": 2.0303902732364922, "pc": 0.6417171161254815, "marker_score": 1.1884277080491161, "symbol": "TRIM36", "name": "tripartite motif containing 36", "organism": "Homo sapiens", "tissue": "All Tissues"}, {"me": 2.126673520313376, "pc": 0.6541918913960741, "marker_score": 1.1855259821509982, "symbol": "XDH", "name": "xanthine dehydrogenase", "organism": "Homo sapiens", "tissue": "All Tissues"}, {"me": 1.881586193647541, "pc": 0.727389469822051, "marker_score": 1.1811743539258597, "symbol": "MARK3", "name": "microtubule affinity regulating kinase 3", "organism": "Homo sapiens", "tissue": "All Tissues"}, {"me": 1.8316280687850193, "pc": 0.6220876903320491, "marker_score": 1.179195624024897, "symbol": "IL18", "name": "interleukin 18", "organism": "Homo sapiens", "tissue": "All Tissues"}, {"me": 2.2871847509931897, "pc": 0.8081086039258851, "marker_score": 1.1739131200557842, "symbol": "KLF5", "name": "KLF transcription factor 5", "organism": "Homo sapiens", "tissue": "All Tissues"}, {"me": 2.065773451416484, "pc": 0.6694184553292973, "marker_score": 1.1735942266687842, "symbol": "SMAD3", "name": "SMAD family member 3", "organism": "Homo sapiens", "tissue": "All Tissues"}, {"me": 1.7647721335317748, "pc": 0.6336452027150982, "marker_score": 1.1692767003957223, "symbol": "MBD2", "name": "methyl-CpG binding domain protein 2", "organism": "Homo sapiens", "tissue": "All Tissues"}, {"me": 2.306306650940801, "pc": 0.6252063841496973, "marker_score": 1.1637174040256468, "symbol": "NQO1", "name": "NAD(P)H quinone dehydrogenase 1", "organism": "Homo sapiens", "tissue": "All Tissues"}, {"me": 2.917021723346852, "pc": 0.6672170243991928, "marker_score": 1.1597429426843033, "symbol": "FOXP2", "name": "forkhead box P2", "organism": "Homo sapiens", "tissue": "All Tissues"}, {"me": 2.14865879199352, "pc": 0.6723536965694368, "marker_score": 1.1540801162741763, "symbol": "NT5C2", "name": "5'-nucleotidase, cytosolic II", "organism": "Homo sapiens", "tissue": "All Tissues"}, {"me": 2.7781327572429273, "pc": 0.6743716749220326, "marker_score": 1.1432879883920228, "symbol": "CH507-528H12.1", "name": "CH507-528H12.1", "organism": "Homo sapiens", "tissue": "All Tissues"}, {"me": 2.0098563398509, "pc": 0.6013575490735645, "marker_score": 1.1332684049468496, "symbol": "ZNF83", "name": "zinc finger protein 83", "organism": "Homo sapiens", "tissue": "All Tissues"}, {"me": 1.91192507142106, "pc": 0.6541918913960741, "marker_score": 1.1330342992624125, "symbol": "PSME4", "name": "proteasome activator subunit 4", "organism": "Homo sapiens", "tissue": "All Tissues"}, {"me": 2.366721218548859, "pc": 0.6270409099247845, "marker_score": 1.121716430929773, "symbol": "CLDN1", "name": "claudin 1", "organism": "Homo sapiens", "tissue": "All Tissues"}, {"me": 1.982951992384376, "pc": 0.6187855439368923, "marker_score": 1.1182693882537305, "symbol": "SH3PXD2A", "name": "SH3 and PX domains 2A", "organism": "Homo sapiens", "tissue": "All Tissues"}, {"me": 1.884377426242236, "pc": 0.679324894514768, "marker_score": 1.1114520567537147, "symbol": "VGLL4", "name": "vestigial like family member 4", "organism": "Homo sapiens", "tissue": "All Tissues"}, {"me": 1.8784442261338947, "pc": 0.675472390387085, "marker_score": 1.1059571016395862, "symbol": "ZFAND6", "name": "zinc finger AN1-type containing 6", "organism": "Homo sapiens", "tissue": "All Tissues"}, {"me": 2.14847649468316, "pc": 0.5811777655476059, "marker_score": 1.0974473980524946, "symbol": "CTSV", "name": "cathepsin V", "organism": "Homo sapiens", "tissue": "All Tissues"}, {"me": 3.151070792214912, "pc": 0.6274078150798019, "marker_score": 1.094839012618939, "symbol": "CNTN4", "name": "contactin 4", "organism": "Homo sapiens", "tissue": "All Tissues"}, {"me": 1.869525994955157, "pc": 0.6954687213355347, "marker_score": 1.0940696652704383, "symbol": "CLINT1", "name": "clathrin interactor 1", "organism": "Homo sapiens", "tissue": "All Tissues"}, {"me": 2.66253130870382, "pc": 0.5859475325628325, "marker_score": 1.0918162884039941, "symbol": "CACNA1D", "name": "calcium voltage-gated channel subunit alpha1 D", "organism": "Homo sapiens", "tissue": "All Tissues"}, {"me": 3.4262483209432566, "pc": 0.8066409833058155, "marker_score": 1.0917804305896648, "symbol": "KAZN", "name": "kazrin, periplakin interacting protein", "organism": "Homo sapiens", "tissue": "All Tissues"}, {"me": 2.5612913037909837, "pc": 0.6938176481379563, "marker_score": 1.083842226439772, "symbol": "KIF13A", "name": "kinesin family member 13A", "organism": "Homo sapiens", "tissue": "All Tissues"}, {"me": 2.0322925254787827, "pc": 0.5771418088424143, "marker_score": 1.0831568022268072, "symbol": "FAM169A", "name": "family with sequence similarity 169 member A", "organism": "Homo sapiens", "tissue": "All Tissues"}, {"me": 2.542167059646457, "pc": 0.6187855439368923, "marker_score": 1.0727810974888674, "symbol": "MUC16", "name": "mucin 16, cell surface associated", "organism": "Homo sapiens", "tissue": "All Tissues"}, {"me": 1.9542566674084962, "pc": 0.5538433314988076, "marker_score": 1.0667671419521112, "symbol": "DSC3", "name": "desmocollin 3", "organism": "Homo sapiens", "tissue": "All Tissues"}, {"me": 2.0020322958826275, "pc": 0.7365620986974867, "marker_score": 1.066629852917293, "symbol": "PDCD4", "name": "programmed cell death 4", "organism": "Homo sapiens", "tissue": "All Tissues"}, {"me": 1.9626763964074803, "pc": 0.582461933590167, "marker_score": 1.06654505090093, "symbol": "TOM1L2", "name": "target of myb1 like 2 membrane trafficking protein", "organism": "Homo sapiens", "tissue": "All Tissues"}, {"me": 2.0677920160060976, "pc": 0.5641166758392956, "marker_score": 1.066453824513412, "symbol": "LYPD6B", "name": "LY6/PLAUR domain containing 6B", "organism": "Homo sapiens", "tissue": "All Tissues"}, {"me": 2.7308953590921194, "pc": 0.8613098514034122, "marker_score": 1.0621751220812734, "symbol": "PERP", "name": "p53 apoptosis effector related to PMP22", "organism": "Homo sapiens", "tissue": "All Tissues"}, {"me": 1.9286633545366576, "pc": 0.6042927903137039, "marker_score": 1.058426006200135, "symbol": "RREB1", "name": "ras responsive element binding protein 1", "organism": "Homo sapiens", "tissue": "All Tissues"}, {"me": 2.4002800307361154, "pc": 0.5912676573105852, "marker_score": 1.0551388340959926, "symbol": "TMEM117", "name": "transmembrane protein 117", "organism": "Homo sapiens", "tissue": "All Tissues"}, {"me": 2.0261162783083493, "pc": 0.5690698954320308, "marker_score": 1.0515606477609762, "symbol": "MYO5B", "name": "myosin VB", "organism": "Homo sapiens", "tissue": "All Tissues"}, {"me": 1.8748659481903147, "pc": 0.6354797284901853, "marker_score": 1.0505462319762529, "symbol": "NET1", "name": "neuroepithelial cell transforming 1", "organism": "Homo sapiens", "tissue": "All Tissues"}, {"me": 2.07393559803741, "pc": 0.5602641717116126, "marker_score": 1.0485676783385987, "symbol": "ATAD2B", "name": "ATPase family AAA domain containing 2B", "organism": "Homo sapiens", "tissue": "All Tissues"}, {"me": 2.026109570563222, "pc": 0.5716382315171528, "marker_score": 1.0475862272620415, "symbol": "RELL1", "name": "RELT like 1", "organism": "Homo sapiens", "tissue": "All Tissues"}, {"me": 1.7502121562585828, "pc": 0.6679508347092277, "marker_score": 1.045405731162121, "symbol": "NPEPPS", "name": "aminopeptidase puromycin sensitive", "organism": "Homo sapiens", "tissue": "All Tissues"}, {"me": 2.1710291422889822, "pc": 0.6976701522656393, "marker_score": 1.0444055129109968, "symbol": "SASH1", "name": "SAM and SH3 domain containing 1", "organism": "Homo sapiens", "tissue": "All Tissues"}, {"me": 1.8749771610383064, "pc": 0.682443588332416, "marker_score": 1.0395694182825999, "symbol": "HECTD1", "name": "HECT domain E3 ubiquitin protein ligase 1", "organism": "Homo sapiens", "tissue": "All Tissues"}, {"me": 1.7113265278183412, "pc": 0.5496239222161071, "marker_score": 1.0395145426990495, "symbol": "ESRP1", "name": "epithelial splicing regulatory protein 1", "organism": "Homo sapiens", "tissue": "All Tissues"}, {"me": 1.9603904956539735, "pc": 0.6925334800953954, "marker_score": 1.0382407560960627, "symbol": "TAOK3", "name": "TAO kinase 3", "organism": "Homo sapiens", "tissue": "All Tissues"}]