[{"me": 3.5029995916227814, "pc": 0.9735118199943036, "marker_score": 2.3425716894707467, "symbol": "SPP1", "name": "secreted phosphoprotein 1", "organism": "Homo sapiens", "tissue": "retina (organoid)"}, {"me": 2.9644950729615425, "pc": 0.9035412513054211, "marker_score": 2.1295344994246523, "symbol": "CRABP1", "name": "cellular retinoic acid binding protein 1", "organism": "Homo sapiens", "tissue": "retina (organoid)"}, {"me": 2.9990908009766875, "pc": 0.891863666571727, "marker_score": 2.084236368441603, "symbol": "WIF1", "name": "WNT inhibitory factor 1", "organism": "Homo sapiens", "tissue": "retina (organoid)"}, {"me": 2.821596630412462, "pc": 0.8090762365897655, "marker_score": 1.592979031154188, "symbol": "SFRP2", "name": "secreted frizzled related protein 2", "organism": "Homo sapiens", "tissue": "retina (organoid)"}, {"me": 3.0715096383512983, "pc": 0.9688597740434823, "marker_score": 1.408428633068921, "symbol": "RTN4", "name": "reticulon 4", "organism": "Homo sapiens", "tissue": "retina (organoid)"}, {"me": 2.4525416257763064, "pc": 0.8102155131491503, "marker_score": 1.352656956849398, "symbol": "DKK3", "name": "dickkopf WNT signaling pathway inhibitor 3", "organism": "Homo sapiens", "tissue": "retina (organoid)"}, {"me": 2.3177475786195982, "pc": 0.6898319567074908, "marker_score": 1.224912735218422, "symbol": "QDPR", "name": "quinoid dihydropteridine reductase", "organism": "Homo sapiens", "tissue": "retina (organoid)"}, {"me": 2.71755238818243, "pc": 0.916453052311782, "marker_score": 1.1064508406417706, "symbol": "GPM6B", "name": "glycoprotein M6B", "organism": "Homo sapiens", "tissue": "retina (organoid)"}, {"me": 2.72289376268192, "pc": 0.6784391911136428, "marker_score": 1.066652443148178, "symbol": "GPX3", "name": "glutathione peroxidase 3", "organism": "Homo sapiens", "tissue": "retina (organoid)"}, {"me": 2.132324384269068, "pc": 0.5601443083641887, "marker_score": 0.9289402771347854, "symbol": "PRSS35", "name": "serine protease 35", "organism": "Homo sapiens", "tissue": "retina (organoid)"}, {"me": 2.1023783695891147, "pc": 0.48580651286433113, "marker_score": 0.6777789025443837, "symbol": "HES4", "name": "hes family bHLH transcription factor 4", "organism": "Homo sapiens", "tissue": "retina (organoid)"}, {"me": 3.1357590227826657, "pc": 0.7985379284154562, "marker_score": 0.6686559177852824, "symbol": "HES1", "name": "hes family bHLH transcription factor 1", "organism": "Homo sapiens", "tissue": "retina (organoid)"}, {"me": 2.0886234528533634, "pc": 0.6280262033608659, "marker_score": 0.653508035258338, "symbol": "TTYH1", "name": "tweety family member 1", "organism": "Homo sapiens", "tissue": "retina (organoid)"}, {"me": 4.105867552000177, "pc": 0.5351751637710054, "marker_score": 0.6472692801476881, "symbol": "TF", "name": "transferrin", "organism": "Homo sapiens", "tissue": "retina (organoid)"}, {"me": 1.9409552466447528, "pc": 0.3917212570018039, "marker_score": 0.64557444459042, "symbol": "LINC01833", "name": "long intergenic non-protein coding RNA 1833", "organism": "Homo sapiens", "tissue": "retina (organoid)"}, {"me": 1.8862984160072782, "pc": 0.35545428652805466, "marker_score": 0.6444284433042484, "symbol": "PGRMC2", "name": "progesterone receptor membrane component 2", "organism": "Homo sapiens", "tissue": "retina (organoid)"}, {"me": 1.8808063158665105, "pc": 0.40539257571442133, "marker_score": 0.6382336033670124, "symbol": "SELENOP", "name": "selenoprotein P", "organism": "Homo sapiens", "tissue": "retina (organoid)"}, {"me": 1.9384450438161376, "pc": 0.35887211620620907, "marker_score": 0.633184702525124, "symbol": "PMEPA1", "name": "prostate transmembrane protein, androgen induced 1", "organism": "Homo sapiens", "tissue": "retina (organoid)"}, {"me": 2.5906059451219514, "pc": 0.7279027817335991, "marker_score": 0.6180067554356519, "symbol": "BEX1", "name": "brain expressed X-linked 1", "organism": "Homo sapiens", "tissue": "retina (organoid)"}, {"me": 1.9296060461444193, "pc": 0.31472514953004843, "marker_score": 0.6167537711059965, "symbol": "OAF", "name": "out at first homolog", "organism": "Homo sapiens", "tissue": "retina (organoid)"}, {"me": 2.8813217756183747, "pc": 0.9135099212000379, "marker_score": 0.6129341946460994, "symbol": "ENO1", "name": "enolase 1", "organism": "Homo sapiens", "tissue": "retina (organoid)"}, {"me": 1.917763302496874, "pc": 0.3037121427893288, "marker_score": 0.5750016341033788, "symbol": "CRYM", "name": "crystallin mu", "organism": "Homo sapiens", "tissue": "retina (organoid)"}, {"me": 2.096264134079495, "pc": 0.38754390961739293, "marker_score": 0.5718885876790603, "symbol": "SRPRB", "name": "SRP receptor subunit beta", "organism": "Homo sapiens", "tissue": "retina (organoid)"}, {"me": 2.096875261418772, "pc": 0.5674546662869078, "marker_score": 0.5573948222333107, "symbol": "DAPL1", "name": "death associated protein like 1", "organism": "Homo sapiens", "tissue": "retina (organoid)"}, {"me": 2.0122574767793195, "pc": 0.530238298680338, "marker_score": 0.5379738424133945, "symbol": "RHOC", "name": "ras homolog family member C", "organism": "Homo sapiens", "tissue": "retina (organoid)"}, {"me": 1.9043504574424341, "pc": 0.3607709104718504, "marker_score": 0.5374059644867742, "symbol": "MEST", "name": "mesoderm specific transcript", "organism": "Homo sapiens", "tissue": "retina (organoid)"}, {"me": 2.0480301731836668, "pc": 0.43188075572011775, "marker_score": 0.5341081583856799, "symbol": "CD9", "name": "CD9 molecule", "organism": "Homo sapiens", "tissue": "retina (organoid)"}, {"me": 1.949520580438367, "pc": 0.4174499193012437, "marker_score": 0.519328195024643, "symbol": "CDC42EP4", "name": "CDC42 effector protein 4", "organism": "Homo sapiens", "tissue": "retina (organoid)"}, {"me": 2.008222619467985, "pc": 0.4033039020222159, "marker_score": 0.5173263680745865, "symbol": "NES", "name": "nestin", "organism": "Homo sapiens", "tissue": "retina (organoid)"}, {"me": 1.8949326417432302, "pc": 0.2945029906009684, "marker_score": 0.5127160116479242, "symbol": "PRSS23", "name": "serine protease 23", "organism": "Homo sapiens", "tissue": "retina (organoid)"}, {"me": 1.7977233170401659, "pc": 0.23459603151998482, "marker_score": 0.5056413605063421, "symbol": "NGFR", "name": "nerve growth factor receptor", "organism": "Homo sapiens", "tissue": "retina (organoid)"}, {"me": 2.427427822725199, "pc": 0.7282825405867275, "marker_score": 0.48759577335635007, "symbol": "FABP7", "name": "fatty acid binding protein 7", "organism": "Homo sapiens", "tissue": "retina (organoid)"}, {"me": 1.8625633470093779, "pc": 0.311307319851894, "marker_score": 0.46853468115519564, "symbol": "CSRP2", "name": "cysteine and glycine rich protein 2", "organism": "Homo sapiens", "tissue": "retina (organoid)"}, {"me": 2.14451507427292, "pc": 0.24646349568024303, "marker_score": 0.46022552033076636, "symbol": "RGS4", "name": "regulator of G protein signaling 4", "organism": "Homo sapiens", "tissue": "retina (organoid)"}, {"me": 2.067286872254393, "pc": 0.2971613025728662, "marker_score": 0.4330569451530075, "symbol": "LGALS3", "name": "galectin 3", "organism": "Homo sapiens", "tissue": "retina (organoid)"}, {"me": 1.8066195753360377, "pc": 0.39200607614165006, "marker_score": 0.4160257657548174, "symbol": "RCN1", "name": "reticulocalbin 1", "organism": "Homo sapiens", "tissue": "retina (organoid)"}, {"me": 1.7772416199689136, "pc": 0.18133485236874586, "marker_score": 0.41551368144957573, "symbol": "CREB5", "name": "cAMP responsive element binding protein 5", "organism": "Homo sapiens", "tissue": "retina (organoid)"}, {"me": 1.7823794492570049, "pc": 0.1744991930124371, "marker_score": 0.4131131567031118, "symbol": "RASSF4", "name": "Ras association domain family member 4", "organism": "Homo sapiens", "tissue": "retina (organoid)"}, {"me": 2.322513161928906, "pc": 0.648343302003228, "marker_score": 0.40232935243874535, "symbol": "IFITM3", "name": "interferon induced transmembrane protein 3", "organism": "Homo sapiens", "tissue": "retina (organoid)"}, {"me": 1.9401395028097588, "pc": 0.3030475647963543, "marker_score": 0.39092378748413115, "symbol": "EGR2", "name": "early growth response 2", "organism": "Homo sapiens", "tissue": "retina (organoid)"}, {"me": 1.7320113324315014, "pc": 0.1463970378809456, "marker_score": 0.3867707312858982, "symbol": "FLT1", "name": "fms related receptor tyrosine kinase 1", "organism": "Homo sapiens", "tissue": "retina (organoid)"}, {"me": 1.814526069944883, "pc": 0.28852178866419825, "marker_score": 0.38542788279366835, "symbol": "ESPN", "name": "espin", "organism": "Homo sapiens", "tissue": "retina (organoid)"}, {"me": 1.8238675981133479, "pc": 0.2393430171840881, "marker_score": 0.38434288388483806, "symbol": "LAMP5", "name": "lysosomal associated membrane protein family member 5", "organism": "Homo sapiens", "tissue": "retina (organoid)"}, {"me": 2.023417096197129, "pc": 0.5589100920915219, "marker_score": 0.3830357843538702, "symbol": "SOX2", "name": "SRY-box transcription factor 2", "organism": "Homo sapiens", "tissue": "retina (organoid)"}, {"me": 2.1778280585913783, "pc": 0.6254628311022501, "marker_score": 0.3767389167681614, "symbol": "ZFP36L1", "name": "ZFP36 ring finger protein like 1", "organism": "Homo sapiens", "tissue": "retina (organoid)"}, {"me": 2.135047694370443, "pc": 0.338555017563847, "marker_score": 0.3750093395320094, "symbol": "AKAP12", "name": "A-kinase anchoring protein 12", "organism": "Homo sapiens", "tissue": "retina (organoid)"}, {"me": 1.9006341294279316, "pc": 0.14573245988797115, "marker_score": 0.3744736623290893, "symbol": "PTH2", "name": "parathyroid hormone 2", "organism": "Homo sapiens", "tissue": "retina (organoid)"}, {"me": 2.0138657760882657, "pc": 0.27589480679768347, "marker_score": 0.3724284838212643, "symbol": "CCND1", "name": "cyclin D1", "organism": "Homo sapiens", "tissue": "retina (organoid)"}, {"me": 2.637829108663414, "pc": 0.24807747080603818, "marker_score": 0.36657988829114496, "symbol": "TRH", "name": "thyrotropin releasing hormone", "organism": "Homo sapiens", "tissue": "retina (organoid)"}, {"me": 1.9332568623946418, "pc": 0.15769486376151143, "marker_score": 0.364064389154373, "symbol": "LYPD1", "name": "LY6/PLAUR domain containing 1", "organism": "Homo sapiens", "tissue": "retina (organoid)"}, {"me": 1.8313330812119721, "pc": 0.13263077945504603, "marker_score": 0.36343739718809387, "symbol": "C1QTNF3", "name": "C1q and TNF related 3", "organism": "Homo sapiens", "tissue": "retina (organoid)"}, {"me": 1.8005336559713254, "pc": 0.15437197379663914, "marker_score": 0.33208391210192123, "symbol": "KLHL8", "name": "kelch like family member 8", "organism": "Homo sapiens", "tissue": "retina (organoid)"}, {"me": 1.73915919493593, "pc": 0.13984619766448306, "marker_score": 0.3242956954352537, "symbol": "CTNNBIP1", "name": "catenin beta interacting protein 1", "organism": "Homo sapiens", "tissue": "retina (organoid)"}, {"me": 1.8520383451323728, "pc": 0.2833001044336846, "marker_score": 0.31698704171446, "symbol": "LGI4", "name": "leucine rich repeat LGI family member 4", "organism": "Homo sapiens", "tissue": "retina (organoid)"}, {"me": 3.3332505441162086, "pc": 0.9705686888825595, "marker_score": 0.31554172660360535, "symbol": "VIM", "name": "vimentin", "organism": "Homo sapiens", "tissue": "retina (organoid)"}, {"me": 1.8072705790944343, "pc": 0.31216177727143263, "marker_score": 0.3093902933046665, "symbol": "MGARP", "name": "mitochondria localized glutamic acid rich protein", "organism": "Homo sapiens", "tissue": "retina (organoid)"}, {"me": 1.6678030542275601, "pc": 0.11449729421817147, "marker_score": 0.3019048482857869, "symbol": "SNX10", "name": "sorting nexin 10", "organism": "Homo sapiens", "tissue": "retina (organoid)"}, {"me": 1.750367205400331, "pc": 0.0932307984429887, "marker_score": 0.29613790901948167, "symbol": "COL2A1", "name": "collagen type II alpha 1 chain", "organism": "Homo sapiens", "tissue": "retina (organoid)"}, {"me": 1.6877116091965418, "pc": 0.07481249406626791, "marker_score": 0.28289155070995636, "symbol": "RAMP2", "name": "receptor activity modifying protein 2", "organism": "Homo sapiens", "tissue": "retina (organoid)"}, {"me": 2.455704223229052, "pc": 0.08611031994683375, "marker_score": 0.27643680483213334, "symbol": "GAL", "name": "galanin and GMAP prepropeptide", "organism": "Homo sapiens", "tissue": "retina (organoid)"}, {"me": 1.757807097164592, "pc": 0.13728282540586728, "marker_score": 0.27241651813114726, "symbol": "ANGPTL1", "name": "angiopoietin like 1", "organism": "Homo sapiens", "tissue": "retina (organoid)"}, {"me": 1.7138433841006253, "pc": 0.18598689831956708, "marker_score": 0.2684824819154776, "symbol": "CDH2", "name": "cadherin 2", "organism": "Homo sapiens", "tissue": "retina (organoid)"}, {"me": 1.7230988974883177, "pc": 0.0812683945694484, "marker_score": 0.2657042777119717, "symbol": "JAG1", "name": "jagged canonical Notch ligand 1", "organism": "Homo sapiens", "tissue": "retina (organoid)"}, {"me": 1.6721287177478985, "pc": 0.07623658976549891, "marker_score": 0.26098757893649505, "symbol": "LGR4", "name": "leucine rich repeat containing G protein-coupled receptor 4", "organism": "Homo sapiens", "tissue": "retina (organoid)"}, {"me": 1.6753952004026353, "pc": 0.12968764834330201, "marker_score": 0.2579794056754619, "symbol": "SMIM20", "name": "small integral membrane protein 20", "organism": "Homo sapiens", "tissue": "retina (organoid)"}, {"me": 1.8296598565641535, "pc": 0.08971802905155227, "marker_score": 0.2569143955762241, "symbol": "HBEGF", "name": "heparin binding EGF like growth factor", "organism": "Homo sapiens", "tissue": "retina (organoid)"}, {"me": 1.8498668670654297, "pc": 0.15797968290135764, "marker_score": 0.25460775478855585, "symbol": "CP", "name": "ceruloplasmin", "organism": "Homo sapiens", "tissue": "retina (organoid)"}, {"me": 2.1331026900300674, "pc": 0.32364948257856263, "marker_score": 0.25246425915282944, "symbol": "BTG2", "name": "BTG anti-proliferation factor 2", "organism": "Homo sapiens", "tissue": "retina (organoid)"}, {"me": 2.07621658795077, "pc": 0.7029336371404158, "marker_score": 0.25241675978439504, "symbol": "SNRPG", "name": "small nuclear ribonucleoprotein polypeptide G", "organism": "Homo sapiens", "tissue": "retina (organoid)"}, {"me": 2.110135365681476, "pc": 0.08667995822652616, "marker_score": 0.24984006893889338, "symbol": "HES5", "name": "hes family bHLH transcription factor 5", "organism": "Homo sapiens", "tissue": "retina (organoid)"}, {"me": 1.728710231609858, "pc": 0.09522453242191209, "marker_score": 0.2496462540478403, "symbol": "ARHGAP29", "name": "Rho GTPase activating protein 29", "organism": "Homo sapiens", "tissue": "retina (organoid)"}, {"me": 1.717502191805611, "pc": 0.11886452102914649, "marker_score": 0.24937344560274943, "symbol": "RAX", "name": "retina and anterior neural fold homeobox", "organism": "Homo sapiens", "tissue": "retina (organoid)"}, {"me": 1.69270540818636, "pc": 0.08848381277888541, "marker_score": 0.24755463851028264, "symbol": "AGL", "name": "amylo-alpha-1, 6-glucosidase, 4-alpha-glucanotransferase", "organism": "Homo sapiens", "tissue": "retina (organoid)"}, {"me": 1.7759208984375, "pc": 0.2373492832051647, "marker_score": 0.24735182747208684, "symbol": "SIX6", "name": "SIX homeobox 6", "organism": "Homo sapiens", "tissue": "retina (organoid)"}, {"me": 1.710907556620209, "pc": 0.13623848855976456, "marker_score": 0.24543555304532505, "symbol": "COL18A1", "name": "collagen type XVIII alpha 1 chain", "organism": "Homo sapiens", "tissue": "retina (organoid)"}, {"me": 1.828376870671174, "pc": 0.10794645400170891, "marker_score": 0.24459140251963077, "symbol": "HEY1", "name": "hes related family bHLH transcription factor with YRPW motif 1", "organism": "Homo sapiens", "tissue": "retina (organoid)"}, {"me": 1.7142965194906203, "pc": 0.1277888540776607, "marker_score": 0.2418486411053749, "symbol": "GATB", "name": "glutamyl-tRNA amidotransferase subunit B", "organism": "Homo sapiens", "tissue": "retina (organoid)"}, {"me": 1.7254317434210527, "pc": 0.08478116396088484, "marker_score": 0.23890858447096402, "symbol": "STAC2", "name": "SH3 and cysteine rich domain 2", "organism": "Homo sapiens", "tissue": "retina (organoid)"}, {"me": 1.8742516459433685, "pc": 0.20222158929080034, "marker_score": 0.2385019811053792, "symbol": "CBX6", "name": "chromobox 6", "organism": "Homo sapiens", "tissue": "retina (organoid)"}, {"me": 1.7064483894789515, "pc": 0.09190164245703979, "marker_score": 0.23725508998068734, "symbol": "CASP3", "name": "caspase 3", "organism": "Homo sapiens", "tissue": "retina (organoid)"}, {"me": 1.8885012322071335, "pc": 0.054400455710623755, "marker_score": 0.23703006962012782, "symbol": "RP3-395M20.12", "name": "RP3-395M20.12", "organism": "Homo sapiens", "tissue": "retina (organoid)"}, {"me": 1.7051609878437077, "pc": 0.07035032754201083, "marker_score": 0.23459524925875, "symbol": "MTTP", "name": "microsomal triglyceride transfer protein", "organism": "Homo sapiens", "tissue": "retina (organoid)"}, {"me": 1.8600911047840478, "pc": 0.07528719263267825, "marker_score": 0.23219176859212423, "symbol": "DIO3", "name": "iodothyronine deiodinase 3", "organism": "Homo sapiens", "tissue": "retina (organoid)"}, {"me": 1.8713157659820725, "pc": 0.3614354884648248, "marker_score": 0.22843187800255702, "symbol": "DCBLD2", "name": "discoidin, CUB and LCCL domain containing 2", "organism": "Homo sapiens", "tissue": "retina (organoid)"}, {"me": 1.6799256429506864, "pc": 0.049273711193392196, "marker_score": 0.22615493465601816, "symbol": "PLA2G4C", "name": "phospholipase A2 group IVC", "organism": "Homo sapiens", "tissue": "retina (organoid)"}, {"me": 1.7239330670035913, "pc": 0.1024399506313491, "marker_score": 0.22392990473772487, "symbol": "GPR37", "name": "G protein-coupled receptor 37", "organism": "Homo sapiens", "tissue": "retina (organoid)"}, {"me": 1.73717267762007, "pc": 0.0746226146397038, "marker_score": 0.22206309278338993, "symbol": "CHRDL1", "name": "chordin like 1", "organism": "Homo sapiens", "tissue": "retina (organoid)"}, {"me": 1.8918210388451684, "pc": 0.12968764834330201, "marker_score": 0.2170926880465589, "symbol": "BAMBI", "name": "BMP and activin membrane bound inhibitor", "organism": "Homo sapiens", "tissue": "retina (organoid)"}, {"me": 1.668511822726383, "pc": 0.04547612266210956, "marker_score": 0.21652022374648702, "symbol": "SLITRK2", "name": "SLIT and NTRK like family member 2", "organism": "Homo sapiens", "tissue": "retina (organoid)"}, {"me": 2.1653447971459188, "pc": 0.4873255482768442, "marker_score": 0.21508688673591836, "symbol": "CA2", "name": "carbonic anhydrase 2", "organism": "Homo sapiens", "tissue": "retina (organoid)"}, {"me": 2.303753819958917, "pc": 0.17620810785151428, "marker_score": 0.21507268396358317, "symbol": "APOC1", "name": "apolipoprotein C1", "organism": "Homo sapiens", "tissue": "retina (organoid)"}, {"me": 1.8312157955266497, "pc": 0.31795309978163866, "marker_score": 0.21342043221063883, "symbol": "FHL1", "name": "four and a half LIM domains 1", "organism": "Homo sapiens", "tissue": "retina (organoid)"}, {"me": 1.782438858695652, "pc": 0.05240672173170037, "marker_score": 0.20872008431688763, "symbol": "CXCL12", "name": "C-X-C motif chemokine ligand 12", "organism": "Homo sapiens", "tissue": "retina (organoid)"}, {"me": 1.6929356206199944, "pc": 0.041488654704262794, "marker_score": 0.20763364195423065, "symbol": "EFNA1", "name": "ephrin A1", "organism": "Homo sapiens", "tissue": "retina (organoid)"}, {"me": 1.6338979628135877, "pc": 0.040919016424570395, "marker_score": 0.20611663486677573, "symbol": "PALMD", "name": "palmdelphin", "organism": "Homo sapiens", "tissue": "retina (organoid)"}, {"me": 1.6930177099148112, "pc": 0.07035032754201083, "marker_score": 0.20602544266556552, "symbol": "CDKN1B", "name": "cyclin dependent kinase inhibitor 1B", "organism": "Homo sapiens", "tissue": "retina (organoid)"}, {"me": 1.6954163029654323, "pc": 0.09389537643596316, "marker_score": 0.20510151152420514, "symbol": "LIMCH1", "name": "LIM and calponin homology domains 1", "organism": "Homo sapiens", "tissue": "retina (organoid)"}, {"me": 2.0411588822288076, "pc": 0.04129877527769866, "marker_score": 0.20208249174588055, "symbol": "NPVF", "name": "neuropeptide VF precursor", "organism": "Homo sapiens", "tissue": "retina (organoid)"}, {"me": 1.6467551281101895, "pc": 0.060096838507547705, "marker_score": 0.20152166820376083, "symbol": "AKAP11", "name": "A-kinase anchoring protein 11", "organism": "Homo sapiens", "tissue": "retina (organoid)"}, {"me": 2.195450755917948, "pc": 0.6236589765498908, "marker_score": 0.20127175405149697, "symbol": "PHLDA1", "name": "pleckstrin homology like domain family A member 1", "organism": "Homo sapiens", "tissue": "retina (organoid)"}, {"me": 2.9881425009415925, "pc": 0.8757294362409296, "marker_score": 2.3417272062918904, "symbol": "WIF1", "name": "WNT inhibitory factor 1", "organism": "Homo sapiens", "tissue": "eye"}, {"me": 2.9690021437159855, "pc": 0.8018470594205105, "marker_score": 1.814156065902486, "symbol": "CRABP1", "name": "cellular retinoic acid binding protein 1", "organism": "Homo sapiens", "tissue": "eye"}, {"me": 3.1823985943005977, "pc": 0.8280052773126301, "marker_score": 1.7606700074328048, "symbol": "FRZB", "name": "frizzled related protein", "organism": "Homo sapiens", "tissue": "eye"}, {"me": 3.471620210768239, "pc": 0.9052367179174913, "marker_score": 1.7236486462494551, "symbol": "GLUL", "name": "glutamate-ammonia ligase", "organism": "Homo sapiens", "tissue": "eye"}, {"me": 3.6184757890339263, "pc": 0.8046886892982189, "marker_score": 1.6575119289026252, "symbol": "TF", "name": "transferrin", "organism": "Homo sapiens", "tissue": "eye"}, {"me": 2.5710454531930087, "pc": 0.746130816461156, "marker_score": 1.4644014393063947, "symbol": "DKK3", "name": "dickkopf WNT signaling pathway inhibitor 3", "organism": "Homo sapiens", "tissue": "eye"}, {"me": 3.688516897927126, "pc": 0.8237428324960674, "marker_score": 1.403395588630837, "symbol": "APOE", "name": "apolipoprotein E", "organism": "Homo sapiens", "tissue": "eye"}, {"me": 2.432858009708738, "pc": 0.692520424214746, "marker_score": 1.3915928716197734, "symbol": "RGR", "name": "retinal G protein coupled receptor", "organism": "Homo sapiens", "tissue": "eye"}, {"me": 2.4397020811872876, "pc": 0.6650175064697823, "marker_score": 1.3176745930069746, "symbol": "RLBP1", "name": "retinaldehyde binding protein 1", "organism": "Homo sapiens", "tissue": "eye"}, {"me": 2.400118104744809, "pc": 0.653701730349622, "marker_score": 1.261393473291226, "symbol": "CA2", "name": "carbonic anhydrase 2", "organism": "Homo sapiens", "tissue": "eye"}, {"me": 3.445229308591554, "pc": 0.767214695285939, "marker_score": 1.2519859632663082, "symbol": "GPX3", "name": "glutathione peroxidase 3", "organism": "Homo sapiens", "tissue": "eye"}, {"me": 2.8669723932178726, "pc": 0.8892271781600447, "marker_score": 1.1880917181488388, "symbol": "RTN4", "name": "reticulon 4", "organism": "Homo sapiens", "tissue": "eye"}, {"me": 2.389825941144347, "pc": 0.7201248287410564, "marker_score": 1.1645887962053307, "symbol": "GPM6B", "name": "glycoprotein M6B", "organism": "Homo sapiens", "tissue": "eye"}, {"me": 2.1972683077369393, "pc": 0.5356726036433754, "marker_score": 1.028483196562734, "symbol": "MIR9-1HG", "name": "MIR9-1 host gene", "organism": "Homo sapiens", "tissue": "eye"}, {"me": 3.124130000157734, "pc": 0.8042573704774953, "marker_score": 0.9783784638631396, "symbol": "PTGDS", "name": "prostaglandin D2 synthase", "organism": "Homo sapiens", "tissue": "eye"}, {"me": 2.104895037385888, "pc": 0.5030446034404019, "marker_score": 0.9230689883359714, "symbol": "TRDN", "name": "triadin", "organism": "Homo sapiens", "tissue": "eye"}, {"me": 2.0965261304221534, "pc": 0.45856802151519765, "marker_score": 0.8664958702783904, "symbol": "TUBB2B", "name": "tubulin beta 2B class IIb", "organism": "Homo sapiens", "tissue": "eye"}, {"me": 2.129301949793968, "pc": 0.4433196326178515, "marker_score": 0.8622797710310548, "symbol": "FABP7", "name": "fatty acid binding protein 7", "organism": "Homo sapiens", "tissue": "eye"}, {"me": 2.8168089335827875, "pc": 0.6780585578728371, "marker_score": 0.8493082897039064, "symbol": "HES1", "name": "hes family bHLH transcription factor 1", "organism": "Homo sapiens", "tissue": "eye"}, {"me": 2.3144146828763406, "pc": 0.3738265590906784, "marker_score": 0.741825025648221, "symbol": "SLN", "name": "sarcolipin", "organism": "Homo sapiens", "tissue": "eye"}, {"me": 3.905947619903538, "pc": 0.8469325620337951, "marker_score": 0.6902366689429054, "symbol": "CLU", "name": "clusterin", "organism": "Homo sapiens", "tissue": "eye"}, {"me": 2.240145418306691, "pc": 0.31585223524635914, "marker_score": 0.661214241870566, "symbol": "TRH", "name": "thyrotropin releasing hormone", "organism": "Homo sapiens", "tissue": "eye"}, {"me": 1.9325242982914923, "pc": 0.27287258334601916, "marker_score": 0.5956845572289388, "symbol": "LINC00844", "name": "uncharacterized LOC102724768", "organism": "Homo sapiens", "tissue": "eye"}, {"me": 1.9000121693552277, "pc": 0.2630537372507231, "marker_score": 0.5858931115715046, "symbol": "GPR37", "name": "G protein-coupled receptor 37", "organism": "Homo sapiens", "tissue": "eye"}, {"me": 2.3092952374915483, "pc": 0.3752473740295327, "marker_score": 0.5723253573478241, "symbol": "NDUFA4L2", "name": "NDUFA4 mitochondrial complex associated like 2", "organism": "Homo sapiens", "tissue": "eye"}, {"me": 1.867112973978705, "pc": 0.29190135484853097, "marker_score": 0.5618770968526103, "symbol": "TSC22D4", "name": "TSC22 domain family member 4", "organism": "Homo sapiens", "tissue": "eye"}, {"me": 2.0029705224088077, "pc": 0.34221342670117216, "marker_score": 0.5371404223484149, "symbol": "RCN1", "name": "reticulocalbin 1", "organism": "Homo sapiens", "tissue": "eye"}, {"me": 1.9906932328820162, "pc": 0.27031004211701426, "marker_score": 0.5345207239601424, "symbol": "QDPR", "name": "quinoid dihydropteridine reductase", "organism": "Homo sapiens", "tissue": "eye"}, {"me": 1.8889363373509516, "pc": 0.22129192672654388, "marker_score": 0.5245804293253693, "symbol": "PRSS35", "name": "serine protease 35", "organism": "Homo sapiens", "tissue": "eye"}, {"me": 2.10117926713613, "pc": 0.5818744608514741, "marker_score": 0.5217657676272653, "symbol": "PPA1", "name": "inorganic pyrophosphatase 1", "organism": "Homo sapiens", "tissue": "eye"}, {"me": 1.7788222130426874, "pc": 0.20921499974628305, "marker_score": 0.507094621307477, "symbol": "TTYH1", "name": "tweety family member 1", "organism": "Homo sapiens", "tissue": "eye"}, {"me": 2.227488865778782, "pc": 0.2778961790226823, "marker_score": 0.50552298236541, "symbol": "RASD1", "name": "ras related dexamethasone induced 1", "organism": "Homo sapiens", "tissue": "eye"}, {"me": 1.8298084966539196, "pc": 0.1990409499162734, "marker_score": 0.4921147228144262, "symbol": "SOX2", "name": "SRY-box transcription factor 2", "organism": "Homo sapiens", "tissue": "eye"}, {"me": 1.8498796779773996, "pc": 0.19982747247171057, "marker_score": 0.4901569889082017, "symbol": "CRYM", "name": "crystallin mu", "organism": "Homo sapiens", "tissue": "eye"}, {"me": 1.8175696491380164, "pc": 0.25607652103313544, "marker_score": 0.47437102033803336, "symbol": "SNX10", "name": "sorting nexin 10", "organism": "Homo sapiens", "tissue": "eye"}, {"me": 2.3374057682446736, "pc": 0.19173390165930887, "marker_score": 0.4611556572709818, "symbol": "NPVF", "name": "neuropeptide VF precursor", "organism": "Homo sapiens", "tissue": "eye"}, {"me": 1.7623350475740571, "pc": 0.16615923275993302, "marker_score": 0.43961119618150046, "symbol": "GATB", "name": "glutamyl-tRNA amidotransferase subunit B", "organism": "Homo sapiens", "tissue": "eye"}, {"me": 1.9580724519740145, "pc": 0.45499061247272543, "marker_score": 0.43457534697150185, "symbol": "MGARP", "name": "mitochondria localized glutamic acid rich protein", "organism": "Homo sapiens", "tissue": "eye"}, {"me": 1.8321949259556882, "pc": 0.22101283807784036, "marker_score": 0.3974304896122377, "symbol": "CDC42EP4", "name": "CDC42 effector protein 4", "organism": "Homo sapiens", "tissue": "eye"}, {"me": 2.4343263140652303, "pc": 0.7841376160755061, "marker_score": 0.39514740915213087, "symbol": "CALM2", "name": "calmodulin 2", "organism": "Homo sapiens", "tissue": "eye"}, {"me": 1.9661148500466035, "pc": 0.46275435124575026, "marker_score": 0.39469789424517654, "symbol": "BSG", "name": "basigin (Ok blood group)", "organism": "Homo sapiens", "tissue": "eye"}, {"me": 2.519150891181032, "pc": 0.15542700563251635, "marker_score": 0.39452832393125614, "symbol": "HKDC1", "name": "hexokinase domain containing 1", "organism": "Homo sapiens", "tissue": "eye"}, {"me": 1.904265005123347, "pc": 0.3280813923986401, "marker_score": 0.39094991988974603, "symbol": "PTN", "name": "pleiotrophin", "organism": "Homo sapiens", "tissue": "eye"}, {"me": 3.0532112945917116, "pc": 0.6422337240574415, "marker_score": 0.3879922744621189, "symbol": "SPP1", "name": "secreted phosphoprotein 1", "organism": "Homo sapiens", "tissue": "eye"}, {"me": 1.8694528724825956, "pc": 0.1530674379662049, "marker_score": 0.37645622795310385, "symbol": "FGF9", "name": "fibroblast growth factor 9", "organism": "Homo sapiens", "tissue": "eye"}, {"me": 2.62210568762268, "pc": 0.14218298066676816, "marker_score": 0.35660240786575614, "symbol": "GABRG3", "name": "gamma-aminobutyric acid type A receptor subunit gamma3", "organism": "Homo sapiens", "tissue": "eye"}, {"me": 1.8551552534140712, "pc": 0.16209976150606384, "marker_score": 0.3499329247272611, "symbol": "MT1F", "name": "metallothionein 1F", "organism": "Homo sapiens", "tissue": "eye"}, {"me": 1.8203367690922587, "pc": 0.11536509869589485, "marker_score": 0.343003517129165, "symbol": "NGFR", "name": "nerve growth factor receptor", "organism": "Homo sapiens", "tissue": "eye"}, {"me": 2.129343683131241, "pc": 0.14228446744811488, "marker_score": 0.3422427544558656, "symbol": "MT1G", "name": "metallothionein 1G", "organism": "Homo sapiens", "tissue": "eye"}, {"me": 1.7468226607442474, "pc": 0.10585071294463896, "marker_score": 0.34044236286021223, "symbol": "C1QTNF3", "name": "C1q and TNF related 3", "organism": "Homo sapiens", "tissue": "eye"}, {"me": 2.0185569894208104, "pc": 0.22603643375450347, "marker_score": 0.3221443463790993, "symbol": "STAC2", "name": "SH3 and cysteine rich domain 2", "organism": "Homo sapiens", "tissue": "eye"}, {"me": 1.9910762931034482, "pc": 0.45986197797736844, "marker_score": 0.3192023482487708, "symbol": "CNN3", "name": "calponin 3", "organism": "Homo sapiens", "tissue": "eye"}, {"me": 1.702284893202862, "pc": 0.09042472217993607, "marker_score": 0.31236228562218177, "symbol": "AQP4", "name": "aquaporin 4", "organism": "Homo sapiens", "tissue": "eye"}, {"me": 1.838054841523774, "pc": 0.3062871061044299, "marker_score": 0.3087954308452422, "symbol": "SRP9", "name": "signal recognition particle 9", "organism": "Homo sapiens", "tissue": "eye"}, {"me": 1.8977768789084053, "pc": 0.1379459075455422, "marker_score": 0.3036525853566021, "symbol": "MT3", "name": "metallothionein 3", "organism": "Homo sapiens", "tissue": "eye"}, {"me": 1.778297321034432, "pc": 0.08621302075404678, "marker_score": 0.3021315065867505, "symbol": "SLITRK2", "name": "SLIT and NTRK like family member 2", "organism": "Homo sapiens", "tissue": "eye"}, {"me": 2.3629224699986593, "pc": 0.37844420764195463, "marker_score": 0.30206395928381613, "symbol": "CCN1", "name": "cellular communication network factor 1", "organism": "Homo sapiens", "tissue": "eye"}, {"me": 1.7900310490130849, "pc": 0.22880194854620187, "marker_score": 0.29798969640977, "symbol": "NDRG2", "name": "NDRG family member 2", "organism": "Homo sapiens", "tissue": "eye"}, {"me": 1.6972196218977236, "pc": 0.08025067234992642, "marker_score": 0.292714329002801, "symbol": "CA14", "name": "carbonic anhydrase 14", "organism": "Homo sapiens", "tissue": "eye"}, {"me": 1.7585130816470413, "pc": 0.12820317653625615, "marker_score": 0.2921166895796539, "symbol": "PGM2", "name": "phosphoglucomutase 2", "organism": "Homo sapiens", "tissue": "eye"}, {"me": 2.574905427631579, "pc": 0.08436088699446898, "marker_score": 0.2908537635327499, "symbol": "INHCAP", "name": "INHCAP", "organism": "Homo sapiens", "tissue": "eye"}, {"me": 2.5034773395214946, "pc": 0.7359567666311463, "marker_score": 0.28627298477289204, "symbol": "ENO1", "name": "enolase 1", "organism": "Homo sapiens", "tissue": "eye"}, {"me": 1.745173895383187, "pc": 0.07515096158725326, "marker_score": 0.2824710455929249, "symbol": "MTTP", "name": "microsomal triglyceride transfer protein", "organism": "Homo sapiens", "tissue": "eye"}, {"me": 2.0149357936929437, "pc": 0.4418988176789973, "marker_score": 0.278994211242795, "symbol": "ASAH1", "name": "N-acylsphingosine amidohydrolase 1", "organism": "Homo sapiens", "tissue": "eye"}, {"me": 1.8594050202546297, "pc": 0.06850357740904248, "marker_score": 0.2681445339845861, "symbol": "RP11-404G16.2", "name": "RP11-404G16.2", "organism": "Homo sapiens", "tissue": "eye"}, {"me": 1.6830168143331006, "pc": 0.07266453544425838, "marker_score": 0.2670631023926257, "symbol": "ABHD12B", "name": "abhydrolase domain containing 12B", "organism": "Homo sapiens", "tissue": "eye"}, {"me": 1.890799187234263, "pc": 0.24465925813162837, "marker_score": 0.2667569391649198, "symbol": "PCSK2", "name": "proprotein convertase subtilisin/kexin type 2", "organism": "Homo sapiens", "tissue": "eye"}, {"me": 1.9178874995470359, "pc": 0.17503932612777187, "marker_score": 0.26428359175905924, "symbol": "MT1E", "name": "metallothionein 1E", "organism": "Homo sapiens", "tissue": "eye"}, {"me": 1.7323354456546534, "pc": 0.06951844522250977, "marker_score": 0.2634182743916439, "symbol": "CLGN", "name": "calmegin", "organism": "Homo sapiens", "tissue": "eye"}, {"me": 1.6746547566396452, "pc": 0.07081240168468057, "marker_score": 0.2618146236161667, "symbol": "LIX1", "name": "limb and CNS expressed 1", "organism": "Homo sapiens", "tissue": "eye"}, {"me": 1.91094554774168, "pc": 0.06403815902978637, "marker_score": 0.2587436177247443, "symbol": "G6PC2", "name": "glucose-6-phosphatase catalytic subunit 2", "organism": "Homo sapiens", "tissue": "eye"}, {"me": 2.164460973724884, "pc": 0.06566194753133404, "marker_score": 0.2579189972417205, "symbol": "CYP26A1", "name": "cytochrome P450 family 26 subfamily A member 1", "organism": "Homo sapiens", "tissue": "eye"}, {"me": 1.6923497086864407, "pc": 0.11077282183995535, "marker_score": 0.2551984291805271, "symbol": "ESPN", "name": "espin", "organism": "Homo sapiens", "tissue": "eye"}, {"me": 1.8450751986708802, "pc": 0.2729740701273659, "marker_score": 0.25506372793917237, "symbol": "RARRES2", "name": "retinoic acid receptor responder 2", "organism": "Homo sapiens", "tissue": "eye"}, {"me": 1.7239437239535629, "pc": 0.1385040848429492, "marker_score": 0.25427572658501657, "symbol": "PFN2", "name": "profilin 2", "organism": "Homo sapiens", "tissue": "eye"}, {"me": 2.3896687302665396, "pc": 0.6910742375805551, "marker_score": 0.24657313217604188, "symbol": "PEBP1", "name": "phosphatidylethanolamine binding protein 1", "organism": "Homo sapiens", "tissue": "eye"}, {"me": 2.290557257978399, "pc": 0.10394783579438778, "marker_score": 0.24593551453761806, "symbol": "MYO3A", "name": "myosin IIIA", "organism": "Homo sapiens", "tissue": "eye"}, {"me": 2.4304776734723017, "pc": 0.44425838534530876, "marker_score": 0.24396154555299301, "symbol": "IGFBP5", "name": "insulin like growth factor binding protein 5", "organism": "Homo sapiens", "tissue": "eye"}, {"me": 1.952814479843031, "pc": 0.4024712031257929, "marker_score": 0.24354835696171223, "symbol": "SELENOP", "name": "selenoprotein P", "organism": "Homo sapiens", "tissue": "eye"}, {"me": 1.7557494760372685, "pc": 0.0781194499416451, "marker_score": 0.2391330064017797, "symbol": "S100A1", "name": "S100 calcium binding protein A1", "organism": "Homo sapiens", "tissue": "eye"}, {"me": 1.6402026345252134, "pc": 0.05647739381945502, "marker_score": 0.22422794724067024, "symbol": "SIX6", "name": "SIX homeobox 6", "organism": "Homo sapiens", "tissue": "eye"}, {"me": 1.8184958010541021, "pc": 0.0998883645405186, "marker_score": 0.2240074079095954, "symbol": "LINC00461", "name": "long intergenic non-protein coding RNA 461", "organism": "Homo sapiens", "tissue": "eye"}, {"me": 1.7327505903459275, "pc": 0.05170751509615872, "marker_score": 0.22302835680085198, "symbol": "EPHB6", "name": "EPH receptor B6", "organism": "Homo sapiens", "tissue": "eye"}, {"me": 2.927059318027283, "pc": 0.5970213629674734, "marker_score": 0.22044706902856595, "symbol": "JUN", "name": "Jun proto-oncogene, AP-1 transcription factor subunit", "organism": "Homo sapiens", "tissue": "eye"}, {"me": 1.698064716045673, "pc": 0.06596640787537424, "marker_score": 0.22008652811627827, "symbol": "CLRN1", "name": "clarin 1", "organism": "Homo sapiens", "tissue": "eye"}, {"me": 1.791176318332413, "pc": 0.22974070127365911, "marker_score": 0.21098095413962553, "symbol": "SLC25A4", "name": "solute carrier family 25 member 4", "organism": "Homo sapiens", "tissue": "eye"}, {"me": 1.9678549293409922, "pc": 0.0554878977013244, "marker_score": 0.20707482534474364, "symbol": "GFAP", "name": "glial fibrillary acidic protein", "organism": "Homo sapiens", "tissue": "eye"}, {"me": 1.6470910694575844, "pc": 0.08045364591261989, "marker_score": 0.20535090167296932, "symbol": "TMEM106C", "name": "transmembrane protein 106C", "organism": "Homo sapiens", "tissue": "eye"}, {"me": 2.316208926930147, "pc": 0.04313188207236007, "marker_score": 0.20436463259941612, "symbol": "PRSS56", "name": "serine protease 56", "organism": "Homo sapiens", "tissue": "eye"}, {"me": 1.9493028534370946, "pc": 0.19561577104582129, "marker_score": 0.2028507414626587, "symbol": "DDIT3", "name": "DNA damage inducible transcript 3", "organism": "Homo sapiens", "tissue": "eye"}, {"me": 1.650273998363598, "pc": 0.03755010909828995, "marker_score": 0.19094250382226072, "symbol": "NDP", "name": "norrin cystine knot growth factor NDP", "organism": "Homo sapiens", "tissue": "eye"}, {"me": 1.7686637476870888, "pc": 0.03856497691175725, "marker_score": 0.19045477745733558, "symbol": "JAKMIP1", "name": "janus kinase and microtubule interacting protein 1", "organism": "Homo sapiens", "tissue": "eye"}, {"me": 1.7597620846777118, "pc": 0.043740802760440456, "marker_score": 0.18603514495990683, "symbol": "RHCG", "name": "Rh family C glycoprotein", "organism": "Homo sapiens", "tissue": "eye"}, {"me": 2.1807191690142385, "pc": 0.03630689602679251, "marker_score": 0.1852080586188129, "symbol": "RP11-229P13.28", "name": "RP11-229P13.28", "organism": "Homo sapiens", "tissue": "eye"}, {"me": 1.7547737254677829, "pc": 0.09017100522656923, "marker_score": 0.18472596732255053, "symbol": "MAB21L1", "name": "mab-21 like 1", "organism": "Homo sapiens", "tissue": "eye"}, {"me": 3.409300667567896, "pc": 0.8351854670929112, "marker_score": 0.1835554057660749, "symbol": "GAPDH", "name": "glyceraldehyde-3-phosphate dehydrogenase", "organism": "Homo sapiens", "tissue": "eye"}, {"me": 1.6659161462383358, "pc": 0.048942000304460345, "marker_score": 0.1798395522028496, "symbol": "AMER2", "name": "APC membrane recruitment protein 2", "organism": "Homo sapiens", "tissue": "eye"}, {"me": 1.8019436768933386, "pc": 0.0959811234586695, "marker_score": 0.1792141987885461, "symbol": "MFAP4", "name": "microfibril associated protein 4", "organism": "Homo sapiens", "tissue": "eye"}, {"me": 1.9602315317411083, "pc": 0.030674379662049018, "marker_score": 0.1749434507479688, "symbol": "CEROX1", "name": "cytoplasmic endogenous regulator of oxidative phosphorylation 1", "organism": "Homo sapiens", "tissue": "eye"}, {"me": 2.154169659281886, "pc": 0.034911452783274975, "marker_score": 0.17487802501046096, "symbol": "CLRN1-AS1", "name": "CLRN1-AS1", "organism": "Homo sapiens", "tissue": "eye"}, {"me": 2.990484798451378, "pc": 0.8791318797925801, "marker_score": 2.336763629509966, "symbol": "WIF1", "name": "WNT inhibitory factor 1", "organism": "Homo sapiens", "tissue": "All Tissues"}, {"me": 2.967959079606527, "pc": 0.8232926902516667, "marker_score": 1.9562045147688647, "symbol": "CRABP1", "name": "cellular retinoic acid binding protein 1", "organism": "Homo sapiens", "tissue": "All Tissues"}, {"me": 3.0400246518263407, "pc": 0.7964242096622419, "marker_score": 1.7500007127266524, "symbol": "FRZB", "name": "frizzled related protein", "organism": "Homo sapiens", "tissue": "All Tissues"}, {"me": 2.544391151296716, "pc": 0.7596452239373737, "marker_score": 1.5829742531614037, "symbol": "DKK3", "name": "dickkopf WNT signaling pathway inhibitor 3", "organism": "Homo sapiens", "tissue": "All Tissues"}, {"me": 3.6920285853880546, "pc": 0.7478527238873206, "marker_score": 1.5216786555074422, "symbol": "TF", "name": "transferrin", "organism": "Homo sapiens", "tissue": "All Tissues"}, {"me": 2.472998236867704, "pc": 0.7615272188519832, "marker_score": 1.5032596123725188, "symbol": "GPM6B", "name": "glycoprotein M6B", "organism": "Homo sapiens", "tissue": "All Tissues"}, {"me": 2.913097612312996, "pc": 0.9060203816045008, "marker_score": 1.3724983706239664, "symbol": "RTN4", "name": "reticulon 4", "organism": "Homo sapiens", "tissue": "All Tissues"}, {"me": 3.6057871138901185, "pc": 0.8141029491260736, "marker_score": 1.2845021285369735, "symbol": "APOE", "name": "apolipoprotein E", "organism": "Homo sapiens", "tissue": "All Tissues"}, {"me": 2.3801359188075306, "pc": 0.6242416961979699, "marker_score": 1.2141493123907159, "symbol": "RLBP1", "name": "retinaldehyde binding protein 1", "organism": "Homo sapiens", "tissue": "All Tissues"}, {"me": 3.2839029638169133, "pc": 0.8205898252147276, "marker_score": 1.1578785797241498, "symbol": "GLUL", "name": "glutamate-ammonia ligase", "organism": "Homo sapiens", "tissue": "All Tissues"}, {"me": 3.023087155947489, "pc": 0.7259495064768655, "marker_score": 1.130606782439505, "symbol": "PTGDS", "name": "prostaglandin D2 synthase", "organism": "Homo sapiens", "tissue": "All Tissues"}, {"me": 3.1828856893328084, "pc": 0.7120948205097404, "marker_score": 1.080455442354089, "symbol": "SPP1", "name": "secreted phosphoprotein 1", "organism": "Homo sapiens", "tissue": "All Tissues"}, {"me": 2.424800543970988, "pc": 0.5520852103229423, "marker_score": 1.0652888508389995, "symbol": "RGR", "name": "retinal G protein coupled receptor", "organism": "Homo sapiens", "tissue": "All Tissues"}, {"me": 2.228027145999779, "pc": 0.5437964242096622, "marker_score": 1.0460416218009285, "symbol": "MIR9-1HG", "name": "MIR9-1 host gene", "organism": "Homo sapiens", "tissue": "All Tissues"}, {"me": 3.844109396814135, "pc": 0.8747872745109816, "marker_score": 1.0038797908637012, "symbol": "CLU", "name": "clusterin", "organism": "Homo sapiens", "tissue": "All Tissues"}, {"me": 3.307157574896349, "pc": 0.7484934030071876, "marker_score": 0.9897398057333534, "symbol": "GPX3", "name": "glutathione peroxidase 3", "organism": "Homo sapiens", "tissue": "All Tissues"}, {"me": 2.220254925379812, "pc": 0.5034136184355417, "marker_score": 0.9605792828994398, "symbol": "FABP7", "name": "fatty acid binding protein 7", "organism": "Homo sapiens", "tissue": "All Tissues"}, {"me": 2.3611158590361834, "pc": 0.6186157326766373, "marker_score": 0.9154379729298341, "symbol": "CA2", "name": "carbonic anhydrase 2", "organism": "Homo sapiens", "tissue": "All Tissues"}, {"me": 2.893160460425205, "pc": 0.7034656736140309, "marker_score": 0.9067927871607138, "symbol": "HES1", "name": "hes family bHLH transcription factor 1", "organism": "Homo sapiens", "tissue": "All Tissues"}, {"me": 1.934707034011121, "pc": 0.4248703625843394, "marker_score": 0.8448066123018346, "symbol": "MGARP", "name": "mitochondria localized glutamic acid rich protein", "organism": "Homo sapiens", "tissue": "All Tissues"}, {"me": 2.121139043013109, "pc": 0.502472620978237, "marker_score": 0.7851113918957432, "symbol": "TUBB2B", "name": "tubulin beta 2B class IIb", "organism": "Homo sapiens", "tissue": "All Tissues"}, {"me": 2.104477030210643, "pc": 0.39730113920756, "marker_score": 0.7798371689193427, "symbol": "TRDN", "name": "triadin", "organism": "Homo sapiens", "tissue": "All Tissues"}, {"me": 2.5263674690112423, "pc": 0.7639898292189721, "marker_score": 0.7385475840859937, "symbol": "CKB", "name": "creatine kinase B", "organism": "Homo sapiens", "tissue": "All Tissues"}, {"me": 2.024370119656199, "pc": 0.35639778164854746, "marker_score": 0.6806744987529744, "symbol": "DAPL1", "name": "death associated protein like 1", "organism": "Homo sapiens", "tissue": "All Tissues"}, {"me": 1.9167224351911043, "pc": 0.2975353875107614, "marker_score": 0.6383708873209291, "symbol": "TTYH1", "name": "tweety family member 1", "organism": "Homo sapiens", "tissue": "All Tissues"}, {"me": 2.3091368178196787, "pc": 0.3015596532324264, "marker_score": 0.6322161570128131, "symbol": "TRH", "name": "thyrotropin releasing hormone", "organism": "Homo sapiens", "tissue": "All Tissues"}, {"me": 1.9871438639122556, "pc": 0.29275031533425433, "marker_score": 0.6285112806322126, "symbol": "PRSS35", "name": "serine protease 35", "organism": "Homo sapiens", "tissue": "All Tissues"}, {"me": 2.3140682760462594, "pc": 0.29517288325625163, "marker_score": 0.6241412490288429, "symbol": "SLN", "name": "sarcolipin", "organism": "Homo sapiens", "tissue": "All Tissues"}, {"me": 2.303641605955408, "pc": 0.3071055318637756, "marker_score": 0.6089061209505948, "symbol": "NDUFA4L2", "name": "NDUFA4 mitochondrial complex associated like 2", "organism": "Homo sapiens", "tissue": "All Tissues"}, {"me": 2.7566555773939942, "pc": 0.6213786613810639, "marker_score": 0.5890244925836384, "symbol": "CRYAB", "name": "crystallin alpha B", "organism": "Homo sapiens", "tissue": "All Tissues"}, {"me": 2.123303658621652, "pc": 0.3587803071255531, "marker_score": 0.5844101481209817, "symbol": "QDPR", "name": "quinoid dihydropteridine reductase", "organism": "Homo sapiens", "tissue": "All Tissues"}, {"me": 1.8834149708984886, "pc": 0.22918293390994454, "marker_score": 0.5379470611153312, "symbol": "GPR37", "name": "G protein-coupled receptor 37", "organism": "Homo sapiens", "tissue": "All Tissues"}, {"me": 1.9128097236382173, "pc": 0.2749314273129517, "marker_score": 0.5228267518624663, "symbol": "SOX2", "name": "SRY-box transcription factor 2", "organism": "Homo sapiens", "tissue": "All Tissues"}, {"me": 2.08030313525534, "pc": 0.34774861353034214, "marker_score": 0.5204865546079827, "symbol": "SLC1A3", "name": "solute carrier family 1 member 3", "organism": "Homo sapiens", "tissue": "All Tissues"}, {"me": 1.860176373689211, "pc": 0.28448155044347007, "marker_score": 0.519242563979385, "symbol": "TSC22D4", "name": "TSC22 domain family member 4", "organism": "Homo sapiens", "tissue": "All Tissues"}, {"me": 1.9302595947535992, "pc": 0.2169499669649829, "marker_score": 0.5167304840816069, "symbol": "LINC00844", "name": "uncharacterized LOC102724768", "organism": "Homo sapiens", "tissue": "All Tissues"}, {"me": 1.9918521491149765, "pc": 0.19624802290427854, "marker_score": 0.48138117867245733, "symbol": "STAC2", "name": "SH3 and cysteine rich domain 2", "organism": "Homo sapiens", "tissue": "All Tissues"}, {"me": 1.8694878668171557, "pc": 0.22173503914148998, "marker_score": 0.46925253375888704, "symbol": "CRYM", "name": "crystallin mu", "organism": "Homo sapiens", "tissue": "All Tissues"}, {"me": 1.871551187728868, "pc": 0.26243818447554407, "marker_score": 0.4670360015875397, "symbol": "CDC42EP4", "name": "CDC42 effector protein 4", "organism": "Homo sapiens", "tissue": "All Tissues"}, {"me": 1.95695053960663, "pc": 0.35271387670931187, "marker_score": 0.44642094088594525, "symbol": "RCN1", "name": "reticulocalbin 1", "organism": "Homo sapiens", "tissue": "All Tissues"}, {"me": 2.806502855503925, "pc": 0.17342382925901456, "marker_score": 0.4317735912303162, "symbol": "SFRP2", "name": "secreted frizzled related protein 2", "organism": "Homo sapiens", "tissue": "All Tissues"}, {"me": 1.754145102715326, "pc": 0.15806755160470098, "marker_score": 0.419554867133512, "symbol": "GATB", "name": "glutamyl-tRNA amidotransferase subunit B", "organism": "Homo sapiens", "tissue": "All Tissues"}, {"me": 2.32128124217968, "pc": 0.16000961018679802, "marker_score": 0.414450790797731, "symbol": "NPVF", "name": "neuropeptide VF precursor", "organism": "Homo sapiens", "tissue": "All Tissues"}, {"me": 2.8091834298938374, "pc": 0.15464392255791137, "marker_score": 0.4050727169768167, "symbol": "CYP26A1", "name": "cytochrome P450 family 26 subfamily A member 1", "organism": "Homo sapiens", "tissue": "All Tissues"}, {"me": 1.8123746248486037, "pc": 0.1405089394758444, "marker_score": 0.3932374884237845, "symbol": "NGFR", "name": "nerve growth factor receptor", "organism": "Homo sapiens", "tissue": "All Tissues"}, {"me": 1.8648727509469698, "pc": 0.13214006847258095, "marker_score": 0.3840462024736806, "symbol": "LINC01833", "name": "long intergenic non-protein coding RNA 1833", "organism": "Homo sapiens", "tissue": "All Tissues"}, {"me": 1.8015843492786972, "pc": 0.2262197929805594, "marker_score": 0.38328617770022166, "symbol": "SNX10", "name": "sorting nexin 10", "organism": "Homo sapiens", "tissue": "All Tissues"}, {"me": 1.7424906893568535, "pc": 0.14825715258173663, "marker_score": 0.38069791339531667, "symbol": "ESPN", "name": "espin", "organism": "Homo sapiens", "tissue": "All Tissues"}, {"me": 2.047852987700668, "pc": 0.5213125913468276, "marker_score": 0.3794885469669784, "symbol": "CNN3", "name": "calponin 3", "organism": "Homo sapiens", "tissue": "All Tissues"}, {"me": 1.7414075709317156, "pc": 0.16873886319498668, "marker_score": 0.37187382063156027, "symbol": "PLEKHB1", "name": "pleckstrin homology domain containing B1", "organism": "Homo sapiens", "tissue": "All Tissues"}, {"me": 2.5975936553496077, "pc": 0.7733998037920196, "marker_score": 0.37099671562701214, "symbol": "ENO1", "name": "enolase 1", "organism": "Homo sapiens", "tissue": "All Tissues"}, {"me": 1.867848995645998, "pc": 0.12156886299477446, "marker_score": 0.3661247698594596, "symbol": "FGF9", "name": "fibroblast growth factor 9", "organism": "Homo sapiens", "tissue": "All Tissues"}, {"me": 2.4965006769177265, "pc": 0.1259334894988688, "marker_score": 0.3604439682414894, "symbol": "HKDC1", "name": "hexokinase domain containing 1", "organism": "Homo sapiens", "tissue": "All Tissues"}, {"me": 2.0700921991347943, "pc": 0.23661080745590327, "marker_score": 0.34754452472261965, "symbol": "RGS16", "name": "regulator of G protein signaling 16", "organism": "Homo sapiens", "tissue": "All Tissues"}, {"me": 1.72293691426588, "pc": 0.11536228402106233, "marker_score": 0.34251933436798976, "symbol": "SIX3", "name": "SIX homeobox 3", "organism": "Homo sapiens", "tissue": "All Tissues"}, {"me": 2.110526202901638, "pc": 0.4229683464472341, "marker_score": 0.3373416591967865, "symbol": "PTN", "name": "pleiotrophin", "organism": "Homo sapiens", "tissue": "All Tissues"}, {"me": 1.8957975539757166, "pc": 0.10965623560974633, "marker_score": 0.3367589725680258, "symbol": "MT3", "name": "metallothionein 3", "organism": "Homo sapiens", "tissue": "All Tissues"}, {"me": 2.342907345934822, "pc": 0.710192804372635, "marker_score": 0.3365058001176773, "symbol": "PEBP1", "name": "phosphatidylethanolamine binding protein 1", "organism": "Homo sapiens", "tissue": "All Tissues"}, {"me": 2.6019021516169265, "pc": 0.11438124411876589, "marker_score": 0.3345203946601601, "symbol": "GABRG3", "name": "gamma-aminobutyric acid type A receptor subunit gamma3", "organism": "Homo sapiens", "tissue": "All Tissues"}, {"me": 2.0770892122632487, "pc": 0.10465092998578493, "marker_score": 0.33028904733580006, "symbol": "SAG", "name": "S-antigen visual arrestin", "organism": "Homo sapiens", "tissue": "All Tissues"}, {"me": 1.7652089207393484, "pc": 0.1038500810859511, "marker_score": 0.32721357090666214, "symbol": "MAB21L1", "name": "mab-21 like 1", "organism": "Homo sapiens", "tissue": "All Tissues"}, {"me": 1.993495023399349, "pc": 0.18449556529921718, "marker_score": 0.3268535432187685, "symbol": "RORB", "name": "RAR related orphan receptor B", "organism": "Homo sapiens", "tissue": "All Tissues"}, {"me": 1.7680223039930867, "pc": 0.11149818807936412, "marker_score": 0.323047193993213, "symbol": "C1QTNF3", "name": "C1q and TNF related 3", "organism": "Homo sapiens", "tissue": "All Tissues"}, {"me": 1.7119960970561785, "pc": 0.09462029751536628, "marker_score": 0.32026307452982583, "symbol": "SIX6", "name": "SIX homeobox 6", "organism": "Homo sapiens", "tissue": "All Tissues"}, {"me": 2.0231691833694474, "pc": 0.3695917672733097, "marker_score": 0.3171923740024896, "symbol": "SLC2A1", "name": "solute carrier family 2 member 1", "organism": "Homo sapiens", "tissue": "All Tissues"}, {"me": 1.8754274714669352, "pc": 0.11928644363024807, "marker_score": 0.3064644289559223, "symbol": "KLHL8", "name": "kelch like family member 8", "organism": "Homo sapiens", "tissue": "All Tissues"}, {"me": 1.8182827877983572, "pc": 0.1291769275431958, "marker_score": 0.2997653182284236, "symbol": "LINC00461", "name": "long intergenic non-protein coding RNA 461", "organism": "Homo sapiens", "tissue": "All Tissues"}, {"me": 2.217660742418275, "pc": 0.35583718741866377, "marker_score": 0.2996962513556636, "symbol": "BEX1", "name": "brain expressed X-linked 1", "organism": "Homo sapiens", "tissue": "All Tissues"}, {"me": 2.071739241714007, "pc": 0.5744689370732977, "marker_score": 0.2958907531681377, "symbol": "PPA1", "name": "inorganic pyrophosphatase 1", "organism": "Homo sapiens", "tissue": "All Tissues"}, {"me": 2.016008529638339, "pc": 0.30862714477345987, "marker_score": 0.29179864365893815, "symbol": "NUDT4", "name": "nudix hydrolase 4", "organism": "Homo sapiens", "tissue": "All Tissues"}, {"me": 1.8040380158492824, "pc": 0.08787314553426633, "marker_score": 0.2913436237967636, "symbol": "LGI4", "name": "leucine rich repeat LGI family member 4", "organism": "Homo sapiens", "tissue": "All Tissues"}, {"me": 1.7763011886826987, "pc": 0.1777484133181172, "marker_score": 0.28907794973611917, "symbol": "PHYHIPL", "name": "phytanoyl-CoA 2-hydroxylase interacting protein like", "organism": "Homo sapiens", "tissue": "All Tissues"}, {"me": 1.7647334490666107, "pc": 0.07762227961639338, "marker_score": 0.28640716916838344, "symbol": "SLITRK2", "name": "SLIT and NTRK like family member 2", "organism": "Homo sapiens", "tissue": "All Tissues"}, {"me": 2.0122579711629176, "pc": 0.40320739984383447, "marker_score": 0.284976181817355, "symbol": "ASAH1", "name": "N-acylsphingosine amidohydrolase 1", "organism": "Homo sapiens", "tissue": "All Tissues"}, {"me": 2.2788689984686523, "pc": 0.08334834925020522, "marker_score": 0.2807925867968224, "symbol": "MYO3A", "name": "myosin IIIA", "organism": "Homo sapiens", "tissue": "All Tissues"}, {"me": 1.6905338595294481, "pc": 0.07291729232986967, "marker_score": 0.27826296261405675, "symbol": "CA14", "name": "carbonic anhydrase 14", "organism": "Homo sapiens", "tissue": "All Tissues"}, {"me": 1.9182429970854922, "pc": 0.077281918833964, "marker_score": 0.2778113946566131, "symbol": "RCVRN", "name": "recoverin", "organism": "Homo sapiens", "tissue": "All Tissues"}, {"me": 1.942081119548059, "pc": 0.08561074739223577, "marker_score": 0.2729393733517299, "symbol": "PVALB", "name": "parvalbumin", "organism": "Homo sapiens", "tissue": "All Tissues"}, {"me": 1.7018283300834938, "pc": 0.07283720743988628, "marker_score": 0.27256559784479834, "symbol": "AQP4", "name": "aquaporin 4", "organism": "Homo sapiens", "tissue": "All Tissues"}, {"me": 1.9793606588723776, "pc": 0.07157587042264801, "marker_score": 0.267640258244259, "symbol": "RHO", "name": "rhodopsin", "organism": "Homo sapiens", "tissue": "All Tissues"}, {"me": 1.755281891267791, "pc": 0.10268885018119206, "marker_score": 0.26756085823394943, "symbol": "PGM2", "name": "phosphoglucomutase 2", "organism": "Homo sapiens", "tissue": "All Tissues"}, {"me": 1.6698226613260485, "pc": 0.06779185937093318, "marker_score": 0.2656225334222285, "symbol": "LIX1", "name": "limb and CNS expressed 1", "organism": "Homo sapiens", "tissue": "All Tissues"}, {"me": 2.574905427631579, "pc": 0.0665705647986866, "marker_score": 0.26164078644866823, "symbol": "INHCAP", "name": "INHCAP", "organism": "Homo sapiens", "tissue": "All Tissues"}, {"me": 1.807405295569599, "pc": 0.14929825615152062, "marker_score": 0.2553246812980331, "symbol": "PYGL", "name": "glycogen phosphorylase L", "organism": "Homo sapiens", "tissue": "All Tissues"}, {"me": 1.686325245143721, "pc": 0.06042404949246201, "marker_score": 0.25156876780166926, "symbol": "CLRN1", "name": "clarin 1", "organism": "Homo sapiens", "tissue": "All Tissues"}, {"me": 1.9484372140373354, "pc": 0.06837247482331271, "marker_score": 0.25086723297472724, "symbol": "NEFL", "name": "neurofilament light chain", "organism": "Homo sapiens", "tissue": "All Tissues"}, {"me": 1.7209728360573715, "pc": 0.060023625042545097, "marker_score": 0.2506308006077774, "symbol": "RAX", "name": "retina and anterior neural fold homeobox", "organism": "Homo sapiens", "tissue": "All Tissues"}, {"me": 1.747025437127976, "pc": 0.08408913448255151, "marker_score": 0.24711290593096802, "symbol": "COL9A2", "name": "collagen type IX alpha 2 chain", "organism": "Homo sapiens", "tissue": "All Tissues"}, {"me": 1.6823282116250866, "pc": 0.057781248123010394, "marker_score": 0.24515641365999125, "symbol": "ABHD12B", "name": "abhydrolase domain containing 12B", "organism": "Homo sapiens", "tissue": "All Tissues"}, {"me": 1.6431584676106772, "pc": 0.05766112078803532, "marker_score": 0.24059480875941452, "symbol": "ZNF593OS", "name": "ZNF593 opposite strand", "organism": "Homo sapiens", "tissue": "All Tissues"}, {"me": 1.8531276298810593, "pc": 0.05575910465092999, "marker_score": 0.2404508049257997, "symbol": "RP11-404G16.2", "name": "RP11-404G16.2", "organism": "Homo sapiens", "tissue": "All Tissues"}, {"me": 1.8526206172904536, "pc": 0.26131699601577674, "marker_score": 0.23771263887012517, "symbol": "PAX6", "name": "paired box 6", "organism": "Homo sapiens", "tissue": "All Tissues"}, {"me": 1.7215404292408527, "pc": 0.06128496205978337, "marker_score": 0.2376364654999102, "symbol": "CLGN", "name": "calmegin", "organism": "Homo sapiens", "tissue": "All Tissues"}, {"me": 1.9885942356162827, "pc": 0.06602999179129877, "marker_score": 0.23497116384624078, "symbol": "PDE6G", "name": "phosphodiesterase 6G", "organism": "Homo sapiens", "tissue": "All Tissues"}, {"me": 1.8394219469493476, "pc": 0.13043826456043406, "marker_score": 0.23293224873714416, "symbol": "SLC16A1", "name": "solute carrier family 16 member 1", "organism": "Homo sapiens", "tissue": "All Tissues"}, {"me": 1.9067329427591762, "pc": 0.051274350811860575, "marker_score": 0.2299602477159514, "symbol": "G6PC2", "name": "glucose-6-phosphatase catalytic subunit 2", "organism": "Homo sapiens", "tissue": "All Tissues"}, {"me": 2.095754252645917, "pc": 0.07992472020341562, "marker_score": 0.22215534893230593, "symbol": "CRB1", "name": "crumbs cell polarity complex component 1", "organism": "Homo sapiens", "tissue": "All Tissues"}, {"me": 1.9451926990133215, "pc": 0.20139347708571084, "marker_score": 0.21775060647177558, "symbol": "DDIT3", "name": "DNA damage inducible transcript 3", "organism": "Homo sapiens", "tissue": "All Tissues"}, {"me": 1.8362701594480995, "pc": 0.04450717760826476, "marker_score": 0.21434894972830598, "symbol": "PMP2", "name": "peripheral myelin protein 2", "organism": "Homo sapiens", "tissue": "All Tissues"}, {"me": 1.8901726934238297, "pc": 0.07826295873626044, "marker_score": 0.21375164168191277, "symbol": "EGR2", "name": "early growth response 2", "organism": "Homo sapiens", "tissue": "All Tissues"}]