[{"me": 3.460272914802122, "pc": 0.9528276378460451, "marker_score": 2.449498523941414, "symbol": "FABP7", "name": "fatty acid binding protein 7", "organism": "Homo sapiens", "tissue": "brain"}, {"me": 3.210655697307649, "pc": 0.9231681191372533, "marker_score": 2.4342045782479285, "symbol": "FABP5", "name": "fatty acid binding protein 5", "organism": "Homo sapiens", "tissue": "brain"}, {"me": 2.709460035513535, "pc": 0.8843569957777824, "marker_score": 1.8311870767668958, "symbol": "MIR9-1HG", "name": "MIR9-1 host gene", "organism": "Homo sapiens", "tissue": "brain"}, {"me": 2.484984600398467, "pc": 0.8247259718380165, "marker_score": 1.3741911088200678, "symbol": "DBI", "name": "diazepam binding inhibitor, acyl-CoA binding protein", "organism": "Homo sapiens", "tissue": "brain"}, {"me": 3.3661441495537745, "pc": 0.913579733355519, "marker_score": 1.2212934306578365, "symbol": "PTN", "name": "pleiotrophin", "organism": "Homo sapiens", "tissue": "brain"}, {"me": 2.152908700980392, "pc": 0.530377087709811, "marker_score": 1.0201418257788133, "symbol": "TTYH1", "name": "tweety family member 1", "organism": "Homo sapiens", "tissue": "brain"}, {"me": 2.576340148698885, "pc": 0.6993697872251918, "marker_score": 0.9859896245118895, "symbol": "CKB", "name": "creatine kinase B", "organism": "Homo sapiens", "tissue": "brain"}, {"me": 2.99398498764202, "pc": 0.8036564820399759, "marker_score": 0.9403152654038827, "symbol": "FOS", "name": "Fos proto-oncogene, AP-1 transcription factor subunit", "organism": "Homo sapiens", "tissue": "brain"}, {"me": 1.973554090698067, "pc": 0.492813910439069, "marker_score": 0.9376688399723434, "symbol": "SOX2", "name": "SRY-box transcription factor 2", "organism": "Homo sapiens", "tissue": "brain"}, {"me": 1.9126244663316039, "pc": 0.48108321720501673, "marker_score": 0.9262070024159663, "symbol": "MDK", "name": "midkine", "organism": "Homo sapiens", "tissue": "brain"}, {"me": 1.9165955159337766, "pc": 0.434680421805778, "marker_score": 0.8459950624129804, "symbol": "CDO1", "name": "cysteine dioxygenase type 1", "organism": "Homo sapiens", "tissue": "brain"}, {"me": 2.0898524054031022, "pc": 0.7321699702572849, "marker_score": 0.8366570468055468, "symbol": "YWHAE", "name": "tyrosine 3-monooxygenase/tryptophan 5-monooxygenase activation protein epsilon", "organism": "Homo sapiens", "tissue": "brain"}, {"me": 1.982590909090909, "pc": 0.5147777616006989, "marker_score": 0.813698642840929, "symbol": "MGST3", "name": "microsomal glutathione S-transferase 3", "organism": "Homo sapiens", "tissue": "brain"}, {"me": 2.0766998539126016, "pc": 0.6139894756546517, "marker_score": 0.7784579767619567, "symbol": "CNN3", "name": "calponin 3", "organism": "Homo sapiens", "tissue": "brain"}, {"me": 2.0110040074454343, "pc": 0.6117847708978972, "marker_score": 0.7778050787687919, "symbol": "HMGN3", "name": "high mobility group nucleosomal binding domain 3", "organism": "Homo sapiens", "tissue": "brain"}, {"me": 1.8547064222119076, "pc": 0.4929179059464631, "marker_score": 0.7628171141791779, "symbol": "SRI", "name": "sorcin", "organism": "Homo sapiens", "tissue": "brain"}, {"me": 2.0661878193301164, "pc": 0.5129266415690842, "marker_score": 0.7464683246318937, "symbol": "PEA15", "name": "proliferation and apoptosis adaptor protein 15", "organism": "Homo sapiens", "tissue": "brain"}, {"me": 2.0108015392360263, "pc": 0.681711350069677, "marker_score": 0.739666057820709, "symbol": "BEX3", "name": "brain expressed X-linked 3", "organism": "Homo sapiens", "tissue": "brain"}, {"me": 2.7639894617519167, "pc": 0.7270533912934961, "marker_score": 0.7393393088743009, "symbol": "JUN", "name": "Jun proto-oncogene, AP-1 transcription factor subunit", "organism": "Homo sapiens", "tissue": "brain"}, {"me": 2.22213238530764, "pc": 0.4252584288358743, "marker_score": 0.701096566002757, "symbol": "ID4", "name": "inhibitor of DNA binding 4", "organism": "Homo sapiens", "tissue": "brain"}, {"me": 3.4070230056532664, "pc": 0.8278042388568814, "marker_score": 0.6936993185215267, "symbol": "VIM", "name": "vimentin", "organism": "Homo sapiens", "tissue": "brain"}, {"me": 1.8510929549536066, "pc": 0.3474489902036232, "marker_score": 0.6845311845512553, "symbol": "IDI1", "name": "isopentenyl-diphosphate delta isomerase 1", "organism": "Homo sapiens", "tissue": "brain"}, {"me": 1.848682884828048, "pc": 0.33384637783647747, "marker_score": 0.6819738309151535, "symbol": "MSMO1", "name": "methylsterol monooxygenase 1", "organism": "Homo sapiens", "tissue": "brain"}, {"me": 1.7624665979196557, "pc": 0.3624243432683708, "marker_score": 0.6402040253398491, "symbol": "RHEB", "name": "Ras homolog, mTORC1 binding", "organism": "Homo sapiens", "tissue": "brain"}, {"me": 2.3624022897802153, "pc": 0.48925726408619147, "marker_score": 0.6260081794967368, "symbol": "HES1", "name": "hes family bHLH transcription factor 1", "organism": "Homo sapiens", "tissue": "brain"}, {"me": 1.7869131522553263, "pc": 0.31240250421181803, "marker_score": 0.6194877449871814, "symbol": "PSAT1", "name": "phosphoserine aminotransferase 1", "organism": "Homo sapiens", "tissue": "brain"}, {"me": 1.7177371360010687, "pc": 0.27248902847396994, "marker_score": 0.6037750076723707, "symbol": "PAX6", "name": "paired box 6", "organism": "Homo sapiens", "tissue": "brain"}, {"me": 1.8892766706129966, "pc": 0.3162295388839202, "marker_score": 0.5916450355727972, "symbol": "HMGCS1", "name": "3-hydroxy-3-methylglutaryl-CoA synthase 1", "organism": "Homo sapiens", "tissue": "brain"}, {"me": 2.4352455717201096, "pc": 0.8510160361072402, "marker_score": 0.5816521049380705, "symbol": "RPL12", "name": "ribosomal protein L12", "organism": "Homo sapiens", "tissue": "brain"}, {"me": 1.8820645013425779, "pc": 0.5189791800994197, "marker_score": 0.5631172391834265, "symbol": "SOD1", "name": "superoxide dismutase 1", "organism": "Homo sapiens", "tissue": "brain"}, {"me": 1.7451039454337527, "pc": 0.2546226003036669, "marker_score": 0.561071546622723, "symbol": "SQLE", "name": "squalene epoxidase", "organism": "Homo sapiens", "tissue": "brain"}, {"me": 1.728017257616021, "pc": 0.3796044010898729, "marker_score": 0.5557765428421826, "symbol": "HSBP1", "name": "heat shock factor binding protein 1", "organism": "Homo sapiens", "tissue": "brain"}, {"me": 1.74479189860171, "pc": 0.23353231140414735, "marker_score": 0.5432943473757159, "symbol": "LHX2", "name": "LIM homeobox 2", "organism": "Homo sapiens", "tissue": "brain"}, {"me": 1.7719351656452358, "pc": 0.2248382869860022, "marker_score": 0.5290857176939958, "symbol": "GATM", "name": "glycine amidinotransferase", "organism": "Homo sapiens", "tissue": "brain"}, {"me": 2.1634605190895946, "pc": 0.3739886436905926, "marker_score": 0.521118861030576, "symbol": "HOPX", "name": "HOP homeobox", "organism": "Homo sapiens", "tissue": "brain"}, {"me": 1.8349216539283137, "pc": 0.37486220595270286, "marker_score": 0.5164336124345337, "symbol": "PPA1", "name": "inorganic pyrophosphatase 1", "organism": "Homo sapiens", "tissue": "brain"}, {"me": 2.8619577913660335, "pc": 0.9426360781214251, "marker_score": 0.5164182303451849, "symbol": "RPL3", "name": "ribosomal protein L3", "organism": "Homo sapiens", "tissue": "brain"}, {"me": 1.8276468844779725, "pc": 0.40460492106740986, "marker_score": 0.5143529026764524, "symbol": "DOK5", "name": "docking protein 5", "organism": "Homo sapiens", "tissue": "brain"}, {"me": 2.6769155142473253, "pc": 0.41022067846669025, "marker_score": 0.510950549749354, "symbol": "JUND", "name": "JunD proto-oncogene, AP-1 transcription factor subunit", "organism": "Homo sapiens", "tissue": "brain"}, {"me": 2.148921286803753, "pc": 0.7050063437259511, "marker_score": 0.5090463782644898, "symbol": "RPLP0", "name": "ribosomal protein lateral stalk subunit P0", "organism": "Homo sapiens", "tissue": "brain"}, {"me": 1.7148670439790323, "pc": 0.21624825807525114, "marker_score": 0.5045629867963797, "symbol": "PHGDH", "name": "phosphoglycerate dehydrogenase", "organism": "Homo sapiens", "tissue": "brain"}, {"me": 2.019024312696179, "pc": 0.5764886956883463, "marker_score": 0.5030520371824546, "symbol": "HMGN2", "name": "high mobility group nucleosomal binding domain 2", "organism": "Homo sapiens", "tissue": "brain"}, {"me": 1.956498693372035, "pc": 0.5839971713221989, "marker_score": 0.5005312115459862, "symbol": "PEBP1", "name": "phosphatidylethanolamine binding protein 1", "organism": "Homo sapiens", "tissue": "brain"}, {"me": 1.7830799684240743, "pc": 0.43474281911021445, "marker_score": 0.49945280547449095, "symbol": "ERH", "name": "ERH mRNA splicing and mitosis factor", "organism": "Homo sapiens", "tissue": "brain"}, {"me": 1.9191533969296628, "pc": 0.5636140518729591, "marker_score": 0.4986779097360114, "symbol": "PRDX2", "name": "peroxiredoxin 2", "organism": "Homo sapiens", "tissue": "brain"}, {"me": 1.988827122937521, "pc": 0.679444248008486, "marker_score": 0.49554410840309315, "symbol": "SKP1", "name": "S-phase kinase associated protein 1", "organism": "Homo sapiens", "tissue": "brain"}, {"me": 1.7998647166127857, "pc": 0.22839493333887975, "marker_score": 0.4927197926343022, "symbol": "ACAT2", "name": "acetyl-CoA acetyltransferase 2", "organism": "Homo sapiens", "tissue": "brain"}, {"me": 1.9824483829049957, "pc": 0.36013644210570106, "marker_score": 0.49252617467429266, "symbol": "CARHSP1", "name": "calcium regulated heat stable protein 1", "organism": "Homo sapiens", "tissue": "brain"}, {"me": 1.919763785875524, "pc": 0.4514860958006614, "marker_score": 0.4905069706608896, "symbol": "SEPTIN11", "name": "septin 11", "organism": "Homo sapiens", "tissue": "brain"}, {"me": 2.705485945991848, "pc": 0.7654069344204331, "marker_score": 0.4871812881479663, "symbol": "CLU", "name": "clusterin", "organism": "Homo sapiens", "tissue": "brain"}, {"me": 2.0827375946173254, "pc": 0.29676157989974833, "marker_score": 0.48473432937186967, "symbol": "CCN1", "name": "cellular communication network factor 1", "organism": "Homo sapiens", "tissue": "brain"}, {"me": 2.458474874502284, "pc": 0.8514528172382954, "marker_score": 0.4794113048605887, "symbol": "RPS9", "name": "ribosomal protein S9", "organism": "Homo sapiens", "tissue": "brain"}, {"me": 2.426897433641665, "pc": 0.2068678633083051, "marker_score": 0.4780510987927913, "symbol": "HES5", "name": "hes family bHLH transcription factor 5", "organism": "Homo sapiens", "tissue": "brain"}, {"me": 2.200897378165682, "pc": 0.6726221427234343, "marker_score": 0.47409096346424984, "symbol": "GPM6B", "name": "glycoprotein M6B", "organism": "Homo sapiens", "tissue": "brain"}, {"me": 1.633384612008427, "pc": 0.18511200316146342, "marker_score": 0.47152589242479337, "symbol": "GCSH", "name": "glycine cleavage system protein H", "organism": "Homo sapiens", "tissue": "brain"}, {"me": 1.8414754875847974, "pc": 0.2391480688034277, "marker_score": 0.4571626263796795, "symbol": "IGFBP2", "name": "insulin like growth factor binding protein 2", "organism": "Homo sapiens", "tissue": "brain"}, {"me": 2.2463999957291914, "pc": 0.7913850121674744, "marker_score": 0.453856819087887, "symbol": "HMGB1", "name": "high mobility group box 1", "organism": "Homo sapiens", "tissue": "brain"}, {"me": 1.9708767302922643, "pc": 0.6205619917219576, "marker_score": 0.4522450482196935, "symbol": "HINT1", "name": "histidine triad nucleotide binding protein 1", "organism": "Homo sapiens", "tissue": "brain"}, {"me": 2.019986471467094, "pc": 0.2853844713908359, "marker_score": 0.4460617116205458, "symbol": "ID2", "name": "inhibitor of DNA binding 2", "organism": "Homo sapiens", "tissue": "brain"}, {"me": 1.7197534933867913, "pc": 0.17573160839451735, "marker_score": 0.44548853788921283, "symbol": "TCIM", "name": "transcriptional and immune response regulator", "organism": "Homo sapiens", "tissue": "brain"}, {"me": 1.718606599506579, "pc": 0.23710975685850372, "marker_score": 0.4450475506602649, "symbol": "CENPV", "name": "centromere protein V", "organism": "Homo sapiens", "tissue": "brain"}, {"me": 2.7020253577604363, "pc": 0.9381850704049585, "marker_score": 0.44095095326865114, "symbol": "RPS14", "name": "ribosomal protein S14", "organism": "Homo sapiens", "tissue": "brain"}, {"me": 1.768964283501924, "pc": 0.178373094282327, "marker_score": 0.437434579134968, "symbol": "SCRG1", "name": "stimulator of chondrogenesis 1", "organism": "Homo sapiens", "tissue": "brain"}, {"me": 1.785611127449713, "pc": 0.40223382349882486, "marker_score": 0.43472366022517067, "symbol": "SRSF3", "name": "serine and arginine rich splicing factor 3", "organism": "Homo sapiens", "tissue": "brain"}, {"me": 2.237090844485109, "pc": 0.372241519166372, "marker_score": 0.4290705140336079, "symbol": "IER2", "name": "immediate early response 2", "organism": "Homo sapiens", "tissue": "brain"}, {"me": 2.541230713950487, "pc": 0.8863537095197488, "marker_score": 0.42861744797136364, "symbol": "RPL8", "name": "ribosomal protein L8", "organism": "Homo sapiens", "tissue": "brain"}, {"me": 1.69289299722806, "pc": 0.28700680130618356, "marker_score": 0.427325020969638, "symbol": "DYNLT1", "name": "dynein light chain Tctex-type 1", "organism": "Homo sapiens", "tissue": "brain"}, {"me": 1.7669823081093348, "pc": 0.41242538322344474, "marker_score": 0.4232615718928242, "symbol": "GABARAPL2", "name": "GABA type A receptor associated protein like 2", "organism": "Homo sapiens", "tissue": "brain"}, {"me": 2.4720686136180805, "pc": 0.8273466586243474, "marker_score": 0.42323446119807895, "symbol": "RPS7", "name": "ribosomal protein S7", "organism": "Homo sapiens", "tissue": "brain"}, {"me": 1.7003526453897146, "pc": 0.25884481790386654, "marker_score": 0.421804882204299, "symbol": "TSPAN3", "name": "tetraspanin 3", "organism": "Homo sapiens", "tissue": "brain"}, {"me": 2.498126200058493, "pc": 0.8178414692485285, "marker_score": 0.42101003430982825, "symbol": "RPL41", "name": "ribosomal protein L41", "organism": "Homo sapiens", "tissue": "brain"}, {"me": 2.435464398526321, "pc": 0.8708167807150731, "marker_score": 0.4183244193743314, "symbol": "RPL36", "name": "ribosomal protein L36", "organism": "Homo sapiens", "tissue": "brain"}, {"me": 1.6971823299632354, "pc": 0.15557727906154453, "marker_score": 0.417542965111259, "symbol": "FGFBP3", "name": "fibroblast growth factor binding protein 3", "organism": "Homo sapiens", "tissue": "brain"}, {"me": 1.6756272618586014, "pc": 0.1609226481416003, "marker_score": 0.41424507041942943, "symbol": "OAT", "name": "ornithine aminotransferase", "organism": "Homo sapiens", "tissue": "brain"}, {"me": 2.3836494259594194, "pc": 0.5002391896670064, "marker_score": 0.41261749245283946, "symbol": "SFRP1", "name": "secreted frizzled related protein 1", "organism": "Homo sapiens", "tissue": "brain"}, {"me": 1.7876247626751525, "pc": 0.38890159945090375, "marker_score": 0.40824041030798586, "symbol": "RPS4Y1", "name": "ribosomal protein S4 Y-linked 1", "organism": "Homo sapiens", "tissue": "brain"}, {"me": 2.077372500796559, "pc": 0.6527797999126438, "marker_score": 0.40343593229635255, "symbol": "RPL23", "name": "ribosomal protein L23", "organism": "Homo sapiens", "tissue": "brain"}, {"me": 2.1511869477412944, "pc": 0.7956072297676741, "marker_score": 0.4012368492672724, "symbol": "SRP14", "name": "signal recognition particle 14", "organism": "Homo sapiens", "tissue": "brain"}, {"me": 1.8260439680603802, "pc": 0.40716321054930427, "marker_score": 0.3999526988666824, "symbol": "RAN", "name": "RAN, member RAS oncogene family", "organism": "Homo sapiens", "tissue": "brain"}, {"me": 1.7273797164638798, "pc": 0.27265542128580045, "marker_score": 0.39593557424854564, "symbol": "RCN2", "name": "reticulocalbin 2", "organism": "Homo sapiens", "tissue": "brain"}, {"me": 1.7405828895300188, "pc": 0.2982799143077019, "marker_score": 0.39116263860071404, "symbol": "NCL", "name": "nucleolin", "organism": "Homo sapiens", "tissue": "brain"}, {"me": 1.8589103004367427, "pc": 0.369080055741592, "marker_score": 0.38276569584159076, "symbol": "PON2", "name": "paraoxonase 2", "organism": "Homo sapiens", "tissue": "brain"}, {"me": 1.5921907448083068, "pc": 0.16275296907173611, "marker_score": 0.38177483062376627, "symbol": "PUF60", "name": "poly(U) binding splicing factor 60", "organism": "Homo sapiens", "tissue": "brain"}, {"me": 1.7582615974936766, "pc": 0.36182116932548514, "marker_score": 0.3810166155447205, "symbol": "PTGES3", "name": "prostaglandin E synthase 3", "organism": "Homo sapiens", "tissue": "brain"}, {"me": 2.878865326474562, "pc": 0.9390586326670688, "marker_score": 0.378241153738445, "symbol": "RPLP1", "name": "ribosomal protein lateral stalk subunit P1", "organism": "Homo sapiens", "tissue": "brain"}, {"me": 2.615410877632033, "pc": 0.9038249547619542, "marker_score": 0.37795892993212954, "symbol": "RPS6", "name": "ribosomal protein S6", "organism": "Homo sapiens", "tissue": "brain"}, {"me": 1.7998172102078436, "pc": 0.1946379916387612, "marker_score": 0.3674479998817715, "symbol": "LGALS3", "name": "galectin 3", "organism": "Homo sapiens", "tissue": "brain"}, {"me": 1.686777946736405, "pc": 0.13271906653632562, "marker_score": 0.3657061894456084, "symbol": "NCAN", "name": "neurocan", "organism": "Homo sapiens", "tissue": "brain"}, {"me": 1.59576609375, "pc": 0.1299943842426007, "marker_score": 0.365122839300116, "symbol": "RPL22L1", "name": "ribosomal protein L22 like 1", "organism": "Homo sapiens", "tissue": "brain"}, {"me": 1.570193926290977, "pc": 0.13070155369288047, "marker_score": 0.3639666916255132, "symbol": "VBP1", "name": "VHL binding protein 1", "organism": "Homo sapiens", "tissue": "brain"}, {"me": 1.8255307898475845, "pc": 0.40256660912248593, "marker_score": 0.3626327298406067, "symbol": "SDCBP", "name": "syndecan binding protein", "organism": "Homo sapiens", "tissue": "brain"}, {"me": 1.7361237061730697, "pc": 0.27881195532353004, "marker_score": 0.3625586667885638, "symbol": "MAGED2", "name": "MAGE family member D2", "organism": "Homo sapiens", "tissue": "brain"}, {"me": 1.9633112328419358, "pc": 0.5939807400320306, "marker_score": 0.36226717766299066, "symbol": "LDHB", "name": "lactate dehydrogenase B", "organism": "Homo sapiens", "tissue": "brain"}, {"me": 1.6548094592323865, "pc": 0.1508558830258533, "marker_score": 0.36142892335089555, "symbol": "ODC1", "name": "ornithine decarboxylase 1", "organism": "Homo sapiens", "tissue": "brain"}, {"me": 2.5660242402229314, "pc": 0.8732710746895734, "marker_score": 0.35723118140313764, "symbol": "RPL5", "name": "ribosomal protein L5", "organism": "Homo sapiens", "tissue": "brain"}, {"me": 2.836526677978884, "pc": 0.9239168867904907, "marker_score": 0.3541696650433328, "symbol": "H3-3B", "name": "H3.3 histone B", "organism": "Homo sapiens", "tissue": "brain"}, {"me": 1.610146598244031, "pc": 0.11237754529004347, "marker_score": 0.3522247436648154, "symbol": "ENHO", "name": "energy homeostasis associated", "organism": "Homo sapiens", "tissue": "brain"}, {"me": 2.272068557707376, "pc": 0.7963559974209115, "marker_score": 0.3520672445656559, "symbol": "RPL10A", "name": "ribosomal protein L10a", "organism": "Homo sapiens", "tissue": "brain"}, {"me": 1.7808021935626102, "pc": 0.4245512593855945, "marker_score": 0.34934621685665457, "symbol": "SRP9", "name": "signal recognition particle 9", "organism": "Homo sapiens", "tissue": "brain"}, {"me": 1.636865506777371, "pc": 0.23860729216497847, "marker_score": 0.34887751152321866, "symbol": "LSM7", "name": "LSM7 homolog, U6 small nuclear RNA and mRNA degradation associated", "organism": "Homo sapiens", "tissue": "brain"}, {"me": 3.460272914802122, "pc": 0.9528276378460451, "marker_score": 2.8522715434003203, "symbol": "FABP7", "name": "fatty acid binding protein 7", "organism": "Homo sapiens", "tissue": "All Tissues"}, {"me": 2.709460035513535, "pc": 0.8843569957777824, "marker_score": 2.2628446839017444, "symbol": "MIR9-1HG", "name": "MIR9-1 host gene", "organism": "Homo sapiens", "tissue": "All Tissues"}, {"me": 2.83248009531214, "pc": 0.9028889951954076, "marker_score": 2.253534672432719, "symbol": "TUBB2B", "name": "tubulin beta 2B class IIb", "organism": "Homo sapiens", "tissue": "All Tissues"}, {"me": 3.3661441495537745, "pc": 0.913579733355519, "marker_score": 2.1724866710693607, "symbol": "PTN", "name": "pleiotrophin", "organism": "Homo sapiens", "tissue": "All Tissues"}, {"me": 3.5575018191980763, "pc": 0.9861062002121508, "marker_score": 1.8192088419290098, "symbol": "TUBA1A", "name": "tubulin alpha 1a", "organism": "Homo sapiens", "tissue": "All Tissues"}, {"me": 3.210655697307649, "pc": 0.9231681191372533, "marker_score": 1.5582707689503617, "symbol": "FABP5", "name": "fatty acid binding protein 5", "organism": "Homo sapiens", "tissue": "All Tissues"}, {"me": 2.611306129848709, "pc": 0.7313796044010898, "marker_score": 1.4272285748583233, "symbol": "PTPRZ1", "name": "protein tyrosine phosphatase receptor type Z1", "organism": "Homo sapiens", "tissue": "All Tissues"}, {"me": 2.1853053023641222, "pc": 0.614967033424156, "marker_score": 1.1584617633122167, "symbol": "NNAT", "name": "neuronatin", "organism": "Homo sapiens", "tissue": "All Tissues"}, {"me": 2.200897378165682, "pc": 0.6726221427234343, "marker_score": 1.0951743870119712, "symbol": "GPM6B", "name": "glycoprotein M6B", "organism": "Homo sapiens", "tissue": "All Tissues"}, {"me": 2.152908700980392, "pc": 0.530377087709811, "marker_score": 1.0204451102121306, "symbol": "TTYH1", "name": "tweety family member 1", "organism": "Homo sapiens", "tissue": "All Tissues"}, {"me": 1.973554090698067, "pc": 0.492813910439069, "marker_score": 0.9450733140330203, "symbol": "SOX2", "name": "SRY-box transcription factor 2", "organism": "Homo sapiens", "tissue": "All Tissues"}, {"me": 2.0661878193301164, "pc": 0.5129266415690842, "marker_score": 0.8450197817895753, "symbol": "PEA15", "name": "proliferation and apoptosis adaptor protein 15", "organism": "Homo sapiens", "tissue": "All Tissues"}, {"me": 1.9165955159337766, "pc": 0.434680421805778, "marker_score": 0.8188843642855381, "symbol": "CDO1", "name": "cysteine dioxygenase type 1", "organism": "Homo sapiens", "tissue": "All Tissues"}, {"me": 1.8276468844779725, "pc": 0.40460492106740986, "marker_score": 0.7991425519963704, "symbol": "DOK5", "name": "docking protein 5", "organism": "Homo sapiens", "tissue": "All Tissues"}, {"me": 2.484984600398467, "pc": 0.8247259718380165, "marker_score": 0.7946130218079308, "symbol": "DBI", "name": "diazepam binding inhibitor, acyl-CoA binding protein", "organism": "Homo sapiens", "tissue": "All Tissues"}, {"me": 2.3836494259594194, "pc": 0.5002391896670064, "marker_score": 0.7903211534581601, "symbol": "SFRP1", "name": "secreted frizzled related protein 1", "organism": "Homo sapiens", "tissue": "All Tissues"}, {"me": 1.9732590016503864, "pc": 0.38752885875330184, "marker_score": 0.7708576499505434, "symbol": "BCAN", "name": "brevican", "organism": "Homo sapiens", "tissue": "All Tissues"}, {"me": 1.7869131522553263, "pc": 0.31240250421181803, "marker_score": 0.635049237525076, "symbol": "PSAT1", "name": "phosphoserine aminotransferase 1", "organism": "Homo sapiens", "tissue": "All Tissues"}, {"me": 1.7069520879915532, "pc": 0.2930177416335614, "marker_score": 0.6023049967053818, "symbol": "FEZ1", "name": "STT3A antisense RNA 1", "organism": "Homo sapiens", "tissue": "All Tissues"}, {"me": 2.0766998539126016, "pc": 0.6139894756546517, "marker_score": 0.5789356786814881, "symbol": "CNN3", "name": "calponin 3", "organism": "Homo sapiens", "tissue": "All Tissues"}, {"me": 2.226532002761116, "pc": 0.4369059256640113, "marker_score": 0.5682682891064221, "symbol": "TUBB2A", "name": "tubulin beta 2A class IIa", "organism": "Homo sapiens", "tissue": "All Tissues"}, {"me": 2.22213238530764, "pc": 0.4252584288358743, "marker_score": 0.5663369606807636, "symbol": "ID4", "name": "inhibitor of DNA binding 4", "organism": "Homo sapiens", "tissue": "All Tissues"}, {"me": 1.919763785875524, "pc": 0.4514860958006614, "marker_score": 0.5641458903792382, "symbol": "SEPTIN11", "name": "septin 11", "organism": "Homo sapiens", "tissue": "All Tissues"}, {"me": 2.576340148698885, "pc": 0.6993697872251918, "marker_score": 0.5635367725563659, "symbol": "CKB", "name": "creatine kinase B", "organism": "Homo sapiens", "tissue": "All Tissues"}, {"me": 2.3074505242087926, "pc": 0.7702323259635184, "marker_score": 0.5626788832803183, "symbol": "MAP1B", "name": "microtubule associated protein 1B", "organism": "Homo sapiens", "tissue": "All Tissues"}, {"me": 1.8589103004367427, "pc": 0.369080055741592, "marker_score": 0.54707758468006, "symbol": "PON2", "name": "paraoxonase 2", "organism": "Homo sapiens", "tissue": "All Tissues"}, {"me": 1.74479189860171, "pc": 0.23353231140414735, "marker_score": 0.5444376515421258, "symbol": "LHX2", "name": "LIM homeobox 2", "organism": "Homo sapiens", "tissue": "All Tissues"}, {"me": 1.998000490206818, "pc": 0.2373385469747707, "marker_score": 0.5392863881296066, "symbol": "GFAP", "name": "glial fibrillary acidic protein", "organism": "Homo sapiens", "tissue": "All Tissues"}, {"me": 1.7335607040229886, "pc": 0.22619022858212526, "marker_score": 0.5330352187973568, "symbol": "LRRC3B", "name": "leucine rich repeat containing 3B", "organism": "Homo sapiens", "tissue": "All Tissues"}, {"me": 2.3177661282933584, "pc": 0.5107635350152874, "marker_score": 0.5204203914973609, "symbol": "BASP1", "name": "brain abundant membrane attached signal protein 1", "organism": "Homo sapiens", "tissue": "All Tissues"}, {"me": 1.8516084757194244, "pc": 0.36138438819443, "marker_score": 0.5135042892554212, "symbol": "SLC1A3", "name": "solute carrier family 1 member 3", "organism": "Homo sapiens", "tissue": "All Tissues"}, {"me": 1.6982388322933508, "pc": 0.20582790823436428, "marker_score": 0.50204136170112, "symbol": "STMN4", "name": "stathmin 4", "organism": "Homo sapiens", "tissue": "All Tissues"}, {"me": 1.7118690160997005, "pc": 0.2430375007799663, "marker_score": 0.4940738307483439, "symbol": "LINC00461", "name": "long intergenic non-protein coding RNA 461", "organism": "Homo sapiens", "tissue": "All Tissues"}, {"me": 1.931780487041236, "pc": 0.1972170802221344, "marker_score": 0.48489632364264607, "symbol": "MT3", "name": "metallothionein 3", "organism": "Homo sapiens", "tissue": "All Tissues"}, {"me": 2.426897433641665, "pc": 0.2068678633083051, "marker_score": 0.47806899069141, "symbol": "HES5", "name": "hes family bHLH transcription factor 5", "organism": "Homo sapiens", "tissue": "All Tissues"}, {"me": 1.647017755526186, "pc": 0.1898333991971547, "marker_score": 0.47795522887542163, "symbol": "AC005943.2", "name": "AC005943.2", "organism": "Homo sapiens", "tissue": "All Tissues"}, {"me": 1.9860783000487092, "pc": 0.2135027766800474, "marker_score": 0.4662368757811105, "symbol": "SOX11", "name": "SRY-box transcription factor 11", "organism": "Homo sapiens", "tissue": "All Tissues"}, {"me": 1.768964283501924, "pc": 0.178373094282327, "marker_score": 0.45789618532687143, "symbol": "SCRG1", "name": "stimulator of chondrogenesis 1", "organism": "Homo sapiens", "tissue": "All Tissues"}, {"me": 1.8510929549536066, "pc": 0.3474489902036232, "marker_score": 0.45072594680396605, "symbol": "IDI1", "name": "isopentenyl-diphosphate delta isomerase 1", "organism": "Homo sapiens", "tissue": "All Tissues"}, {"me": 1.6266278440493736, "pc": 0.1693462842405208, "marker_score": 0.44691363711146814, "symbol": "FOXG1", "name": "forkhead box G1", "organism": "Homo sapiens", "tissue": "All Tissues"}, {"me": 2.0771894448083854, "pc": 0.634996568148256, "marker_score": 0.4412076746973294, "symbol": "SEPTIN7", "name": "septin 7", "organism": "Homo sapiens", "tissue": "All Tissues"}, {"me": 1.718606599506579, "pc": 0.23710975685850372, "marker_score": 0.43260775498185505, "symbol": "CENPV", "name": "centromere protein V", "organism": "Homo sapiens", "tissue": "All Tissues"}, {"me": 1.6971823299632354, "pc": 0.15557727906154453, "marker_score": 0.42306758024644026, "symbol": "FGFBP3", "name": "fibroblast growth factor binding protein 3", "organism": "Homo sapiens", "tissue": "All Tissues"}, {"me": 1.848682884828048, "pc": 0.33384637783647747, "marker_score": 0.41557736009097185, "symbol": "MSMO1", "name": "methylsterol monooxygenase 1", "organism": "Homo sapiens", "tissue": "All Tissues"}, {"me": 2.0110040074454343, "pc": 0.6117847708978972, "marker_score": 0.41211399978371993, "symbol": "HMGN3", "name": "high mobility group nucleosomal binding domain 3", "organism": "Homo sapiens", "tissue": "All Tissues"}, {"me": 1.9976795312177769, "pc": 0.40341937228311736, "marker_score": 0.40783567721993624, "symbol": "RTN1", "name": "reticulon 1", "organism": "Homo sapiens", "tissue": "All Tissues"}, {"me": 1.695165019132653, "pc": 0.19873541463008798, "marker_score": 0.3986047087263297, "symbol": "SYT11", "name": "synaptotagmin 11", "organism": "Homo sapiens", "tissue": "All Tissues"}, {"me": 1.686777946736405, "pc": 0.13271906653632562, "marker_score": 0.38580033912820644, "symbol": "NCAN", "name": "neurocan", "organism": "Homo sapiens", "tissue": "All Tissues"}, {"me": 1.6484158129971827, "pc": 0.12550177832317644, "marker_score": 0.3743614313870165, "symbol": "HEPN1", "name": "hepatocellular carcinoma, down-regulated 1", "organism": "Homo sapiens", "tissue": "All Tissues"}, {"me": 1.9824483829049957, "pc": 0.36013644210570106, "marker_score": 0.35193249443231933, "symbol": "CARHSP1", "name": "calcium regulated heat stable protein 1", "organism": "Homo sapiens", "tissue": "All Tissues"}, {"me": 1.610146598244031, "pc": 0.11237754529004347, "marker_score": 0.3470654566447182, "symbol": "ENHO", "name": "energy homeostasis associated", "organism": "Homo sapiens", "tissue": "All Tissues"}, {"me": 1.7998647166127857, "pc": 0.22839493333887975, "marker_score": 0.3402837509948292, "symbol": "ACAT2", "name": "acetyl-CoA acetyltransferase 2", "organism": "Homo sapiens", "tissue": "All Tissues"}, {"me": 2.2332668525235375, "pc": 0.673786892406248, "marker_score": 0.3321970664504712, "symbol": "MARCKSL1", "name": "MARCKS like 1", "organism": "Homo sapiens", "tissue": "All Tissues"}, {"me": 1.6131274394100061, "pc": 0.10174920443436844, "marker_score": 0.3281944708699725, "symbol": "TMEM132B", "name": "transmembrane protein 132B", "organism": "Homo sapiens", "tissue": "All Tissues"}, {"me": 2.1634605190895946, "pc": 0.3739886436905926, "marker_score": 0.3265690635927762, "symbol": "HOPX", "name": "HOP homeobox", "organism": "Homo sapiens", "tissue": "All Tissues"}, {"me": 1.9395306099072875, "pc": 0.09646623265874914, "marker_score": 0.3177900299280793, "symbol": "AQP4", "name": "aquaporin 4", "organism": "Homo sapiens", "tissue": "All Tissues"}, {"me": 1.6162334311834066, "pc": 0.13273986563780446, "marker_score": 0.3149180714429642, "symbol": "TMSB15A", "name": "thymosin beta 15A", "organism": "Homo sapiens", "tissue": "All Tissues"}, {"me": 2.3624022897802153, "pc": 0.48925726408619147, "marker_score": 0.31338470232883636, "symbol": "HES1", "name": "hes family bHLH transcription factor 1", "organism": "Homo sapiens", "tissue": "All Tissues"}, {"me": 1.6365248826926548, "pc": 0.11524782129412009, "marker_score": 0.3126960460297988, "symbol": "LY6H", "name": "lymphocyte antigen 6 family member H", "organism": "Homo sapiens", "tissue": "All Tissues"}, {"me": 1.5302136847725698, "pc": 0.09008090850475259, "marker_score": 0.31196263025064397, "symbol": "RP11-411B6.6", "name": "RP11-411B6.6", "organism": "Homo sapiens", "tissue": "All Tissues"}, {"me": 1.8892766706129966, "pc": 0.3162295388839202, "marker_score": 0.30888708851625185, "symbol": "HMGCS1", "name": "3-hydroxy-3-methylglutaryl-CoA synthase 1", "organism": "Homo sapiens", "tissue": "All Tissues"}, {"me": 1.7451039454337527, "pc": 0.2546226003036669, "marker_score": 0.3078821485230444, "symbol": "SQLE", "name": "squalene epoxidase", "organism": "Homo sapiens", "tissue": "All Tissues"}, {"me": 1.8709362927497604, "pc": 0.08681544957257846, "marker_score": 0.3025644461422403, "symbol": "PMP2", "name": "peripheral myelin protein 2", "organism": "Homo sapiens", "tissue": "All Tissues"}, {"me": 2.0898524054031022, "pc": 0.7321699702572849, "marker_score": 0.2931004997846877, "symbol": "YWHAE", "name": "tyrosine 3-monooxygenase/tryptophan 5-monooxygenase activation protein epsilon", "organism": "Homo sapiens", "tissue": "All Tissues"}, {"me": 1.673949965301144, "pc": 0.07726866199380186, "marker_score": 0.283768111599165, "symbol": "SOX3", "name": "SRY-box transcription factor 3", "organism": "Homo sapiens", "tissue": "All Tissues"}, {"me": 1.7109105113636363, "pc": 0.28598764533372156, "marker_score": 0.28323925251127274, "symbol": "FXYD6", "name": "FXYD domain containing ion transport regulator 6", "organism": "Homo sapiens", "tissue": "All Tissues"}, {"me": 1.7073608570610015, "pc": 0.07373281474240313, "marker_score": 0.2786219367443687, "symbol": "FAM181B", "name": "family with sequence similarity 181 member B", "organism": "Homo sapiens", "tissue": "All Tissues"}, {"me": 1.673342550783957, "pc": 0.18007862060358992, "marker_score": 0.27815997057287756, "symbol": "NKAIN3", "name": "sodium/potassium transporting ATPase interacting 3", "organism": "Homo sapiens", "tissue": "All Tissues"}, {"me": 1.6849299294394355, "pc": 0.2652925393622996, "marker_score": 0.2780490589082557, "symbol": "PAFAH1B3", "name": "platelet activating factor acetylhydrolase 1b catalytic subunit 3", "organism": "Homo sapiens", "tissue": "All Tissues"}, {"me": 1.6187781020976668, "pc": 0.06953139624368228, "marker_score": 0.27016428813236953, "symbol": "CSPG5", "name": "chondroitin sulfate proteoglycan 5", "organism": "Homo sapiens", "tissue": "All Tissues"}, {"me": 1.6625093832442377, "pc": 0.07489756442521683, "marker_score": 0.2650899883514427, "symbol": "TMEM158", "name": "transmembrane protein 158", "organism": "Homo sapiens", "tissue": "All Tissues"}, {"me": 1.5569473256826554, "pc": 0.06493479481686391, "marker_score": 0.2605270509011276, "symbol": "LINC01965", "name": "LINC01965", "organism": "Homo sapiens", "tissue": "All Tissues"}, {"me": 1.5272537591570539, "pc": 0.07843341167661556, "marker_score": 0.25268564220290446, "symbol": "POU3F3", "name": "POU class 3 homeobox 3", "organism": "Homo sapiens", "tissue": "All Tissues"}, {"me": 1.643874434045262, "pc": 0.09087127436094761, "marker_score": 0.24824479192157914, "symbol": "MOXD1", "name": "monooxygenase DBH like 1", "organism": "Homo sapiens", "tissue": "All Tissues"}, {"me": 1.7148670439790323, "pc": 0.21624825807525114, "marker_score": 0.24535788909299933, "symbol": "PHGDH", "name": "phosphoglycerate dehydrogenase", "organism": "Homo sapiens", "tissue": "All Tissues"}, {"me": 1.8813650579127337, "pc": 0.10796813577653445, "marker_score": 0.24108011872759402, "symbol": "ARC", "name": "activity regulated cytoskeleton associated protein", "organism": "Homo sapiens", "tissue": "All Tissues"}, {"me": 1.5362262704439251, "pc": 0.055637596455833105, "marker_score": 0.2401350356443695, "symbol": "POU3F2", "name": "POU class 3 homeobox 2", "organism": "Homo sapiens", "tissue": "All Tissues"}, {"me": 1.640758652284921, "pc": 0.0552424135277356, "marker_score": 0.23931491704903393, "symbol": "SLCO1C1", "name": "solute carrier organic anion transporter family member 1C1", "organism": "Homo sapiens", "tissue": "All Tissues"}, {"me": 1.5684413614792263, "pc": 0.07258886416106825, "marker_score": 0.2332476003474373, "symbol": "TFAP2C", "name": "transcription factor AP-2 gamma", "organism": "Homo sapiens", "tissue": "All Tissues"}, {"me": 2.1491583829888743, "pc": 0.12806006780507082, "marker_score": 0.22541041903687514, "symbol": "HES6", "name": "hes family bHLH transcription factor 6", "organism": "Homo sapiens", "tissue": "All Tissues"}, {"me": 1.6156648055366847, "pc": 0.09567586680255413, "marker_score": 0.22489985415620944, "symbol": "ATP1B2", "name": "ATPase Na+/K+ transporting subunit beta 2", "organism": "Homo sapiens", "tissue": "All Tissues"}, {"me": 1.5096706507471729, "pc": 0.06437321907693587, "marker_score": 0.2239668628949334, "symbol": "CNTFR", "name": "ciliary neurotrophic factor receptor", "organism": "Homo sapiens", "tissue": "All Tissues"}, {"me": 1.7177371360010687, "pc": 0.27248902847396994, "marker_score": 0.22337143371415946, "symbol": "PAX6", "name": "paired box 6", "organism": "Homo sapiens", "tissue": "All Tissues"}, {"me": 1.633384612008427, "pc": 0.18511200316146342, "marker_score": 0.22031243464933115, "symbol": "GCSH", "name": "glycine cleavage system protein H", "organism": "Homo sapiens", "tissue": "All Tissues"}, {"me": 1.6376414875407794, "pc": 0.060566983506312524, "marker_score": 0.20884570872316005, "symbol": "PSRC1", "name": "proline and serine rich coiled-coil 1", "organism": "Homo sapiens", "tissue": "All Tissues"}, {"me": 1.4979276784000768, "pc": 0.04064144428960669, "marker_score": 0.20414941650359786, "symbol": "DIPK1C", "name": "divergent protein kinase domain 1C", "organism": "Homo sapiens", "tissue": "All Tissues"}, {"me": 1.7912296767740261, "pc": 0.13028557166330415, "marker_score": 0.20298609671892104, "symbol": "FAM107A", "name": "family with sequence similarity 107 member A", "organism": "Homo sapiens", "tissue": "All Tissues"}, {"me": 1.6845157486305538, "pc": 0.17086461864847438, "marker_score": 0.20108250491221658, "symbol": "EFNB2", "name": "ephrin B2", "organism": "Homo sapiens", "tissue": "All Tissues"}, {"me": 2.024667104405016, "pc": 0.08271802658125169, "marker_score": 0.1985943816598915, "symbol": "NPY", "name": "neuropeptide Y", "organism": "Homo sapiens", "tissue": "All Tissues"}, {"me": 1.5501105422300536, "pc": 0.05422325755527361, "marker_score": 0.19535799267169413, "symbol": "FJX1", "name": "four-jointed box kinase 1", "organism": "Homo sapiens", "tissue": "All Tissues"}, {"me": 1.5568558495952696, "pc": 0.08639946754300214, "marker_score": 0.1940564986802047, "symbol": "GLI3", "name": "GLI family zinc finger 3", "organism": "Homo sapiens", "tissue": "All Tissues"}, {"me": 1.7273797164638798, "pc": 0.27265542128580045, "marker_score": 0.18618363507909774, "symbol": "RCN2", "name": "reticulocalbin 2", "organism": "Homo sapiens", "tissue": "All Tissues"}, {"me": 1.4663547403815453, "pc": 0.03257139291582604, "marker_score": 0.18184183239148766, "symbol": "CHST10", "name": "carbohydrate sulfotransferase 10", "organism": "Homo sapiens", "tissue": "All Tissues"}, {"me": 1.5579557628557568, "pc": 0.032155410886249715, "marker_score": 0.18055953341775238, "symbol": "TKTL1", "name": "transketolase like 1", "organism": "Homo sapiens", "tissue": "All Tissues"}, {"me": 1.5062600449002537, "pc": 0.045092452006073334, "marker_score": 0.1795335681954775, "symbol": "ARX", "name": "aristaless related homeobox", "organism": "Homo sapiens", "tissue": "All Tissues"}, {"me": 1.7476564115869873, "pc": 0.17598119761226316, "marker_score": 0.17807410962590886, "symbol": "METRN", "name": "meteorin, glial cell differentiation regulator", "organism": "Homo sapiens", "tissue": "All Tissues"}, {"me": 1.6319472075987593, "pc": 0.12741529565922752, "marker_score": 0.17787090791062232, "symbol": "NR2F1", "name": "nuclear receptor subfamily 2 group F member 1", "organism": "Homo sapiens", "tissue": "All Tissues"}, {"me": 1.6843865342805138, "pc": 0.20568231452401256, "marker_score": 0.17772979590604013, "symbol": "SOX9", "name": "SRY-box transcription factor 9", "organism": "Homo sapiens", "tissue": "All Tissues"}, {"me": 1.487562123734258, "pc": 0.030553880072380874, "marker_score": 0.1758444492640231, "symbol": "LINC01896", "name": "LINC01896", "organism": "Homo sapiens", "tissue": "All Tissues"}, {"me": 1.5495345091091222, "pc": 0.0347137003681441, "marker_score": 0.16772455471914968, "symbol": "GNG3", "name": "G protein subunit gamma 3", "organism": "Homo sapiens", "tissue": "All Tissues"}]