[{"me": 3.067526542687169, "pc": 0.8758763543658381, "marker_score": 1.2878270943953576, "symbol": "PERP", "name": "p53 apoptosis effector related to PMP22", "organism": "Homo sapiens", "tissue": "skin of body"}, {"me": 2.3372238887548566, "pc": 0.7894359464627151, "marker_score": 1.1906424708795025, "symbol": "DSP", "name": "desmoplakin", "organism": "Homo sapiens", "tissue": "skin of body"}, {"me": 2.2766218414943173, "pc": 0.7448215423836839, "marker_score": 1.1133128040324531, "symbol": "LY6D", "name": "lymphocyte antigen 6 family member D", "organism": "Homo sapiens", "tissue": "skin of body"}, {"me": 1.7734902260090932, "pc": 0.6692957297641811, "marker_score": 0.9992137549339254, "symbol": "FXYD3", "name": "FXYD domain containing ion transport regulator 3", "organism": "Homo sapiens", "tissue": "skin of body"}, {"me": 2.227115638377703, "pc": 0.8042543021032504, "marker_score": 0.9754162819368952, "symbol": "S100A14", "name": "S100 calcium binding protein A14", "organism": "Homo sapiens", "tissue": "skin of body"}, {"me": 1.6716093242187673, "pc": 0.49346717654557043, "marker_score": 0.894333807650121, "symbol": "RHOV", "name": "ras homolog family member V", "organism": "Homo sapiens", "tissue": "skin of body"}, {"me": 4.071684425335972, "pc": 0.6404557042702358, "marker_score": 0.8736225382158939, "symbol": "KRT1", "name": "keratin 1", "organism": "Homo sapiens", "tissue": "skin of body"}, {"me": 3.8939976067825155, "pc": 0.65710643722116, "marker_score": 0.8583367535521067, "symbol": "KRT10", "name": "keratin 10", "organism": "Homo sapiens", "tissue": "skin of body"}, {"me": 3.186109002600791, "pc": 0.8663161249203314, "marker_score": 0.8511559419385504, "symbol": "SFN", "name": "stratifin", "organism": "Homo sapiens", "tissue": "skin of body"}, {"me": 1.8017341016768234, "pc": 0.517208413001912, "marker_score": 0.8482678896434942, "symbol": "PKP1", "name": "plakophilin 1", "organism": "Homo sapiens", "tissue": "skin of body"}, {"me": 1.785486867540426, "pc": 0.6207775653282346, "marker_score": 0.8408249094229221, "symbol": "S100A16", "name": "S100 calcium binding protein A16", "organism": "Homo sapiens", "tissue": "skin of body"}, {"me": 1.7302160696549849, "pc": 0.5152963671128107, "marker_score": 0.8336684164459761, "symbol": "JUP", "name": "junction plakoglobin", "organism": "Homo sapiens", "tissue": "skin of body"}, {"me": 1.6659075534273857, "pc": 0.5981516889738687, "marker_score": 0.8314118947059677, "symbol": "DSC3", "name": "desmocollin 3", "organism": "Homo sapiens", "tissue": "skin of body"}, {"me": 1.9891966891171582, "pc": 0.5511472275334608, "marker_score": 0.8296563810304033, "symbol": "LYPD3", "name": "LY6/PLAUR domain containing 3", "organism": "Homo sapiens", "tissue": "skin of body"}, {"me": 1.8171549459298453, "pc": 0.4588910133843212, "marker_score": 0.808056863809417, "symbol": "DSG1", "name": "desmoglein 1", "organism": "Homo sapiens", "tissue": "skin of body"}, {"me": 2.041045487687066, "pc": 0.7372530274059911, "marker_score": 0.7991019765684082, "symbol": "TACSTD2", "name": "tumor associated calcium signal transducer 2", "organism": "Homo sapiens", "tissue": "skin of body"}, {"me": 3.3529700785996313, "pc": 0.6868228170809433, "marker_score": 0.789253245025622, "symbol": "DMKN", "name": "dermokine", "organism": "Homo sapiens", "tissue": "skin of body"}, {"me": 2.1920306489400883, "pc": 0.4866953473550032, "marker_score": 0.7710925589865412, "symbol": "NRARP", "name": "NOTCH regulated ankyrin repeat protein", "organism": "Homo sapiens", "tissue": "skin of body"}, {"me": 2.9485353641132606, "pc": 0.5234225621414914, "marker_score": 0.7622990096994177, "symbol": "KRTDAP", "name": "keratinocyte differentiation associated protein", "organism": "Homo sapiens", "tissue": "skin of body"}, {"me": 2.1021543355171817, "pc": 0.4590503505417463, "marker_score": 0.730353110267875, "symbol": "CALML3", "name": "calmodulin like 3", "organism": "Homo sapiens", "tissue": "skin of body"}, {"me": 2.1647330058968444, "pc": 0.4609623964308477, "marker_score": 0.6668076416193743, "symbol": "SBSN", "name": "suprabasin", "organism": "Homo sapiens", "tissue": "skin of body"}, {"me": 1.8528089451490586, "pc": 0.3808158062460166, "marker_score": 0.6488020599952542, "symbol": "CSTA", "name": "cystatin A", "organism": "Homo sapiens", "tissue": "skin of body"}, {"me": 1.7167563532413603, "pc": 0.32735818992989163, "marker_score": 0.6273598966022434, "symbol": "CLDN4", "name": "claudin 4", "organism": "Homo sapiens", "tissue": "skin of body"}, {"me": 1.9497577482907043, "pc": 0.5622211599745061, "marker_score": 0.6037058628411747, "symbol": "PHLDA2", "name": "pleckstrin homology like domain family A member 2", "organism": "Homo sapiens", "tissue": "skin of body"}, {"me": 1.723541640069738, "pc": 0.7316762268961122, "marker_score": 0.5969512774903878, "symbol": "EIF4A1", "name": "eukaryotic translation initiation factor 4A1", "organism": "Homo sapiens", "tissue": "skin of body"}, {"me": 2.366397014920396, "pc": 0.6078712555768006, "marker_score": 0.5936049889256672, "symbol": "LGALS7B", "name": "galectin 7B", "organism": "Homo sapiens", "tissue": "skin of body"}, {"me": 1.8016231945028747, "pc": 0.5681166347992351, "marker_score": 0.588902257543366, "symbol": "DBI", "name": "diazepam binding inhibitor, acyl-CoA binding protein", "organism": "Homo sapiens", "tissue": "skin of body"}, {"me": 1.4343473829239615, "pc": 0.3518961121733588, "marker_score": 0.5805889006560241, "symbol": "C19orf33", "name": "chromosome 19 open reading frame 33", "organism": "Homo sapiens", "tissue": "skin of body"}, {"me": 1.8090083346927486, "pc": 0.3510197578075207, "marker_score": 0.5704690287462704, "symbol": "LGALS7", "name": "galectin 7", "organism": "Homo sapiens", "tissue": "skin of body"}, {"me": 1.4091477151157126, "pc": 0.26426067558954747, "marker_score": 0.5650192720036169, "symbol": "PKP3", "name": "plakophilin 3", "organism": "Homo sapiens", "tissue": "skin of body"}, {"me": 2.5659229410624524, "pc": 0.3636073932441045, "marker_score": 0.554315384207206, "symbol": "CALML5", "name": "calmodulin like 5", "organism": "Homo sapiens", "tissue": "skin of body"}, {"me": 1.504912443571058, "pc": 0.3020235818992989, "marker_score": 0.5515648098822197, "symbol": "SDC1", "name": "syndecan 1", "organism": "Homo sapiens", "tissue": "skin of body"}, {"me": 1.4436667828361445, "pc": 0.25270873167622687, "marker_score": 0.5476832516215909, "symbol": "RAB25", "name": "RAB25, member RAS oncogene family", "organism": "Homo sapiens", "tissue": "skin of body"}, {"me": 1.8499895220904332, "pc": 0.7021988527724665, "marker_score": 0.5362179509824954, "symbol": "AQP3", "name": "aquaporin 3 (Gill blood group)", "organism": "Homo sapiens", "tissue": "skin of body"}, {"me": 3.708809032857253, "pc": 0.25868387507966856, "marker_score": 0.529337097498274, "symbol": "KRT9", "name": "keratin 9", "organism": "Homo sapiens", "tissue": "skin of body"}, {"me": 1.6578451693392926, "pc": 0.49625557680050986, "marker_score": 0.5174707260010726, "symbol": "TRIM29", "name": "tripartite motif containing 29", "organism": "Homo sapiens", "tissue": "skin of body"}, {"me": 1.6744163905288856, "pc": 0.23717335882727852, "marker_score": 0.51356072471897, "symbol": "DSC1", "name": "desmocollin 1", "organism": "Homo sapiens", "tissue": "skin of body"}, {"me": 1.6723384041979197, "pc": 0.562938177182919, "marker_score": 0.5110414431445196, "symbol": "TSPO", "name": "translocator protein", "organism": "Homo sapiens", "tissue": "skin of body"}, {"me": 1.692276170583091, "pc": 0.419295729764181, "marker_score": 0.50316841724268, "symbol": "HOPX", "name": "HOP homeobox", "organism": "Homo sapiens", "tissue": "skin of body"}, {"me": 1.4872108775483082, "pc": 0.2154238368387508, "marker_score": 0.4886300894884577, "symbol": "OVOL1", "name": "ovo like transcriptional repressor 1", "organism": "Homo sapiens", "tissue": "skin of body"}, {"me": 1.4943097781098944, "pc": 0.4619980879541109, "marker_score": 0.48742489115477683, "symbol": "KLF5", "name": "KLF transcription factor 5", "organism": "Homo sapiens", "tissue": "skin of body"}, {"me": 1.5322074760984148, "pc": 0.25884321223709367, "marker_score": 0.47082274527976803, "symbol": "DEFB1", "name": "defensin beta 1", "organism": "Homo sapiens", "tissue": "skin of body"}, {"me": 1.6298057178973064, "pc": 0.5595920968769917, "marker_score": 0.46129591324013886, "symbol": "SERPINB5", "name": "serpin family B member 5", "organism": "Homo sapiens", "tissue": "skin of body"}, {"me": 2.2535318246143654, "pc": 0.21080305927342255, "marker_score": 0.456358817477787, "symbol": "KRT6A", "name": "keratin 6A", "organism": "Homo sapiens", "tissue": "skin of body"}, {"me": 1.464232027007639, "pc": 0.2269757807520714, "marker_score": 0.45388544082208715, "symbol": "MAL2", "name": "mal, T cell differentiation protein 2", "organism": "Homo sapiens", "tissue": "skin of body"}, {"me": 1.5808983122081421, "pc": 0.4954588910133843, "marker_score": 0.45375026206289754, "symbol": "KLF4", "name": "KLF transcription factor 4", "organism": "Homo sapiens", "tissue": "skin of body"}, {"me": 2.7327185246948553, "pc": 0.8746813256851498, "marker_score": 0.4484504248720881, "symbol": "ACTG1", "name": "actin gamma 1", "organism": "Homo sapiens", "tissue": "skin of body"}, {"me": 1.4566119718267536, "pc": 0.25406309751434036, "marker_score": 0.4445659523232954, "symbol": "DAPL1", "name": "death associated protein like 1", "organism": "Homo sapiens", "tissue": "skin of body"}, {"me": 1.3391948410560346, "pc": 0.17327915869980878, "marker_score": 0.4343707891080863, "symbol": "KCNK7", "name": "potassium two pore domain channel subfamily K member 7", "organism": "Homo sapiens", "tissue": "skin of body"}, {"me": 2.509916784775071, "pc": 0.3884639898024219, "marker_score": 0.42656233612743216, "symbol": "KRT16", "name": "keratin 16", "organism": "Homo sapiens", "tissue": "skin of body"}, {"me": 2.1878427526079283, "pc": 0.509321223709369, "marker_score": 0.425249319372223, "symbol": "HES1", "name": "hes family bHLH transcription factor 1", "organism": "Homo sapiens", "tissue": "skin of body"}, {"me": 1.5905905487046292, "pc": 0.3411408540471638, "marker_score": 0.4242784890046527, "symbol": "CTNNBIP1", "name": "catenin beta interacting protein 1", "organism": "Homo sapiens", "tissue": "skin of body"}, {"me": 1.8786919694647, "pc": 0.4807202039515615, "marker_score": 0.4210402722962029, "symbol": "EGR1", "name": "early growth response 1", "organism": "Homo sapiens", "tissue": "skin of body"}, {"me": 1.6309121696936535, "pc": 0.6701720841300192, "marker_score": 0.3995924696432768, "symbol": "EIF3E", "name": "eukaryotic translation initiation factor 3 subunit E", "organism": "Homo sapiens", "tissue": "skin of body"}, {"me": 1.3773864328552403, "pc": 0.30752071383046525, "marker_score": 0.3942342166463768, "symbol": "CXADR", "name": "CXADR Ig-like cell adhesion molecule", "organism": "Homo sapiens", "tissue": "skin of body"}, {"me": 1.366186915106952, "pc": 0.1489802421924793, "marker_score": 0.39376273375535153, "symbol": "ZNF750", "name": "zinc finger protein 750", "organism": "Homo sapiens", "tissue": "skin of body"}, {"me": 1.9848743673530524, "pc": 0.15790312300828555, "marker_score": 0.39276348500124214, "symbol": "SPRR1B", "name": "small proline rich protein 1B", "organism": "Homo sapiens", "tissue": "skin of body"}, {"me": 1.3363692464938721, "pc": 0.19988846398980242, "marker_score": 0.3828038781991485, "symbol": "PYCARD", "name": "PYD and CARD domain containing", "organism": "Homo sapiens", "tissue": "skin of body"}, {"me": 1.449698582192432, "pc": 0.4189770554493308, "marker_score": 0.3780704105222822, "symbol": "APRT", "name": "adenine phosphoribosyltransferase", "organism": "Homo sapiens", "tissue": "skin of body"}, {"me": 1.6921184749478086, "pc": 0.6676226896112173, "marker_score": 0.3729574890740594, "symbol": "SLC25A6", "name": "solute carrier family 25 member 6", "organism": "Homo sapiens", "tissue": "skin of body"}, {"me": 1.251358448048826, "pc": 0.164993626513703, "marker_score": 0.362045994760939, "symbol": "KLC3", "name": "kinesin light chain 3", "organism": "Homo sapiens", "tissue": "skin of body"}, {"me": 1.3959043621614444, "pc": 0.2359783301465902, "marker_score": 0.3588272265974776, "symbol": "SIK1", "name": "salt inducible kinase 1", "organism": "Homo sapiens", "tissue": "skin of body"}, {"me": 1.975647730953859, "pc": 0.7566124920331422, "marker_score": 0.3514926420689234, "symbol": "DYNLL1", "name": "dynein light chain LC8-type 1", "organism": "Homo sapiens", "tissue": "skin of body"}, {"me": 1.269502085793547, "pc": 0.1275493945188018, "marker_score": 0.3511827219863145, "symbol": "NECTIN1", "name": "nectin cell adhesion molecule 1", "organism": "Homo sapiens", "tissue": "skin of body"}, {"me": 1.2704678295767882, "pc": 0.11918419375398343, "marker_score": 0.34961191692781024, "symbol": "CHP2", "name": "calcineurin like EF-hand protein 2", "organism": "Homo sapiens", "tissue": "skin of body"}, {"me": 3.079993881975615, "pc": 0.1977374123645634, "marker_score": 0.3449459184397897, "symbol": "KRT2", "name": "keratin 2", "organism": "Homo sapiens", "tissue": "skin of body"}, {"me": 1.3949319065207302, "pc": 0.11265137029955385, "marker_score": 0.33541156442656694, "symbol": "GJB6", "name": "gap junction protein beta 6", "organism": "Homo sapiens", "tissue": "skin of body"}, {"me": 1.6210075253151248, "pc": 0.39666985340981514, "marker_score": 0.33535312986324184, "symbol": "DEGS1", "name": "delta 4-desaturase, sphingolipid 1", "organism": "Homo sapiens", "tissue": "skin of body"}, {"me": 1.9794918626289089, "pc": 0.11974187380497132, "marker_score": 0.33319210095807456, "symbol": "SPRR2D", "name": "small proline rich protein 2D", "organism": "Homo sapiens", "tissue": "skin of body"}, {"me": 1.361762670202761, "pc": 0.22681644359464628, "marker_score": 0.3328873168169313, "symbol": "IMPA2", "name": "inositol monophosphatase 2", "organism": "Homo sapiens", "tissue": "skin of body"}, {"me": 1.3072761656746033, "pc": 0.1104206500956023, "marker_score": 0.3327188365001386, "symbol": "TMEM54", "name": "transmembrane protein 54", "organism": "Homo sapiens", "tissue": "skin of body"}, {"me": 1.5749148104523183, "pc": 0.5795092415551306, "marker_score": 0.328938627724668, "symbol": "ALDOA", "name": "aldolase, fructose-bisphosphate A", "organism": "Homo sapiens", "tissue": "skin of body"}, {"me": 1.4510464746322096, "pc": 0.10221478648820904, "marker_score": 0.3187799286142672, "symbol": "C10orf99", "name": "G protein-coupled receptor 15 ligand", "organism": "Homo sapiens", "tissue": "skin of body"}, {"me": 1.3172240183677202, "pc": 0.15487571701720843, "marker_score": 0.31837718058122394, "symbol": "CBR1", "name": "carbonyl reductase 1", "organism": "Homo sapiens", "tissue": "skin of body"}, {"me": 1.3847664176643668, "pc": 0.1104206500956023, "marker_score": 0.31720681231015146, "symbol": "POU3F1", "name": "POU class 3 homeobox 1", "organism": "Homo sapiens", "tissue": "skin of body"}, {"me": 1.2622252492455606, "pc": 0.09982472912683238, "marker_score": 0.3161909138001968, "symbol": "CLCA2", "name": "chloride channel accessory 2", "organism": "Homo sapiens", "tissue": "skin of body"}, {"me": 1.6745090620573473, "pc": 0.4191363926067559, "marker_score": 0.31359532703250736, "symbol": "GJA1", "name": "gap junction protein alpha 1", "organism": "Homo sapiens", "tissue": "skin of body"}, {"me": 1.3874365357682108, "pc": 0.10197578075207138, "marker_score": 0.3129570605826171, "symbol": "CASP14", "name": "caspase 14", "organism": "Homo sapiens", "tissue": "skin of body"}, {"me": 1.539315518803318, "pc": 0.33572339069471, "marker_score": 0.3083613612813967, "symbol": "LAMTOR4", "name": "late endosomal/lysosomal adaptor, MAPK and MTOR activator 4", "organism": "Homo sapiens", "tissue": "skin of body"}, {"me": 1.34966543582967, "pc": 0.12579668578712555, "marker_score": 0.30459941943324215, "symbol": "NECTIN4", "name": "nectin cell adhesion molecule 4", "organism": "Homo sapiens", "tissue": "skin of body"}, {"me": 1.4573800001932098, "pc": 0.30576800509878904, "marker_score": 0.29828554511162686, "symbol": "CCND1", "name": "cyclin D1", "organism": "Homo sapiens", "tissue": "skin of body"}, {"me": 1.235334448988628, "pc": 0.10683556405353728, "marker_score": 0.29524461189826534, "symbol": "CAPNS2", "name": "calpain small subunit 2", "organism": "Homo sapiens", "tissue": "skin of body"}, {"me": 1.2596297011264534, "pc": 0.08564372211599745, "marker_score": 0.28478413752069137, "symbol": "TMEM79", "name": "transmembrane protein 79", "organism": "Homo sapiens", "tissue": "skin of body"}, {"me": 1.2371337588016804, "pc": 0.082855321861058, "marker_score": 0.2789647115963624, "symbol": "NMU", "name": "neuromedin U", "organism": "Homo sapiens", "tissue": "skin of body"}, {"me": 1.7154198199567126, "pc": 0.08397068196303378, "marker_score": 0.2789024615183641, "symbol": "SPRR1A", "name": "small proline rich protein 1A", "organism": "Homo sapiens", "tissue": "skin of body"}, {"me": 1.331482746191984, "pc": 0.1077119184193754, "marker_score": 0.2785603761746347, "symbol": "F2RL1", "name": "F2R like trypsin receptor 1", "organism": "Homo sapiens", "tissue": "skin of body"}, {"me": 1.7456607595859515, "pc": 0.09209687699171447, "marker_score": 0.2772063811810082, "symbol": "SCEL", "name": "sciellin", "organism": "Homo sapiens", "tissue": "skin of body"}, {"me": 1.870729191852031, "pc": 0.08237731038878267, "marker_score": 0.27412331317484484, "symbol": "LYNX1", "name": "Ly6/neurotoxin 1", "organism": "Homo sapiens", "tissue": "skin of body"}, {"me": 1.2564985710277892, "pc": 0.09536328871892925, "marker_score": 0.27332759362797776, "symbol": "SH3GLB2", "name": "SH3 domain containing GRB2 like, endophilin B2", "organism": "Homo sapiens", "tissue": "skin of body"}, {"me": 1.3050240000610773, "pc": 0.1152804333970682, "marker_score": 0.27301763704523185, "symbol": "EPHB6", "name": "EPH receptor B6", "organism": "Homo sapiens", "tissue": "skin of body"}, {"me": 1.2853075316907832, "pc": 0.08189929891650732, "marker_score": 0.2722648036818574, "symbol": "RHOD", "name": "ras homolog family member D", "organism": "Homo sapiens", "tissue": "skin of body"}, {"me": 1.5894445302535076, "pc": 0.07807520713830465, "marker_score": 0.26960010172202487, "symbol": "IVL", "name": "involucrin", "organism": "Homo sapiens", "tissue": "skin of body"}, {"me": 2.357059301166783, "pc": 0.0855640535372849, "marker_score": 0.2685538210047036, "symbol": "SLURP1", "name": "secreted LY6/PLAUR domain containing 1", "organism": "Homo sapiens", "tissue": "skin of body"}, {"me": 1.5373351620718667, "pc": 0.2883205863607393, "marker_score": 0.26816176469280667, "symbol": "EFNA1", "name": "ephrin A1", "organism": "Homo sapiens", "tissue": "skin of body"}, {"me": 2.3881824366854265, "pc": 0.08405035054174634, "marker_score": 0.2678456950408887, "symbol": "KRT6B", "name": "keratin 6B", "organism": "Homo sapiens", "tissue": "skin of body"}, {"me": 2.4055976201181912, "pc": 0.07751752708731677, "marker_score": 0.2606433482315182, "symbol": "KRT6C", "name": "keratin 6C", "organism": "Homo sapiens", "tissue": "skin of body"}, {"me": 1.2827460486609656, "pc": 0.07074569789674952, "marker_score": 0.2580483391629849, "symbol": "THEM5", "name": "thioesterase superfamily member 5", "organism": "Homo sapiens", "tissue": "skin of body"}, {"me": 2.812131468035813, "pc": 0.40479604843849587, "marker_score": 0.25548836400142716, "symbol": "FABP5", "name": "fatty acid binding protein 5", "organism": "Homo sapiens", "tissue": "skin of body"}, {"me": 1.2144728720971476, "pc": 0.06668260038240918, "marker_score": 0.25465683152293755, "symbol": "HS3ST6", "name": "heparan sulfate-glucosamine 3-sulfotransferase 6", "organism": "Homo sapiens", "tissue": "skin of body"}, {"me": 1.4477572179952936, "pc": 0.15710643722115997, "marker_score": 0.254601836064866, "symbol": "KLK11", "name": "kallikrein related peptidase 11", "organism": "Homo sapiens", "tissue": "skin of body"}, {"me": 4.503839862280759, "pc": 0.9995214894727684, "marker_score": 3.8437731131956556, "symbol": "Lgals7", "name": "lectin, galactose binding, soluble 7", "organism": "Mus musculus", "tissue": "All Tissues"}, {"me": 2.2806973685852636, "pc": 0.9803375674264834, "marker_score": 2.8820614544418115, "symbol": "S100a14", "name": "S100 calcium binding protein A14", "organism": "Mus musculus", "tissue": "All Tissues"}, {"me": 2.829826346513524, "pc": 0.9799460588132939, "marker_score": 2.7008076415228413, "symbol": "Dmkn", "name": "dermokine", "organism": "Mus musculus", "tissue": "All Tissues"}, {"me": 2.8925346440732747, "pc": 0.9973464416217157, "marker_score": 2.5849535473525274, "symbol": "Perp", "name": "PERP, TP53 apoptosis effector", "organism": "Mus musculus", "tissue": "All Tissues"}, {"me": 1.6974297807907226, "pc": 0.8524447537845833, "marker_score": 2.0570202282733456, "symbol": "Trim29", "name": "tripartite motif-containing 29", "organism": "Mus musculus", "tissue": "All Tissues"}, {"me": 3.6858606120473603, "pc": 0.9551940142683139, "marker_score": 2.053635050602141, "symbol": "Krt14", "name": "keratin 14", "organism": "Mus musculus", "tissue": "All Tissues"}, {"me": 1.739818651241346, "pc": 0.8631894901687838, "marker_score": 1.9964301640546385, "symbol": "Anxa8", "name": "annexin A8", "organism": "Mus musculus", "tissue": "All Tissues"}, {"me": 1.683744993449084, "pc": 0.8531407690969202, "marker_score": 1.973398474375303, "symbol": "Serpinb5", "name": "serine (or cysteine) peptidase inhibitor, clade B, member 5", "organism": "Mus musculus", "tissue": "All Tissues"}, {"me": 3.14854199289413, "pc": 0.9919523229511049, "marker_score": 1.9276564421078286, "symbol": "Sfn", "name": "stratifin", "organism": "Mus musculus", "tissue": "All Tissues"}, {"me": 2.898701229538269, "pc": 0.8637985035670784, "marker_score": 1.572272347987781, "symbol": "Krt6a", "name": "keratin 6A", "organism": "Mus musculus", "tissue": "All Tissues"}, {"me": 2.8125640797600755, "pc": 0.797938054637202, "marker_score": 1.4666887048932842, "symbol": "Krt5", "name": "keratin 5", "organism": "Mus musculus", "tissue": "All Tissues"}, {"me": 1.686238866803404, "pc": 0.853010266225857, "marker_score": 1.4259181766469704, "symbol": "Avpi1", "name": "arginine vasopressin-induced 1", "organism": "Mus musculus", "tissue": "All Tissues"}, {"me": 1.9050866961071673, "pc": 0.6998868975117453, "marker_score": 1.3678231134866679, "symbol": "Them5", "name": "thioesterase superfamily member 5", "organism": "Mus musculus", "tissue": "All Tissues"}, {"me": 3.4794300355353864, "pc": 0.7874543239951279, "marker_score": 1.3517152342873016, "symbol": "Mt4", "name": "metallothionein 4", "organism": "Mus musculus", "tissue": "All Tissues"}, {"me": 2.876600010109191, "pc": 0.9879502349051679, "marker_score": 1.338531640505982, "symbol": "Hspb1", "name": "heat shock protein 1", "organism": "Mus musculus", "tissue": "All Tissues"}, {"me": 2.0720811711458174, "pc": 0.7049330085261876, "marker_score": 1.3072002115124037, "symbol": "Calml3", "name": "calmodulin-like 3", "organism": "Mus musculus", "tissue": "All Tissues"}, {"me": 2.222161066975379, "pc": 0.7113276492082826, "marker_score": 1.2838365521719117, "symbol": "Calm4", "name": "calmodulin 4", "organism": "Mus musculus", "tissue": "All Tissues"}, {"me": 3.6901069064965317, "pc": 0.9994344875587263, "marker_score": 1.261999242308609, "symbol": "Rpl14", "name": "ribosomal protein L14", "organism": "Mus musculus", "tissue": "All Tissues"}, {"me": 1.9748515588473483, "pc": 0.9769444927788411, "marker_score": 1.227347273476135, "symbol": "Lmna", "name": "lamin A", "organism": "Mus musculus", "tissue": "All Tissues"}, {"me": 4.734466782429438, "pc": 0.9998694971289368, "marker_score": 1.2220082780560708, "symbol": "Rplp0", "name": "ribosomal protein, large, P0", "organism": "Mus musculus", "tissue": "All Tissues"}, {"me": 1.8127527791534854, "pc": 0.932051505133113, "marker_score": 1.2111663166383908, "symbol": "Txndc17", "name": "thioredoxin domain containing 17", "organism": "Mus musculus", "tissue": "All Tissues"}, {"me": 1.424937947591146, "pc": 0.6740473290412389, "marker_score": 1.2044424974065318, "symbol": "Pkp3", "name": "plakophilin 3", "organism": "Mus musculus", "tissue": "All Tissues"}, {"me": 1.8777487941706652, "pc": 0.82756220636854, "marker_score": 1.2036005805806793, "symbol": "Dsp", "name": "desmoplakin", "organism": "Mus musculus", "tissue": "All Tissues"}, {"me": 1.7073172887033303, "pc": 0.6236732208108579, "marker_score": 1.1764526846102885, "symbol": "Pkp1", "name": "plakophilin 1", "organism": "Mus musculus", "tissue": "All Tissues"}, {"me": 2.0092546023159863, "pc": 0.6287193318253002, "marker_score": 1.1527177178966812, "symbol": "Lypd3", "name": "Ly6/Plaur domain containing 3", "organism": "Mus musculus", "tissue": "All Tissues"}, {"me": 2.40503832490186, "pc": 0.6760483730642074, "marker_score": 1.13319926699364, "symbol": "Fam25c", "name": "family with sequence similarity 25, member A", "organism": "Mus musculus", "tissue": "All Tissues"}, {"me": 1.7734878908486091, "pc": 0.7836697407342962, "marker_score": 1.117908118828869, "symbol": "Jup", "name": "junction plakoglobin", "organism": "Mus musculus", "tissue": "All Tissues"}, {"me": 2.0504509491482628, "pc": 0.9522359491908822, "marker_score": 1.1105027134166985, "symbol": "S100a16", "name": "S100 calcium binding protein A16", "organism": "Mus musculus", "tissue": "All Tissues"}, {"me": 1.761404516480655, "pc": 0.8037236819210023, "marker_score": 1.0645389778282561, "symbol": "Tacstd2", "name": "tumor-associated calcium signal transducer 2", "organism": "Mus musculus", "tissue": "All Tissues"}, {"me": 2.425456507053547, "pc": 0.6416826170175743, "marker_score": 1.056024608155759, "symbol": "Sbsn", "name": "suprabasin", "organism": "Mus musculus", "tissue": "All Tissues"}, {"me": 1.9826371311016178, "pc": 0.86179745954411, "marker_score": 1.0478964329475386, "symbol": "Tppp3", "name": "tubulin polymerization-promoting protein family member 3", "organism": "Mus musculus", "tissue": "All Tissues"}, {"me": 2.9010349529453743, "pc": 0.6066208456586045, "marker_score": 0.9997740158270162, "symbol": "Krtdap", "name": "keratinocyte differentiation associated protein", "organism": "Mus musculus", "tissue": "All Tissues"}, {"me": 1.8614039975844556, "pc": 0.7687489124760745, "marker_score": 0.9968280520328496, "symbol": "Aqp3", "name": "aquaporin 3", "organism": "Mus musculus", "tissue": "All Tissues"}, {"me": 2.2593421121961192, "pc": 0.5289716373760223, "marker_score": 0.9737094670090135, "symbol": "Gm94", "name": "predicted gene 94", "organism": "Mus musculus", "tissue": "All Tissues"}, {"me": 1.4794096300420632, "pc": 0.6011397250739516, "marker_score": 0.9736311289596136, "symbol": "Hspb8", "name": "heat shock protein 8", "organism": "Mus musculus", "tissue": "All Tissues"}, {"me": 1.3519285348526673, "pc": 0.5833478336523403, "marker_score": 0.9455911702794382, "symbol": "Lad1", "name": "ladinin", "organism": "Mus musculus", "tissue": "All Tissues"}, {"me": 3.281824454167894, "pc": 0.9971724377936314, "marker_score": 0.9402981769313602, "symbol": "Rpl7", "name": "ribosomal protein L7", "organism": "Mus musculus", "tissue": "All Tissues"}, {"me": 2.7769566354703854, "pc": 0.5736036192796241, "marker_score": 0.9302175722511699, "symbol": "Krt13", "name": "keratin 13", "organism": "Mus musculus", "tissue": "All Tissues"}, {"me": 2.433295222860808, "pc": 0.5867844092570037, "marker_score": 0.9265388345951742, "symbol": "Krt16", "name": "keratin 16", "organism": "Mus musculus", "tissue": "All Tissues"}, {"me": 1.6626584145849552, "pc": 0.5028710631633896, "marker_score": 0.9241741489290474, "symbol": "Ovol1", "name": "ovo like zinc finger 1", "organism": "Mus musculus", "tissue": "All Tissues"}, {"me": 1.421397434465506, "pc": 0.4750739516269358, "marker_score": 0.919213985473614, "symbol": "Chit1", "name": "chitinase 1 (chitotriosidase)", "organism": "Mus musculus", "tissue": "All Tissues"}, {"me": 1.334105625131229, "pc": 0.4661562554376196, "marker_score": 0.9070296426118812, "symbol": "Pitx1", "name": "paired-like homeodomain transcription factor 1", "organism": "Mus musculus", "tissue": "All Tissues"}, {"me": 2.631559553038471, "pc": 0.6959718113798503, "marker_score": 0.9034962908341078, "symbol": "Krt4", "name": "keratin 4", "organism": "Mus musculus", "tissue": "All Tissues"}, {"me": 1.3089838967994247, "pc": 0.46250217504785107, "marker_score": 0.897951047045163, "symbol": "Dsc3", "name": "desmocollin 3", "organism": "Mus musculus", "tissue": "All Tissues"}, {"me": 1.8871147951741858, "pc": 0.6961023142509135, "marker_score": 0.8815819964106058, "symbol": "Gpx2", "name": "glutathione peroxidase 2", "organism": "Mus musculus", "tissue": "All Tissues"}, {"me": 1.5088546374853884, "pc": 0.4547155037410823, "marker_score": 0.8777246796399237, "symbol": "Capns2", "name": "calpain, small subunit 2", "organism": "Mus musculus", "tissue": "All Tissues"}, {"me": 3.9743420633997015, "pc": 0.9987384722463895, "marker_score": 0.8765003957327377, "symbol": "Rps4x", "name": "ribosomal protein S4, X-linked", "organism": "Mus musculus", "tissue": "All Tissues"}, {"me": 1.7138461801707707, "pc": 0.6952322951104924, "marker_score": 0.8711429988358205, "symbol": "Gltp", "name": "glycolipid transfer protein", "organism": "Mus musculus", "tissue": "All Tissues"}, {"me": 1.3022370844119566, "pc": 0.44301374630241863, "marker_score": 0.861719791875045, "symbol": "Klc3", "name": "kinesin light chain 3", "organism": "Mus musculus", "tissue": "All Tissues"}, {"me": 4.285546853756526, "pc": 0.9998694971289368, "marker_score": 0.8463727175968829, "symbol": "Rpl13a", "name": "ribosomal protein L13A", "organism": "Mus musculus", "tissue": "All Tissues"}, {"me": 1.5307274066871948, "pc": 0.48438315642944146, "marker_score": 0.8437635986526952, "symbol": "Barx2", "name": "BarH-like homeobox 2", "organism": "Mus musculus", "tissue": "All Tissues"}, {"me": 1.692746949100426, "pc": 0.8476596485122673, "marker_score": 0.8436729920898295, "symbol": "Fam162a", "name": "family with sequence similarity 162, member A", "organism": "Mus musculus", "tissue": "All Tissues"}, {"me": 2.29493166790004, "pc": 0.5490255785627284, "marker_score": 0.8404187465730111, "symbol": "Krt17", "name": "keratin 17", "organism": "Mus musculus", "tissue": "All Tissues"}, {"me": 1.529550766814226, "pc": 0.7540890899599791, "marker_score": 0.8271077892372025, "symbol": "Capg", "name": "capping protein (actin filament), gelsolin-like", "organism": "Mus musculus", "tissue": "All Tissues"}, {"me": 1.7561892780683834, "pc": 0.8972507395162693, "marker_score": 0.803109050791076, "symbol": "Cstb", "name": "cystatin B", "organism": "Mus musculus", "tissue": "All Tissues"}, {"me": 3.0853764181330354, "pc": 0.9981294588480947, "marker_score": 0.7977846859039851, "symbol": "Rpl4", "name": "ribosomal protein L4", "organism": "Mus musculus", "tissue": "All Tissues"}, {"me": 1.6742447440627979, "pc": 0.44336175395858707, "marker_score": 0.79078139814816, "symbol": "Adh7", "name": "alcohol dehydrogenase 7 (class IV), mu or sigma polypeptide", "organism": "Mus musculus", "tissue": "All Tissues"}, {"me": 1.8183488039334117, "pc": 0.7494779885157473, "marker_score": 0.7906565601242224, "symbol": "Dnajb1", "name": "DnaJ heat shock protein family (Hsp40) member B1", "organism": "Mus musculus", "tissue": "All Tissues"}, {"me": 1.4659918808355563, "pc": 0.3995127892813642, "marker_score": 0.7766448088408542, "symbol": "Col17a1", "name": "collagen, type XVII, alpha 1", "organism": "Mus musculus", "tissue": "All Tissues"}, {"me": 1.7918066793362006, "pc": 0.5793892465634244, "marker_score": 0.7673091081068751, "symbol": "Dapl1", "name": "death associated protein-like 1", "organism": "Mus musculus", "tissue": "All Tissues"}, {"me": 1.4575786969349545, "pc": 0.38772402992865845, "marker_score": 0.76054173153689, "symbol": "Vsig8", "name": "V-set and immunoglobulin domain containing 8", "organism": "Mus musculus", "tissue": "All Tissues"}, {"me": 1.9676266679746393, "pc": 0.4052984165651644, "marker_score": 0.7602299324303297, "symbol": "Spink5", "name": "serine peptidase inhibitor, Kazal type 5", "organism": "Mus musculus", "tissue": "All Tissues"}, {"me": 1.8557503027846718, "pc": 0.4613711501653036, "marker_score": 0.738008518684104, "symbol": "Aldh3a1", "name": "aldehyde dehydrogenase family 3, subfamily A1", "organism": "Mus musculus", "tissue": "All Tissues"}, {"me": 3.4181158932093307, "pc": 0.9994344875587263, "marker_score": 0.7340317462471403, "symbol": "Rpl8", "name": "ribosomal protein L8", "organism": "Mus musculus", "tissue": "All Tissues"}, {"me": 2.8514770096723585, "pc": 0.8622324691143205, "marker_score": 0.733287382289863, "symbol": "Fabp5", "name": "fatty acid binding protein 5, epidermal", "organism": "Mus musculus", "tissue": "All Tissues"}, {"me": 2.2924461070816933, "pc": 0.7378197320341048, "marker_score": 0.7283562054341368, "symbol": "Igfbp2", "name": "insulin-like growth factor binding protein 2", "organism": "Mus musculus", "tissue": "All Tissues"}, {"me": 3.5401048727956024, "pc": 0.9991734818165999, "marker_score": 0.7171449780024962, "symbol": "Rps3", "name": "ribosomal protein S3", "organism": "Mus musculus", "tissue": "All Tissues"}, {"me": 3.078900698530362, "pc": 0.7363406994953889, "marker_score": 0.7114612732920614, "symbol": "Krt15", "name": "keratin 15", "organism": "Mus musculus", "tissue": "All Tissues"}, {"me": 1.5328315230976166, "pc": 0.7936749608491387, "marker_score": 0.7087255600260326, "symbol": "Sdc1", "name": "syndecan 1", "organism": "Mus musculus", "tissue": "All Tissues"}, {"me": 2.3072868113675287, "pc": 0.39372716199756397, "marker_score": 0.7074756424613383, "symbol": "Tgm3", "name": "transglutaminase 3, E polypeptide", "organism": "Mus musculus", "tissue": "All Tissues"}, {"me": 3.9911458928513124, "pc": 0.999260483730642, "marker_score": 0.7024966873633828, "symbol": "Rps18", "name": "ribosomal protein S18", "organism": "Mus musculus", "tissue": "All Tissues"}, {"me": 3.2943147652315132, "pc": 0.997563946406821, "marker_score": 0.6987063040345349, "symbol": "Rpl15", "name": "ribosomal protein L15", "organism": "Mus musculus", "tissue": "All Tissues"}, {"me": 1.2313002511554756, "pc": 0.3388289542369932, "marker_score": 0.6972294603173496, "symbol": "Pax9", "name": "paired box 9", "organism": "Mus musculus", "tissue": "All Tissues"}, {"me": 1.4834096740666411, "pc": 0.34813815903949885, "marker_score": 0.6869015001600419, "symbol": "Sult2b1", "name": "predicted gene 5897", "organism": "Mus musculus", "tissue": "All Tissues"}, {"me": 1.4137566021902552, "pc": 0.3552723159909518, "marker_score": 0.6863710581665166, "symbol": "Aldh3b2", "name": "aldehyde dehydrogenase 3 family, member B2", "organism": "Mus musculus", "tissue": "All Tissues"}, {"me": 3.5282470969073394, "pc": 0.9983469636332, "marker_score": 0.6857295028862593, "symbol": "Rps6", "name": "ribosomal protein S6", "organism": "Mus musculus", "tissue": "All Tissues"}, {"me": 3.0051278849188012, "pc": 0.9973029406646946, "marker_score": 0.6799383924170345, "symbol": "Rpl12", "name": "ribosomal protein L12", "organism": "Mus musculus", "tissue": "All Tissues"}, {"me": 1.6265404313167227, "pc": 0.39372716199756397, "marker_score": 0.6782863054033107, "symbol": "Pir", "name": "pirin", "organism": "Mus musculus", "tissue": "All Tissues"}, {"me": 1.6393126086080718, "pc": 0.670958761092744, "marker_score": 0.6762532426074614, "symbol": "Gja1", "name": "gap junction protein, alpha 1", "organism": "Mus musculus", "tissue": "All Tissues"}, {"me": 1.8622078576816445, "pc": 0.3533582738820254, "marker_score": 0.675864055769563, "symbol": "Cst6", "name": "cystatin E/M", "organism": "Mus musculus", "tissue": "All Tissues"}, {"me": 1.3184470869810871, "pc": 0.34709413607099354, "marker_score": 0.6643033589186745, "symbol": "Sytl1", "name": "synaptotagmin-like 1", "organism": "Mus musculus", "tissue": "All Tissues"}, {"me": 1.292394787706639, "pc": 0.5627718809813816, "marker_score": 0.656702740523719, "symbol": "Anxa7", "name": "annexin A7", "organism": "Mus musculus", "tissue": "All Tissues"}, {"me": 1.289925837472598, "pc": 0.3286062293370454, "marker_score": 0.6527025514738877, "symbol": "Dusp22", "name": "dual specificity phosphatase 22", "organism": "Mus musculus", "tissue": "All Tissues"}, {"me": 2.9033172566185885, "pc": 0.9014268313902906, "marker_score": 0.6498340560747573, "symbol": "Ly6d", "name": "lymphocyte antigen 6 complex, locus D", "organism": "Mus musculus", "tissue": "All Tissues"}, {"me": 4.649882242112723, "pc": 0.9998694971289368, "marker_score": 0.6459400042908208, "symbol": "Eef1a1", "name": "eukaryotic translation elongation factor 1 alpha 1", "organism": "Mus musculus", "tissue": "All Tissues"}, {"me": 1.6683262325624149, "pc": 0.3173394814685923, "marker_score": 0.6459166755323955, "symbol": "Dsg1a", "name": "desmoglein 1 alpha", "organism": "Mus musculus", "tissue": "All Tissues"}, {"me": 1.3823343578854181, "pc": 0.3048112058465286, "marker_score": 0.6423586116135117, "symbol": "Tgm1", "name": "transglutaminase 1, K polypeptide", "organism": "Mus musculus", "tissue": "All Tissues"}, {"me": 1.9303023607804006, "pc": 0.7387767530885679, "marker_score": 0.6418653568887025, "symbol": "Rab25", "name": "RAB25, member RAS oncogene family", "organism": "Mus musculus", "tissue": "All Tissues"}, {"me": 2.62032957874014, "pc": 0.9947363842004524, "marker_score": 0.6417884661217451, "symbol": "Rpl5", "name": "ribosomal protein L5", "organism": "Mus musculus", "tissue": "All Tissues"}, {"me": 1.372219640714394, "pc": 0.3191665216634766, "marker_score": 0.6410195142114726, "symbol": "Klk10", "name": "kallikrein related-peptidase 10", "organism": "Mus musculus", "tissue": "All Tissues"}, {"me": 2.420966370533457, "pc": 0.36736558204280495, "marker_score": 0.6397386046997995, "symbol": "Cnfn", "name": "cornifelin", "organism": "Mus musculus", "tissue": "All Tissues"}, {"me": 1.4125996898632727, "pc": 0.2976770488950757, "marker_score": 0.6290260663960335, "symbol": "Tmprss11a", "name": "transmembrane protease, serine 11a", "organism": "Mus musculus", "tissue": "All Tissues"}, {"me": 3.5668317031328316, "pc": 0.9980859578910736, "marker_score": 0.6259813892719179, "symbol": "Rps7", "name": "ribosomal protein S7", "organism": "Mus musculus", "tissue": "All Tissues"}, {"me": 3.3601492602758087, "pc": 0.9988689751174525, "marker_score": 0.6240271884076869, "symbol": "Rpl6", "name": "ribosomal protein L6", "organism": "Mus musculus", "tissue": "All Tissues"}, {"me": 2.2835434885000288, "pc": 0.9895162693579259, "marker_score": 0.6200267078318685, "symbol": "Cd9", "name": "CD9 antigen", "organism": "Mus musculus", "tissue": "All Tissues"}, {"me": 1.3207643610427136, "pc": 0.4176526883591439, "marker_score": 0.6192061094369294, "symbol": "Cbr3", "name": "carbonyl reductase 3", "organism": "Mus musculus", "tissue": "All Tissues"}, {"me": 2.8256714769199034, "pc": 0.9242648338263442, "marker_score": 0.6184275192265286, "symbol": "Mt2", "name": "metallothionein 2", "organism": "Mus musculus", "tissue": "All Tissues"}, {"me": 2.361198335519504, "pc": 0.9833826344179571, "marker_score": 0.617194738152483, "symbol": "Eef1g", "name": "eukaryotic translation elongation factor 1 gamma", "organism": "Mus musculus", "tissue": "All Tissues"}, {"me": 2.176219540589829, "pc": 0.32225508961197147, "marker_score": 0.6165551956095217, "symbol": "Krt24", "name": "keratin 24", "organism": "Mus musculus", "tissue": "All Tissues"}, {"me": 1.6480663790754393, "pc": 0.29763354793805463, "marker_score": 0.611773810900893, "symbol": "Serpinb2", "name": "serine (or cysteine) peptidase inhibitor, clade B, member 2", "organism": "Mus musculus", "tissue": "All Tissues"}, {"me": 3.3415801119087085, "pc": 0.8950651596565994, "marker_score": 2.0487807927440875, "symbol": "SFN", "name": "stratifin", "organism": "Homo sapiens", "tissue": "All Tissues"}, {"me": 2.5000904046944363, "pc": 0.7851893026990303, "marker_score": 1.6159614655254948, "symbol": "LY6D", "name": "lymphocyte antigen 6 family member D", "organism": "Homo sapiens", "tissue": "All Tissues"}, {"me": 3.153137468186673, "pc": 0.9021678710394664, "marker_score": 1.5369492812023675, "symbol": "PERP", "name": "p53 apoptosis effector related to PMP22", "organism": "Homo sapiens", "tissue": "All Tissues"}, {"me": 2.4715951365087387, "pc": 0.8475078747452288, "marker_score": 1.3313259987800252, "symbol": "S100A14", "name": "S100 calcium binding protein A14", "organism": "Homo sapiens", "tissue": "All Tissues"}, {"me": 1.6526578554197209, "pc": 0.6298560928911123, "marker_score": 1.241334263319743, "symbol": "DSC3", "name": "desmocollin 3", "organism": "Homo sapiens", "tissue": "All Tissues"}, {"me": 2.9809689378519284, "pc": 0.6989068000741152, "marker_score": 1.2400199866774106, "symbol": "DMKN", "name": "dermokine", "organism": "Homo sapiens", "tissue": "All Tissues"}, {"me": 2.166000910062301, "pc": 0.6394293125810635, "marker_score": 1.207087798933406, "symbol": "LYPD3", "name": "LY6/PLAUR domain containing 3", "organism": "Homo sapiens", "tissue": "All Tissues"}, {"me": 1.8651181741745373, "pc": 0.6024334506824779, "marker_score": 1.1563611695133498, "symbol": "PKP1", "name": "plakophilin 1", "organism": "Homo sapiens", "tissue": "All Tissues"}, {"me": 1.5780551439219372, "pc": 0.5987894509295287, "marker_score": 1.138733558939415, "symbol": "SERPINB5", "name": "serpin family B member 5", "organism": "Homo sapiens", "tissue": "All Tissues"}, {"me": 2.5762513554696214, "pc": 0.8307701809647335, "marker_score": 1.1277337590828709, "symbol": "DSP", "name": "desmoplakin", "organism": "Homo sapiens", "tissue": "All Tissues"}, {"me": 1.8068088422162014, "pc": 0.5926131801618183, "marker_score": 1.1206954988421753, "symbol": "TRIM29", "name": "tripartite motif containing 29", "organism": "Homo sapiens", "tissue": "All Tissues"}, {"me": 2.158974722063466, "pc": 0.5673522327218825, "marker_score": 1.0706002327408752, "symbol": "CALML3", "name": "calmodulin like 3", "organism": "Homo sapiens", "tissue": "All Tissues"}, {"me": 3.7468389120009187, "pc": 0.5969983324068927, "marker_score": 1.0586319408497278, "symbol": "KRT1", "name": "keratin 1", "organism": "Homo sapiens", "tissue": "All Tissues"}, {"me": 1.5992115062997911, "pc": 0.5486381322957199, "marker_score": 1.0494106873635862, "symbol": "RHOV", "name": "ras homolog family member V", "organism": "Homo sapiens", "tissue": "All Tissues"}, {"me": 3.515270112674612, "pc": 0.6375146686430733, "marker_score": 1.0434664062589418, "symbol": "KRT14", "name": "keratin 14", "organism": "Homo sapiens", "tissue": "All Tissues"}, {"me": 2.82126149655313, "pc": 0.6052127725279476, "marker_score": 1.0392578278209765, "symbol": "KRTDAP", "name": "keratinocyte differentiation associated protein", "organism": "Homo sapiens", "tissue": "All Tissues"}, {"me": 2.4929232761356164, "pc": 0.578222469273053, "marker_score": 1.0246346329610379, "symbol": "SBSN", "name": "suprabasin", "organism": "Homo sapiens", "tissue": "All Tissues"}, {"me": 2.1992597580464466, "pc": 0.5792724353035638, "marker_score": 1.0185964620756538, "symbol": "LGALS7B", "name": "galectin 7B", "organism": "Homo sapiens", "tissue": "All Tissues"}, {"me": 1.6785626542235739, "pc": 0.538138471990612, "marker_score": 1.0177576375711228, "symbol": "MIR205HG", "name": "MIR205 host gene", "organism": "Homo sapiens", "tissue": "All Tissues"}, {"me": 1.8466851183228412, "pc": 0.5440676919276141, "marker_score": 1.0146863225402696, "symbol": "DSG1", "name": "desmoglein 1", "organism": "Homo sapiens", "tissue": "All Tissues"}, {"me": 1.849964971588616, "pc": 0.6112037551726268, "marker_score": 0.9404115773773081, "symbol": "JUP", "name": "junction plakoglobin", "organism": "Homo sapiens", "tissue": "All Tissues"}, {"me": 2.022189800154057, "pc": 0.5412266073744673, "marker_score": 0.926929757405133, "symbol": "NRARP", "name": "NOTCH regulated ankyrin repeat protein", "organism": "Homo sapiens", "tissue": "All Tissues"}, {"me": 3.143558151347183, "pc": 0.5909455870545365, "marker_score": 0.8898103079001994, "symbol": "KRT5", "name": "keratin 5", "organism": "Homo sapiens", "tissue": "All Tissues"}, {"me": 2.7704738728891027, "pc": 0.5211537273794083, "marker_score": 0.8820470382539727, "symbol": "KRT16", "name": "keratin 16", "organism": "Homo sapiens", "tissue": "All Tissues"}, {"me": 2.062558481946279, "pc": 0.7013155456735223, "marker_score": 0.8676587910195288, "symbol": "S100A16", "name": "S100 calcium binding protein A16", "organism": "Homo sapiens", "tissue": "All Tissues"}, {"me": 1.9855416308181137, "pc": 0.4531529862269162, "marker_score": 0.845416169578391, "symbol": "LGALS7", "name": "galectin 7", "organism": "Homo sapiens", "tissue": "All Tissues"}, {"me": 1.6183927320343385, "pc": 0.4550058674572293, "marker_score": 0.801399730029881, "symbol": "CTNNBIP1", "name": "catenin beta interacting protein 1", "organism": "Homo sapiens", "tissue": "All Tissues"}, {"me": 1.9086138562737833, "pc": 0.6167623988635662, "marker_score": 0.8013613657971548, "symbol": "PHLDA2", "name": "pleckstrin homology like domain family A member 2", "organism": "Homo sapiens", "tissue": "All Tissues"}, {"me": 3.326779887158691, "pc": 0.6800074115249213, "marker_score": 0.761443512854364, "symbol": "KRT10", "name": "keratin 10", "organism": "Homo sapiens", "tissue": "All Tissues"}, {"me": 1.484674041311607, "pc": 0.39731949848681364, "marker_score": 0.7556849455954109, "symbol": "PKP3", "name": "plakophilin 3", "organism": "Homo sapiens", "tissue": "All Tissues"}, {"me": 3.227494127062139, "pc": 0.38725217713544563, "marker_score": 0.7182099052312042, "symbol": "KRT6A", "name": "keratin 6A", "organism": "Homo sapiens", "tissue": "All Tissues"}, {"me": 1.7341812790936144, "pc": 0.5955160274226422, "marker_score": 0.7153446269778464, "symbol": "CLTB", "name": "clathrin light chain B", "organism": "Homo sapiens", "tissue": "All Tissues"}, {"me": 2.6390379843694283, "pc": 0.5196096596874807, "marker_score": 0.7046445525576618, "symbol": "CSTA", "name": "cystatin A", "organism": "Homo sapiens", "tissue": "All Tissues"}, {"me": 1.6463404688953827, "pc": 0.531035760607745, "marker_score": 0.6675901417464596, "symbol": "PMAIP1", "name": "phorbol-12-myristate-13-acetate-induced protein 1", "organism": "Homo sapiens", "tissue": "All Tissues"}, {"me": 1.5898872883284398, "pc": 0.3405595701315546, "marker_score": 0.6643399047338074, "symbol": "DAPL1", "name": "death associated protein like 1", "organism": "Homo sapiens", "tissue": "All Tissues"}, {"me": 1.7185758940743894, "pc": 0.3495769254524118, "marker_score": 0.6571742279688529, "symbol": "NDUFA4L2", "name": "NDUFA4 mitochondrial complex associated like 2", "organism": "Homo sapiens", "tissue": "All Tissues"}, {"me": 1.5744659569605646, "pc": 0.4234451238342289, "marker_score": 0.652757738576925, "symbol": "SDC1", "name": "syndecan 1", "organism": "Homo sapiens", "tissue": "All Tissues"}, {"me": 2.3680094615765173, "pc": 0.3277129269347168, "marker_score": 0.6447596883354195, "symbol": "SPRR1B", "name": "small proline rich protein 1B", "organism": "Homo sapiens", "tissue": "All Tissues"}, {"me": 3.2370475902891997, "pc": 0.3168426903835464, "marker_score": 0.6295762293034719, "symbol": "SPINK5", "name": "serine peptidase inhibitor Kazal type 5", "organism": "Homo sapiens", "tissue": "All Tissues"}, {"me": 1.62371399640137, "pc": 0.3763201778765981, "marker_score": 0.6273199867016515, "symbol": "GLTP", "name": "glycolipid transfer protein", "organism": "Homo sapiens", "tissue": "All Tissues"}, {"me": 1.5233906698806083, "pc": 0.38138471990612066, "marker_score": 0.6228757970217179, "symbol": "DEGS1", "name": "delta 4-desaturase, sphingolipid 1", "organism": "Homo sapiens", "tissue": "All Tissues"}, {"me": 2.342099489031369, "pc": 0.34167129886974246, "marker_score": 0.6208267782262809, "symbol": "CALML5", "name": "calmodulin like 5", "organism": "Homo sapiens", "tissue": "All Tissues"}, {"me": 1.32706842756261, "pc": 0.28367611636094126, "marker_score": 0.6133026459428983, "symbol": "TENT5B", "name": "terminal nucleotidyltransferase 5B", "organism": "Homo sapiens", "tissue": "All Tissues"}, {"me": 1.4025822979763216, "pc": 0.2804026928540547, "marker_score": 0.609045774402106, "symbol": "ZNF750", "name": "zinc finger protein 750", "organism": "Homo sapiens", "tissue": "All Tissues"}, {"me": 1.8624430527089646, "pc": 0.3465505527762337, "marker_score": 0.6034705236117397, "symbol": "FGFBP1", "name": "fibroblast growth factor binding protein 1", "organism": "Homo sapiens", "tissue": "All Tissues"}, {"me": 1.8548782007214124, "pc": 0.287073065283182, "marker_score": 0.601959540404138, "symbol": "DSG3", "name": "desmoglein 3", "organism": "Homo sapiens", "tissue": "All Tissues"}, {"me": 1.6790924160280174, "pc": 0.32122784262862086, "marker_score": 0.5991562699273456, "symbol": "KLK11", "name": "kallikrein related peptidase 11", "organism": "Homo sapiens", "tissue": "All Tissues"}, {"me": 1.378467577109552, "pc": 0.31332221604595145, "marker_score": 0.5967424068353053, "symbol": "AHNAK2", "name": "AHNAK nucleoprotein 2", "organism": "Homo sapiens", "tissue": "All Tissues"}, {"me": 2.2140479633751333, "pc": 0.47958742511271696, "marker_score": 0.5932499767589793, "symbol": "CXCL14", "name": "C-X-C motif chemokine ligand 14", "organism": "Homo sapiens", "tissue": "All Tissues"}, {"me": 1.3469447318735384, "pc": 0.32703353715026867, "marker_score": 0.5833245327531799, "symbol": "IMPA2", "name": "inositol monophosphatase 2", "organism": "Homo sapiens", "tissue": "All Tissues"}, {"me": 1.523872127757353, "pc": 0.2624915076276944, "marker_score": 0.5714054348056392, "symbol": "GJB6", "name": "gap junction protein beta 6", "organism": "Homo sapiens", "tissue": "All Tissues"}, {"me": 1.4627763046541709, "pc": 0.2755234389475635, "marker_score": 0.5696414451141865, "symbol": "LGALSL", "name": "galectin like", "organism": "Homo sapiens", "tissue": "All Tissues"}, {"me": 1.7377719975525379, "pc": 0.26891482922611326, "marker_score": 0.5686485841210203, "symbol": "GJB2", "name": "gap junction protein beta 2", "organism": "Homo sapiens", "tissue": "All Tissues"}, {"me": 1.552635105999312, "pc": 0.43054783521709594, "marker_score": 0.5685205345574045, "symbol": "GJA1", "name": "gap junction protein alpha 1", "organism": "Homo sapiens", "tissue": "All Tissues"}, {"me": 1.456894789284807, "pc": 0.30387252177135443, "marker_score": 0.5637401121899663, "symbol": "LAD1", "name": "ladinin 1", "organism": "Homo sapiens", "tissue": "All Tissues"}, {"me": 1.1872218754657609, "pc": 0.23451300104996603, "marker_score": 0.5455250684120938, "symbol": "KLC3", "name": "kinesin light chain 3", "organism": "Homo sapiens", "tissue": "All Tissues"}, {"me": 1.375562259412357, "pc": 0.23766289914149835, "marker_score": 0.5449251054805894, "symbol": "CLCA2", "name": "chloride channel accessory 2", "organism": "Homo sapiens", "tissue": "All Tissues"}, {"me": 1.982792534085351, "pc": 0.25254771169168055, "marker_score": 0.5444274464133345, "symbol": "IVL", "name": "involucrin", "organism": "Homo sapiens", "tissue": "All Tissues"}, {"me": 1.302929146824743, "pc": 0.2342659502192576, "marker_score": 0.5435783259932624, "symbol": "CAPNS2", "name": "calpain small subunit 2", "organism": "Homo sapiens", "tissue": "All Tissues"}, {"me": 2.472149340948379, "pc": 0.25903279599777657, "marker_score": 0.5427106852502371, "symbol": "KRT6C", "name": "keratin 6C", "organism": "Homo sapiens", "tissue": "All Tissues"}, {"me": 1.3167415000872904, "pc": 0.3316657402260515, "marker_score": 0.5422122703278421, "symbol": "TMEM134", "name": "transmembrane protein 134", "organism": "Homo sapiens", "tissue": "All Tissues"}, {"me": 1.3789724841134294, "pc": 0.25088011858439874, "marker_score": 0.5414644934649104, "symbol": "OVOL1", "name": "ovo like transcriptional repressor 1", "organism": "Homo sapiens", "tissue": "All Tissues"}, {"me": 1.3837874695185106, "pc": 0.2506948304613674, "marker_score": 0.5363548817589899, "symbol": "TMEM154", "name": "transmembrane protein 154", "organism": "Homo sapiens", "tissue": "All Tissues"}, {"me": 2.2990949517784065, "pc": 0.25656228769069234, "marker_score": 0.5349769094887329, "symbol": "KRT6B", "name": "keratin 6B", "organism": "Homo sapiens", "tissue": "All Tissues"}, {"me": 1.801729303458487, "pc": 0.5262182694089309, "marker_score": 0.5296350051226172, "symbol": "HOPX", "name": "HOP homeobox", "organism": "Homo sapiens", "tissue": "All Tissues"}, {"me": 1.2350785271512241, "pc": 0.23809523809523808, "marker_score": 0.523388922145875, "symbol": "NECTIN1", "name": "nectin cell adhesion molecule 1", "organism": "Homo sapiens", "tissue": "All Tissues"}, {"me": 2.0996507507823785, "pc": 0.25656228769069234, "marker_score": 0.5222508588054156, "symbol": "IL1RN", "name": "interleukin 1 receptor antagonist", "organism": "Homo sapiens", "tissue": "All Tissues"}, {"me": 1.3846680715731114, "pc": 0.23463652646532024, "marker_score": 0.5219231390120809, "symbol": "TMEM40", "name": "transmembrane protein 40", "organism": "Homo sapiens", "tissue": "All Tissues"}, {"me": 1.4073273707181215, "pc": 0.22135754431474275, "marker_score": 0.5206966586058719, "symbol": "NMU", "name": "neuromedin U", "organism": "Homo sapiens", "tissue": "All Tissues"}, {"me": 5.063685584264797, "pc": 0.22481625594466062, "marker_score": 0.5186878652716824, "symbol": "KRT13", "name": "keratin 13", "organism": "Homo sapiens", "tissue": "All Tissues"}, {"me": 1.6165942988119835, "pc": 0.23167191649681923, "marker_score": 0.5182195194721445, "symbol": "SULT2B1", "name": "sulfotransferase family 2B member 1", "organism": "Homo sapiens", "tissue": "All Tissues"}, {"me": 1.5747440121274505, "pc": 0.4842813908961769, "marker_score": 0.5158583572612827, "symbol": "EMP2", "name": "epithelial membrane protein 2", "organism": "Homo sapiens", "tissue": "All Tissues"}, {"me": 3.0381423396245872, "pc": 0.2245692051139522, "marker_score": 0.5121152039495142, "symbol": "RHCG", "name": "Rh family C glycoprotein", "organism": "Homo sapiens", "tissue": "All Tissues"}, {"me": 1.243389533547794, "pc": 0.20999320610215552, "marker_score": 0.5040771371805048, "symbol": "SOX15", "name": "SRY-box transcription factor 15", "organism": "Homo sapiens", "tissue": "All Tissues"}, {"me": 1.620433200153818, "pc": 0.22339571366808722, "marker_score": 0.5034843956543742, "symbol": "SCEL", "name": "sciellin", "organism": "Homo sapiens", "tissue": "All Tissues"}, {"me": 3.719748102340088, "pc": 0.22401334074485826, "marker_score": 0.5013820084827637, "symbol": "KRT4", "name": "keratin 4", "organism": "Homo sapiens", "tissue": "All Tissues"}, {"me": 1.2876061252429725, "pc": 0.20653449447223765, "marker_score": 0.49988274749620987, "symbol": "KCNK7", "name": "potassium two pore domain channel subfamily K member 7", "organism": "Homo sapiens", "tissue": "All Tissues"}, {"me": 2.339864709827732, "pc": 0.21870174788462726, "marker_score": 0.49938726231839314, "symbol": "PITX1", "name": "paired like homeodomain 1", "organism": "Homo sapiens", "tissue": "All Tissues"}, {"me": 1.2783908615295263, "pc": 0.20604039281082082, "marker_score": 0.4974838027819135, "symbol": "TMEM79", "name": "transmembrane protein 79", "organism": "Homo sapiens", "tissue": "All Tissues"}, {"me": 1.6589677776546115, "pc": 0.200234698289173, "marker_score": 0.4888275855868866, "symbol": "CCL27", "name": "C-C motif chemokine ligand 27", "organism": "Homo sapiens", "tissue": "All Tissues"}, {"me": 2.199143943680362, "pc": 0.19955530850472486, "marker_score": 0.48714739884157854, "symbol": "GBP6", "name": "guanylate binding protein family member 6", "organism": "Homo sapiens", "tissue": "All Tissues"}, {"me": 3.1250724476868452, "pc": 0.22395157803718116, "marker_score": 0.4811371865074199, "symbol": "SPRR3", "name": "small proline rich protein 3", "organism": "Homo sapiens", "tissue": "All Tissues"}, {"me": 1.2851172856966933, "pc": 0.28188499783830523, "marker_score": 0.4773412392426569, "symbol": "IRF6", "name": "interferon regulatory factor 6", "organism": "Homo sapiens", "tissue": "All Tissues"}, {"me": 1.3336686873027501, "pc": 0.20548452844172688, "marker_score": 0.47484421157430534, "symbol": "RHOD", "name": "ras homolog family member D", "organism": "Homo sapiens", "tissue": "All Tissues"}, {"me": 2.4396397257194247, "pc": 0.21462540917793835, "marker_score": 0.47107723536657264, "symbol": "SPRR2A", "name": "small proline rich protein 2A", "organism": "Homo sapiens", "tissue": "All Tissues"}, {"me": 3.708809032857253, "pc": 0.20054351182755853, "marker_score": 0.4694561423270767, "symbol": "KRT9", "name": "keratin 9", "organism": "Homo sapiens", "tissue": "All Tissues"}, {"me": 1.8442325190557012, "pc": 0.19659069853622382, "marker_score": 0.4644073843692019, "symbol": "A2ML1", "name": "alpha-2-macroglobulin like 1", "organism": "Homo sapiens", "tissue": "All Tissues"}, {"me": 1.349270417656697, "pc": 0.19294669878327467, "marker_score": 0.46241175660533623, "symbol": "ADRB2", "name": "adrenoceptor beta 2", "organism": "Homo sapiens", "tissue": "All Tissues"}, {"me": 1.3711017956339584, "pc": 0.18905564819961707, "marker_score": 0.46234056171334315, "symbol": "SDR16C5", "name": "short chain dehydrogenase/reductase family 16C member 5", "organism": "Homo sapiens", "tissue": "All Tissues"}, {"me": 2.288360456353453, "pc": 0.2164165277005744, "marker_score": 0.46191741691430416, "symbol": "SLURP1", "name": "secreted LY6/PLAUR domain containing 1", "organism": "Homo sapiens", "tissue": "All Tissues"}, {"me": 1.8818552973675657, "pc": 0.19004385152245074, "marker_score": 0.4585342585289093, "symbol": "SERPINB13", "name": "serpin family B member 13", "organism": "Homo sapiens", "tissue": "All Tissues"}, {"me": 1.6730606426589056, "pc": 0.18442344512383424, "marker_score": 0.4570293249794207, "symbol": "DSC1", "name": "desmocollin 1", "organism": "Homo sapiens", "tissue": "All Tissues"}, {"me": 1.997041813325855, "pc": 0.21851645976159595, "marker_score": 0.45691254116488006, "symbol": "COL17A1", "name": "collagen type XVII alpha 1 chain", "organism": "Homo sapiens", "tissue": "All Tissues"}, {"me": 1.8498219155938862, "pc": 0.19850534247421406, "marker_score": 0.45553450679138474, "symbol": "SPRR2D", "name": "small proline rich protein 2D", "organism": "Homo sapiens", "tissue": "All Tissues"}, {"me": 1.6252837698433558, "pc": 0.22030757828423198, "marker_score": 0.4531477801087992, "symbol": "C10orf99", "name": "G protein-coupled receptor 15 ligand", "organism": "Homo sapiens", "tissue": "All Tissues"}, {"me": 1.5672675197338317, "pc": 0.20245815576554876, "marker_score": 0.45025418851208987, "symbol": "SERPINB2", "name": "serpin family B member 2", "organism": "Homo sapiens", "tissue": "All Tissues"}, {"me": 1.4019964608064046, "pc": 0.1867086653078871, "marker_score": 0.4480029753089222, "symbol": "EVPL", "name": "envoplakin", "organism": "Homo sapiens", "tissue": "All Tissues"}, {"me": 1.2902579509678171, "pc": 0.20690507071830028, "marker_score": 0.44457390489211734, "symbol": "FGFR3", "name": "fibroblast growth factor receptor 3", "organism": "Homo sapiens", "tissue": "All Tissues"}, {"me": 1.391139842579802, "pc": 0.18454697053918845, "marker_score": 0.44167754484780364, "symbol": "SIK1", "name": "salt inducible kinase 1", "organism": "Homo sapiens", "tissue": "All Tissues"}, {"me": 1.2617337252913403, "pc": 0.23519239083441418, "marker_score": 0.4406303535276316, "symbol": "NECTIN4", "name": "nectin cell adhesion molecule 4", "organism": "Homo sapiens", "tissue": "All Tissues"}]