[{"me": 3.2324695405505954, "pc": 0.9903713892709766, "marker_score": 3.7464074017026614, "symbol": "GPAM", "name": "glycerol-3-phosphate acyltransferase, mitochondrial", "organism": "Homo sapiens", "tissue": "preadipocyte (cell culture)"}, {"me": 2.3600695144489245, "pc": 0.9137355079583416, "marker_score": 3.444284200673186, "symbol": "DGAT2", "name": "diacylglycerol O-acyltransferase 2", "organism": "Homo sapiens", "tissue": "preadipocyte (cell culture)"}, {"me": 2.8171528710259333, "pc": 0.90548241304775, "marker_score": 3.2727977152685597, "symbol": "ACSS2", "name": "acyl-CoA synthetase short chain family member 2", "organism": "Homo sapiens", "tissue": "preadipocyte (cell culture)"}, {"me": 2.474317371550659, "pc": 0.954214973472195, "marker_score": 3.26127415559319, "symbol": "LIPE", "name": "lipase E, hormone sensitive type", "organism": "Homo sapiens", "tissue": "preadipocyte (cell culture)"}, {"me": 2.315929856370876, "pc": 0.8636274317154647, "marker_score": 3.2405923167141584, "symbol": "LINC00278", "name": "long intergenic non-protein coding RNA 278", "organism": "Homo sapiens", "tissue": "preadipocyte (cell culture)"}, {"me": 2.2766038997090057, "pc": 0.9622715661230105, "marker_score": 3.1157089237023308, "symbol": "GPD1", "name": "glycerol-3-phosphate dehydrogenase 1", "organism": "Homo sapiens", "tissue": "preadipocyte (cell culture)"}, {"me": 3.3523579321231254, "pc": 0.9958734525447043, "marker_score": 2.9134267180618836, "symbol": "ADIPOQ", "name": "adiponectin, C1Q and collagen domain containing", "organism": "Homo sapiens", "tissue": "preadipocyte (cell culture)"}, {"me": 2.01716309738338, "pc": 0.8382786402043624, "marker_score": 2.8007522091759647, "symbol": "GPATCH11", "name": "G-patch domain containing 11", "organism": "Homo sapiens", "tissue": "preadipocyte (cell culture)"}, {"me": 1.9924372654613685, "pc": 0.844370210257418, "marker_score": 2.7095284265074735, "symbol": "KLB", "name": "klotho beta", "organism": "Homo sapiens", "tissue": "preadipocyte (cell culture)"}, {"me": 2.6995457437782804, "pc": 0.9553939870308509, "marker_score": 2.7082471207877967, "symbol": "PRKAR2B", "name": "protein kinase cAMP-dependent type II regulatory subunit beta", "organism": "Homo sapiens", "tissue": "preadipocyte (cell culture)"}, {"me": 1.8725636509011312, "pc": 0.7209667911180978, "marker_score": 2.695202486633754, "symbol": "PECR", "name": "peroxisomal trans-2-enoyl-CoA reductase", "organism": "Homo sapiens", "tissue": "preadipocyte (cell culture)"}, {"me": 2.167059890362395, "pc": 0.8418156808803301, "marker_score": 2.650726535926807, "symbol": "KANK1", "name": "KN motif and ankyrin repeat domains 1", "organism": "Homo sapiens", "tissue": "preadipocyte (cell culture)"}, {"me": 2.1604069132334582, "pc": 0.7869915504028296, "marker_score": 2.5885519491013045, "symbol": "CDO1", "name": "cysteine dioxygenase type 1", "organism": "Homo sapiens", "tissue": "preadipocyte (cell culture)"}, {"me": 2.058283744504859, "pc": 0.8492827667518177, "marker_score": 2.519699907873391, "symbol": "PPP2R5A", "name": "protein phosphatase 2 regulatory subunit B'alpha", "organism": "Homo sapiens", "tissue": "preadipocyte (cell culture)"}, {"me": 2.8163295801622272, "pc": 0.9811357830615052, "marker_score": 2.4706076434289668, "symbol": "ACSL1", "name": "acyl-CoA synthetase long chain family member 1", "organism": "Homo sapiens", "tissue": "preadipocyte (cell culture)"}, {"me": 2.1027669773956723, "pc": 0.889958734525447, "marker_score": 2.4365961200136814, "symbol": "LIPE-AS1", "name": "uncharacterized LOC101930071", "organism": "Homo sapiens", "tissue": "preadipocyte (cell culture)"}, {"me": 2.018932373986394, "pc": 0.7148752210650422, "marker_score": 2.4162395747028347, "symbol": "CLMN", "name": "calmin", "organism": "Homo sapiens", "tissue": "preadipocyte (cell culture)"}, {"me": 1.9345409007904368, "pc": 0.8188249164865395, "marker_score": 2.4020501293336367, "symbol": "APMAP", "name": "adipocyte plasma membrane associated protein", "organism": "Homo sapiens", "tissue": "preadipocyte (cell culture)"}, {"me": 2.3459640402308017, "pc": 0.9237571232069168, "marker_score": 2.3760744767128887, "symbol": "ELOVL5", "name": "ELOVL fatty acid elongase 5", "organism": "Homo sapiens", "tissue": "preadipocyte (cell culture)"}, {"me": 2.227870593789341, "pc": 0.936529770092356, "marker_score": 2.3614927538615076, "symbol": "PLIN4", "name": "perilipin 4", "organism": "Homo sapiens", "tissue": "preadipocyte (cell culture)"}, {"me": 2.034086519629178, "pc": 0.7054431125957948, "marker_score": 2.3496273561004197, "symbol": "AACS", "name": "acetoacetyl-CoA synthetase", "organism": "Homo sapiens", "tissue": "preadipocyte (cell culture)"}, {"me": 1.9899400340310305, "pc": 0.8390646492434664, "marker_score": 2.313133399881716, "symbol": "C19orf12", "name": "chromosome 19 open reading frame 12", "organism": "Homo sapiens", "tissue": "preadipocyte (cell culture)"}, {"me": 1.776711149819159, "pc": 0.7266653566516015, "marker_score": 2.3103639940164773, "symbol": "AIFM2", "name": "apoptosis inducing factor mitochondria associated 2", "organism": "Homo sapiens", "tissue": "preadipocyte (cell culture)"}, {"me": 2.114674629198333, "pc": 0.8015327176262527, "marker_score": 2.285977154466775, "symbol": "TMEM164", "name": "transmembrane protein 164", "organism": "Homo sapiens", "tissue": "preadipocyte (cell culture)"}, {"me": 2.5973265898196902, "pc": 0.9889958734525447, "marker_score": 2.2738091895359185, "symbol": "PLIN1", "name": "perilipin 1", "organism": "Homo sapiens", "tissue": "preadipocyte (cell culture)"}, {"me": 2.02188150249886, "pc": 0.6462959324032226, "marker_score": 2.266598918280848, "symbol": "GRK3", "name": "G protein-coupled receptor kinase 3", "organism": "Homo sapiens", "tissue": "preadipocyte (cell culture)"}, {"me": 2.3051022018234617, "pc": 0.9388877972096679, "marker_score": 2.2577919127731834, "symbol": "LPCAT3", "name": "lysophosphatidylcholine acyltransferase 3", "organism": "Homo sapiens", "tissue": "preadipocyte (cell culture)"}, {"me": 2.2523093390929665, "pc": 0.7054431125957948, "marker_score": 2.249395405873791, "symbol": "ACSL5", "name": "acyl-CoA synthetase long chain family member 5", "organism": "Homo sapiens", "tissue": "preadipocyte (cell culture)"}, {"me": 1.7792273998515082, "pc": 0.7360974651208488, "marker_score": 2.1998301102882607, "symbol": "RETSAT", "name": "retinol saturase", "organism": "Homo sapiens", "tissue": "preadipocyte (cell culture)"}, {"me": 2.1624506702908666, "pc": 0.8799371192768717, "marker_score": 2.1939628715641217, "symbol": "ATL2", "name": "atlastin GTPase 2", "organism": "Homo sapiens", "tissue": "preadipocyte (cell culture)"}, {"me": 2.1088346530361974, "pc": 0.7260758498722736, "marker_score": 2.1767538867201988, "symbol": "ACSF2", "name": "acyl-CoA synthetase family member 2", "organism": "Homo sapiens", "tissue": "preadipocyte (cell culture)"}, {"me": 1.7097530880489864, "pc": 0.5234820200432305, "marker_score": 2.1749194030825523, "symbol": "LINC02043", "name": "long intergenic non-protein coding RNA 2043", "organism": "Homo sapiens", "tissue": "preadipocyte (cell culture)"}, {"me": 2.888690564250101, "pc": 0.9754372175280016, "marker_score": 2.1549141840334944, "symbol": "LPIN1", "name": "lipin 1", "organism": "Homo sapiens", "tissue": "preadipocyte (cell culture)"}, {"me": 1.9239043798090625, "pc": 0.6895264295539398, "marker_score": 2.136952810322617, "symbol": "ABCD2", "name": "ATP binding cassette subfamily D member 2", "organism": "Homo sapiens", "tissue": "preadipocyte (cell culture)"}, {"me": 1.8010912582629968, "pc": 0.6576930634702299, "marker_score": 2.1345825221482824, "symbol": "MKNK2", "name": "MAPK interacting serine/threonine kinase 2", "organism": "Homo sapiens", "tissue": "preadipocyte (cell culture)"}, {"me": 3.594208402215752, "pc": 0.9954804480251523, "marker_score": 2.1343760236849114, "symbol": "SCD", "name": "stearoyl-CoA desaturase", "organism": "Homo sapiens", "tissue": "preadipocyte (cell culture)"}, {"me": 1.9919607343464871, "pc": 0.8614659068579289, "marker_score": 2.12471392782235, "symbol": "SREBF1", "name": "sterol regulatory element binding transcription factor 1", "organism": "Homo sapiens", "tissue": "preadipocyte (cell culture)"}, {"me": 3.1146702555630226, "pc": 0.9868343485950088, "marker_score": 2.112829846232889, "symbol": "FASN", "name": "fatty acid synthase", "organism": "Homo sapiens", "tissue": "preadipocyte (cell culture)"}, {"me": 3.084181892890749, "pc": 0.9919434073491845, "marker_score": 2.096710468918235, "symbol": "PNPLA2", "name": "patatin like phospholipase domain containing 2", "organism": "Homo sapiens", "tissue": "preadipocyte (cell culture)"}, {"me": 1.6686499154076173, "pc": 0.6242876793083121, "marker_score": 2.0796169064919803, "symbol": "HADH", "name": "hydroxyacyl-CoA dehydrogenase", "organism": "Homo sapiens", "tissue": "preadipocyte (cell culture)"}, {"me": 2.0078526912762698, "pc": 0.5610139516604441, "marker_score": 2.0536575748445203, "symbol": "HILPDA", "name": "hypoxia inducible lipid droplet associated", "organism": "Homo sapiens", "tissue": "preadipocyte (cell culture)"}, {"me": 2.232158482904161, "pc": 0.7201807820789939, "marker_score": 2.0445009731896366, "symbol": "CHI3L2", "name": "chitinase 3 like 2", "organism": "Homo sapiens", "tissue": "preadipocyte (cell culture)"}, {"me": 1.8151331591719493, "pc": 0.6199646295932403, "marker_score": 2.032945572896618, "symbol": "PFKFB3", "name": "6-phosphofructo-2-kinase/fructose-2,6-biphosphatase 3", "organism": "Homo sapiens", "tissue": "preadipocyte (cell culture)"}, {"me": 1.780980072666152, "pc": 0.6046374533307133, "marker_score": 2.018958824856045, "symbol": "DLAT", "name": "dihydrolipoamide S-acetyltransferase", "organism": "Homo sapiens", "tissue": "preadipocyte (cell culture)"}, {"me": 2.0543646918402776, "pc": 0.9196305757516211, "marker_score": 2.0140583689394713, "symbol": "PRXL2A", "name": "peroxiredoxin like 2A", "organism": "Homo sapiens", "tissue": "preadipocyte (cell culture)"}, {"me": 1.7866072694532669, "pc": 0.5413637256828453, "marker_score": 2.0098079941725073, "symbol": "THRSP", "name": "thyroid hormone responsive", "organism": "Homo sapiens", "tissue": "preadipocyte (cell culture)"}, {"me": 2.055701631515673, "pc": 0.827471015916683, "marker_score": 1.9823027901618322, "symbol": "ELMOD3", "name": "ELMO domain containing 3", "organism": "Homo sapiens", "tissue": "preadipocyte (cell culture)"}, {"me": 1.9681589161548498, "pc": 0.7718608764000786, "marker_score": 1.979111796338317, "symbol": "IDH1", "name": "isocitrate dehydrogenase (NADP(+)) 1", "organism": "Homo sapiens", "tissue": "preadipocyte (cell culture)"}, {"me": 2.20883546010169, "pc": 0.5289840833169581, "marker_score": 1.9673338491472137, "symbol": "PCK1", "name": "phosphoenolpyruvate carboxykinase 1", "organism": "Homo sapiens", "tissue": "preadipocyte (cell culture)"}, {"me": 2.679919351342648, "pc": 0.9915504028296326, "marker_score": 1.9671345967175229, "symbol": "MLXIPL", "name": "MLX interacting protein like", "organism": "Homo sapiens", "tissue": "preadipocyte (cell culture)"}, {"me": 2.5615158081054688, "pc": 0.9809392808017292, "marker_score": 1.9499887760849548, "symbol": "VKORC1L1", "name": "vitamin K epoxide reductase complex subunit 1 like 1", "organism": "Homo sapiens", "tissue": "preadipocyte (cell culture)"}, {"me": 1.8264427051397163, "pc": 0.5608174494006681, "marker_score": 1.8991056176095256, "symbol": "PNPLA3", "name": "patatin like phospholipase domain containing 3", "organism": "Homo sapiens", "tissue": "preadipocyte (cell culture)"}, {"me": 2.245846634641536, "pc": 0.9031243859304382, "marker_score": 1.8988036519568043, "symbol": "FHIT", "name": "fragile histidine triad diadenosine triphosphatase", "organism": "Homo sapiens", "tissue": "preadipocyte (cell culture)"}, {"me": 2.412681950661411, "pc": 0.735311456081745, "marker_score": 1.8666422816108572, "symbol": "GHR", "name": "growth hormone receptor", "organism": "Homo sapiens", "tissue": "preadipocyte (cell culture)"}, {"me": 1.853563106462494, "pc": 0.8264885046178031, "marker_score": 1.8531171072345445, "symbol": "CHCHD10", "name": "coiled-coil-helix-coiled-coil-helix domain containing 10", "organism": "Homo sapiens", "tissue": "preadipocyte (cell culture)"}, {"me": 2.021202254088247, "pc": 0.7465120848889762, "marker_score": 1.8497540917846775, "symbol": "FAR2", "name": "fatty acyl-CoA reductase 2", "organism": "Homo sapiens", "tissue": "preadipocyte (cell culture)"}, {"me": 2.632242378395093, "pc": 0.9730791904106897, "marker_score": 1.84752433835147, "symbol": "ANO6", "name": "anoctamin 6", "organism": "Homo sapiens", "tissue": "preadipocyte (cell culture)"}, {"me": 1.7612084754750548, "pc": 0.6282177245038318, "marker_score": 1.8392971075923796, "symbol": "DHRS3", "name": "dehydrogenase/reductase 3", "organism": "Homo sapiens", "tissue": "preadipocyte (cell culture)"}, {"me": 2.4940071380395685, "pc": 0.7647867950481431, "marker_score": 1.8175974605919027, "symbol": "PRKAG2", "name": "protein kinase AMP-activated non-catalytic subunit gamma 2", "organism": "Homo sapiens", "tissue": "preadipocyte (cell culture)"}, {"me": 2.0129632091565783, "pc": 0.860286893299273, "marker_score": 1.7924447995771313, "symbol": "PGM1", "name": "phosphoglucomutase 1", "organism": "Homo sapiens", "tissue": "preadipocyte (cell culture)"}, {"me": 2.428561899891062, "pc": 0.969542149734722, "marker_score": 1.754220517784755, "symbol": "HK2", "name": "hexokinase 2", "organism": "Homo sapiens", "tissue": "preadipocyte (cell culture)"}, {"me": 2.8854151100816896, "pc": 0.9862448418156808, "marker_score": 1.7489268761979408, "symbol": "ACACA", "name": "acetyl-CoA carboxylase alpha", "organism": "Homo sapiens", "tissue": "preadipocyte (cell culture)"}, {"me": 2.1405883089919815, "pc": 0.8577323639221851, "marker_score": 1.7489057543742785, "symbol": "ABCA1", "name": "ATP binding cassette subfamily A member 1", "organism": "Homo sapiens", "tissue": "preadipocyte (cell culture)"}, {"me": 2.8218102051167855, "pc": 0.9927294163882885, "marker_score": 1.748834931395913, "symbol": "AQP7", "name": "aquaporin 7", "organism": "Homo sapiens", "tissue": "preadipocyte (cell culture)"}, {"me": 1.760285222389687, "pc": 0.765965808606799, "marker_score": 1.7395174780450895, "symbol": "FAM219B", "name": "family with sequence similarity 219 member B", "organism": "Homo sapiens", "tissue": "preadipocyte (cell culture)"}, {"me": 1.9087571982930016, "pc": 0.8648064452741206, "marker_score": 1.7281776616304318, "symbol": "SORT1", "name": "sortilin 1", "organism": "Homo sapiens", "tissue": "preadipocyte (cell culture)"}, {"me": 2.1309462749094203, "pc": 0.6779327962271566, "marker_score": 1.727715606911528, "symbol": "DDIT4", "name": "DNA damage inducible transcript 4", "organism": "Homo sapiens", "tissue": "preadipocyte (cell culture)"}, {"me": 2.049157884572942, "pc": 0.890351739044999, "marker_score": 1.7136786005359395, "symbol": "RTN3", "name": "reticulon 3", "organism": "Homo sapiens", "tissue": "preadipocyte (cell culture)"}, {"me": 1.709712198218302, "pc": 0.6989585380231873, "marker_score": 1.7131589498578472, "symbol": "CS", "name": "citrate synthase", "organism": "Homo sapiens", "tissue": "preadipocyte (cell culture)"}, {"me": 1.8584507049198435, "pc": 0.7783454509726861, "marker_score": 1.7117550556574654, "symbol": "PLAAT3", "name": "phospholipase A and acyltransferase 3", "organism": "Homo sapiens", "tissue": "preadipocyte (cell culture)"}, {"me": 3.0999331571463897, "pc": 0.9933189231676164, "marker_score": 1.711072944931245, "symbol": "SLC7A6", "name": "solute carrier family 7 member 6", "organism": "Homo sapiens", "tissue": "preadipocyte (cell culture)"}, {"me": 1.6069153820665494, "pc": 0.4609943014344665, "marker_score": 1.7065400294084727, "symbol": "ZNF117", "name": "ERV3-1-ZNF117 readthrough", "organism": "Homo sapiens", "tissue": "preadipocyte (cell culture)"}, {"me": 2.0514351242797506, "pc": 0.8355276085674985, "marker_score": 1.6987221842569493, "symbol": "FZD4", "name": "frizzled class receptor 4", "organism": "Homo sapiens", "tissue": "preadipocyte (cell culture)"}, {"me": 1.735537437952367, "pc": 0.5022597759874239, "marker_score": 1.6967950690378724, "symbol": "LINC00598", "name": "long intergenic non-protein coding RNA 548", "organism": "Homo sapiens", "tissue": "preadipocyte (cell culture)"}, {"me": 2.4504798935966257, "pc": 0.7046571035566909, "marker_score": 1.657303843349885, "symbol": "ME1", "name": "malic enzyme 1", "organism": "Homo sapiens", "tissue": "preadipocyte (cell culture)"}, {"me": 1.978849698031293, "pc": 0.7142857142857143, "marker_score": 1.6533938054775879, "symbol": "LRIG1", "name": "leucine rich repeats and immunoglobulin like domains 1", "organism": "Homo sapiens", "tissue": "preadipocyte (cell culture)"}, {"me": 1.6092425220253883, "pc": 0.5185694635488308, "marker_score": 1.6345936525505291, "symbol": "PPTC7", "name": "protein phosphatase targeting COQ7", "organism": "Homo sapiens", "tissue": "preadipocyte (cell culture)"}, {"me": 2.066279677094006, "pc": 0.5753586166240912, "marker_score": 1.6234593804988584, "symbol": "ADIPOR2", "name": "adiponectin receptor 2", "organism": "Homo sapiens", "tissue": "preadipocyte (cell culture)"}, {"me": 3.1465601377561168, "pc": 0.9878168598938888, "marker_score": 1.6143592585331639, "symbol": "G0S2", "name": "G0/G1 switch 2", "organism": "Homo sapiens", "tissue": "preadipocyte (cell culture)"}, {"me": 1.743700762452151, "pc": 0.5390056985655335, "marker_score": 1.601690401203328, "symbol": "HACD2", "name": "3-hydroxyacyl-CoA dehydratase 2", "organism": "Homo sapiens", "tissue": "preadipocyte (cell culture)"}, {"me": 1.8883644005159688, "pc": 0.6521910001965022, "marker_score": 1.5968052073187382, "symbol": "FADS1", "name": "fatty acid desaturase 1", "organism": "Homo sapiens", "tissue": "preadipocyte (cell culture)"}, {"me": 3.6343357450738916, "pc": 0.9972489683631361, "marker_score": 1.5787661775319137, "symbol": "FABP4", "name": "fatty acid binding protein 4", "organism": "Homo sapiens", "tissue": "preadipocyte (cell culture)"}, {"me": 1.861891101874529, "pc": 0.7822754961682059, "marker_score": 1.5762105683280754, "symbol": "CHPT1", "name": "choline phosphotransferase 1", "organism": "Homo sapiens", "tissue": "preadipocyte (cell culture)"}, {"me": 1.7455189119510817, "pc": 0.608567498526233, "marker_score": 1.5698896513954852, "symbol": "NR1H3", "name": "nuclear receptor subfamily 1 group H member 3", "organism": "Homo sapiens", "tissue": "preadipocyte (cell culture)"}, {"me": 1.641687380538412, "pc": 0.5333071330320299, "marker_score": 1.568679581563975, "symbol": "NQO2", "name": "N-ribosyldihydronicotinamide:quinone reductase 2", "organism": "Homo sapiens", "tissue": "preadipocyte (cell culture)"}, {"me": 1.7767258085735103, "pc": 0.6067989781882491, "marker_score": 1.5594891622562592, "symbol": "CAV2", "name": "caveolin 2", "organism": "Homo sapiens", "tissue": "preadipocyte (cell culture)"}, {"me": 1.7608344729288805, "pc": 0.703871094517587, "marker_score": 1.5548977490136207, "symbol": "TOB2", "name": "transducer of ERBB2, 2", "organism": "Homo sapiens", "tissue": "preadipocyte (cell culture)"}, {"me": 1.8669132781601765, "pc": 0.6459029278836707, "marker_score": 1.5544816902634064, "symbol": "PPARA", "name": "peroxisome proliferator activated receptor alpha", "organism": "Homo sapiens", "tissue": "preadipocyte (cell culture)"}, {"me": 1.6771838246014774, "pc": 0.6317547651797996, "marker_score": 1.5496464709738573, "symbol": "TECR", "name": "trans-2,3-enoyl-CoA reductase", "organism": "Homo sapiens", "tissue": "preadipocyte (cell culture)"}, {"me": 1.8979661416214186, "pc": 0.8504617803104736, "marker_score": 1.5492530763975882, "symbol": "ACO2", "name": "aconitase 2", "organism": "Homo sapiens", "tissue": "preadipocyte (cell culture)"}, {"me": 2.175684261934999, "pc": 0.9477303988995873, "marker_score": 1.5483179282303587, "symbol": "ITGA7", "name": "integrin subunit alpha 7", "organism": "Homo sapiens", "tissue": "preadipocyte (cell culture)"}, {"me": 1.7940464132757807, "pc": 0.7298093928080173, "marker_score": 1.5442892950764935, "symbol": "TALDO1", "name": "transaldolase 1", "organism": "Homo sapiens", "tissue": "preadipocyte (cell culture)"}, {"me": 1.6651418066564014, "pc": 0.48653959520534484, "marker_score": 1.5420690131861297, "symbol": "IRS2", "name": "insulin receptor substrate 2", "organism": "Homo sapiens", "tissue": "preadipocyte (cell culture)"}, {"me": 2.144492467733154, "pc": 0.7669483199056789, "marker_score": 1.5352621111998386, "symbol": "ACLY", "name": "ATP citrate lyase", "organism": "Homo sapiens", "tissue": "preadipocyte (cell culture)"}, {"me": 2.255505270209194, "pc": 0.9510709373157792, "marker_score": 1.5303293577143777, "symbol": "ECHDC2", "name": "enoyl-CoA hydratase domain containing 2", "organism": "Homo sapiens", "tissue": "preadipocyte (cell culture)"}, {"me": 1.6008771090388982, "pc": 0.4110827274513657, "marker_score": 1.5257133165903234, "symbol": "KLHDC8B", "name": "kelch domain containing 8B", "organism": "Homo sapiens", "tissue": "preadipocyte (cell culture)"}, {"me": 1.7858465836943531, "pc": 0.6576930634702299, "marker_score": 1.5197569338622214, "symbol": "BMS1P14", "name": "BMS1P14", "organism": "Homo sapiens", "tissue": "preadipocyte (cell culture)"}, {"me": 1.725137375764526, "pc": 0.6425623894674789, "marker_score": 1.5174952289392047, "symbol": "DGAT1", "name": "diacylglycerol O-acyltransferase 1", "organism": "Homo sapiens", "tissue": "preadipocyte (cell culture)"}, {"me": 1.631536272129135, "pc": 0.5702495578699155, "marker_score": 1.5171113283233677, "symbol": "TMEM120A", "name": "transmembrane protein 120A", "organism": "Homo sapiens", "tissue": "preadipocyte (cell culture)"}, {"me": 1.7738139165988056, "pc": 0.5429357437610532, "marker_score": 1.5138791175601949, "symbol": "SLC25A18", "name": "solute carrier family 25 member 18", "organism": "Homo sapiens", "tissue": "preadipocyte (cell culture)"}, {"me": 4.1042120434632805, "pc": 0.9980349774022401, "marker_score": 5.879316471887361, "symbol": "PDE3B", "name": "phosphodiesterase 3B", "organism": "Homo sapiens", "tissue": "All Tissues"}, {"me": 2.8218102051167855, "pc": 0.9927294163882885, "marker_score": 5.786024609165507, "symbol": "AQP7", "name": "aquaporin 7", "organism": "Homo sapiens", "tissue": "All Tissues"}, {"me": 3.3523579321231254, "pc": 0.9958734525447043, "marker_score": 5.783257303116899, "symbol": "ADIPOQ", "name": "adiponectin, C1Q and collagen domain containing", "organism": "Homo sapiens", "tissue": "All Tissues"}, {"me": 2.679919351342648, "pc": 0.9915504028296326, "marker_score": 5.781115699507209, "symbol": "MLXIPL", "name": "MLX interacting protein like", "organism": "Homo sapiens", "tissue": "All Tissues"}, {"me": 2.5973265898196902, "pc": 0.9889958734525447, "marker_score": 5.7113097065742195, "symbol": "PLIN1", "name": "perilipin 1", "organism": "Homo sapiens", "tissue": "All Tissues"}, {"me": 3.0999331571463897, "pc": 0.9933189231676164, "marker_score": 5.53891645523478, "symbol": "SLC7A6", "name": "solute carrier family 7 member 6", "organism": "Homo sapiens", "tissue": "All Tissues"}, {"me": 4.303370428104093, "pc": 0.9986244841815681, "marker_score": 5.317651625082087, "symbol": "ACACB", "name": "acetyl-CoA carboxylase beta", "organism": "Homo sapiens", "tissue": "All Tissues"}, {"me": 3.084181892890749, "pc": 0.9919434073491845, "marker_score": 5.243286981444707, "symbol": "PNPLA2", "name": "patatin like phospholipase domain containing 2", "organism": "Homo sapiens", "tissue": "All Tissues"}, {"me": 3.594208402215752, "pc": 0.9954804480251523, "marker_score": 4.958342394167761, "symbol": "SCD", "name": "stearoyl-CoA desaturase", "organism": "Homo sapiens", "tissue": "All Tissues"}, {"me": 3.09530222649298, "pc": 0.9937119276871684, "marker_score": 4.919209432266466, "symbol": "CSAD", "name": "cysteine sulfinic acid decarboxylase", "organism": "Homo sapiens", "tissue": "All Tissues"}, {"me": 3.2324695405505954, "pc": 0.9903713892709766, "marker_score": 4.8827713255444944, "symbol": "GPAM", "name": "glycerol-3-phosphate acyltransferase, mitochondrial", "organism": "Homo sapiens", "tissue": "All Tissues"}, {"me": 3.1146702555630226, "pc": 0.9868343485950088, "marker_score": 4.591187851758498, "symbol": "FASN", "name": "fatty acid synthase", "organism": "Homo sapiens", "tissue": "All Tissues"}, {"me": 2.8328755475691016, "pc": 0.9952839457653763, "marker_score": 4.5606976277781435, "symbol": "TMEM135", "name": "transmembrane protein 135", "organism": "Homo sapiens", "tissue": "All Tissues"}, {"me": 2.9749748096557034, "pc": 0.9887993711927687, "marker_score": 4.366962329997293, "symbol": "ACER3", "name": "alkaline ceramidase 3", "organism": "Homo sapiens", "tissue": "All Tissues"}, {"me": 3.6343357450738916, "pc": 0.9972489683631361, "marker_score": 4.260970850129703, "symbol": "FABP4", "name": "fatty acid binding protein 4", "organism": "Homo sapiens", "tissue": "All Tissues"}, {"me": 2.5615158081054688, "pc": 0.9809392808017292, "marker_score": 4.231940637507072, "symbol": "VKORC1L1", "name": "vitamin K epoxide reductase complex subunit 1 like 1", "organism": "Homo sapiens", "tissue": "All Tissues"}, {"me": 3.1122874289490667, "pc": 0.9895853802318727, "marker_score": 4.216238047363679, "symbol": "PPARG", "name": "peroxisome proliferator activated receptor gamma", "organism": "Homo sapiens", "tissue": "All Tissues"}, {"me": 3.7001509669254964, "pc": 0.9996069954804481, "marker_score": 4.01725918312198, "symbol": "EBF1", "name": "EBF transcription factor 1", "organism": "Homo sapiens", "tissue": "All Tissues"}, {"me": 2.428561899891062, "pc": 0.969542149734722, "marker_score": 3.951259146693483, "symbol": "HK2", "name": "hexokinase 2", "organism": "Homo sapiens", "tissue": "All Tissues"}, {"me": 2.3166522210612968, "pc": 0.9697386519944979, "marker_score": 3.9442222767697683, "symbol": "TBC1D16", "name": "TBC1 domain family member 16", "organism": "Homo sapiens", "tissue": "All Tissues"}, {"me": 2.2766038997090057, "pc": 0.9622715661230105, "marker_score": 3.8236399813872937, "symbol": "GPD1", "name": "glycerol-3-phosphate dehydrogenase 1", "organism": "Homo sapiens", "tissue": "All Tissues"}, {"me": 2.679024895230493, "pc": 0.984672823737473, "marker_score": 3.7605612689380377, "symbol": "MME", "name": "membrane metalloendopeptidase", "organism": "Homo sapiens", "tissue": "All Tissues"}, {"me": 3.1465601377561168, "pc": 0.9878168598938888, "marker_score": 3.6951430779526793, "symbol": "G0S2", "name": "G0/G1 switch 2", "organism": "Homo sapiens", "tissue": "All Tissues"}, {"me": 2.8854151100816896, "pc": 0.9862448418156808, "marker_score": 3.6520678601876595, "symbol": "ACACA", "name": "acetyl-CoA carboxylase alpha", "organism": "Homo sapiens", "tissue": "All Tissues"}, {"me": 2.632242378395093, "pc": 0.9730791904106897, "marker_score": 3.619615069430985, "symbol": "ANO6", "name": "anoctamin 6", "organism": "Homo sapiens", "tissue": "All Tissues"}, {"me": 2.888690564250101, "pc": 0.9754372175280016, "marker_score": 3.6189012789342057, "symbol": "LPIN1", "name": "lipin 1", "organism": "Homo sapiens", "tissue": "All Tissues"}, {"me": 2.317701457072908, "pc": 0.9581450186677147, "marker_score": 3.57209281112109, "symbol": "DOCK11", "name": "dedicator of cytokinesis 11", "organism": "Homo sapiens", "tissue": "All Tissues"}, {"me": 2.8163295801622272, "pc": 0.9811357830615052, "marker_score": 3.526144744087639, "symbol": "ACSL1", "name": "acyl-CoA synthetase long chain family member 1", "organism": "Homo sapiens", "tissue": "All Tissues"}, {"me": 2.64970703125, "pc": 0.9884063666732168, "marker_score": 3.4442089703065895, "symbol": "ACADVL", "name": "acyl-CoA dehydrogenase very long chain", "organism": "Homo sapiens", "tissue": "All Tissues"}, {"me": 2.474317371550659, "pc": 0.954214973472195, "marker_score": 3.39337937702832, "symbol": "LIPE", "name": "lipase E, hormone sensitive type", "organism": "Homo sapiens", "tissue": "All Tissues"}, {"me": 2.175684261934999, "pc": 0.9477303988995873, "marker_score": 3.386440590008661, "symbol": "ITGA7", "name": "integrin subunit alpha 7", "organism": "Homo sapiens", "tissue": "All Tissues"}, {"me": 2.2821428912943698, "pc": 0.9632540774218904, "marker_score": 3.1746740147872217, "symbol": "DECR1", "name": "2,4-dienoyl-CoA reductase 1", "organism": "Homo sapiens", "tissue": "All Tissues"}, {"me": 2.6995457437782804, "pc": 0.9553939870308509, "marker_score": 3.1638266599723806, "symbol": "PRKAR2B", "name": "protein kinase cAMP-dependent type II regulatory subunit beta", "organism": "Homo sapiens", "tissue": "All Tissues"}, {"me": 3.1182600041304993, "pc": 0.9960699548044802, "marker_score": 3.142019470874401, "symbol": "GBE1", "name": "1,4-alpha-glucan branching enzyme 1", "organism": "Homo sapiens", "tissue": "All Tissues"}, {"me": 2.227870593789341, "pc": 0.936529770092356, "marker_score": 3.1030713473710874, "symbol": "PLIN4", "name": "perilipin 4", "organism": "Homo sapiens", "tissue": "All Tissues"}, {"me": 2.3051022018234617, "pc": 0.9388877972096679, "marker_score": 3.0699466100471247, "symbol": "LPCAT3", "name": "lysophosphatidylcholine acyltransferase 3", "organism": "Homo sapiens", "tissue": "All Tissues"}, {"me": 3.4417980272861355, "pc": 0.999213990960896, "marker_score": 3.069264846347163, "symbol": "MGST1", "name": "microsomal glutathione S-transferase 1", "organism": "Homo sapiens", "tissue": "All Tissues"}, {"me": 2.217372890315948, "pc": 0.9438003537040676, "marker_score": 2.950790499741931, "symbol": "PALMD", "name": "palmdelphin", "organism": "Homo sapiens", "tissue": "All Tissues"}, {"me": 1.920883462135529, "pc": 0.9098054627628218, "marker_score": 2.832332076798959, "symbol": "WASHC1", "name": "WASH complex subunit 1", "organism": "Homo sapiens", "tissue": "All Tissues"}, {"me": 2.2191379523465895, "pc": 0.9190410689722932, "marker_score": 2.7409224788493725, "symbol": "TWIST1", "name": "twist family bHLH transcription factor 1", "organism": "Homo sapiens", "tissue": "All Tissues"}, {"me": 2.595078305481619, "pc": 0.9781882491648654, "marker_score": 2.6636659483039966, "symbol": "RHOBTB3", "name": "Rho related BTB domain containing 3", "organism": "Homo sapiens", "tissue": "All Tissues"}, {"me": 2.3600695144489245, "pc": 0.9137355079583416, "marker_score": 2.652913540226842, "symbol": "DGAT2", "name": "diacylglycerol O-acyltransferase 2", "organism": "Homo sapiens", "tissue": "All Tissues"}, {"me": 2.7729641539432097, "pc": 0.9636470819414423, "marker_score": 2.6299538478139275, "symbol": "PPARGC1A", "name": "PPARG coactivator 1 alpha", "organism": "Homo sapiens", "tissue": "All Tissues"}, {"me": 2.225087442042269, "pc": 0.9111809785812537, "marker_score": 2.622318930548646, "symbol": "CLMP", "name": "CXADR like membrane protein", "organism": "Homo sapiens", "tissue": "All Tissues"}, {"me": 1.9961488836388708, "pc": 0.9084299469443898, "marker_score": 2.5452928809787174, "symbol": "USP33", "name": "ubiquitin specific peptidase 33", "organism": "Homo sapiens", "tissue": "All Tissues"}, {"me": 2.3459640402308017, "pc": 0.9237571232069168, "marker_score": 2.5149601392011696, "symbol": "ELOVL5", "name": "ELOVL fatty acid elongase 5", "organism": "Homo sapiens", "tissue": "All Tissues"}, {"me": 2.255505270209194, "pc": 0.9510709373157792, "marker_score": 2.483865309969554, "symbol": "ECHDC2", "name": "enoyl-CoA hydratase domain containing 2", "organism": "Homo sapiens", "tissue": "All Tissues"}, {"me": 2.1027669773956723, "pc": 0.889958734525447, "marker_score": 2.442049035493052, "symbol": "LIPE-AS1", "name": "uncharacterized LOC101930071", "organism": "Homo sapiens", "tissue": "All Tissues"}, {"me": 2.3240384615384615, "pc": 0.8940852819807428, "marker_score": 2.385841198986855, "symbol": "ZBED3", "name": "zinc finger BED-type containing 3", "organism": "Homo sapiens", "tissue": "All Tissues"}, {"me": 2.1289826219173515, "pc": 0.8844566712517193, "marker_score": 2.3737309745959947, "symbol": "ADAM12", "name": "ADAM metallopeptidase domain 12", "organism": "Homo sapiens", "tissue": "All Tissues"}, {"me": 2.1857471527184362, "pc": 0.9198270780113972, "marker_score": 2.361176107880803, "symbol": "TNS1", "name": "tensin 1", "organism": "Homo sapiens", "tissue": "All Tissues"}, {"me": 1.9027010289634145, "pc": 0.8701120062880723, "marker_score": 2.3431264887815706, "symbol": "PHYKPL", "name": "5-phosphohydroxy-L-lysine phospho-lyase", "organism": "Homo sapiens", "tissue": "All Tissues"}, {"me": 2.003762116303315, "pc": 0.9306347022990764, "marker_score": 2.328962878519811, "symbol": "CHCHD3", "name": "coiled-coil-helix-coiled-coil-helix domain containing 3", "organism": "Homo sapiens", "tissue": "All Tissues"}, {"me": 2.0543646918402776, "pc": 0.9196305757516211, "marker_score": 2.3214409914701397, "symbol": "PRXL2A", "name": "peroxiredoxin like 2A", "organism": "Homo sapiens", "tissue": "All Tissues"}, {"me": 1.9402438433624578, "pc": 0.8714875221065043, "marker_score": 2.310242479246324, "symbol": "SRPX", "name": "sushi repeat containing protein X-linked", "organism": "Homo sapiens", "tissue": "All Tissues"}, {"me": 2.375388831646494, "pc": 0.9416388288465317, "marker_score": 2.294809704563511, "symbol": "FOXO1", "name": "forkhead box O1", "organism": "Homo sapiens", "tissue": "All Tissues"}, {"me": 2.0095812707630247, "pc": 0.9316172135979564, "marker_score": 2.2875716122112246, "symbol": "SRSF4", "name": "serine and arginine rich splicing factor 4", "organism": "Homo sapiens", "tissue": "All Tissues"}, {"me": 2.116946973298725, "pc": 0.9557869915504028, "marker_score": 2.281934546634651, "symbol": "COL6A1", "name": "collagen type VI alpha 1 chain", "organism": "Homo sapiens", "tissue": "All Tissues"}, {"me": 2.5139324938535195, "pc": 0.9491059147180193, "marker_score": 2.269144011949957, "symbol": "TGFBR3", "name": "transforming growth factor beta receptor 3", "organism": "Homo sapiens", "tissue": "All Tissues"}, {"me": 2.784859420047364, "pc": 0.954214973472195, "marker_score": 2.266052518175679, "symbol": "SIK2", "name": "salt inducible kinase 2", "organism": "Homo sapiens", "tissue": "All Tissues"}, {"me": 1.9079802911931818, "pc": 0.8646099430143447, "marker_score": 2.264154753456956, "symbol": "MIR22HG", "name": "MIR22 host gene", "organism": "Homo sapiens", "tissue": "All Tissues"}, {"me": 2.1624506702908666, "pc": 0.8799371192768717, "marker_score": 2.261790024168911, "symbol": "ATL2", "name": "atlastin GTPase 2", "organism": "Homo sapiens", "tissue": "All Tissues"}, {"me": 2.8171528710259333, "pc": 0.90548241304775, "marker_score": 2.2517971360033293, "symbol": "ACSS2", "name": "acyl-CoA synthetase short chain family member 2", "organism": "Homo sapiens", "tissue": "All Tissues"}, {"me": 2.15933498435528, "pc": 0.9341717429750442, "marker_score": 2.241301941532113, "symbol": "HSPG2", "name": "heparan sulfate proteoglycan 2", "organism": "Homo sapiens", "tissue": "All Tissues"}, {"me": 1.9919607343464871, "pc": 0.8614659068579289, "marker_score": 2.2337505339927928, "symbol": "SREBF1", "name": "sterol regulatory element binding transcription factor 1", "organism": "Homo sapiens", "tissue": "All Tissues"}, {"me": 2.4752494337042883, "pc": 0.9027313814108863, "marker_score": 2.2238644568690678, "symbol": "ADM", "name": "adrenomedullin", "organism": "Homo sapiens", "tissue": "All Tissues"}, {"me": 2.066643234492161, "pc": 0.8648064452741206, "marker_score": 2.2178017898328353, "symbol": "TWIST2", "name": "twist family bHLH transcription factor 2", "organism": "Homo sapiens", "tissue": "All Tissues"}, {"me": 1.923661025254043, "pc": 0.8991943407349184, "marker_score": 2.206956753214704, "symbol": "IGF2BP2", "name": "insulin like growth factor 2 mRNA binding protein 2", "organism": "Homo sapiens", "tissue": "All Tissues"}, {"me": 2.9392061667974287, "pc": 0.9705246610336019, "marker_score": 2.1955042764555874, "symbol": "CD36", "name": "CD36 molecule", "organism": "Homo sapiens", "tissue": "All Tissues"}, {"me": 2.232285678475936, "pc": 0.9186480644527412, "marker_score": 2.1921336588555267, "symbol": "LMO4", "name": "LIM domain only 4", "organism": "Homo sapiens", "tissue": "All Tissues"}, {"me": 1.9737658433511223, "pc": 0.8929062684220869, "marker_score": 2.186177913820737, "symbol": "GABPB1-AS1", "name": "GABPB1-AS1", "organism": "Homo sapiens", "tissue": "All Tissues"}, {"me": 2.103065128037732, "pc": 0.921792100609157, "marker_score": 2.182157825864693, "symbol": "AKR1C2", "name": "aldo-keto reductase family 1 member C2", "organism": "Homo sapiens", "tissue": "All Tissues"}, {"me": 2.0129632091565783, "pc": 0.860286893299273, "marker_score": 2.170413606587802, "symbol": "PGM1", "name": "phosphoglucomutase 1", "organism": "Homo sapiens", "tissue": "All Tissues"}, {"me": 2.27010949736241, "pc": 0.9033208881902142, "marker_score": 2.141451817772746, "symbol": "SOS1", "name": "SOS Ras/Rac guanine nucleotide exchange factor 1", "organism": "Homo sapiens", "tissue": "All Tissues"}, {"me": 2.3830266004889005, "pc": 0.9294556887404205, "marker_score": 2.1368484439217146, "symbol": "LIMA1", "name": "LIM domain and actin binding 1", "organism": "Homo sapiens", "tissue": "All Tissues"}, {"me": 2.315929856370876, "pc": 0.8636274317154647, "marker_score": 2.130532359497906, "symbol": "LINC00278", "name": "long intergenic non-protein coding RNA 278", "organism": "Homo sapiens", "tissue": "All Tissues"}, {"me": 1.9924372654613685, "pc": 0.844370210257418, "marker_score": 2.1103151317484796, "symbol": "KLB", "name": "klotho beta", "organism": "Homo sapiens", "tissue": "All Tissues"}, {"me": 2.058283744504859, "pc": 0.8492827667518177, "marker_score": 2.092598461882589, "symbol": "PPP2R5A", "name": "protein phosphatase 2 regulatory subunit B'alpha", "organism": "Homo sapiens", "tissue": "All Tissues"}, {"me": 1.9087571982930016, "pc": 0.8648064452741206, "marker_score": 2.0911988415694305, "symbol": "SORT1", "name": "sortilin 1", "organism": "Homo sapiens", "tissue": "All Tissues"}, {"me": 1.9899400340310305, "pc": 0.8390646492434664, "marker_score": 2.0855810988989, "symbol": "C19orf12", "name": "chromosome 19 open reading frame 12", "organism": "Homo sapiens", "tissue": "All Tissues"}, {"me": 2.462235707214671, "pc": 0.87463155826292, "marker_score": 2.0813166459276626, "symbol": "BMPER", "name": "BMP binding endothelial regulator", "organism": "Homo sapiens", "tissue": "All Tissues"}, {"me": 2.01716309738338, "pc": 0.8382786402043624, "marker_score": 2.077964216510136, "symbol": "GPATCH11", "name": "G-patch domain containing 11", "organism": "Homo sapiens", "tissue": "All Tissues"}, {"me": 1.8547453117767878, "pc": 0.8490862644920416, "marker_score": 2.0525975595777344, "symbol": "NUTM2B-AS1", "name": "NUTM2B antisense RNA 1", "organism": "Homo sapiens", "tissue": "All Tissues"}, {"me": 1.8979661416214186, "pc": 0.8504617803104736, "marker_score": 2.051957199628266, "symbol": "ACO2", "name": "aconitase 2", "organism": "Homo sapiens", "tissue": "All Tissues"}, {"me": 2.236817653456258, "pc": 0.9231676164275889, "marker_score": 2.046583302970495, "symbol": "PSMA1", "name": "proteasome 20S subunit alpha 1", "organism": "Homo sapiens", "tissue": "All Tissues"}, {"me": 2.7243250518737425, "pc": 0.9766162310866575, "marker_score": 2.038887699733288, "symbol": "SPTBN1", "name": "spectrin beta, non-erythrocytic 1", "organism": "Homo sapiens", "tissue": "All Tissues"}, {"me": 1.8616615825330043, "pc": 0.8260955000982512, "marker_score": 2.0275560272842066, "symbol": "LINC02256", "name": "LINC02256", "organism": "Homo sapiens", "tissue": "All Tissues"}, {"me": 2.0490521052413104, "pc": 0.8876007074081352, "marker_score": 2.0254396172935354, "symbol": "BCL6", "name": "BCL6 transcription repressor", "organism": "Homo sapiens", "tissue": "All Tissues"}, {"me": 2.0514351242797506, "pc": 0.8355276085674985, "marker_score": 2.0111387848492797, "symbol": "FZD4", "name": "frizzled class receptor 4", "organism": "Homo sapiens", "tissue": "All Tissues"}, {"me": 2.1405883089919815, "pc": 0.8577323639221851, "marker_score": 2.011040995907826, "symbol": "ABCA1", "name": "ATP binding cassette subfamily A member 1", "organism": "Homo sapiens", "tissue": "All Tissues"}, {"me": 1.9596657566216376, "pc": 0.8327765769306347, "marker_score": 1.953844176677994, "symbol": "ZMIZ1", "name": "zinc finger MIZ-type containing 1", "organism": "Homo sapiens", "tissue": "All Tissues"}, {"me": 3.00899861318472, "pc": 0.954214973472195, "marker_score": 1.9449610568736297, "symbol": "PDK4", "name": "pyruvate dehydrogenase kinase 4", "organism": "Homo sapiens", "tissue": "All Tissues"}, {"me": 2.055701631515673, "pc": 0.827471015916683, "marker_score": 1.9351731547815385, "symbol": "ELMOD3", "name": "ELMO domain containing 3", "organism": "Homo sapiens", "tissue": "All Tissues"}, {"me": 2.358116163599641, "pc": 0.9850658282570249, "marker_score": 1.934010785035858, "symbol": "RBM39", "name": "RNA binding motif protein 39", "organism": "Homo sapiens", "tissue": "All Tissues"}, {"me": 3.146948358815187, "pc": 0.9872273531145608, "marker_score": 1.9127381574228994, "symbol": "FKBP5", "name": "FKBP prolyl isomerase 5", "organism": "Homo sapiens", "tissue": "All Tissues"}, {"me": 1.8968839749726476, "pc": 0.8082137944586363, "marker_score": 1.9012914946810628, "symbol": "TBX15", "name": "T-box transcription factor 15", "organism": "Homo sapiens", "tissue": "All Tissues"}, {"me": 2.0658399412843322, "pc": 0.9443898604833956, "marker_score": 1.8893564441035142, "symbol": "MUC20-OT1", "name": "SDHA pseudogene 2", "organism": "Homo sapiens", "tissue": "All Tissues"}, {"me": 2.465123293314501, "pc": 0.9390842994694439, "marker_score": 1.8785025563167004, "symbol": "REV3L", "name": "REV3 like, DNA directed polymerase zeta catalytic subunit", "organism": "Homo sapiens", "tissue": "All Tissues"}, {"me": 1.9345409007904368, "pc": 0.8188249164865395, "marker_score": 1.8614439448173508, "symbol": "APMAP", "name": "adipocyte plasma membrane associated protein", "organism": "Homo sapiens", "tissue": "All Tissues"}, {"me": 4.273994327131325, "pc": 0.9980349774022401, "marker_score": 1.849370659931168, "symbol": "SAT1", "name": "spermidine/spermine N1-acetyltransferase 1", "organism": "Homo sapiens", "tissue": "All Tissues"}]