[{"me": 3.003377944138191, "pc": 0.8310679611650486, "marker_score": 1.5868097354023654, "symbol": "TTN", "name": "titin", "organism": "Homo sapiens", "tissue": "musculature"}, {"me": 2.7222185347542345, "pc": 0.7546925566343042, "marker_score": 1.4877383818868175, "symbol": "NEB", "name": "nebulin", "organism": "Homo sapiens", "tissue": "musculature"}, {"me": 2.8211757416140437, "pc": 0.7495145631067961, "marker_score": 1.3436412709856511, "symbol": "PDLIM3", "name": "PDZ and LIM domain 3", "organism": "Homo sapiens", "tissue": "musculature"}, {"me": 2.6793790813641483, "pc": 0.6822006472491909, "marker_score": 1.318944882169693, "symbol": "MYBPC1", "name": "myosin binding protein C1", "organism": "Homo sapiens", "tissue": "musculature"}, {"me": 2.616935050650819, "pc": 0.7559870550161812, "marker_score": 1.246393472300256, "symbol": "PDLIM5", "name": "PDZ and LIM domain 5", "organism": "Homo sapiens", "tissue": "musculature"}, {"me": 2.5816767266456115, "pc": 0.6388349514563106, "marker_score": 1.0786269129280348, "symbol": "SVIL", "name": "supervillin", "organism": "Homo sapiens", "tissue": "musculature"}, {"me": 2.4501994548647934, "pc": 0.6103559870550161, "marker_score": 1.0705247288625372, "symbol": "NEXN", "name": "nexilin F-actin binding protein", "organism": "Homo sapiens", "tissue": "musculature"}, {"me": 2.4239790136936246, "pc": 0.5812297734627832, "marker_score": 1.0542961081333493, "symbol": "TRDN", "name": "triadin", "organism": "Homo sapiens", "tissue": "musculature"}, {"me": 2.2292674445439826, "pc": 0.5559870550161812, "marker_score": 1.002211362428434, "symbol": "PDE4DIP", "name": "phosphodiesterase 4D interacting protein", "organism": "Homo sapiens", "tissue": "musculature"}, {"me": 3.5101116569674744, "pc": 0.47572815533980584, "marker_score": 0.9172941840039989, "symbol": "MB", "name": "myoglobin", "organism": "Homo sapiens", "tissue": "musculature"}, {"me": 3.3467067381442845, "pc": 0.4614886731391586, "marker_score": 0.8726505879448659, "symbol": "DES", "name": "desmin", "organism": "Homo sapiens", "tissue": "musculature"}, {"me": 3.059301061643932, "pc": 0.4511326860841424, "marker_score": 0.8526007631824839, "symbol": "RP11-434D9.1", "name": "long intergenic non-protein coding RNA 2997", "organism": "Homo sapiens", "tissue": "musculature"}, {"me": 2.334652521688935, "pc": 0.4511326860841424, "marker_score": 0.8347591617133536, "symbol": "CMYA5", "name": "cardiomyopathy associated 5", "organism": "Homo sapiens", "tissue": "musculature"}, {"me": 3.9004906703937308, "pc": 0.42330097087378643, "marker_score": 0.8074567869355428, "symbol": "CKM", "name": "creatine kinase, M-type", "organism": "Homo sapiens", "tissue": "musculature"}, {"me": 3.1430611280525254, "pc": 0.4116504854368932, "marker_score": 0.8067446764642798, "symbol": "TCAP", "name": "titin-cap", "organism": "Homo sapiens", "tissue": "musculature"}, {"me": 4.387529994419642, "pc": 0.45307443365695793, "marker_score": 0.8044450174121544, "symbol": "ACTA1", "name": "actin alpha 1, skeletal muscle", "organism": "Homo sapiens", "tissue": "musculature"}, {"me": 2.7574585103044966, "pc": 0.5559870550161812, "marker_score": 0.7977039415979962, "symbol": "FHL1", "name": "four and a half LIM domains 1", "organism": "Homo sapiens", "tissue": "musculature"}, {"me": 3.0324230713333713, "pc": 0.7132686084142394, "marker_score": 0.7799991435795006, "symbol": "PDK4", "name": "pyruvate dehydrogenase kinase 4", "organism": "Homo sapiens", "tissue": "musculature"}, {"me": 2.671741576731815, "pc": 0.37928802588996763, "marker_score": 0.7564430454123301, "symbol": "COX6A2", "name": "cytochrome c oxidase subunit 6A2", "organism": "Homo sapiens", "tissue": "musculature"}, {"me": 3.187104131847274, "pc": 0.39029126213592236, "marker_score": 0.7545198189062087, "symbol": "CA3", "name": "carbonic anhydrase 3", "organism": "Homo sapiens", "tissue": "musculature"}, {"me": 2.801530259957343, "pc": 0.5275080906148867, "marker_score": 0.7428077970506058, "symbol": "BCL6", "name": "BCL6 transcription repressor", "organism": "Homo sapiens", "tissue": "musculature"}, {"me": 3.266421483144039, "pc": 0.3851132686084142, "marker_score": 0.7389044860353208, "symbol": "TNNT3", "name": "troponin T3, fast skeletal type", "organism": "Homo sapiens", "tissue": "musculature"}, {"me": 2.8609102828798147, "pc": 0.3812297734627832, "marker_score": 0.7233527845241936, "symbol": "WDPCP", "name": "WD repeat containing planar cell polarity effector", "organism": "Homo sapiens", "tissue": "musculature"}, {"me": 2.4939810962883575, "pc": 0.3585760517799353, "marker_score": 0.6977260294308392, "symbol": "MYO18B", "name": "myosin XVIIIB", "organism": "Homo sapiens", "tissue": "musculature"}, {"me": 2.3553770616319443, "pc": 0.4368932038834951, "marker_score": 0.6971454569028012, "symbol": "FBXO32", "name": "F-box protein 32", "organism": "Homo sapiens", "tissue": "musculature"}, {"me": 2.3283343029541457, "pc": 0.3566343042071197, "marker_score": 0.6935986021650723, "symbol": "ACTN2", "name": "actinin alpha 2", "organism": "Homo sapiens", "tissue": "musculature"}, {"me": 3.206808363703154, "pc": 0.34757281553398056, "marker_score": 0.6780975054679648, "symbol": "ENO3", "name": "enolase 3", "organism": "Homo sapiens", "tissue": "musculature"}, {"me": 3.002259310023991, "pc": 0.4110032362459547, "marker_score": 0.6771807904335281, "symbol": "EMC10", "name": "ER membrane protein complex subunit 10", "organism": "Homo sapiens", "tissue": "musculature"}, {"me": 2.8521810330247255, "pc": 0.545631067961165, "marker_score": 0.6715579498459, "symbol": "PDE4D", "name": "phosphodiesterase 4D", "organism": "Homo sapiens", "tissue": "musculature"}, {"me": 3.880436284996656, "pc": 0.3326860841423948, "marker_score": 0.6677907762732224, "symbol": "TNNC2", "name": "troponin C2, fast skeletal type", "organism": "Homo sapiens", "tissue": "musculature"}, {"me": 2.4351984517756344, "pc": 0.34757281553398056, "marker_score": 0.6654654978248767, "symbol": "ACACB", "name": "acetyl-CoA carboxylase beta", "organism": "Homo sapiens", "tissue": "musculature"}, {"me": 3.056939519493325, "pc": 0.3333333333333333, "marker_score": 0.6610671163294045, "symbol": "MYL1", "name": "myosin light chain 1", "organism": "Homo sapiens", "tissue": "musculature"}, {"me": 2.266123728138777, "pc": 0.3119741100323625, "marker_score": 0.6520754111793294, "symbol": "RYR1", "name": "ryanodine receptor 1", "organism": "Homo sapiens", "tissue": "musculature"}, {"me": 3.6099269072214764, "pc": 0.3106796116504854, "marker_score": 0.6513002898519711, "symbol": "TNNT1", "name": "troponin T1, slow skeletal type", "organism": "Homo sapiens", "tissue": "musculature"}, {"me": 3.5307442712002115, "pc": 0.31585760517799355, "marker_score": 0.6500738223618275, "symbol": "TNNC1", "name": "troponin C1, slow skeletal and cardiac type", "organism": "Homo sapiens", "tissue": "musculature"}, {"me": 3.1469211659532914, "pc": 0.6084142394822006, "marker_score": 0.6456583335837853, "symbol": "DMD", "name": "dystrophin", "organism": "Homo sapiens", "tissue": "musculature"}, {"me": 3.419518566719071, "pc": 0.315210355987055, "marker_score": 0.6428346232482951, "symbol": "MYLPF", "name": "myosin light chain 11", "organism": "Homo sapiens", "tissue": "musculature"}, {"me": 2.4544175385130726, "pc": 0.3566343042071197, "marker_score": 0.6362104834708042, "symbol": "MYOM1", "name": "myomesin 1", "organism": "Homo sapiens", "tissue": "musculature"}, {"me": 2.5595641097402186, "pc": 0.31844660194174756, "marker_score": 0.6284644815288541, "symbol": "SLN", "name": "sarcolipin", "organism": "Homo sapiens", "tissue": "musculature"}, {"me": 2.6379496896291927, "pc": 0.3087378640776699, "marker_score": 0.6245900063450868, "symbol": "MYOZ1", "name": "myozenin 1", "organism": "Homo sapiens", "tissue": "musculature"}, {"me": 3.0944944763183595, "pc": 0.2912621359223301, "marker_score": 0.6150359730340862, "symbol": "TNNI1", "name": "troponin I1, slow skeletal type", "organism": "Homo sapiens", "tissue": "musculature"}, {"me": 2.173204764792447, "pc": 0.2809061488673139, "marker_score": 0.6044681612988785, "symbol": "PPP1R27", "name": "protein phosphatase 1 regulatory subunit 27", "organism": "Homo sapiens", "tissue": "musculature"}, {"me": 2.1499109384964923, "pc": 0.31715210355987056, "marker_score": 0.600818089239718, "symbol": "KLHL41", "name": "kelch like family member 41", "organism": "Homo sapiens", "tissue": "musculature"}, {"me": 2.6932687739572505, "pc": 0.31132686084142397, "marker_score": 0.5999224303828936, "symbol": "ANKRD2", "name": "ankyrin repeat domain 2", "organism": "Homo sapiens", "tissue": "musculature"}, {"me": 2.4008251813881296, "pc": 0.34045307443365697, "marker_score": 0.5997867746942869, "symbol": "MLIP", "name": "muscular LMNA interacting protein", "organism": "Homo sapiens", "tissue": "musculature"}, {"me": 2.2232394466281185, "pc": 0.31132686084142397, "marker_score": 0.5927581414018745, "symbol": "CAP2", "name": "cyclase associated actin cytoskeleton regulatory protein 2", "organism": "Homo sapiens", "tissue": "musculature"}, {"me": 2.614572737879513, "pc": 0.29579288025889966, "marker_score": 0.5911742154282774, "symbol": "RP11-362A9.3", "name": "RP11-362A9.3", "organism": "Homo sapiens", "tissue": "musculature"}, {"me": 2.593484140791983, "pc": 0.2744336569579288, "marker_score": 0.584206481000342, "symbol": "ATP2A1", "name": "ATPase sarcoplasmic/endoplasmic reticulum Ca2+ transporting 1", "organism": "Homo sapiens", "tissue": "musculature"}, {"me": 3.746949584395797, "pc": 0.2796116504854369, "marker_score": 0.5816194621521893, "symbol": "MYL2", "name": "myosin light chain 2", "organism": "Homo sapiens", "tissue": "musculature"}, {"me": 2.2526942565377834, "pc": 0.29255663430420714, "marker_score": 0.5664162816630203, "symbol": "TRIM63", "name": "tripartite motif containing 63", "organism": "Homo sapiens", "tissue": "musculature"}, {"me": 2.2876768112182617, "pc": 0.2588996763754045, "marker_score": 0.5656103699979672, "symbol": "MYPN", "name": "myopalladin", "organism": "Homo sapiens", "tissue": "musculature"}, {"me": 3.1781100555879984, "pc": 0.2576051779935275, "marker_score": 0.5605360287880592, "symbol": "MYH7", "name": "myosin heavy chain 7", "organism": "Homo sapiens", "tissue": "musculature"}, {"me": 2.5036479725557217, "pc": 0.26407766990291265, "marker_score": 0.5552702377668007, "symbol": "PYGM", "name": "glycogen phosphorylase, muscle associated", "organism": "Homo sapiens", "tissue": "musculature"}, {"me": 2.3197757539295014, "pc": 0.27184466019417475, "marker_score": 0.5528070916675583, "symbol": "EYA4", "name": "EYA transcriptional coactivator and phosphatase 4", "organism": "Homo sapiens", "tissue": "musculature"}, {"me": 2.336233202616374, "pc": 0.3106796116504854, "marker_score": 0.5402905859603229, "symbol": "SESN1", "name": "sestrin 1", "organism": "Homo sapiens", "tissue": "musculature"}, {"me": 3.489402605139691, "pc": 0.23818770226537217, "marker_score": 0.5390254325888366, "symbol": "TNNI2", "name": "troponin I2, fast skeletal type", "organism": "Homo sapiens", "tissue": "musculature"}, {"me": 2.489920579750119, "pc": 0.33915857605177996, "marker_score": 0.5387413924705244, "symbol": "BIN1", "name": "bridging integrator 1", "organism": "Homo sapiens", "tissue": "musculature"}, {"me": 2.184948319508845, "pc": 0.25954692556634307, "marker_score": 0.5336065324605889, "symbol": "MYOT", "name": "myotilin", "organism": "Homo sapiens", "tissue": "musculature"}, {"me": 2.1715325727149355, "pc": 0.2757281553398058, "marker_score": 0.5296053954036899, "symbol": "LDB3", "name": "LIM domain binding 3", "organism": "Homo sapiens", "tissue": "musculature"}, {"me": 2.672304811494363, "pc": 0.36957928802588996, "marker_score": 0.5246644007382948, "symbol": "SLC25A4", "name": "solute carrier family 25 member 4", "organism": "Homo sapiens", "tissue": "musculature"}, {"me": 2.6861161337958444, "pc": 0.23300970873786409, "marker_score": 0.5164098427211934, "symbol": "STRIT1", "name": "small transmembrane regulator of ion transport 1", "organism": "Homo sapiens", "tissue": "musculature"}, {"me": 2.5160613281782283, "pc": 0.2226537216828479, "marker_score": 0.5163458874623884, "symbol": "MYL3", "name": "myosin light chain 3", "organism": "Homo sapiens", "tissue": "musculature"}, {"me": 2.4337627839629863, "pc": 0.22459546925566343, "marker_score": 0.5146399790454484, "symbol": "PPDPFL", "name": "pancreatic progenitor cell differentiation and proliferation factor like", "organism": "Homo sapiens", "tissue": "musculature"}, {"me": 2.2315261083856885, "pc": 0.24789644012944984, "marker_score": 0.5137308438884987, "symbol": "HSPB7", "name": "heat shock protein family B (small) member 7", "organism": "Homo sapiens", "tissue": "musculature"}, {"me": 2.2058089453694425, "pc": 0.22200647249190938, "marker_score": 0.5133376662421357, "symbol": "EEF1A2", "name": "eukaryotic translation elongation factor 1 alpha 2", "organism": "Homo sapiens", "tissue": "musculature"}, {"me": 2.3066875250764594, "pc": 0.2504854368932039, "marker_score": 0.5112841675639217, "symbol": "TTN-AS1", "name": "uncharacterized LOC101927055", "organism": "Homo sapiens", "tissue": "musculature"}, {"me": 2.286536460699037, "pc": 0.2226537216828479, "marker_score": 0.5027578276466126, "symbol": "FABP3", "name": "fatty acid binding protein 3", "organism": "Homo sapiens", "tissue": "musculature"}, {"me": 2.4506590352255917, "pc": 0.21877022653721684, "marker_score": 0.4902741569106531, "symbol": "KCNQ5", "name": "potassium voltage-gated channel subfamily Q member 5", "organism": "Homo sapiens", "tissue": "musculature"}, {"me": 2.293698421744413, "pc": 0.2226537216828479, "marker_score": 0.48841222539014467, "symbol": "FHL3", "name": "four and a half LIM domains 3", "organism": "Homo sapiens", "tissue": "musculature"}, {"me": 2.2701075600936274, "pc": 0.28867313915857606, "marker_score": 0.48109519981395515, "symbol": "KIF1B", "name": "kinesin family member 1B", "organism": "Homo sapiens", "tissue": "musculature"}, {"me": 2.219083309173584, "pc": 0.19676375404530744, "marker_score": 0.4790626637933603, "symbol": "ART3", "name": "ADP-ribosyltransferase 3 (inactive)", "organism": "Homo sapiens", "tissue": "musculature"}, {"me": 1.8894132849288314, "pc": 0.1889967637540453, "marker_score": 0.470628375573795, "symbol": "S100A1", "name": "S100 calcium binding protein A1", "organism": "Homo sapiens", "tissue": "musculature"}, {"me": 2.344559413777541, "pc": 0.2051779935275081, "marker_score": 0.46250281634611956, "symbol": "FAM184B", "name": "family with sequence similarity 184 member B", "organism": "Homo sapiens", "tissue": "musculature"}, {"me": 2.2814693656018985, "pc": 0.18058252427184465, "marker_score": 0.45380847886845416, "symbol": "PGAM2", "name": "phosphoglycerate mutase 2", "organism": "Homo sapiens", "tissue": "musculature"}, {"me": 2.2871161782817477, "pc": 0.20323624595469256, "marker_score": 0.45302072005255883, "symbol": "RBFOX1", "name": "RNA binding fox-1 homolog 1", "organism": "Homo sapiens", "tissue": "musculature"}, {"me": 2.204950037136884, "pc": 0.18381877022653723, "marker_score": 0.4508087058118955, "symbol": "GAMT", "name": "guanidinoacetate N-methyltransferase", "organism": "Homo sapiens", "tissue": "musculature"}, {"me": 2.2619542954843257, "pc": 0.2045307443365696, "marker_score": 0.4489100331584906, "symbol": "PGM1", "name": "phosphoglucomutase 1", "organism": "Homo sapiens", "tissue": "musculature"}, {"me": 2.2507494627124203, "pc": 0.1773462783171521, "marker_score": 0.4315922739825777, "symbol": "MYF6", "name": "myogenic factor 6", "organism": "Homo sapiens", "tissue": "musculature"}, {"me": 1.8004061994881466, "pc": 0.18770226537216828, "marker_score": 0.43149821647717335, "symbol": "STAC3", "name": "SH3 and cysteine rich domain 3", "organism": "Homo sapiens", "tissue": "musculature"}, {"me": 2.3917210629111842, "pc": 0.18446601941747573, "marker_score": 0.4285229362657441, "symbol": "XIRP2", "name": "xin actin binding repeat containing 2", "organism": "Homo sapiens", "tissue": "musculature"}, {"me": 2.246122087751116, "pc": 0.19935275080906148, "marker_score": 0.42819021300349414, "symbol": "TBC1D8", "name": "TBC1 domain family member 8", "organism": "Homo sapiens", "tissue": "musculature"}, {"me": 2.2806043081332983, "pc": 0.24983818770226537, "marker_score": 0.42342990888932164, "symbol": "GPATCH8", "name": "G-patch domain containing 8", "organism": "Homo sapiens", "tissue": "musculature"}, {"me": 1.994607284484122, "pc": 0.15987055016181229, "marker_score": 0.4145092430822477, "symbol": "ADSS1", "name": "adenylosuccinate synthase 1", "organism": "Homo sapiens", "tissue": "musculature"}, {"me": 2.746966806017918, "pc": 0.15987055016181229, "marker_score": 0.4119854029423396, "symbol": "MYH2", "name": "myosin heavy chain 2", "organism": "Homo sapiens", "tissue": "musculature"}, {"me": 1.9431028173037386, "pc": 0.15987055016181229, "marker_score": 0.40694724614425176, "symbol": "RPL3L", "name": "ribosomal protein L3 like", "organism": "Homo sapiens", "tissue": "musculature"}, {"me": 2.289216629719485, "pc": 0.18576051779935276, "marker_score": 0.40476485169541243, "symbol": "NEDD4", "name": "NEDD4 E3 ubiquitin protein ligase", "organism": "Homo sapiens", "tissue": "musculature"}, {"me": 2.346651250665838, "pc": 0.1423948220064725, "marker_score": 0.39952686834583856, "symbol": "TRDN-AS1", "name": "TRDN antisense RNA 1", "organism": "Homo sapiens", "tissue": "musculature"}, {"me": 2.2595430542440975, "pc": 0.17605177993527507, "marker_score": 0.39405993524862337, "symbol": "RETREG1", "name": "reticulophagy regulator 1", "organism": "Homo sapiens", "tissue": "musculature"}, {"me": 2.1508624787026265, "pc": 0.15210355987055016, "marker_score": 0.3917697955040177, "symbol": "NRAP", "name": "nebulin related anchoring protein", "organism": "Homo sapiens", "tissue": "musculature"}, {"me": 2.14888115108293, "pc": 0.1378640776699029, "marker_score": 0.39116042394489137, "symbol": "OBSCN", "name": "obscurin, cytoskeletal calmodulin and titin-interacting RhoGEF", "organism": "Homo sapiens", "tissue": "musculature"}, {"me": 2.144780695182571, "pc": 0.15080906148867315, "marker_score": 0.3865803527594696, "symbol": "SMPX", "name": "small muscle protein X-linked", "organism": "Homo sapiens", "tissue": "musculature"}, {"me": 1.8655399072950132, "pc": 0.13851132686084142, "marker_score": 0.38414385923044564, "symbol": "PPP1R1A", "name": "protein phosphatase 1 regulatory inhibitor subunit 1A", "organism": "Homo sapiens", "tissue": "musculature"}, {"me": 2.11180845896403, "pc": 0.1553398058252427, "marker_score": 0.3803335174370052, "symbol": "PFKM", "name": "phosphofructokinase, muscle", "organism": "Homo sapiens", "tissue": "musculature"}, {"me": 2.0597153228967366, "pc": 0.19029126213592232, "marker_score": 0.3800093675231771, "symbol": "COQ8A", "name": "coenzyme Q8A", "organism": "Homo sapiens", "tissue": "musculature"}, {"me": 1.7684521604641317, "pc": 0.1313915857605178, "marker_score": 0.3781013497472083, "symbol": "SCN1B", "name": "sodium voltage-gated channel beta subunit 1", "organism": "Homo sapiens", "tissue": "musculature"}, {"me": 2.3023389477596106, "pc": 0.13851132686084142, "marker_score": 0.37432075587468433, "symbol": "MYBPC2", "name": "myosin binding protein C2", "organism": "Homo sapiens", "tissue": "musculature"}, {"me": 2.399583417315816, "pc": 0.2226537216828479, "marker_score": 0.36702830007886816, "symbol": "LINC00513", "name": "LINC00513", "organism": "Homo sapiens", "tissue": "musculature"}, {"me": 2.0721569545377934, "pc": 0.12750809061488674, "marker_score": 0.36447320868529404, "symbol": "CSRP3", "name": "cysteine and glycine rich protein 3", "organism": "Homo sapiens", "tissue": "musculature"}, {"me": 2.2117534372258314, "pc": 0.12103559870550162, "marker_score": 0.3632340630206114, "symbol": "CLTCL1", "name": "clathrin heavy chain like 1", "organism": "Homo sapiens", "tissue": "musculature"}, {"me": 2.1650460379464285, "pc": 0.15857605177993528, "marker_score": 0.36301520749800015, "symbol": "ABLIM2", "name": "actin binding LIM protein family member 2", "organism": "Homo sapiens", "tissue": "musculature"}, {"me": 3.4456733254825367, "pc": 0.9883720930232558, "marker_score": 5.0076145707731285, "symbol": "NEB", "name": "nebulin", "organism": "Homo sapiens", "tissue": "endocrine gland"}, {"me": 3.9184148034384085, "pc": 1.0, "marker_score": 4.987915416438913, "symbol": "TNNT3", "name": "troponin T3, fast skeletal type", "organism": "Homo sapiens", "tissue": "endocrine gland"}, {"me": 4.122894996820494, "pc": 1.0, "marker_score": 4.9287987407783955, "symbol": "TTN", "name": "titin", "organism": "Homo sapiens", "tissue": "endocrine gland"}, {"me": 3.9219903280568675, "pc": 1.0, "marker_score": 4.745365252634095, "symbol": "TNNI2", "name": "troponin I2, fast skeletal type", "organism": "Homo sapiens", "tissue": "endocrine gland"}, {"me": 2.9923656374909156, "pc": 1.0, "marker_score": 4.649258723222353, "symbol": "MYBPC1", "name": "myosin binding protein C1", "organism": "Homo sapiens", "tissue": "endocrine gland"}, {"me": 2.746293749128069, "pc": 0.9767441860465116, "marker_score": 3.777791805892223, "symbol": "CMYA5", "name": "cardiomyopathy associated 5", "organism": "Homo sapiens", "tissue": "endocrine gland"}, {"me": 2.678223015280331, "pc": 0.9883720930232558, "marker_score": 3.382317966363378, "symbol": "TRDN", "name": "triadin", "organism": "Homo sapiens", "tissue": "endocrine gland"}, {"me": 2.831915614116623, "pc": 0.9651162790697675, "marker_score": 3.0477579013339198, "symbol": "CKM", "name": "creatine kinase, M-type", "organism": "Homo sapiens", "tissue": "endocrine gland"}, {"me": 2.318669575016673, "pc": 0.9534883720930233, "marker_score": 2.982704155018093, "symbol": "PDE4DIP", "name": "phosphodiesterase 4D interacting protein", "organism": "Homo sapiens", "tissue": "endocrine gland"}, {"me": 3.4010765438988093, "pc": 0.9767441860465116, "marker_score": 2.9353547095519197, "symbol": "MYL1", "name": "myosin light chain 1", "organism": "Homo sapiens", "tissue": "endocrine gland"}, {"me": 3.536046582599019, "pc": 1.0, "marker_score": 2.9100918514955603, "symbol": "YBX3", "name": "Y-box binding protein 3", "organism": "Homo sapiens", "tissue": "endocrine gland"}, {"me": 2.9670768150916467, "pc": 0.9069767441860465, "marker_score": 2.607421459885726, "symbol": "DES", "name": "desmin", "organism": "Homo sapiens", "tissue": "endocrine gland"}, {"me": 2.1123321146904668, "pc": 0.9186046511627907, "marker_score": 2.5172599757392855, "symbol": "KLHL41", "name": "kelch like family member 41", "organism": "Homo sapiens", "tissue": "endocrine gland"}, {"me": 2.6972223281860352, "pc": 0.9302325581395349, "marker_score": 2.5083933554301536, "symbol": "COX6A2", "name": "cytochrome c oxidase subunit 6A2", "organism": "Homo sapiens", "tissue": "endocrine gland"}, {"me": 3.4031105041503906, "pc": 0.9302325581395349, "marker_score": 2.4473153945451394, "symbol": "MYLPF", "name": "myosin light chain 11", "organism": "Homo sapiens", "tissue": "endocrine gland"}, {"me": 3.3776385139016543, "pc": 0.9883720930232558, "marker_score": 2.359564508439646, "symbol": "CRYAB", "name": "crystallin alpha B", "organism": "Homo sapiens", "tissue": "endocrine gland"}, {"me": 2.094865823093849, "pc": 0.9186046511627907, "marker_score": 2.3235037298600507, "symbol": "BIN1", "name": "bridging integrator 1", "organism": "Homo sapiens", "tissue": "endocrine gland"}, {"me": 3.8830211550690406, "pc": 1.0, "marker_score": 2.321291364623187, "symbol": "MT1X", "name": "metallothionein 1X", "organism": "Homo sapiens", "tissue": "endocrine gland"}, {"me": 2.434353256225586, "pc": 0.9302325581395349, "marker_score": 2.2831722408366666, "symbol": "COX7A1", "name": "cytochrome c oxidase subunit 7A1", "organism": "Homo sapiens", "tissue": "endocrine gland"}, {"me": 2.170456130783279, "pc": 0.8953488372093024, "marker_score": 2.255220518272021, "symbol": "SYNPO2", "name": "synaptopodin 2", "organism": "Homo sapiens", "tissue": "endocrine gland"}, {"me": 2.783867835998535, "pc": 0.9302325581395349, "marker_score": 2.234200290456869, "symbol": "PDK4", "name": "pyruvate dehydrogenase kinase 4", "organism": "Homo sapiens", "tissue": "endocrine gland"}, {"me": 3.007091815655048, "pc": 0.9069767441860465, "marker_score": 2.2174546973432196, "symbol": "TNNC1", "name": "troponin C1, slow skeletal and cardiac type", "organism": "Homo sapiens", "tissue": "endocrine gland"}, {"me": 1.8838897705078126, "pc": 0.872093023255814, "marker_score": 2.1135617623343532, "symbol": "SVIL", "name": "supervillin", "organism": "Homo sapiens", "tissue": "endocrine gland"}, {"me": 2.9973391482704566, "pc": 0.8837209302325582, "marker_score": 2.1120187033947255, "symbol": "H19", "name": "H19 imprinted maternally expressed transcript", "organism": "Homo sapiens", "tissue": "endocrine gland"}, {"me": 2.7087609427315846, "pc": 0.9767441860465116, "marker_score": 2.0662296939818545, "symbol": "MTND1P23", "name": "MT-ND1 pseudogene 23", "organism": "Homo sapiens", "tissue": "endocrine gland"}, {"me": 2.095460791336863, "pc": 0.8837209302325582, "marker_score": 2.0262557777897894, "symbol": "GAMT", "name": "guanidinoacetate N-methyltransferase", "organism": "Homo sapiens", "tissue": "endocrine gland"}, {"me": 2.089095873710437, "pc": 0.9069767441860465, "marker_score": 2.023338688279184, "symbol": "PDLIM5", "name": "PDZ and LIM domain 5", "organism": "Homo sapiens", "tissue": "endocrine gland"}, {"me": 1.9452096599422088, "pc": 0.8488372093023255, "marker_score": 1.9670103030016022, "symbol": "DMD", "name": "dystrophin", "organism": "Homo sapiens", "tissue": "endocrine gland"}, {"me": 1.9028280046251085, "pc": 0.8372093023255814, "marker_score": 1.946450232276443, "symbol": "HSPB7", "name": "heat shock protein family B (small) member 7", "organism": "Homo sapiens", "tissue": "endocrine gland"}, {"me": 2.2199824084974313, "pc": 0.8488372093023255, "marker_score": 1.9253165055519565, "symbol": "NEXN", "name": "nexilin F-actin binding protein", "organism": "Homo sapiens", "tissue": "endocrine gland"}, {"me": 2.399600346883138, "pc": 0.8372093023255814, "marker_score": 1.9225716775023733, "symbol": "SLC25A4", "name": "solute carrier family 25 member 4", "organism": "Homo sapiens", "tissue": "endocrine gland"}, {"me": 2.0119077081549657, "pc": 0.8488372093023255, "marker_score": 1.9171973759640546, "symbol": "MAP4", "name": "microtubule associated protein 4", "organism": "Homo sapiens", "tissue": "endocrine gland"}, {"me": 2.107142886599979, "pc": 0.8604651162790697, "marker_score": 1.8563482478432185, "symbol": "CASQ2", "name": "calsequestrin 2", "organism": "Homo sapiens", "tissue": "endocrine gland"}, {"me": 1.6268081665039062, "pc": 0.8255813953488372, "marker_score": 1.8424968205577998, "symbol": "NFIC", "name": "nuclear factor I C", "organism": "Homo sapiens", "tissue": "endocrine gland"}, {"me": 2.051255580357143, "pc": 0.813953488372093, "marker_score": 1.7850657647504746, "symbol": "PERP", "name": "p53 apoptosis effector related to PMP22", "organism": "Homo sapiens", "tissue": "endocrine gland"}, {"me": 3.728287615094866, "pc": 0.813953488372093, "marker_score": 1.764781523559454, "symbol": "SAA1", "name": "serum amyloid A1", "organism": "Homo sapiens", "tissue": "endocrine gland"}, {"me": 2.096958675900021, "pc": 0.8604651162790697, "marker_score": 1.7558345040271002, "symbol": "MYF6", "name": "myogenic factor 6", "organism": "Homo sapiens", "tissue": "endocrine gland"}, {"me": 1.9815733938506155, "pc": 0.7674418604651163, "marker_score": 1.7139027747545943, "symbol": "ATP1A2", "name": "ATPase Na+/K+ transporting subunit alpha 2", "organism": "Homo sapiens", "tissue": "endocrine gland"}, {"me": 2.0474283554974724, "pc": 0.7906976744186046, "marker_score": 1.71299970420118, "symbol": "EMC10", "name": "ER membrane protein complex subunit 10", "organism": "Homo sapiens", "tissue": "endocrine gland"}, {"me": 1.980994280646829, "pc": 0.7906976744186046, "marker_score": 1.7061087919029811, "symbol": "ACTN2", "name": "actinin alpha 2", "organism": "Homo sapiens", "tissue": "endocrine gland"}, {"me": 1.7332377578272964, "pc": 0.7674418604651163, "marker_score": 1.687473570772986, "symbol": "MAP3K20", "name": "mitogen-activated protein kinase kinase kinase 20", "organism": "Homo sapiens", "tissue": "endocrine gland"}, {"me": 2.730325362261604, "pc": 0.7906976744186046, "marker_score": 1.6571327395081643, "symbol": "TCAP", "name": "titin-cap", "organism": "Homo sapiens", "tissue": "endocrine gland"}, {"me": 1.9204627649107975, "pc": 0.7790697674418605, "marker_score": 1.6026440803538695, "symbol": "PFKM", "name": "phosphofructokinase, muscle", "organism": "Homo sapiens", "tissue": "endocrine gland"}, {"me": 1.588181363619291, "pc": 0.7558139534883721, "marker_score": 1.5973764288071783, "symbol": "UBE3A", "name": "ubiquitin protein ligase E3A", "organism": "Homo sapiens", "tissue": "endocrine gland"}, {"me": 1.7271959744966947, "pc": 0.7558139534883721, "marker_score": 1.5736967318154536, "symbol": "KIAA1217", "name": "KIAA1217", "organism": "Homo sapiens", "tissue": "endocrine gland"}, {"me": 2.328428521213761, "pc": 0.9651162790697675, "marker_score": 1.562790519629528, "symbol": "MTATP6P1", "name": "MT-ATP6 pseudogene 1", "organism": "Homo sapiens", "tissue": "endocrine gland"}, {"me": 2.2466964721679688, "pc": 0.813953488372093, "marker_score": 1.5597025596973118, "symbol": "MYOT", "name": "myotilin", "organism": "Homo sapiens", "tissue": "endocrine gland"}, {"me": 2.178357480177239, "pc": 0.7790697674418605, "marker_score": 1.5592064372219752, "symbol": "CKB", "name": "creatine kinase B", "organism": "Homo sapiens", "tissue": "endocrine gland"}, {"me": 1.6471042935810392, "pc": 0.7325581395348837, "marker_score": 1.5348617979417496, "symbol": "FOXO3", "name": "forkhead box O3", "organism": "Homo sapiens", "tissue": "endocrine gland"}, {"me": 1.686460925686744, "pc": 0.7209302325581395, "marker_score": 1.5158246987183372, "symbol": "NFE2L1", "name": "NFE2 like bZIP transcription factor 1", "organism": "Homo sapiens", "tissue": "endocrine gland"}, {"me": 2.701246550588897, "pc": 0.7674418604651163, "marker_score": 1.5149746346588895, "symbol": "MB", "name": "myoglobin", "organism": "Homo sapiens", "tissue": "endocrine gland"}, {"me": 2.112534232761549, "pc": 0.8023255813953488, "marker_score": 1.5110794323354668, "symbol": "RAMP1", "name": "receptor activity modifying protein 1", "organism": "Homo sapiens", "tissue": "endocrine gland"}, {"me": 2.678117036819458, "pc": 0.7441860465116279, "marker_score": 1.4823757713458519, "symbol": "MYH2", "name": "myosin heavy chain 2", "organism": "Homo sapiens", "tissue": "endocrine gland"}, {"me": 1.8276157681904142, "pc": 0.7325581395348837, "marker_score": 1.4762837300108036, "symbol": "ZBTB16", "name": "zinc finger and BTB domain containing 16", "organism": "Homo sapiens", "tissue": "endocrine gland"}, {"me": 1.7451709747314452, "pc": 0.6976744186046512, "marker_score": 1.4742284532478738, "symbol": "ADPRHL1", "name": "ADP-ribosylhydrolase like 1", "organism": "Homo sapiens", "tissue": "endocrine gland"}, {"me": 2.192541880150364, "pc": 0.8488372093023255, "marker_score": 1.4690149972678135, "symbol": "FIS1", "name": "fission, mitochondrial 1", "organism": "Homo sapiens", "tissue": "endocrine gland"}, {"me": 1.801677141033235, "pc": 0.7093023255813954, "marker_score": 1.4635881521463956, "symbol": "EEF1A2", "name": "eukaryotic translation elongation factor 1 alpha 2", "organism": "Homo sapiens", "tissue": "endocrine gland"}, {"me": 2.4425983135516827, "pc": 0.7558139534883721, "marker_score": 1.4601644293130236, "symbol": "FHL1", "name": "four and a half LIM domains 1", "organism": "Homo sapiens", "tissue": "endocrine gland"}, {"me": 1.7276578809394212, "pc": 0.7093023255813954, "marker_score": 1.4567524704985049, "symbol": "LMOD3", "name": "leiomodin 3", "organism": "Homo sapiens", "tissue": "endocrine gland"}, {"me": 1.8159089521928267, "pc": 0.7674418604651163, "marker_score": 1.4476941065568767, "symbol": "UBAC1", "name": "UBA domain containing 1", "organism": "Homo sapiens", "tissue": "endocrine gland"}, {"me": 2.979568288296084, "pc": 0.9186046511627907, "marker_score": 1.4199066737188895, "symbol": "TPM1", "name": "tropomyosin 1", "organism": "Homo sapiens", "tissue": "endocrine gland"}, {"me": 3.160984977346952, "pc": 0.7093023255813954, "marker_score": 1.4139774785124917, "symbol": "TNNC2", "name": "troponin C2, fast skeletal type", "organism": "Homo sapiens", "tissue": "endocrine gland"}, {"me": 2.30796135796441, "pc": 0.7325581395348837, "marker_score": 1.4094550148853315, "symbol": "FBXO32", "name": "F-box protein 32", "organism": "Homo sapiens", "tissue": "endocrine gland"}, {"me": 1.7029491424560548, "pc": 0.6976744186046512, "marker_score": 1.401781594119432, "symbol": "FGGY", "name": "FGGY carbohydrate kinase domain containing", "organism": "Homo sapiens", "tissue": "endocrine gland"}, {"me": 1.8596664178566855, "pc": 0.7093023255813954, "marker_score": 1.3924286660810372, "symbol": "PCNT", "name": "pericentrin", "organism": "Homo sapiens", "tissue": "endocrine gland"}, {"me": 3.707806037454044, "pc": 0.9883720930232558, "marker_score": 1.386530426172246, "symbol": "MT-ND2", "name": "MT-ND2", "organism": "Homo sapiens", "tissue": "endocrine gland"}, {"me": 2.3960006515701098, "pc": 0.8953488372093024, "marker_score": 1.376650302121785, "symbol": "FKBP5", "name": "FKBP prolyl isomerase 5", "organism": "Homo sapiens", "tissue": "endocrine gland"}, {"me": 1.650073164600437, "pc": 0.686046511627907, "marker_score": 1.3703382288009818, "symbol": "FILIP1", "name": "filamin A interacting protein 1", "organism": "Homo sapiens", "tissue": "endocrine gland"}, {"me": 2.1177306636687248, "pc": 0.7209302325581395, "marker_score": 1.3665831410540463, "symbol": "MYOZ1", "name": "myozenin 1", "organism": "Homo sapiens", "tissue": "endocrine gland"}, {"me": 1.6131834063613624, "pc": 0.6627906976744186, "marker_score": 1.342180075812436, "symbol": "ANK3", "name": "ankyrin 3", "organism": "Homo sapiens", "tissue": "endocrine gland"}, {"me": 1.8611248385521673, "pc": 0.7209302325581395, "marker_score": 1.3388651480444946, "symbol": "MLIP", "name": "muscular LMNA interacting protein", "organism": "Homo sapiens", "tissue": "endocrine gland"}, {"me": 2.1238553447108113, "pc": 0.7209302325581395, "marker_score": 1.3329487132964968, "symbol": "RETREG1", "name": "reticulophagy regulator 1", "organism": "Homo sapiens", "tissue": "endocrine gland"}, {"me": 4.822540992914244, "pc": 1.0, "marker_score": 1.3105056646723574, "symbol": "MT-CO3", "name": "MT-CO3", "organism": "Homo sapiens", "tissue": "endocrine gland"}, {"me": 1.8735316140311105, "pc": 0.6511627906976745, "marker_score": 1.305216496348735, "symbol": "AGL", "name": "amylo-alpha-1, 6-glucosidase, 4-alpha-glucanotransferase", "organism": "Homo sapiens", "tissue": "endocrine gland"}, {"me": 2.365621987875406, "pc": 0.8953488372093024, "marker_score": 1.3013009622634566, "symbol": "NDUFS5", "name": "NADH:ubiquinone oxidoreductase subunit S5", "organism": "Homo sapiens", "tissue": "endocrine gland"}, {"me": 1.5148119245256697, "pc": 0.6511627906976745, "marker_score": 1.2922259789454293, "symbol": "KIF1B", "name": "kinesin family member 1B", "organism": "Homo sapiens", "tissue": "endocrine gland"}, {"me": 1.855724879673549, "pc": 0.813953488372093, "marker_score": 1.2759545398369123, "symbol": "ATP5PD", "name": "ATP synthase peripheral stalk subunit d", "organism": "Homo sapiens", "tissue": "endocrine gland"}, {"me": 1.6446405584161932, "pc": 0.6395348837209303, "marker_score": 1.2586449146731373, "symbol": "ECHDC3", "name": "enoyl-CoA hydratase domain containing 3", "organism": "Homo sapiens", "tissue": "endocrine gland"}, {"me": 2.2734002447747566, "pc": 0.8953488372093024, "marker_score": 1.2581849613447664, "symbol": "ATP5F1D", "name": "ATP synthase F1 subunit delta", "organism": "Homo sapiens", "tissue": "endocrine gland"}, {"me": 1.8503838563576722, "pc": 0.9069767441860465, "marker_score": 1.2554808515252511, "symbol": "MBNL1", "name": "muscleblind like splicing regulator 1", "organism": "Homo sapiens", "tissue": "endocrine gland"}, {"me": 2.2163808315615112, "pc": 0.9186046511627907, "marker_score": 1.2243494509136428, "symbol": "UQCR10", "name": "ubiquinol-cytochrome c reductase, complex III subunit X", "organism": "Homo sapiens", "tissue": "endocrine gland"}, {"me": 1.7588048662458147, "pc": 0.6511627906976745, "marker_score": 1.2194043096881892, "symbol": "SPPL2A", "name": "signal peptide peptidase like 2A", "organism": "Homo sapiens", "tissue": "endocrine gland"}, {"me": 1.5718621148003473, "pc": 0.627906976744186, "marker_score": 1.2181530030838899, "symbol": "FOXO1", "name": "forkhead box O1", "organism": "Homo sapiens", "tissue": "endocrine gland"}, {"me": 1.7192278261537906, "pc": 0.627906976744186, "marker_score": 1.2176202498845556, "symbol": "ELN", "name": "elastin", "organism": "Homo sapiens", "tissue": "endocrine gland"}, {"me": 2.1208743342646845, "pc": 0.627906976744186, "marker_score": 1.2084986453205275, "symbol": "ATP2A1", "name": "ATPase sarcoplasmic/endoplasmic reticulum Ca2+ transporting 1", "organism": "Homo sapiens", "tissue": "endocrine gland"}, {"me": 1.8433406012398856, "pc": 0.6511627906976745, "marker_score": 1.2050369636997667, "symbol": "ATP2A2", "name": "ATPase sarcoplasmic/endoplasmic reticulum Ca2+ transporting 2", "organism": "Homo sapiens", "tissue": "endocrine gland"}, {"me": 1.8996350606282553, "pc": 0.6976744186046512, "marker_score": 1.198227715581184, "symbol": "HSPB8", "name": "heat shock protein family B (small) member 8", "organism": "Homo sapiens", "tissue": "endocrine gland"}, {"me": 2.1084421641791047, "pc": 0.7790697674418605, "marker_score": 1.1935661413084624, "symbol": "ZFAND5", "name": "zinc finger AN1-type containing 5", "organism": "Homo sapiens", "tissue": "endocrine gland"}, {"me": 1.9495838710239954, "pc": 0.813953488372093, "marker_score": 1.1905380428980337, "symbol": "NDUFA12", "name": "NADH:ubiquinone oxidoreductase subunit A12", "organism": "Homo sapiens", "tissue": "endocrine gland"}, {"me": 1.7131295833947524, "pc": 0.6162790697674418, "marker_score": 1.174532852856552, "symbol": "ZNF106", "name": "zinc finger protein 106", "organism": "Homo sapiens", "tissue": "endocrine gland"}, {"me": 1.6258785541240985, "pc": 0.6046511627906976, "marker_score": 1.1722605931874956, "symbol": "CAVIN4", "name": "caveolae associated protein 4", "organism": "Homo sapiens", "tissue": "endocrine gland"}, {"me": 2.136236572265625, "pc": 0.6395348837209303, "marker_score": 1.1633123481685939, "symbol": "PDLIM3", "name": "PDZ and LIM domain 3", "organism": "Homo sapiens", "tissue": "endocrine gland"}, {"me": 2.0942890100311815, "pc": 0.6627906976744186, "marker_score": 1.1551728808387463, "symbol": "HADHB", "name": "hydroxyacyl-CoA dehydrogenase trifunctional multienzyme complex subunit beta", "organism": "Homo sapiens", "tissue": "endocrine gland"}, {"me": 2.0153290321087014, "pc": 0.6744186046511628, "marker_score": 1.1514659203774047, "symbol": "ASB8", "name": "ankyrin repeat and SOCS box containing 8", "organism": "Homo sapiens", "tissue": "endocrine gland"}, {"me": 1.9989708057348279, "pc": 0.8023255813953488, "marker_score": 1.14663333349064, "symbol": "RTN4", "name": "reticulon 4", "organism": "Homo sapiens", "tissue": "endocrine gland"}, {"me": 1.6547175598144532, "pc": 0.5813953488372093, "marker_score": 1.1443014472284176, "symbol": "AMOTL1", "name": "angiomotin like 1", "organism": "Homo sapiens", "tissue": "endocrine gland"}, {"me": 1.9565665633590132, "pc": 0.627906976744186, "marker_score": 1.1423998628379015, "symbol": "DCXR", "name": "dicarbonyl and L-xylulose reductase", "organism": "Homo sapiens", "tissue": "endocrine gland"}, {"me": 1.8448632932176776, "pc": 0.5930232558139535, "marker_score": 1.1420513036058202, "symbol": "TRIM63", "name": "tripartite motif containing 63", "organism": "Homo sapiens", "tissue": "endocrine gland"}, {"me": 4.367799980695858, "pc": 1.0, "marker_score": 1.1405650230339996, "symbol": "MT-ATP6", "name": "MT-ATP6", "organism": "Homo sapiens", "tissue": "endocrine gland"}, {"me": 1.7135039995301444, "pc": 0.6162790697674418, "marker_score": 1.1379193699132393, "symbol": "CFL2", "name": "cofilin 2", "organism": "Homo sapiens", "tissue": "endocrine gland"}, {"me": 3.07365428618271, "pc": 0.8399754751686083, "marker_score": 1.9019507053447606, "symbol": "TTN", "name": "titin", "organism": "Homo sapiens", "tissue": "All Tissues"}, {"me": 2.771374209226369, "pc": 0.7670141017780503, "marker_score": 1.6333772022915027, "symbol": "NEB", "name": "nebulin", "organism": "Homo sapiens", "tissue": "All Tissues"}, {"me": 2.7901190673626854, "pc": 0.7437155119558553, "marker_score": 1.5157830785965205, "symbol": "PDLIM3", "name": "PDZ and LIM domain 3", "organism": "Homo sapiens", "tissue": "All Tissues"}, {"me": 2.702990294339364, "pc": 0.6989576946658492, "marker_score": 1.3927226494641545, "symbol": "MYBPC1", "name": "myosin binding protein C1", "organism": "Homo sapiens", "tissue": "All Tissues"}, {"me": 2.4336582694466657, "pc": 0.6229307173513182, "marker_score": 1.197669636209842, "symbol": "NEXN", "name": "nexilin F-actin binding protein", "organism": "Homo sapiens", "tissue": "All Tissues"}, {"me": 2.4459634588790693, "pc": 0.6026977314530962, "marker_score": 1.164478239154588, "symbol": "TRDN", "name": "triadin", "organism": "Homo sapiens", "tissue": "All Tissues"}, {"me": 3.0156004206984983, "pc": 0.7247087676272226, "marker_score": 1.068644020693642, "symbol": "PDK4", "name": "pyruvate dehydrogenase kinase 4", "organism": "Homo sapiens", "tissue": "All Tissues"}, {"me": 2.7353092870670994, "pc": 0.5665236051502146, "marker_score": 1.0391212259217846, "symbol": "FHL1", "name": "four and a half LIM domains 1", "organism": "Homo sapiens", "tissue": "All Tissues"}, {"me": 2.5323978862295493, "pc": 0.65113427345187, "marker_score": 1.014890898073534, "symbol": "SVIL", "name": "supervillin", "organism": "Homo sapiens", "tissue": "All Tissues"}, {"me": 3.4434636148174156, "pc": 0.49110974862047824, "marker_score": 0.9529737339187916, "symbol": "MB", "name": "myoglobin", "organism": "Homo sapiens", "tissue": "All Tissues"}, {"me": 2.751175305970322, "pc": 0.5180870631514408, "marker_score": 0.9295272078243002, "symbol": "BCL6", "name": "BCL6 transcription repressor", "organism": "Homo sapiens", "tissue": "All Tissues"}, {"me": 2.5838921364773526, "pc": 0.7639484978540773, "marker_score": 0.9293015315434412, "symbol": "PDLIM5", "name": "PDZ and LIM domain 5", "organism": "Homo sapiens", "tissue": "All Tissues"}, {"me": 3.309271695490281, "pc": 0.48497854077253216, "marker_score": 0.9217748742348317, "symbol": "DES", "name": "desmin", "organism": "Homo sapiens", "tissue": "All Tissues"}, {"me": 2.2370580172564094, "pc": 0.5769466584917229, "marker_score": 0.9014056691995882, "symbol": "PDE4DIP", "name": "phosphodiesterase 4D interacting protein", "organism": "Homo sapiens", "tissue": "All Tissues"}, {"me": 2.378926412702065, "pc": 0.47884733292458614, "marker_score": 0.89544705384544, "symbol": "CMYA5", "name": "cardiomyopathy associated 5", "organism": "Homo sapiens", "tissue": "All Tissues"}, {"me": 3.7801492139798167, "pc": 0.45187001839362356, "marker_score": 0.8674610869136462, "symbol": "CKM", "name": "creatine kinase, M-type", "organism": "Homo sapiens", "tissue": "All Tissues"}, {"me": 4.274725415928644, "pc": 0.45432250153280196, "marker_score": 0.8632512535415395, "symbol": "ACTA1", "name": "actin alpha 1, skeletal muscle", "organism": "Homo sapiens", "tissue": "All Tissues"}, {"me": 3.059496270209807, "pc": 0.42795830778663396, "marker_score": 0.8525566653165071, "symbol": "RP11-434D9.1", "name": "long intergenic non-protein coding RNA 2997", "organism": "Homo sapiens", "tissue": "All Tissues"}, {"me": 3.1031945835460317, "pc": 0.4316370324954016, "marker_score": 0.8486831947291238, "symbol": "TCAP", "name": "titin-cap", "organism": "Homo sapiens", "tissue": "All Tissues"}, {"me": 2.6748023047461524, "pc": 0.4083384426732066, "marker_score": 0.8178266169494245, "symbol": "COX6A2", "name": "cytochrome c oxidase subunit 6A2", "organism": "Homo sapiens", "tissue": "All Tissues"}, {"me": 3.348758333405034, "pc": 0.4175352544451257, "marker_score": 0.805563877128231, "symbol": "TNNT3", "name": "troponin T3, fast skeletal type", "organism": "Homo sapiens", "tissue": "All Tissues"}, {"me": 2.351329358935679, "pc": 0.45248313917841815, "marker_score": 0.785094952027295, "symbol": "FBXO32", "name": "F-box protein 32", "organism": "Homo sapiens", "tissue": "All Tissues"}, {"me": 3.126208477428565, "pc": 0.4009809932556714, "marker_score": 0.7771277997308355, "symbol": "CA3", "name": "carbonic anhydrase 3", "organism": "Homo sapiens", "tissue": "All Tissues"}, {"me": 2.90990008466783, "pc": 0.431023911710607, "marker_score": 0.7548455549815942, "symbol": "EMC10", "name": "ER membrane protein complex subunit 10", "organism": "Homo sapiens", "tissue": "All Tissues"}, {"me": 2.2901774515820628, "pc": 0.37952176578786023, "marker_score": 0.7361746808485767, "symbol": "ACTN2", "name": "actinin alpha 2", "organism": "Homo sapiens", "tissue": "All Tissues"}, {"me": 2.34391805428226, "pc": 0.3605150214592275, "marker_score": 0.7285728550360346, "symbol": "MLIP", "name": "muscular LMNA interacting protein", "organism": "Homo sapiens", "tissue": "All Tissues"}, {"me": 3.1051990337085247, "pc": 0.36725935009196814, "marker_score": 0.7257575735516097, "symbol": "MYL1", "name": "myosin light chain 1", "organism": "Homo sapiens", "tissue": "All Tissues"}, {"me": 2.4761584950511564, "pc": 0.34457388105456777, "marker_score": 0.7140225921521521, "symbol": "MYO18B", "name": "myosin XVIIIB", "organism": "Homo sapiens", "tissue": "All Tissues"}, {"me": 2.425071918144428, "pc": 0.34763948497854075, "marker_score": 0.7080631230629919, "symbol": "MYOM1", "name": "myomesin 1", "organism": "Homo sapiens", "tissue": "All Tissues"}, {"me": 3.804111858865489, "pc": 0.3525444512568976, "marker_score": 0.7076441285740191, "symbol": "TNNC2", "name": "troponin C2, fast skeletal type", "organism": "Homo sapiens", "tissue": "All Tissues"}, {"me": 3.417203388516865, "pc": 0.34763948497854075, "marker_score": 0.7050440579811286, "symbol": "MYLPF", "name": "myosin light chain 11", "organism": "Homo sapiens", "tissue": "All Tissues"}, {"me": 3.4585801518848003, "pc": 0.34702636419374616, "marker_score": 0.7042300026182837, "symbol": "TNNC1", "name": "troponin C1, slow skeletal and cardiac type", "organism": "Homo sapiens", "tissue": "All Tissues"}, {"me": 3.1334138326218857, "pc": 0.35683629675045986, "marker_score": 0.7036311696004665, "symbol": "ENO3", "name": "enolase 3", "organism": "Homo sapiens", "tissue": "All Tissues"}, {"me": 2.1446935455912235, "pc": 0.34886572654813, "marker_score": 0.7035975215429726, "symbol": "KLHL41", "name": "kelch like family member 41", "organism": "Homo sapiens", "tissue": "All Tissues"}, {"me": 2.4381637952814055, "pc": 0.36971183323114654, "marker_score": 0.6991256009469484, "symbol": "BIN1", "name": "bridging integrator 1", "organism": "Homo sapiens", "tissue": "All Tissues"}, {"me": 2.4529910009924674, "pc": 0.3764561618638872, "marker_score": 0.6902819447752058, "symbol": "COX7A1", "name": "cytochrome c oxidase subunit 7A1", "organism": "Homo sapiens", "tissue": "All Tissues"}, {"me": 2.6417687209916894, "pc": 0.3942366646229307, "marker_score": 0.6881328642687324, "symbol": "SLC25A4", "name": "solute carrier family 25 member 4", "organism": "Homo sapiens", "tissue": "All Tissues"}, {"me": 2.2254966630916933, "pc": 0.3120784794604537, "marker_score": 0.669459536837486, "symbol": "RYR1", "name": "ryanodine receptor 1", "organism": "Homo sapiens", "tissue": "All Tissues"}, {"me": 2.5781100526147958, "pc": 0.33047210300429186, "marker_score": 0.6674526246083948, "symbol": "MYOZ1", "name": "myozenin 1", "organism": "Homo sapiens", "tissue": "All Tissues"}, {"me": 2.211343571869564, "pc": 0.3083997547516861, "marker_score": 0.6530878611094866, "symbol": "TRIM63", "name": "tripartite motif containing 63", "organism": "Homo sapiens", "tissue": "All Tissues"}, {"me": 2.5483339444412176, "pc": 0.3298589822194972, "marker_score": 0.6530307485099835, "symbol": "SLN", "name": "sarcolipin", "organism": "Homo sapiens", "tissue": "All Tissues"}, {"me": 3.59495215017781, "pc": 0.30104230533415083, "marker_score": 0.6480532622028405, "symbol": "TNNT1", "name": "troponin T1, slow skeletal type", "organism": "Homo sapiens", "tissue": "All Tissues"}, {"me": 2.1918837043509383, "pc": 0.31453096259963215, "marker_score": 0.6336920795169839, "symbol": "CAP2", "name": "cyclase associated actin cytoskeleton regulatory protein 2", "organism": "Homo sapiens", "tissue": "All Tissues"}, {"me": 2.614572737879513, "pc": 0.28019619865113427, "marker_score": 0.6233450445415828, "symbol": "RP11-362A9.3", "name": "RP11-362A9.3", "organism": "Homo sapiens", "tissue": "All Tissues"}, {"me": 2.540092963055088, "pc": 0.29307173513182094, "marker_score": 0.6233078374556663, "symbol": "ATP2A1", "name": "ATPase sarcoplasmic/endoplasmic reticulum Ca2+ transporting 1", "organism": "Homo sapiens", "tissue": "All Tissues"}, {"me": 2.6850314121014676, "pc": 0.30288166768853464, "marker_score": 0.6203654121157502, "symbol": "ANKRD2", "name": "ankyrin repeat domain 2", "organism": "Homo sapiens", "tissue": "All Tissues"}, {"me": 3.079733650324381, "pc": 0.28019619865113427, "marker_score": 0.6122324809585252, "symbol": "TNNI1", "name": "troponin I1, slow skeletal type", "organism": "Homo sapiens", "tissue": "All Tissues"}, {"me": 3.571346467812156, "pc": 0.27835683629675045, "marker_score": 0.609006121411344, "symbol": "TNNI2", "name": "troponin I2, fast skeletal type", "organism": "Homo sapiens", "tissue": "All Tissues"}, {"me": 2.156720519333743, "pc": 0.272838749233599, "marker_score": 0.6057716383197816, "symbol": "PPP1R27", "name": "protein phosphatase 1 regulatory subunit 27", "organism": "Homo sapiens", "tissue": "All Tissues"}, {"me": 2.132344831500137, "pc": 0.2795830778663397, "marker_score": 0.594382435968259, "symbol": "LDB3", "name": "LIM domain binding 3", "organism": "Homo sapiens", "tissue": "All Tissues"}, {"me": 3.719261601938953, "pc": 0.2703862660944206, "marker_score": 0.5869023568357268, "symbol": "MYL2", "name": "myosin light chain 2", "organism": "Homo sapiens", "tissue": "All Tissues"}, {"me": 2.1941253597316215, "pc": 0.28877988963825874, "marker_score": 0.5854737100306782, "symbol": "MYOT", "name": "myotilin", "organism": "Homo sapiens", "tissue": "All Tissues"}, {"me": 2.883968551070602, "pc": 0.6621704475781729, "marker_score": 0.5785977838663156, "symbol": "FKBP5", "name": "FKBP prolyl isomerase 5", "organism": "Homo sapiens", "tissue": "All Tissues"}, {"me": 2.253509852397873, "pc": 0.2544451256897609, "marker_score": 0.5765599420971659, "symbol": "MYPN", "name": "myopalladin", "organism": "Homo sapiens", "tissue": "All Tissues"}, {"me": 2.1795123089800823, "pc": 0.27896995708154504, "marker_score": 0.5742130357554471, "symbol": "HSPB7", "name": "heat shock protein family B (small) member 7", "organism": "Homo sapiens", "tissue": "All Tissues"}, {"me": 2.2806116983038063, "pc": 0.32066217044757817, "marker_score": 0.5734314382597127, "symbol": "SESN1", "name": "sestrin 1", "organism": "Homo sapiens", "tissue": "All Tissues"}, {"me": 2.4792773991040797, "pc": 0.2568976088289393, "marker_score": 0.5569110601111696, "symbol": "PYGM", "name": "glycogen phosphorylase, muscle associated", "organism": "Homo sapiens", "tissue": "All Tissues"}, {"me": 2.144788987565749, "pc": 0.24770079705702022, "marker_score": 0.5548490191807011, "symbol": "EEF1A2", "name": "eukaryotic translation elongation factor 1 alpha 2", "organism": "Homo sapiens", "tissue": "All Tissues"}, {"me": 3.1747988937492657, "pc": 0.2446351931330472, "marker_score": 0.550230863958506, "symbol": "MYH7", "name": "myosin heavy chain 7", "organism": "Homo sapiens", "tissue": "All Tissues"}, {"me": 2.234622130027184, "pc": 0.2550582464745555, "marker_score": 0.5487666563312215, "symbol": "TTN-AS1", "name": "uncharacterized LOC101927055", "organism": "Homo sapiens", "tissue": "All Tissues"}, {"me": 2.6679977536512727, "pc": 0.23482526057633354, "marker_score": 0.5307141881583604, "symbol": "STRIT1", "name": "small transmembrane regulator of ion transport 1", "organism": "Homo sapiens", "tissue": "All Tissues"}, {"me": 2.234018325805664, "pc": 0.23543838136112813, "marker_score": 0.5253164756394012, "symbol": "FHL3", "name": "four and a half LIM domains 3", "organism": "Homo sapiens", "tissue": "All Tissues"}, {"me": 2.4180439693827025, "pc": 0.2176578786020846, "marker_score": 0.5147397468974085, "symbol": "PPDPFL", "name": "pancreatic progenitor cell differentiation and proliferation factor like", "organism": "Homo sapiens", "tissue": "All Tissues"}, {"me": 2.19557407616222, "pc": 0.21704475781729002, "marker_score": 0.510036999956261, "symbol": "ART3", "name": "ADP-ribosyltransferase 3 (inactive)", "organism": "Homo sapiens", "tissue": "All Tissues"}, {"me": 2.5160613281782283, "pc": 0.21091354996934397, "marker_score": 0.506777847687171, "symbol": "MYL3", "name": "myosin light chain 3", "organism": "Homo sapiens", "tissue": "All Tissues"}, {"me": 2.4384268036336145, "pc": 0.20907418761496016, "marker_score": 0.5040386812635043, "symbol": "KCNQ5", "name": "potassium voltage-gated channel subfamily Q member 5", "organism": "Homo sapiens", "tissue": "All Tissues"}, {"me": 1.7806596201858753, "pc": 0.2004904966278357, "marker_score": 0.5030489058699037, "symbol": "STAC3", "name": "SH3 and cysteine rich domain 3", "organism": "Homo sapiens", "tissue": "All Tissues"}, {"me": 3.265554717092803, "pc": 0.4248927038626609, "marker_score": 0.4997369269712286, "symbol": "TPM2", "name": "tropomyosin 2", "organism": "Homo sapiens", "tissue": "All Tissues"}, {"me": 2.1325436546688987, "pc": 0.2446351931330472, "marker_score": 0.4993345430074293, "symbol": "LPIN1", "name": "lipin 1", "organism": "Homo sapiens", "tissue": "All Tissues"}, {"me": 2.2732464390942173, "pc": 0.21520539546290618, "marker_score": 0.49788813860791153, "symbol": "FABP3", "name": "fatty acid binding protein 3", "organism": "Homo sapiens", "tissue": "All Tissues"}, {"me": 2.3406786408814244, "pc": 0.19497240956468423, "marker_score": 0.49379276822937224, "symbol": "FAM184B", "name": "family with sequence similarity 184 member B", "organism": "Homo sapiens", "tissue": "All Tissues"}, {"me": 2.218046867984465, "pc": 0.21336603310852237, "marker_score": 0.4922190181567463, "symbol": "MYF6", "name": "myogenic factor 6", "organism": "Homo sapiens", "tissue": "All Tissues"}, {"me": 1.888059822617063, "pc": 0.19251992642550583, "marker_score": 0.47757539499630564, "symbol": "S100A1", "name": "S100 calcium binding protein A1", "organism": "Homo sapiens", "tissue": "All Tissues"}, {"me": 2.0095218498549774, "pc": 0.20478234212139793, "marker_score": 0.46836027279358394, "symbol": "COQ8A", "name": "coenzyme Q8A", "organism": "Homo sapiens", "tissue": "All Tissues"}, {"me": 2.7327983157044438, "pc": 0.19068056407112202, "marker_score": 0.4678002151822016, "symbol": "MYH2", "name": "myosin heavy chain 2", "organism": "Homo sapiens", "tissue": "All Tissues"}, {"me": 2.219952013668598, "pc": 0.18270999386879216, "marker_score": 0.46144485910565075, "symbol": "PGAM2", "name": "phosphoglycerate mutase 2", "organism": "Homo sapiens", "tissue": "All Tissues"}, {"me": 2.8609102828798147, "pc": 0.36112814224402207, "marker_score": 0.4610315211369834, "symbol": "WDPCP", "name": "WD repeat containing planar cell polarity effector", "organism": "Homo sapiens", "tissue": "All Tissues"}, {"me": 2.3068079520305242, "pc": 0.19803801348865727, "marker_score": 0.460035252842802, "symbol": "XIRP2", "name": "xin actin binding repeat containing 2", "organism": "Homo sapiens", "tissue": "All Tissues"}, {"me": 2.2801985163177174, "pc": 0.1771919068056407, "marker_score": 0.4560117642695901, "symbol": "NEDD4", "name": "NEDD4 E3 ubiquitin protein ligase", "organism": "Homo sapiens", "tissue": "All Tissues"}, {"me": 2.070049024948468, "pc": 0.1882280809319436, "marker_score": 0.4506419005378508, "symbol": "PFKM", "name": "phosphofructokinase, muscle", "organism": "Homo sapiens", "tissue": "All Tissues"}, {"me": 2.0651535088481427, "pc": 0.17228694052728388, "marker_score": 0.4461161053443534, "symbol": "ABLIM2", "name": "actin binding LIM protein family member 2", "organism": "Homo sapiens", "tissue": "All Tissues"}, {"me": 2.4182187486610203, "pc": 0.33537706928264865, "marker_score": 0.444584986991616, "symbol": "ACACB", "name": "acetyl-CoA carboxylase beta", "organism": "Homo sapiens", "tissue": "All Tissues"}, {"me": 1.6908438173058915, "pc": 0.17903126916002451, "marker_score": 0.44436084280438676, "symbol": "HSPB6", "name": "heat shock protein family B (small) member 6", "organism": "Homo sapiens", "tissue": "All Tissues"}, {"me": 2.3981018948417177, "pc": 0.21213979153893317, "marker_score": 0.4428860639954819, "symbol": "LINC00513", "name": "LINC00513", "organism": "Homo sapiens", "tissue": "All Tissues"}, {"me": 1.9646375084611913, "pc": 0.16983445738810546, "marker_score": 0.43756180394661437, "symbol": "ADSS1", "name": "adenylosuccinate synthase 1", "organism": "Homo sapiens", "tissue": "All Tissues"}, {"me": 2.198629647066395, "pc": 0.21397915389331698, "marker_score": 0.43537777168484126, "symbol": "PGM1", "name": "phosphoglucomutase 1", "organism": "Homo sapiens", "tissue": "All Tissues"}, {"me": 2.0440307788634566, "pc": 0.21827099938687922, "marker_score": 0.43099680885025654, "symbol": "CFL2", "name": "cofilin 2", "organism": "Homo sapiens", "tissue": "All Tissues"}, {"me": 2.1818357679578995, "pc": 0.22072348252605764, "marker_score": 0.43023820836094706, "symbol": "GAMT", "name": "guanidinoacetate N-methyltransferase", "organism": "Homo sapiens", "tissue": "All Tissues"}, {"me": 2.0707915819078577, "pc": 0.16983445738810546, "marker_score": 0.4241957953509894, "symbol": "NRAP", "name": "nebulin related anchoring protein", "organism": "Homo sapiens", "tissue": "All Tissues"}, {"me": 1.9398254508829296, "pc": 0.1637032495401594, "marker_score": 0.42209959782982776, "symbol": "ATP1A2", "name": "ATPase Na+/K+ transporting subunit alpha 2", "organism": "Homo sapiens", "tissue": "All Tissues"}, {"me": 2.037175028716924, "pc": 0.1600245248313918, "marker_score": 0.4156460035794439, "symbol": "OBSCN", "name": "obscurin, cytoskeletal calmodulin and titin-interacting RhoGEF", "organism": "Homo sapiens", "tissue": "All Tissues"}, {"me": 2.105017112533399, "pc": 0.1649294911097486, "marker_score": 0.41457028908970606, "symbol": "SMPX", "name": "small muscle protein X-linked", "organism": "Homo sapiens", "tissue": "All Tissues"}, {"me": 3.057000116470757, "pc": 0.4678111587982833, "marker_score": 0.4131145853137297, "symbol": "CRYAB", "name": "crystallin alpha B", "organism": "Homo sapiens", "tissue": "All Tissues"}, {"me": 1.911655073899489, "pc": 0.15941140404659718, "marker_score": 0.4116033867181761, "symbol": "RPL3L", "name": "ribosomal protein L3 like", "organism": "Homo sapiens", "tissue": "All Tissues"}, {"me": 1.9762384206177253, "pc": 0.15144083384426732, "marker_score": 0.4046037226915129, "symbol": "FLNC", "name": "filamin C", "organism": "Homo sapiens", "tissue": "All Tissues"}, {"me": 2.3194970172384513, "pc": 0.14101778050275904, "marker_score": 0.4043276740698749, "symbol": "TRDN-AS1", "name": "TRDN antisense RNA 1", "organism": "Homo sapiens", "tissue": "All Tissues"}, {"me": 2.2308747283125347, "pc": 0.13856529736358061, "marker_score": 0.39128624882451685, "symbol": "TP63", "name": "tumor protein p63", "organism": "Homo sapiens", "tissue": "All Tissues"}, {"me": 2.183036518096924, "pc": 0.14714898835070508, "marker_score": 0.39105433710699294, "symbol": "SLC16A10", "name": "solute carrier family 16 member 10", "organism": "Homo sapiens", "tissue": "All Tissues"}, {"me": 2.0485809778763078, "pc": 0.14469650521152666, "marker_score": 0.3907885049687242, "symbol": "ASB8", "name": "ankyrin repeat and SOCS box containing 8", "organism": "Homo sapiens", "tissue": "All Tissues"}, {"me": 3.028708292643229, "pc": 0.5518087063151441, "marker_score": 0.39051343897973156, "symbol": "YBX3", "name": "Y-box binding protein 3", "organism": "Homo sapiens", "tissue": "All Tissues"}]