[{"me": 4.08592517559345, "pc": 0.9811320754716981, "marker_score": 3.1717286291558793, "symbol": "LYZ", "name": "lysozyme", "organism": "Homo sapiens", "tissue": "endocrine gland"}, {"me": 2.2349946265127145, "pc": 0.9622641509433962, "marker_score": 1.414850196385852, "symbol": "COTL1", "name": "coactosin like F-actin binding protein 1", "organism": "Homo sapiens", "tissue": "endocrine gland"}, {"me": 3.6895348890772404, "pc": 1.0, "marker_score": 1.1670433885171667, "symbol": "HLA-DRA", "name": "major histocompatibility complex, class II, DR alpha", "organism": "Homo sapiens", "tissue": "endocrine gland"}, {"me": 5.244150413657135, "pc": 1.0, "marker_score": 0.9865789528386211, "symbol": "TMSB4X", "name": "thymosin beta 4 X-linked", "organism": "Homo sapiens", "tissue": "endocrine gland"}, {"me": 1.3726463317871094, "pc": 0.4528301886792453, "marker_score": 0.9076104509667748, "symbol": "ABI3", "name": "ABI family member 3", "organism": "Homo sapiens", "tissue": "endocrine gland"}, {"me": 1.3588275909423828, "pc": 0.49056603773584906, "marker_score": 0.9027181633274369, "symbol": "LY86", "name": "lymphocyte antigen 86", "organism": "Homo sapiens", "tissue": "endocrine gland"}, {"me": 2.55723601696538, "pc": 0.9622641509433962, "marker_score": 0.8816063155318302, "symbol": "GSTP1", "name": "glutathione S-transferase pi 1", "organism": "Homo sapiens", "tissue": "endocrine gland"}, {"me": 2.558452899639423, "pc": 0.9811320754716981, "marker_score": 0.8536052048170806, "symbol": "HLA-DPB1", "name": "major histocompatibility complex, class II, DP beta 1", "organism": "Homo sapiens", "tissue": "endocrine gland"}, {"me": 1.5457950938831677, "pc": 0.41509433962264153, "marker_score": 0.824637274397662, "symbol": "LGALS2", "name": "galectin 2", "organism": "Homo sapiens", "tissue": "endocrine gland"}, {"me": 2.764993705001532, "pc": 0.9622641509433962, "marker_score": 0.8245337823602125, "symbol": "HLA-DPA1", "name": "major histocompatibility complex, class II, DP alpha 1", "organism": "Homo sapiens", "tissue": "endocrine gland"}, {"me": 2.8898500295785756, "pc": 0.9811320754716981, "marker_score": 0.8082531366134486, "symbol": "HLA-DRB1", "name": "major histocompatibility complex, class II, DR beta 1", "organism": "Homo sapiens", "tissue": "endocrine gland"}, {"me": 1.3481881883409288, "pc": 0.5094339622641509, "marker_score": 0.8001139360459462, "symbol": "DCTPP1", "name": "dCTP pyrophosphatase 1", "organism": "Homo sapiens", "tissue": "endocrine gland"}, {"me": 1.3390538250958477, "pc": 0.5094339622641509, "marker_score": 0.7761370274164991, "symbol": "C20orf27", "name": "adipose secreted signaling protein", "organism": "Homo sapiens", "tissue": "endocrine gland"}, {"me": 1.986900479185815, "pc": 0.9622641509433962, "marker_score": 0.7732489855216907, "symbol": "HLA-DQB1", "name": "major histocompatibility complex, class II, DQ beta 1", "organism": "Homo sapiens", "tissue": "endocrine gland"}, {"me": 1.6265234513716265, "pc": 0.8301886792452831, "marker_score": 0.744478512640876, "symbol": "PRELID1", "name": "PRELI domain containing 1", "organism": "Homo sapiens", "tissue": "endocrine gland"}, {"me": 1.4206573698255751, "pc": 0.33962264150943394, "marker_score": 0.7220696279951081, "symbol": "BATF3", "name": "basic leucine zipper ATF-like transcription factor 3", "organism": "Homo sapiens", "tissue": "endocrine gland"}, {"me": 1.2691197395324707, "pc": 0.6037735849056604, "marker_score": 0.7085544765663221, "symbol": "CIB1", "name": "calcium and integrin binding 1", "organism": "Homo sapiens", "tissue": "endocrine gland"}, {"me": 1.4291921048550993, "pc": 0.6981132075471698, "marker_score": 0.6859530687744976, "symbol": "RNH1", "name": "ribonuclease/angiogenin inhibitor 1", "organism": "Homo sapiens", "tissue": "endocrine gland"}, {"me": 1.4939689636230469, "pc": 0.6226415094339622, "marker_score": 0.6742947347337926, "symbol": "PPT1", "name": "palmitoyl-protein thioesterase 1", "organism": "Homo sapiens", "tissue": "endocrine gland"}, {"me": 3.373961826540389, "pc": 1.0, "marker_score": 0.671820979191526, "symbol": "RPL7", "name": "ribosomal protein L7", "organism": "Homo sapiens", "tissue": "endocrine gland"}, {"me": 1.5971269153413319, "pc": 0.7924528301886793, "marker_score": 0.6580031638714127, "symbol": "HLA-DMA", "name": "major histocompatibility complex, class II, DM alpha", "organism": "Homo sapiens", "tissue": "endocrine gland"}, {"me": 1.2305966427451687, "pc": 0.3584905660377358, "marker_score": 0.6434276977779687, "symbol": "PARVG", "name": "parvin gamma", "organism": "Homo sapiens", "tissue": "endocrine gland"}, {"me": 1.489561214003452, "pc": 0.8113207547169812, "marker_score": 0.6107210723921258, "symbol": "PPA1", "name": "inorganic pyrophosphatase 1", "organism": "Homo sapiens", "tissue": "endocrine gland"}, {"me": 1.2565754890441894, "pc": 0.37735849056603776, "marker_score": 0.5980659031326605, "symbol": "APH1A", "name": "aph-1 homolog A, gamma-secretase subunit", "organism": "Homo sapiens", "tissue": "endocrine gland"}, {"me": 1.2383450402153864, "pc": 0.33962264150943394, "marker_score": 0.5954055713506768, "symbol": "ARL5A", "name": "ADP ribosylation factor like GTPase 5A", "organism": "Homo sapiens", "tissue": "endocrine gland"}, {"me": 1.4154704924552672, "pc": 0.5849056603773585, "marker_score": 0.5861718618686877, "symbol": "HLA-DMB", "name": "major histocompatibility complex, class II, DM beta", "organism": "Homo sapiens", "tissue": "endocrine gland"}, {"me": 3.3720170506891214, "pc": 1.0, "marker_score": 0.5859196883370233, "symbol": "RPL27A", "name": "ribosomal protein L27a", "organism": "Homo sapiens", "tissue": "endocrine gland"}, {"me": 1.232790554271025, "pc": 0.32075471698113206, "marker_score": 0.5623487388006192, "symbol": "SNX17", "name": "sorting nexin 17", "organism": "Homo sapiens", "tissue": "endocrine gland"}, {"me": 1.3645029934969815, "pc": 0.41509433962264153, "marker_score": 0.5622004599672341, "symbol": "EIF6", "name": "eukaryotic translation initiation factor 6", "organism": "Homo sapiens", "tissue": "endocrine gland"}, {"me": 4.313138565927182, "pc": 1.0, "marker_score": 0.5597962357538635, "symbol": "RPS18", "name": "ribosomal protein S18", "organism": "Homo sapiens", "tissue": "endocrine gland"}, {"me": 1.5728326455140724, "pc": 0.7358490566037735, "marker_score": 0.5550340806981847, "symbol": "SPI1", "name": "Spi-1 proto-oncogene", "organism": "Homo sapiens", "tissue": "endocrine gland"}, {"me": 1.6346595578077363, "pc": 0.7735849056603774, "marker_score": 0.5486053277076091, "symbol": "C1QBP", "name": "complement C1q binding protein", "organism": "Homo sapiens", "tissue": "endocrine gland"}, {"me": 2.2784124755859376, "pc": 0.9433962264150944, "marker_score": 0.5450004959641574, "symbol": "ENO1", "name": "enolase 1", "organism": "Homo sapiens", "tissue": "endocrine gland"}, {"me": 1.4382569097703504, "pc": 0.5849056603773585, "marker_score": 0.5403907033732062, "symbol": "SNRNP25", "name": "small nuclear ribonucleoprotein U11/U12 subunit 25", "organism": "Homo sapiens", "tissue": "endocrine gland"}, {"me": 1.6545516223442265, "pc": 0.7735849056603774, "marker_score": 0.5359571653126903, "symbol": "PSMB9", "name": "proteasome 20S subunit beta 9", "organism": "Homo sapiens", "tissue": "endocrine gland"}, {"me": 3.3617709177844928, "pc": 1.0, "marker_score": 0.5347341106775153, "symbol": "RPL21", "name": "ribosomal protein L21", "organism": "Homo sapiens", "tissue": "endocrine gland"}, {"me": 2.508478416586822, "pc": 1.0, "marker_score": 0.5248073642530282, "symbol": "RPL4", "name": "ribosomal protein L4", "organism": "Homo sapiens", "tissue": "endocrine gland"}, {"me": 3.711183655936763, "pc": 1.0, "marker_score": 0.519686286950874, "symbol": "RPS14", "name": "ribosomal protein S14", "organism": "Homo sapiens", "tissue": "endocrine gland"}, {"me": 1.5330001429507607, "pc": 0.7169811320754716, "marker_score": 0.5083344940294225, "symbol": "PYCARD", "name": "PYD and CARD domain containing", "organism": "Homo sapiens", "tissue": "endocrine gland"}, {"me": 3.530261921432783, "pc": 1.0, "marker_score": 0.5076717867735504, "symbol": "RPL18A", "name": "ribosomal protein L18a", "organism": "Homo sapiens", "tissue": "endocrine gland"}, {"me": 2.9604276261239684, "pc": 1.0, "marker_score": 0.5073921991139921, "symbol": "RPL10A", "name": "ribosomal protein L10a", "organism": "Homo sapiens", "tissue": "endocrine gland"}, {"me": 4.427640806953862, "pc": 1.0, "marker_score": 0.5012610321521579, "symbol": "CD74", "name": "CD74 molecule", "organism": "Homo sapiens", "tissue": "endocrine gland"}, {"me": 2.810388816977447, "pc": 1.0, "marker_score": 0.5005832501867501, "symbol": "RPL35", "name": "ribosomal protein L35", "organism": "Homo sapiens", "tissue": "endocrine gland"}, {"me": 1.3634866631549338, "pc": 0.4339622641509434, "marker_score": 0.5002812830404832, "symbol": "LGALS9", "name": "galectin 9", "organism": "Homo sapiens", "tissue": "endocrine gland"}, {"me": 1.2654014587402345, "pc": 0.37735849056603776, "marker_score": 0.47249082454804014, "symbol": "PTPN6", "name": "protein tyrosine phosphatase non-receptor type 6", "organism": "Homo sapiens", "tissue": "endocrine gland"}, {"me": 1.4882914520973383, "pc": 0.8113207547169812, "marker_score": 0.4661468048925942, "symbol": "AP2S1", "name": "adaptor related protein complex 2 subunit sigma 1", "organism": "Homo sapiens", "tissue": "endocrine gland"}, {"me": 4.264398538841392, "pc": 1.0, "marker_score": 0.46432165340271647, "symbol": "RPS2", "name": "ribosomal protein S2", "organism": "Homo sapiens", "tissue": "endocrine gland"}, {"me": 1.458462397257487, "pc": 0.4528301886792453, "marker_score": 0.45464844463835785, "symbol": "BASP1", "name": "brain abundant membrane attached signal protein 1", "organism": "Homo sapiens", "tissue": "endocrine gland"}, {"me": 1.6297491164434523, "pc": 0.7924528301886793, "marker_score": 0.45155511158594963, "symbol": "LST1", "name": "leukocyte specific transcript 1", "organism": "Homo sapiens", "tissue": "endocrine gland"}, {"me": 3.9638585504495873, "pc": 1.0, "marker_score": 0.4512352116914672, "symbol": "TMSB10", "name": "thymosin beta 10", "organism": "Homo sapiens", "tissue": "endocrine gland"}, {"me": 1.4460637492518271, "pc": 0.5849056603773585, "marker_score": 0.44840764187082294, "symbol": "NME1", "name": "NME/NM23 nucleoside diphosphate kinase 1", "organism": "Homo sapiens", "tissue": "endocrine gland"}, {"me": 3.5523848623599648, "pc": 1.0, "marker_score": 0.4471401747340441, "symbol": "RPL3", "name": "ribosomal protein L3", "organism": "Homo sapiens", "tissue": "endocrine gland"}, {"me": 1.3875873934838079, "pc": 0.5849056603773585, "marker_score": 0.4440039348823421, "symbol": "CYRIB", "name": "CYFIP related Rac1 interactor B", "organism": "Homo sapiens", "tissue": "endocrine gland"}, {"me": 1.9659909335049717, "pc": 0.8301886792452831, "marker_score": 0.43820684072341587, "symbol": "PKM", "name": "pyruvate kinase M1/2", "organism": "Homo sapiens", "tissue": "endocrine gland"}, {"me": 1.8834681510925293, "pc": 0.9056603773584906, "marker_score": 0.4265824417216099, "symbol": "TPI1", "name": "triosephosphate isomerase 1", "organism": "Homo sapiens", "tissue": "endocrine gland"}, {"me": 3.628132658184699, "pc": 1.0, "marker_score": 0.42320311945655437, "symbol": "RPS6", "name": "ribosomal protein S6", "organism": "Homo sapiens", "tissue": "endocrine gland"}, {"me": 1.309539512351707, "pc": 0.5094339622641509, "marker_score": 0.40443500860330445, "symbol": "AP1S2", "name": "adaptor related protein complex 1 subunit sigma 2", "organism": "Homo sapiens", "tissue": "endocrine gland"}, {"me": 1.8656158447265625, "pc": 0.8867924528301887, "marker_score": 0.4006509537584892, "symbol": "TAGLN2", "name": "transgelin 2", "organism": "Homo sapiens", "tissue": "endocrine gland"}, {"me": 3.9453076056714327, "pc": 1.0, "marker_score": 0.3988326875204719, "symbol": "RPL13A", "name": "ribosomal protein L13a", "organism": "Homo sapiens", "tissue": "endocrine gland"}, {"me": 1.2622850508916945, "pc": 0.39622641509433965, "marker_score": 0.3972300994589188, "symbol": "SUPT4H1", "name": "SPT4 homolog, DSIF elongation factor subunit", "organism": "Homo sapiens", "tissue": "endocrine gland"}, {"me": 1.4379659380231584, "pc": 0.5283018867924528, "marker_score": 0.3934248467713093, "symbol": "BID", "name": "BH3 interacting domain death agonist", "organism": "Homo sapiens", "tissue": "endocrine gland"}, {"me": 2.5200414117777123, "pc": 1.0, "marker_score": 0.39080907011967386, "symbol": "RPL31", "name": "ribosomal protein L31", "organism": "Homo sapiens", "tissue": "endocrine gland"}, {"me": 1.3915623920719797, "pc": 0.7735849056603774, "marker_score": 0.38919827954736147, "symbol": "SNU13", "name": "small nuclear ribonucleoprotein 13", "organism": "Homo sapiens", "tissue": "endocrine gland"}, {"me": 1.361560406892196, "pc": 0.4339622641509434, "marker_score": 0.3870915737777394, "symbol": "TAP1", "name": "transporter 1, ATP binding cassette subfamily B member", "organism": "Homo sapiens", "tissue": "endocrine gland"}, {"me": 2.4496978183962264, "pc": 1.0, "marker_score": 0.38612500159591034, "symbol": "RPL27", "name": "ribosomal protein L27", "organism": "Homo sapiens", "tissue": "endocrine gland"}, {"me": 2.0813777131854363, "pc": 1.0, "marker_score": 0.38483487538967076, "symbol": "SLC25A6", "name": "solute carrier family 25 member 6", "organism": "Homo sapiens", "tissue": "endocrine gland"}, {"me": 1.45784364427839, "pc": 0.5283018867924528, "marker_score": 0.3832474256220566, "symbol": "PFDN2", "name": "prefoldin subunit 2", "organism": "Homo sapiens", "tissue": "endocrine gland"}, {"me": 3.3372405430056014, "pc": 1.0, "marker_score": 0.3817378005338667, "symbol": "RPS15", "name": "ribosomal protein S15", "organism": "Homo sapiens", "tissue": "endocrine gland"}, {"me": 1.5172451866997614, "pc": 0.6792452830188679, "marker_score": 0.3780954646016249, "symbol": "ARPC4", "name": "actin related protein 2/3 complex subunit 4", "organism": "Homo sapiens", "tissue": "endocrine gland"}, {"me": 1.597131534498565, "pc": 0.9245283018867925, "marker_score": 0.3770072751297813, "symbol": "ATP5MJ", "name": "ATP synthase membrane subunit j", "organism": "Homo sapiens", "tissue": "endocrine gland"}, {"me": 1.5062572479248046, "pc": 0.7547169811320755, "marker_score": 0.37655014088664684, "symbol": "GDI2", "name": "GDP dissociation inhibitor 2", "organism": "Homo sapiens", "tissue": "endocrine gland"}, {"me": 1.902431565888074, "pc": 0.9245283018867925, "marker_score": 0.3747493596321982, "symbol": "ARPC1B", "name": "actin related protein 2/3 complex subunit 1B", "organism": "Homo sapiens", "tissue": "endocrine gland"}, {"me": 1.68859187039462, "pc": 0.41509433962264153, "marker_score": 0.3746276480556491, "symbol": "CPVL", "name": "carboxypeptidase vitellogenic like", "organism": "Homo sapiens", "tissue": "endocrine gland"}, {"me": 1.5729061624278193, "pc": 0.8679245283018868, "marker_score": 0.3736831254406542, "symbol": "SNRPD2", "name": "small nuclear ribonucleoprotein D2 polypeptide", "organism": "Homo sapiens", "tissue": "endocrine gland"}, {"me": 1.3892907278878348, "pc": 0.660377358490566, "marker_score": 0.3712915966903497, "symbol": "GPSM3", "name": "G protein signaling modulator 3", "organism": "Homo sapiens", "tissue": "endocrine gland"}, {"me": 1.9219068908691406, "pc": 0.9433962264150944, "marker_score": 0.3688955958269471, "symbol": "ALDOA", "name": "aldolase, fructose-bisphosphate A", "organism": "Homo sapiens", "tissue": "endocrine gland"}, {"me": 1.4684063911437988, "pc": 0.7547169811320755, "marker_score": 0.3679773271513693, "symbol": "ATP6V0E1", "name": "ATPase H+ transporting V0 subunit e1", "organism": "Homo sapiens", "tissue": "endocrine gland"}, {"me": 1.3660443305969239, "pc": 0.37735849056603776, "marker_score": 0.3647679761882724, "symbol": "ATG3", "name": "autophagy related 3", "organism": "Homo sapiens", "tissue": "endocrine gland"}, {"me": 3.1350388436947227, "pc": 1.0, "marker_score": 0.36201573845646057, "symbol": "RPL8", "name": "ribosomal protein L8", "organism": "Homo sapiens", "tissue": "endocrine gland"}, {"me": 1.8106464695286106, "pc": 0.6981132075471698, "marker_score": 0.3499695894244156, "symbol": "HLA-DRB5", "name": "major histocompatibility complex, class II, DR beta 5", "organism": "Homo sapiens", "tissue": "endocrine gland"}, {"me": 1.343574619293213, "pc": 0.37735849056603776, "marker_score": 0.3498535127923672, "symbol": "MRPL12", "name": "mitochondrial ribosomal protein L12", "organism": "Homo sapiens", "tissue": "endocrine gland"}, {"me": 1.6326946502036237, "pc": 0.8867924528301887, "marker_score": 0.34723729015396204, "symbol": "PSMA4", "name": "proteasome 20S subunit alpha 4", "organism": "Homo sapiens", "tissue": "endocrine gland"}, {"me": 1.3737077384159482, "pc": 0.5471698113207547, "marker_score": 0.3422001104406626, "symbol": "POLR2E", "name": "RNA polymerase II, I and III subunit E", "organism": "Homo sapiens", "tissue": "endocrine gland"}, {"me": 1.2326691037132627, "pc": 0.39622641509433965, "marker_score": 0.33179950363953076, "symbol": "CENPX", "name": "centromere protein X", "organism": "Homo sapiens", "tissue": "endocrine gland"}, {"me": 1.6980038597470237, "pc": 0.7924528301886793, "marker_score": 0.3284582732383805, "symbol": "LIMD2", "name": "LIM domain containing 2", "organism": "Homo sapiens", "tissue": "endocrine gland"}, {"me": 1.3478012084960938, "pc": 0.5849056603773585, "marker_score": 0.3242640754586583, "symbol": "PRR13", "name": "proline rich 13", "organism": "Homo sapiens", "tissue": "endocrine gland"}, {"me": 3.0080638381670104, "pc": 1.0, "marker_score": 0.3188421278133561, "symbol": "RPL12", "name": "ribosomal protein L12", "organism": "Homo sapiens", "tissue": "endocrine gland"}, {"me": 2.907365619011645, "pc": 1.0, "marker_score": 0.31414244542963804, "symbol": "RPS17", "name": "ribosomal protein S17", "organism": "Homo sapiens", "tissue": "endocrine gland"}, {"me": 1.459798240661621, "pc": 0.7547169811320755, "marker_score": 0.31254904305300046, "symbol": "LSM7", "name": "LSM7 homolog, U6 small nuclear RNA and mRNA degradation associated", "organism": "Homo sapiens", "tissue": "endocrine gland"}, {"me": 1.6362491183810763, "pc": 0.6792452830188679, "marker_score": 0.31233888384037717, "symbol": "CAP1", "name": "cyclase associated actin cytoskeleton regulatory protein 1", "organism": "Homo sapiens", "tissue": "endocrine gland"}, {"me": 1.4136975606282551, "pc": 0.5094339622641509, "marker_score": 0.30770993745503566, "symbol": "MZT2A", "name": "mitotic spindle organizing protein 2A", "organism": "Homo sapiens", "tissue": "endocrine gland"}, {"me": 1.2438888549804688, "pc": 0.33962264150943394, "marker_score": 0.30315037236378084, "symbol": "RTF2", "name": "replication termination factor 2", "organism": "Homo sapiens", "tissue": "endocrine gland"}, {"me": 1.3877171107700892, "pc": 0.5283018867924528, "marker_score": 0.2999268060738088, "symbol": "PRMT1", "name": "protein arginine methyltransferase 1", "organism": "Homo sapiens", "tissue": "endocrine gland"}, {"me": 1.4233019692557198, "pc": 0.5283018867924528, "marker_score": 0.2976786501910138, "symbol": "LAMTOR1", "name": "late endosomal/lysosomal adaptor, MAPK and MTOR activator 1", "organism": "Homo sapiens", "tissue": "endocrine gland"}, {"me": 4.669826291642099, "pc": 1.0, "marker_score": 0.29419927843142113, "symbol": "ACTB", "name": "actin beta", "organism": "Homo sapiens", "tissue": "endocrine gland"}, {"me": 1.5292378939115083, "pc": 0.49056603773584906, "marker_score": 0.2905567075206187, "symbol": "C1orf162", "name": "chromosome 1 open reading frame 162", "organism": "Homo sapiens", "tissue": "endocrine gland"}, {"me": 1.3561493311172876, "pc": 0.7358490566037735, "marker_score": 0.27350957000303266, "symbol": "RTRAF", "name": "RNA transcription, translation and transport factor", "organism": "Homo sapiens", "tissue": "endocrine gland"}, {"me": 1.3876157999038696, "pc": 0.6037735849056604, "marker_score": 0.26603253695385354, "symbol": "NHP2", "name": "NHP2 ribonucleoprotein", "organism": "Homo sapiens", "tissue": "endocrine gland"}, {"me": 1.7694075341318167, "pc": 0.9622641509433962, "marker_score": 0.264446067372651, "symbol": "MACROH2A1", "name": "macroH2A.1 histone", "organism": "Homo sapiens", "tissue": "endocrine gland"}, {"me": 1.4629974365234375, "pc": 0.7169811320754716, "marker_score": 0.2625233708722072, "symbol": "ATP6V0B", "name": "ATPase H+ transporting V0 subunit b", "organism": "Homo sapiens", "tissue": "endocrine gland"}, {"me": 5.244150413657135, "pc": 1.0, "marker_score": 1.4839151397222488, "symbol": "TMSB4X", "name": "thymosin beta 4 X-linked", "organism": "Homo sapiens", "tissue": "All Tissues"}, {"me": 1.4382569097703504, "pc": 0.5849056603773585, "marker_score": 1.2985110894704135, "symbol": "SNRNP25", "name": "small nuclear ribonucleoprotein U11/U12 subunit 25", "organism": "Homo sapiens", "tissue": "All Tissues"}, {"me": 1.4939689636230469, "pc": 0.6226415094339622, "marker_score": 1.2787884008036396, "symbol": "PPT1", "name": "palmitoyl-protein thioesterase 1", "organism": "Homo sapiens", "tissue": "All Tissues"}, {"me": 3.6895348890772404, "pc": 1.0, "marker_score": 1.2578461403517964, "symbol": "HLA-DRA", "name": "major histocompatibility complex, class II, DR alpha", "organism": "Homo sapiens", "tissue": "All Tissues"}, {"me": 4.08592517559345, "pc": 0.9811320754716981, "marker_score": 1.2554761032565689, "symbol": "LYZ", "name": "lysozyme", "organism": "Homo sapiens", "tissue": "All Tissues"}, {"me": 1.3726463317871094, "pc": 0.4528301886792453, "marker_score": 1.2350386761874697, "symbol": "ABI3", "name": "ABI family member 3", "organism": "Homo sapiens", "tissue": "All Tissues"}, {"me": 2.0961104801722934, "pc": 0.5283018867924528, "marker_score": 1.230931049060737, "symbol": "IRF8", "name": "interferon regulatory factor 8", "organism": "Homo sapiens", "tissue": "All Tissues"}, {"me": 1.6545516223442265, "pc": 0.7735849056603774, "marker_score": 1.210290944888977, "symbol": "PSMB9", "name": "proteasome 20S subunit beta 9", "organism": "Homo sapiens", "tissue": "All Tissues"}, {"me": 2.2349946265127145, "pc": 0.9622641509433962, "marker_score": 1.205305939644959, "symbol": "COTL1", "name": "coactosin like F-actin binding protein 1", "organism": "Homo sapiens", "tissue": "All Tissues"}, {"me": 1.5172451866997614, "pc": 0.6792452830188679, "marker_score": 1.137404881511767, "symbol": "ARPC4", "name": "actin related protein 2/3 complex subunit 4", "organism": "Homo sapiens", "tissue": "All Tissues"}, {"me": 1.7694075341318167, "pc": 0.9622641509433962, "marker_score": 1.1136804056332292, "symbol": "MACROH2A1", "name": "macroH2A.1 histone", "organism": "Homo sapiens", "tissue": "All Tissues"}, {"me": 1.4206573698255751, "pc": 0.33962264150943394, "marker_score": 1.1090217268828693, "symbol": "BATF3", "name": "basic leucine zipper ATF-like transcription factor 3", "organism": "Homo sapiens", "tissue": "All Tissues"}, {"me": 1.6326946502036237, "pc": 0.8867924528301887, "marker_score": 1.1038829692580512, "symbol": "PSMA4", "name": "proteasome 20S subunit alpha 4", "organism": "Homo sapiens", "tissue": "All Tissues"}, {"me": 2.764993705001532, "pc": 0.9622641509433962, "marker_score": 1.0798385009889548, "symbol": "HLA-DPA1", "name": "major histocompatibility complex, class II, DP alpha 1", "organism": "Homo sapiens", "tissue": "All Tissues"}, {"me": 1.4154704924552672, "pc": 0.5849056603773585, "marker_score": 1.0348779368751342, "symbol": "HLA-DMB", "name": "major histocompatibility complex, class II, DM beta", "organism": "Homo sapiens", "tissue": "All Tissues"}, {"me": 1.5971269153413319, "pc": 0.7924528301886793, "marker_score": 1.0102971795687172, "symbol": "HLA-DMA", "name": "major histocompatibility complex, class II, DM alpha", "organism": "Homo sapiens", "tissue": "All Tissues"}, {"me": 1.902431565888074, "pc": 0.9245283018867925, "marker_score": 1.008203479487162, "symbol": "ARPC1B", "name": "actin related protein 2/3 complex subunit 1B", "organism": "Homo sapiens", "tissue": "All Tissues"}, {"me": 2.558452899639423, "pc": 0.9811320754716981, "marker_score": 1.0070579781313438, "symbol": "HLA-DPB1", "name": "major histocompatibility complex, class II, DP beta 1", "organism": "Homo sapiens", "tissue": "All Tissues"}, {"me": 1.986900479185815, "pc": 0.9622641509433962, "marker_score": 1.0049278362292176, "symbol": "HLA-DQB1", "name": "major histocompatibility complex, class II, DQ beta 1", "organism": "Homo sapiens", "tissue": "All Tissues"}, {"me": 1.3588275909423828, "pc": 0.49056603773584906, "marker_score": 0.9927774641052365, "symbol": "LY86", "name": "lymphocyte antigen 86", "organism": "Homo sapiens", "tissue": "All Tissues"}, {"me": 2.8898500295785756, "pc": 0.9811320754716981, "marker_score": 0.9731645457258554, "symbol": "HLA-DRB1", "name": "major histocompatibility complex, class II, DR beta 1", "organism": "Homo sapiens", "tissue": "All Tissues"}, {"me": 4.669826291642099, "pc": 1.0, "marker_score": 0.9457930694616343, "symbol": "ACTB", "name": "actin beta", "organism": "Homo sapiens", "tissue": "All Tissues"}, {"me": 1.7858601445737092, "pc": 0.8679245283018868, "marker_score": 0.9437358975564786, "symbol": "PSME2", "name": "proteasome activator subunit 2", "organism": "Homo sapiens", "tissue": "All Tissues"}, {"me": 2.8489767221304088, "pc": 0.9811320754716981, "marker_score": 0.9284621411410953, "symbol": "CFL1", "name": "cofilin 1", "organism": "Homo sapiens", "tissue": "All Tissues"}, {"me": 4.264398538841392, "pc": 1.0, "marker_score": 0.9090155485681812, "symbol": "RPS2", "name": "ribosomal protein S2", "organism": "Homo sapiens", "tissue": "All Tissues"}, {"me": 1.3390538250958477, "pc": 0.5094339622641509, "marker_score": 0.9019074746821095, "symbol": "C20orf27", "name": "adipose secreted signaling protein", "organism": "Homo sapiens", "tissue": "All Tissues"}, {"me": 1.4379659380231584, "pc": 0.5283018867924528, "marker_score": 0.8999424159626881, "symbol": "BID", "name": "BH3 interacting domain death agonist", "organism": "Homo sapiens", "tissue": "All Tissues"}, {"me": 1.3481881883409288, "pc": 0.5094339622641509, "marker_score": 0.896777757057784, "symbol": "DCTPP1", "name": "dCTP pyrophosphatase 1", "organism": "Homo sapiens", "tissue": "All Tissues"}, {"me": 1.361560406892196, "pc": 0.4339622641509434, "marker_score": 0.8917491648515312, "symbol": "TAP1", "name": "transporter 1, ATP binding cassette subfamily B member", "organism": "Homo sapiens", "tissue": "All Tissues"}, {"me": 3.3720170506891214, "pc": 1.0, "marker_score": 0.8843757411640102, "symbol": "RPL27A", "name": "ribosomal protein L27a", "organism": "Homo sapiens", "tissue": "All Tissues"}, {"me": 3.373961826540389, "pc": 1.0, "marker_score": 0.8622427742410235, "symbol": "RPL7", "name": "ribosomal protein L7", "organism": "Homo sapiens", "tissue": "All Tissues"}, {"me": 1.5728326455140724, "pc": 0.7358490566037735, "marker_score": 0.8372522011681588, "symbol": "SPI1", "name": "Spi-1 proto-oncogene", "organism": "Homo sapiens", "tissue": "All Tissues"}, {"me": 1.6189041137695312, "pc": 0.7358490566037735, "marker_score": 0.8257204866915906, "symbol": "CAPG", "name": "capping actin protein, gelsolin like", "organism": "Homo sapiens", "tissue": "All Tissues"}, {"me": 1.3634866631549338, "pc": 0.4339622641509434, "marker_score": 0.7606006394020846, "symbol": "LGALS9", "name": "galectin 9", "organism": "Homo sapiens", "tissue": "All Tissues"}, {"me": 2.1008235850232713, "pc": 0.8867924528301887, "marker_score": 0.7586867673623117, "symbol": "CORO1A", "name": "coronin 1A", "organism": "Homo sapiens", "tissue": "All Tissues"}, {"me": 1.4275943211146764, "pc": 0.660377358490566, "marker_score": 0.7524485327836871, "symbol": "PSMB8", "name": "proteasome 20S subunit beta 8", "organism": "Homo sapiens", "tissue": "All Tissues"}, {"me": 4.427640806953862, "pc": 1.0, "marker_score": 0.7519696516568369, "symbol": "CD74", "name": "CD74 molecule", "organism": "Homo sapiens", "tissue": "All Tissues"}, {"me": 1.2305966427451687, "pc": 0.3584905660377358, "marker_score": 0.7466689185867411, "symbol": "PARVG", "name": "parvin gamma", "organism": "Homo sapiens", "tissue": "All Tissues"}, {"me": 1.6980038597470237, "pc": 0.7924528301886793, "marker_score": 0.7356040585866348, "symbol": "LIMD2", "name": "LIM domain containing 2", "organism": "Homo sapiens", "tissue": "All Tissues"}, {"me": 1.4029434521993, "pc": 0.4528301886792453, "marker_score": 0.725679820707834, "symbol": "NDRG2", "name": "NDRG family member 2", "organism": "Homo sapiens", "tissue": "All Tissues"}, {"me": 1.3866619310880963, "pc": 0.3584905660377358, "marker_score": 0.7228240971264911, "symbol": "JAML", "name": "junction adhesion molecule like", "organism": "Homo sapiens", "tissue": "All Tissues"}, {"me": 2.2784124755859376, "pc": 0.9433962264150944, "marker_score": 0.7138428466443651, "symbol": "ENO1", "name": "enolase 1", "organism": "Homo sapiens", "tissue": "All Tissues"}, {"me": 1.5622009478117291, "pc": 0.7169811320754716, "marker_score": 0.7128374838593684, "symbol": "IDH2", "name": "isocitrate dehydrogenase (NADP(+)) 2", "organism": "Homo sapiens", "tissue": "All Tissues"}, {"me": 2.907365619011645, "pc": 1.0, "marker_score": 0.7081681593626045, "symbol": "RPS17", "name": "ribosomal protein S17", "organism": "Homo sapiens", "tissue": "All Tissues"}, {"me": 1.717285410563151, "pc": 0.5660377358490566, "marker_score": 0.6992508511490806, "symbol": "MS4A6A", "name": "membrane spanning 4-domains A6A", "organism": "Homo sapiens", "tissue": "All Tissues"}, {"me": 1.4115391392861643, "pc": 0.5849056603773585, "marker_score": 0.6942090823162788, "symbol": "PCNA", "name": "proliferating cell nuclear antigen", "organism": "Homo sapiens", "tissue": "All Tissues"}, {"me": 1.401780055119441, "pc": 0.49056603773584906, "marker_score": 0.6838586801489551, "symbol": "SUMO3", "name": "small ubiquitin like modifier 3", "organism": "Homo sapiens", "tissue": "All Tissues"}, {"me": 1.5292378939115083, "pc": 0.49056603773584906, "marker_score": 0.6737831186764045, "symbol": "C1orf162", "name": "chromosome 1 open reading frame 162", "organism": "Homo sapiens", "tissue": "All Tissues"}, {"me": 1.654616954714753, "pc": 0.8113207547169812, "marker_score": 0.6733765527342708, "symbol": "SNRPB", "name": "small nuclear ribonucleoprotein polypeptides B and B1", "organism": "Homo sapiens", "tissue": "All Tissues"}, {"me": 1.6346595578077363, "pc": 0.7735849056603774, "marker_score": 0.6653248051178343, "symbol": "C1QBP", "name": "complement C1q binding protein", "organism": "Homo sapiens", "tissue": "All Tissues"}, {"me": 3.9453076056714327, "pc": 1.0, "marker_score": 0.6628997634448424, "symbol": "RPL13A", "name": "ribosomal protein L13a", "organism": "Homo sapiens", "tissue": "All Tissues"}, {"me": 2.2059513166839, "pc": 0.9622641509433962, "marker_score": 0.6623806588524832, "symbol": "H2AZ1", "name": "H2A.Z variant histone 1", "organism": "Homo sapiens", "tissue": "All Tissues"}, {"me": 1.6265234513716265, "pc": 0.8301886792452831, "marker_score": 0.6592431788193359, "symbol": "PRELID1", "name": "PRELI domain containing 1", "organism": "Homo sapiens", "tissue": "All Tissues"}, {"me": 1.6159971328008742, "pc": 0.7924528301886793, "marker_score": 0.6542291024243738, "symbol": "RANBP1", "name": "RAN binding protein 1", "organism": "Homo sapiens", "tissue": "All Tissues"}, {"me": 1.3892907278878348, "pc": 0.660377358490566, "marker_score": 0.6507519937158228, "symbol": "GPSM3", "name": "G protein signaling modulator 3", "organism": "Homo sapiens", "tissue": "All Tissues"}, {"me": 1.8205997043185764, "pc": 0.8490566037735849, "marker_score": 0.6437486861520642, "symbol": "LSP1", "name": "lymphocyte specific protein 1", "organism": "Homo sapiens", "tissue": "All Tissues"}, {"me": 3.9638585504495873, "pc": 1.0, "marker_score": 0.6418204302995522, "symbol": "TMSB10", "name": "thymosin beta 10", "organism": "Homo sapiens", "tissue": "All Tissues"}, {"me": 1.8495978530572386, "pc": 0.9245283018867925, "marker_score": 0.6318006670206554, "symbol": "VAMP8", "name": "vesicle associated membrane protein 8", "organism": "Homo sapiens", "tissue": "All Tissues"}, {"me": 1.8908218072385203, "pc": 0.9245283018867925, "marker_score": 0.6275949587409865, "symbol": "GPX1", "name": "glutathione peroxidase 1", "organism": "Homo sapiens", "tissue": "All Tissues"}, {"me": 1.5330001429507607, "pc": 0.7169811320754716, "marker_score": 0.6217195264667787, "symbol": "PYCARD", "name": "PYD and CARD domain containing", "organism": "Homo sapiens", "tissue": "All Tissues"}, {"me": 1.54136061668396, "pc": 0.6037735849056604, "marker_score": 0.6173655923190496, "symbol": "PCLAF", "name": "PCNA clamp associated factor", "organism": "Homo sapiens", "tissue": "All Tissues"}, {"me": 2.0216214106633115, "pc": 0.9811320754716981, "marker_score": 0.6148014547663178, "symbol": "ARPC3", "name": "actin related protein 2/3 complex subunit 3", "organism": "Homo sapiens", "tissue": "All Tissues"}, {"me": 1.343574619293213, "pc": 0.37735849056603776, "marker_score": 0.6120762712204286, "symbol": "MRPL12", "name": "mitochondrial ribosomal protein L12", "organism": "Homo sapiens", "tissue": "All Tissues"}, {"me": 1.3737077384159482, "pc": 0.5471698113207547, "marker_score": 0.6063866330616683, "symbol": "POLR2E", "name": "RNA polymerase II, I and III subunit E", "organism": "Homo sapiens", "tissue": "All Tissues"}, {"me": 1.4882914520973383, "pc": 0.8113207547169812, "marker_score": 0.6047219856946872, "symbol": "AP2S1", "name": "adaptor related protein complex 2 subunit sigma 1", "organism": "Homo sapiens", "tissue": "All Tissues"}, {"me": 1.3404540107363747, "pc": 0.39622641509433965, "marker_score": 0.5980728182855423, "symbol": "DBNL", "name": "drebrin like", "organism": "Homo sapiens", "tissue": "All Tissues"}, {"me": 1.6202576008248837, "pc": 0.8867924528301887, "marker_score": 0.592450488907567, "symbol": "PSME1", "name": "proteasome activator subunit 1", "organism": "Homo sapiens", "tissue": "All Tissues"}, {"me": 1.2565754890441894, "pc": 0.37735849056603776, "marker_score": 0.5912168300258547, "symbol": "APH1A", "name": "aph-1 homolog A, gamma-secretase subunit", "organism": "Homo sapiens", "tissue": "All Tissues"}, {"me": 1.876194381713867, "pc": 0.7547169811320755, "marker_score": 0.5884527166414726, "symbol": "HLA-DQA1", "name": "major histocompatibility complex, class II, DQ alpha 1", "organism": "Homo sapiens", "tissue": "All Tissues"}, {"me": 1.243204402923584, "pc": 0.37735849056603776, "marker_score": 0.5873871630468104, "symbol": "TMEM109", "name": "transmembrane protein 109", "organism": "Homo sapiens", "tissue": "All Tissues"}, {"me": 1.3660443305969239, "pc": 0.37735849056603776, "marker_score": 0.5829984582209831, "symbol": "ATG3", "name": "autophagy related 3", "organism": "Homo sapiens", "tissue": "All Tissues"}, {"me": 1.2383450402153864, "pc": 0.33962264150943394, "marker_score": 0.5787276227368002, "symbol": "ARL5A", "name": "ADP ribosylation factor like GTPase 5A", "organism": "Homo sapiens", "tissue": "All Tissues"}, {"me": 1.6362491183810763, "pc": 0.6792452830188679, "marker_score": 0.5774359547024607, "symbol": "CAP1", "name": "cyclase associated actin cytoskeleton regulatory protein 1", "organism": "Homo sapiens", "tissue": "All Tissues"}, {"me": 1.4126877062248462, "pc": 0.6226415094339622, "marker_score": 0.5767376353997689, "symbol": "ARHGDIA", "name": "Rho GDP dissociation inhibitor alpha", "organism": "Homo sapiens", "tissue": "All Tissues"}, {"me": 1.4291921048550993, "pc": 0.6981132075471698, "marker_score": 0.575882482238891, "symbol": "RNH1", "name": "ribonuclease/angiogenin inhibitor 1", "organism": "Homo sapiens", "tissue": "All Tissues"}, {"me": 1.6297491164434523, "pc": 0.7924528301886793, "marker_score": 0.5709595077126884, "symbol": "LST1", "name": "leukocyte specific transcript 1", "organism": "Homo sapiens", "tissue": "All Tissues"}, {"me": 1.5293371300948293, "pc": 0.7169811320754716, "marker_score": 0.565738588085793, "symbol": "PSMB3", "name": "proteasome 20S subunit beta 3", "organism": "Homo sapiens", "tissue": "All Tissues"}, {"me": 2.0813777131854363, "pc": 1.0, "marker_score": 0.5649328510083783, "symbol": "SLC25A6", "name": "solute carrier family 25 member 6", "organism": "Homo sapiens", "tissue": "All Tissues"}, {"me": 1.4609151728012983, "pc": 0.32075471698113206, "marker_score": 0.5613041233848322, "symbol": "TK1", "name": "thymidine kinase 1", "organism": "Homo sapiens", "tissue": "All Tissues"}, {"me": 1.4350424373851103, "pc": 0.6415094339622641, "marker_score": 0.5604222667679288, "symbol": "GTF3A", "name": "general transcription factor IIIA", "organism": "Homo sapiens", "tissue": "All Tissues"}, {"me": 1.5609581525935683, "pc": 0.8113207547169812, "marker_score": 0.5597581671780391, "symbol": "SNRPE", "name": "small nuclear ribonucleoprotein polypeptide E", "organism": "Homo sapiens", "tissue": "All Tissues"}, {"me": 2.6831005859375, "pc": 0.9433962264150944, "marker_score": 0.5533980292210318, "symbol": "TUBA1B", "name": "tubulin alpha 1b", "organism": "Homo sapiens", "tissue": "All Tissues"}, {"me": 1.4460637492518271, "pc": 0.5849056603773585, "marker_score": 0.5531641215118102, "symbol": "NME1", "name": "NME/NM23 nucleoside diphosphate kinase 1", "organism": "Homo sapiens", "tissue": "All Tissues"}, {"me": 1.5062572479248046, "pc": 0.7547169811320755, "marker_score": 0.5373910158301052, "symbol": "GDI2", "name": "GDP dissociation inhibitor 2", "organism": "Homo sapiens", "tissue": "All Tissues"}, {"me": 1.5925305310417623, "pc": 0.6415094339622641, "marker_score": 0.534256017413046, "symbol": "PLAC8", "name": "placenta associated 8", "organism": "Homo sapiens", "tissue": "All Tissues"}, {"me": 2.508478416586822, "pc": 1.0, "marker_score": 0.534248795122166, "symbol": "RPL4", "name": "ribosomal protein L4", "organism": "Homo sapiens", "tissue": "All Tissues"}, {"me": 1.3169988744399126, "pc": 0.32075471698113206, "marker_score": 0.5340725035419925, "symbol": "LAT2", "name": "linker for activation of T cells family member 2", "organism": "Homo sapiens", "tissue": "All Tissues"}, {"me": 1.3923391259234885, "pc": 0.4339622641509434, "marker_score": 0.5266263646412321, "symbol": "CKLF", "name": "chemokine like factor", "organism": "Homo sapiens", "tissue": "All Tissues"}, {"me": 1.5163733742453835, "pc": 0.6226415094339622, "marker_score": 0.5173612524483832, "symbol": "RGS10", "name": "regulator of G protein signaling 10", "organism": "Homo sapiens", "tissue": "All Tissues"}, {"me": 2.7911253155402416, "pc": 1.0, "marker_score": 0.5120842485975331, "symbol": "PFN1", "name": "profilin 1", "organism": "Homo sapiens", "tissue": "All Tissues"}, {"me": 3.326724646226415, "pc": 1.0, "marker_score": 0.5061944704061192, "symbol": "RPL15", "name": "ribosomal protein L15", "organism": "Homo sapiens", "tissue": "All Tissues"}, {"me": 1.5628587631952195, "pc": 0.7924528301886793, "marker_score": 0.5030947420455847, "symbol": "ATP5PO", "name": "ATP synthase peripheral stalk subunit OSCP", "organism": "Homo sapiens", "tissue": "All Tissues"}, {"me": 1.4293787819998605, "pc": 0.5283018867924528, "marker_score": 0.5005696981684739, "symbol": "RHOG", "name": "ras homolog family member G", "organism": "Homo sapiens", "tissue": "All Tissues"}, {"me": 1.4215934341018264, "pc": 0.6981132075471698, "marker_score": 0.49938797612651925, "symbol": "LSM4", "name": "LSM4 homolog, U6 small nuclear RNA and mRNA degradation associated", "organism": "Homo sapiens", "tissue": "All Tissues"}, {"me": 1.280148072676225, "pc": 0.41509433962264153, "marker_score": 0.49759110897024084, "symbol": "NUDT1", "name": "nudix hydrolase 1", "organism": "Homo sapiens", "tissue": "All Tissues"}, {"me": 1.4859420374820107, "pc": 0.7169811320754716, "marker_score": 0.4934336958044324, "symbol": "PPP1CA", "name": "protein phosphatase 1 catalytic subunit alpha", "organism": "Homo sapiens", "tissue": "All Tissues"}, {"me": 1.3602919578552246, "pc": 0.6037735849056604, "marker_score": 0.49274537041788646, "symbol": "PSMA3", "name": "proteasome 20S subunit alpha 3", "organism": "Homo sapiens", "tissue": "All Tissues"}, {"me": 1.3623150273373252, "pc": 0.3584905660377358, "marker_score": 0.4911365902807296, "symbol": "MCM5", "name": "minichromosome maintenance complex component 5", "organism": "Homo sapiens", "tissue": "All Tissues"}, {"me": 1.9219068908691406, "pc": 0.9433962264150944, "marker_score": 0.4873845433104652, "symbol": "ALDOA", "name": "aldolase, fructose-bisphosphate A", "organism": "Homo sapiens", "tissue": "All Tissues"}, {"me": 4.313138565927182, "pc": 1.0, "marker_score": 0.48495471984984656, "symbol": "RPS18", "name": "ribosomal protein S18", "organism": "Homo sapiens", "tissue": "All Tissues"}]