[{"me": 3.0178637322578723, "pc": 0.8343949044585988, "marker_score": 2.1076635023646544, "symbol": "FMN1", "name": "formin 1", "organism": "Homo sapiens", "tissue": "skin of body"}, {"me": 3.222348511674022, "pc": 0.8343949044585988, "marker_score": 2.067010118788175, "symbol": "OCA2", "name": "OCA2 melanosomal transmembrane protein", "organism": "Homo sapiens", "tissue": "skin of body"}, {"me": 3.5108160594153026, "pc": 0.802547770700637, "marker_score": 1.9044444481411544, "symbol": "DCT", "name": "dopachrome tautomerase", "organism": "Homo sapiens", "tissue": "skin of body"}, {"me": 3.2208505025724086, "pc": 0.7834394904458599, "marker_score": 1.762277250043021, "symbol": "PTPRM", "name": "protein tyrosine phosphatase receptor type M", "organism": "Homo sapiens", "tissue": "skin of body"}, {"me": 3.1646373515226403, "pc": 0.6242038216560509, "marker_score": 1.258260166964588, "symbol": "PLEKHA5", "name": "pleckstrin homology domain containing A5", "organism": "Homo sapiens", "tissue": "skin of body"}, {"me": 2.769790981126868, "pc": 0.5859872611464968, "marker_score": 1.2036615295757873, "symbol": "MYO10", "name": "myosin X", "organism": "Homo sapiens", "tissue": "skin of body"}, {"me": 2.6863132433944874, "pc": 0.5668789808917197, "marker_score": 1.151533541030427, "symbol": "TYR", "name": "tyrosinase", "organism": "Homo sapiens", "tissue": "skin of body"}, {"me": 2.8378913693311736, "pc": 0.5222929936305732, "marker_score": 1.0560971105049743, "symbol": "INPP4B", "name": "inositol polyphosphate-4-phosphatase type II B", "organism": "Homo sapiens", "tissue": "skin of body"}, {"me": 2.812098805497332, "pc": 0.5222929936305732, "marker_score": 1.0507713550163584, "symbol": "TRPM1", "name": "transient receptor potential cation channel subfamily M member 1", "organism": "Homo sapiens", "tissue": "skin of body"}, {"me": 2.804809005172164, "pc": 0.5159235668789809, "marker_score": 1.0429013510907894, "symbol": "TYRP1", "name": "tyrosinase related protein 1", "organism": "Homo sapiens", "tissue": "skin of body"}, {"me": 2.6820968434780457, "pc": 0.5031847133757962, "marker_score": 1.0260215037339024, "symbol": "EGLN3", "name": "egl-9 family hypoxia inducible factor 3", "organism": "Homo sapiens", "tissue": "skin of body"}, {"me": 2.6254651750837055, "pc": 0.445859872611465, "marker_score": 0.9054172056387423, "symbol": "SEMA3C", "name": "semaphorin 3C", "organism": "Homo sapiens", "tissue": "skin of body"}, {"me": 2.546195765904018, "pc": 0.445859872611465, "marker_score": 0.9034668205782206, "symbol": "MYO5A", "name": "myosin VA", "organism": "Homo sapiens", "tissue": "skin of body"}, {"me": 2.6080472469329834, "pc": 0.40764331210191085, "marker_score": 0.8469755218193505, "symbol": "PMEL", "name": "premelanosome protein", "organism": "Homo sapiens", "tissue": "skin of body"}, {"me": 2.8134359544323337, "pc": 0.39490445859872614, "marker_score": 0.8055922086831668, "symbol": "AFF3", "name": "ALF transcription elongation factor 3", "organism": "Homo sapiens", "tissue": "skin of body"}, {"me": 2.502383538012235, "pc": 0.3375796178343949, "marker_score": 0.7294240647217413, "symbol": "TEX41", "name": "testis expressed 41", "organism": "Homo sapiens", "tissue": "skin of body"}, {"me": 2.638432429387019, "pc": 0.33121019108280253, "marker_score": 0.7213410060672903, "symbol": "LSAMP", "name": "limbic system associated membrane protein", "organism": "Homo sapiens", "tissue": "skin of body"}, {"me": 2.53374652473294, "pc": 0.31210191082802546, "marker_score": 0.6857097924156882, "symbol": "GALNTL6", "name": "polypeptide N-acetylgalactosaminyltransferase like 6", "organism": "Homo sapiens", "tissue": "skin of body"}, {"me": 2.4893264770507812, "pc": 0.2802547770700637, "marker_score": 0.6296626203177227, "symbol": "BNC2", "name": "basonuclin 2", "organism": "Homo sapiens", "tissue": "skin of body"}, {"me": 2.526866746985394, "pc": 0.2929936305732484, "marker_score": 0.6095306011716066, "symbol": "MYO1E", "name": "myosin IE", "organism": "Homo sapiens", "tissue": "skin of body"}, {"me": 2.4155505145037615, "pc": 0.34394904458598724, "marker_score": 0.5949532148313245, "symbol": "PLXNC1", "name": "plexin C1", "organism": "Homo sapiens", "tissue": "skin of body"}, {"me": 2.632084773137019, "pc": 0.2484076433121019, "marker_score": 0.5855449518085043, "symbol": "CHSY3", "name": "chondroitin sulfate synthase 3", "organism": "Homo sapiens", "tissue": "skin of body"}, {"me": 2.8148095267159596, "pc": 0.267515923566879, "marker_score": 0.5813651424025797, "symbol": "MITF", "name": "melanocyte inducing transcription factor", "organism": "Homo sapiens", "tissue": "skin of body"}, {"me": 2.4586585792335303, "pc": 0.2356687898089172, "marker_score": 0.5669518615191051, "symbol": "TMEM117", "name": "transmembrane protein 117", "organism": "Homo sapiens", "tissue": "skin of body"}, {"me": 2.6239888117863583, "pc": 0.2484076433121019, "marker_score": 0.5660144073416643, "symbol": "STXBP5", "name": "syntaxin binding protein 5", "organism": "Homo sapiens", "tissue": "skin of body"}, {"me": 2.543241101641988, "pc": 0.27388535031847133, "marker_score": 0.5527959428572407, "symbol": "ARMC9", "name": "armadillo repeat containing 9", "organism": "Homo sapiens", "tissue": "skin of body"}, {"me": 2.6079637739393444, "pc": 0.22929936305732485, "marker_score": 0.5516315244588056, "symbol": "MTHFD1L", "name": "methylenetetrahydrofolate dehydrogenase (NADP+ dependent) 1 like", "organism": "Homo sapiens", "tissue": "skin of body"}, {"me": 2.3657834670122933, "pc": 0.21656050955414013, "marker_score": 0.5418665373637579, "symbol": "LINC00511", "name": "long intergenic non-protein coding RNA 511", "organism": "Homo sapiens", "tissue": "skin of body"}, {"me": 2.4537374562230605, "pc": 0.18471337579617833, "marker_score": 0.49200740253272424, "symbol": "DPP6", "name": "dipeptidyl peptidase like 6", "organism": "Homo sapiens", "tissue": "skin of body"}, {"me": 2.3371004377092635, "pc": 0.17834394904458598, "marker_score": 0.4723463332002421, "symbol": "CPEB2", "name": "cytoplasmic polyadenylation element binding protein 2", "organism": "Homo sapiens", "tissue": "skin of body"}, {"me": 2.388112951208044, "pc": 0.17197452229299362, "marker_score": 0.470035273326226, "symbol": "TFAP2A", "name": "transcription factor AP-2 alpha", "organism": "Homo sapiens", "tissue": "skin of body"}, {"me": 2.4745286729600693, "pc": 0.28662420382165604, "marker_score": 0.4669212289794842, "symbol": "KIT", "name": "KIT proto-oncogene, receptor tyrosine kinase", "organism": "Homo sapiens", "tissue": "skin of body"}, {"me": 2.3607094376175493, "pc": 0.17197452229299362, "marker_score": 0.4668311037658416, "symbol": "PCSK2", "name": "proprotein convertase subtilisin/kexin type 2", "organism": "Homo sapiens", "tissue": "skin of body"}, {"me": 2.251284966102013, "pc": 0.16560509554140126, "marker_score": 0.45432926672853297, "symbol": "STXBP6", "name": "syntaxin binding protein 6", "organism": "Homo sapiens", "tissue": "skin of body"}, {"me": 2.5704240065354567, "pc": 0.16560509554140126, "marker_score": 0.44914935376704723, "symbol": "GCNT2", "name": "glucosaminyl (N-acetyl) transferase 2 (I blood group)", "organism": "Homo sapiens", "tissue": "skin of body"}, {"me": 2.2885042826334634, "pc": 0.15286624203821655, "marker_score": 0.43384620677157665, "symbol": "TANC1", "name": "tetratricopeptide repeat, ankyrin repeat and coiled-coil containing 1", "organism": "Homo sapiens", "tissue": "skin of body"}, {"me": 2.4391995693774935, "pc": 0.29936305732484075, "marker_score": 0.4335387164214705, "symbol": "EPS15", "name": "epidermal growth factor receptor pathway substrate 15", "organism": "Homo sapiens", "tissue": "skin of body"}, {"me": 2.535350007830926, "pc": 0.3375796178343949, "marker_score": 0.4163860353686357, "symbol": "SSH2", "name": "slingshot protein phosphatase 2", "organism": "Homo sapiens", "tissue": "skin of body"}, {"me": 2.4619921875, "pc": 0.1592356687898089, "marker_score": 0.4121840855065242, "symbol": "CYTH3", "name": "cytohesin 3", "organism": "Homo sapiens", "tissue": "skin of body"}, {"me": 2.4329747613870873, "pc": 0.3375796178343949, "marker_score": 0.4108649983753975, "symbol": "AOPEP", "name": "aminopeptidase O (putative)", "organism": "Homo sapiens", "tissue": "skin of body"}, {"me": 2.265611557733445, "pc": 0.1337579617834395, "marker_score": 0.4077892008769411, "symbol": "TMTC2", "name": "transmembrane O-mannosyltransferase targeting cadherins 2", "organism": "Homo sapiens", "tissue": "skin of body"}, {"me": 2.3444911411830356, "pc": 0.1337579617834395, "marker_score": 0.4048241242734919, "symbol": "GULP1", "name": "GULP PTB domain containing engulfment adaptor 1", "organism": "Homo sapiens", "tissue": "skin of body"}, {"me": 2.230912057976974, "pc": 0.12101910828025478, "marker_score": 0.38397262293557605, "symbol": "ATP10A", "name": "ATPase phospholipid transporting 10A (putative)", "organism": "Homo sapiens", "tissue": "skin of body"}, {"me": 2.5610570134343327, "pc": 0.2356687898089172, "marker_score": 0.3816611784827409, "symbol": "MFSD12", "name": "major facilitator superfamily domain containing 12", "organism": "Homo sapiens", "tissue": "skin of body"}, {"me": 2.336791826331097, "pc": 0.1464968152866242, "marker_score": 0.37083343752677317, "symbol": "SNCA", "name": "synuclein alpha", "organism": "Homo sapiens", "tissue": "skin of body"}, {"me": 2.3887997581845237, "pc": 0.1337579617834395, "marker_score": 0.3708149171876244, "symbol": "SOX5", "name": "SRY-box transcription factor 5", "organism": "Homo sapiens", "tissue": "skin of body"}, {"me": 2.4235496520996094, "pc": 0.11464968152866242, "marker_score": 0.3666657612800646, "symbol": "ZNF277", "name": "zinc finger protein 277", "organism": "Homo sapiens", "tissue": "skin of body"}, {"me": 2.333894036032937, "pc": 0.14012738853503184, "marker_score": 0.3610644797982802, "symbol": "GTF2F2", "name": "general transcription factor IIF subunit 2", "organism": "Homo sapiens", "tissue": "skin of body"}, {"me": 3.3901214599609375, "pc": 0.267515923566879, "marker_score": 0.35884628957149317, "symbol": "PLCG2", "name": "phospholipase C gamma 2", "organism": "Homo sapiens", "tissue": "skin of body"}, {"me": 2.2458214936433016, "pc": 0.17197452229299362, "marker_score": 0.3245373800507947, "symbol": "SOX6", "name": "SRY-box transcription factor 6", "organism": "Homo sapiens", "tissue": "skin of body"}, {"me": 2.285171145484561, "pc": 0.1337579617834395, "marker_score": 0.3006541425856753, "symbol": "DIP2C", "name": "disco interacting protein 2 homolog C", "organism": "Homo sapiens", "tissue": "skin of body"}, {"me": 2.4874587640529726, "pc": 0.2611464968152866, "marker_score": 0.2694778151879105, "symbol": "PDE4D", "name": "phosphodiesterase 4D", "organism": "Homo sapiens", "tissue": "skin of body"}, {"me": 2.3334945678710937, "pc": 0.1910828025477707, "marker_score": 0.2643361469964755, "symbol": "SRPK2", "name": "SRSF protein kinase 2", "organism": "Homo sapiens", "tissue": "skin of body"}, {"me": 2.560840352376302, "pc": 0.1910828025477707, "marker_score": 0.2603531818377504, "symbol": "LONRF1", "name": "LON peptidase N-terminal domain and ring finger 1", "organism": "Homo sapiens", "tissue": "skin of body"}, {"me": 2.455234336853027, "pc": 0.12738853503184713, "marker_score": 0.25716697428986, "symbol": "PHLPP1", "name": "PH domain and leucine rich repeat protein phosphatase 1", "organism": "Homo sapiens", "tissue": "skin of body"}, {"me": 3.288819610095415, "pc": 0.3885350318471338, "marker_score": 0.2519059497414115, "symbol": "SLC26A3", "name": "solute carrier family 26 member 3", "organism": "Homo sapiens", "tissue": "skin of body"}, {"me": 2.464025644155649, "pc": 0.16560509554140126, "marker_score": 0.2507713309891431, "symbol": "PTPRJ", "name": "protein tyrosine phosphatase receptor type J", "organism": "Homo sapiens", "tissue": "skin of body"}, {"me": 3.8573733243075283, "pc": 0.42038216560509556, "marker_score": 0.2341734923793863, "symbol": "RASGEF1B", "name": "RasGEF domain family member 1B", "organism": "Homo sapiens", "tissue": "skin of body"}, {"me": 2.4899940490722656, "pc": 0.11464968152866242, "marker_score": 0.23178697454717562, "symbol": "ST3GAL6", "name": "ST3 beta-galactoside alpha-2,3-sialyltransferase 6", "organism": "Homo sapiens", "tissue": "skin of body"}, {"me": 2.4868477715386286, "pc": 0.22929936305732485, "marker_score": 0.23170425967032338, "symbol": "ANKRD44", "name": "ankyrin repeat domain 44", "organism": "Homo sapiens", "tissue": "skin of body"}, {"me": 2.5417951386550377, "pc": 0.18471337579617833, "marker_score": 0.22424002603385776, "symbol": "PRKD3", "name": "protein kinase D3", "organism": "Homo sapiens", "tissue": "skin of body"}, {"me": 2.538152280061141, "pc": 0.1464968152866242, "marker_score": 0.204896386463431, "symbol": "DOCK5", "name": "dedicator of cytokinesis 5", "organism": "Homo sapiens", "tissue": "skin of body"}, {"me": 2.456064726177015, "pc": 0.24203821656050956, "marker_score": 0.1935956253387108, "symbol": "TTC3", "name": "tetratricopeptide repeat domain 3", "organism": "Homo sapiens", "tissue": "skin of body"}, {"me": 2.687056692023026, "pc": 0.12101910828025478, "marker_score": 0.18034521363353456, "symbol": "BCOR", "name": "BCL6 corepressor", "organism": "Homo sapiens", "tissue": "skin of body"}, {"me": 2.4218862433182564, "pc": 0.12101910828025478, "marker_score": 0.1641161738525641, "symbol": "SORT1", "name": "sortilin 1", "organism": "Homo sapiens", "tissue": "skin of body"}, {"me": 2.333646027938179, "pc": 0.1464968152866242, "marker_score": 0.16181115197753596, "symbol": "DMD", "name": "dystrophin", "organism": "Homo sapiens", "tissue": "skin of body"}, {"me": 2.5132793850368924, "pc": 0.11464968152866242, "marker_score": 0.16032009849544543, "symbol": "DLC1", "name": "DLC1 Rho GTPase activating protein", "organism": "Homo sapiens", "tissue": "skin of body"}, {"me": 2.3575043148464627, "pc": 0.11464968152866242, "marker_score": 0.1513606683552944, "symbol": "MYO1D", "name": "myosin ID", "organism": "Homo sapiens", "tissue": "skin of body"}, {"me": 2.356587034283262, "pc": 0.21019108280254778, "marker_score": 0.1242417870542464, "symbol": "PTEN", "name": "phosphatase and tensin homolog", "organism": "Homo sapiens", "tissue": "skin of body"}, {"me": 2.2137862495754077, "pc": 0.1464968152866242, "marker_score": 0.1206986612777814, "symbol": "BACE2", "name": "beta-secretase 2", "organism": "Homo sapiens", "tissue": "skin of body"}, {"me": 2.8402119029651987, "pc": 0.3503184713375796, "marker_score": 0.11818179495754529, "symbol": "VMP1", "name": "vacuole membrane protein 1", "organism": "Homo sapiens", "tissue": "skin of body"}, {"me": 2.3029826620350713, "pc": 0.1464968152866242, "marker_score": 0.1181515471343218, "symbol": "AKT3", "name": "AKT serine/threonine kinase 3", "organism": "Homo sapiens", "tissue": "skin of body"}, {"me": 2.3443840874565973, "pc": 0.11464968152866242, "marker_score": 0.1020147405461635, "symbol": "FER", "name": "FER tyrosine kinase", "organism": "Homo sapiens", "tissue": "skin of body"}, {"me": 3.6435430617559526, "pc": 0.6687898089171974, "marker_score": 0.09987763708736727, "symbol": "LINGO1", "name": "leucine rich repeat and Ig domain containing 1", "organism": "Homo sapiens", "tissue": "skin of body"}, {"me": 2.2898078687263257, "pc": 0.21019108280254778, "marker_score": 0.07674935778008846, "symbol": "QKI", "name": "QKI, KH domain containing RNA binding", "organism": "Homo sapiens", "tissue": "skin of body"}, {"me": 2.518762082469707, "pc": 0.31210191082802546, "marker_score": 0.056237978386374704, "symbol": "PAG1", "name": "phosphoprotein membrane anchor with glycosphingolipid microdomains 1", "organism": "Homo sapiens", "tissue": "skin of body"}, {"me": 3.222348511674022, "pc": 0.8343949044585988, "marker_score": 2.3067593717958603, "symbol": "OCA2", "name": "OCA2 melanosomal transmembrane protein", "organism": "Homo sapiens", "tissue": "All Tissues"}, {"me": 3.0178637322578723, "pc": 0.8343949044585988, "marker_score": 2.260127947641668, "symbol": "FMN1", "name": "formin 1", "organism": "Homo sapiens", "tissue": "All Tissues"}, {"me": 3.5108160594153026, "pc": 0.802547770700637, "marker_score": 2.2432806008517936, "symbol": "DCT", "name": "dopachrome tautomerase", "organism": "Homo sapiens", "tissue": "All Tissues"}, {"me": 3.6435430617559526, "pc": 0.6687898089171974, "marker_score": 1.5199568917419926, "symbol": "LINGO1", "name": "leucine rich repeat and Ig domain containing 1", "organism": "Homo sapiens", "tissue": "All Tissues"}, {"me": 3.2208505025724086, "pc": 0.7834394904458599, "marker_score": 1.3912299803978727, "symbol": "PTPRM", "name": "protein tyrosine phosphatase receptor type M", "organism": "Homo sapiens", "tissue": "All Tissues"}, {"me": 2.6863132433944874, "pc": 0.5668789808917197, "marker_score": 1.3552152519015153, "symbol": "TYR", "name": "tyrosinase", "organism": "Homo sapiens", "tissue": "All Tissues"}, {"me": 2.769790981126868, "pc": 0.5859872611464968, "marker_score": 1.2784804993977672, "symbol": "MYO10", "name": "myosin X", "organism": "Homo sapiens", "tissue": "All Tissues"}, {"me": 2.804809005172164, "pc": 0.5159235668789809, "marker_score": 1.1754801437702855, "symbol": "TYRP1", "name": "tyrosinase related protein 1", "organism": "Homo sapiens", "tissue": "All Tissues"}, {"me": 2.812098805497332, "pc": 0.5222929936305732, "marker_score": 1.1674933415936573, "symbol": "TRPM1", "name": "transient receptor potential cation channel subfamily M member 1", "organism": "Homo sapiens", "tissue": "All Tissues"}, {"me": 2.6820968434780457, "pc": 0.5031847133757962, "marker_score": 1.1349924170361498, "symbol": "EGLN3", "name": "egl-9 family hypoxia inducible factor 3", "organism": "Homo sapiens", "tissue": "All Tissues"}, {"me": 2.8378913693311736, "pc": 0.5222929936305732, "marker_score": 1.048902533226949, "symbol": "INPP4B", "name": "inositol polyphosphate-4-phosphatase type II B", "organism": "Homo sapiens", "tissue": "All Tissues"}, {"me": 2.6080472469329834, "pc": 0.40764331210191085, "marker_score": 0.9785032689671584, "symbol": "PMEL", "name": "premelanosome protein", "organism": "Homo sapiens", "tissue": "All Tissues"}, {"me": 2.546195765904018, "pc": 0.445859872611465, "marker_score": 0.9658818821903834, "symbol": "MYO5A", "name": "myosin VA", "organism": "Homo sapiens", "tissue": "All Tissues"}, {"me": 3.1646373515226403, "pc": 0.6242038216560509, "marker_score": 0.9252239579253281, "symbol": "PLEKHA5", "name": "pleckstrin homology domain containing A5", "organism": "Homo sapiens", "tissue": "All Tissues"}, {"me": 2.6254651750837055, "pc": 0.445859872611465, "marker_score": 0.9167726303553997, "symbol": "SEMA3C", "name": "semaphorin 3C", "organism": "Homo sapiens", "tissue": "All Tissues"}, {"me": 3.8573733243075283, "pc": 0.42038216560509556, "marker_score": 0.9006249588322068, "symbol": "RASGEF1B", "name": "RasGEF domain family member 1B", "organism": "Homo sapiens", "tissue": "All Tissues"}, {"me": 2.4155505145037615, "pc": 0.34394904458598724, "marker_score": 0.8578379023234982, "symbol": "PLXNC1", "name": "plexin C1", "organism": "Homo sapiens", "tissue": "All Tissues"}, {"me": 3.288819610095415, "pc": 0.3885350318471338, "marker_score": 0.8461183585593512, "symbol": "SLC26A3", "name": "solute carrier family 26 member 3", "organism": "Homo sapiens", "tissue": "All Tissues"}, {"me": 2.502383538012235, "pc": 0.3375796178343949, "marker_score": 0.8214262005032985, "symbol": "TEX41", "name": "testis expressed 41", "organism": "Homo sapiens", "tissue": "All Tissues"}, {"me": 2.518762082469707, "pc": 0.31210191082802546, "marker_score": 0.7303019975808683, "symbol": "PAG1", "name": "phosphoprotein membrane anchor with glycosphingolipid microdomains 1", "organism": "Homo sapiens", "tissue": "All Tissues"}, {"me": 2.53374652473294, "pc": 0.31210191082802546, "marker_score": 0.728046783706171, "symbol": "GALNTL6", "name": "polypeptide N-acetylgalactosaminyltransferase like 6", "organism": "Homo sapiens", "tissue": "All Tissues"}, {"me": 2.4745286729600693, "pc": 0.28662420382165604, "marker_score": 0.6805269794456512, "symbol": "KIT", "name": "KIT proto-oncogene, receptor tyrosine kinase", "organism": "Homo sapiens", "tissue": "All Tissues"}, {"me": 2.543241101641988, "pc": 0.27388535031847133, "marker_score": 0.6624208869582677, "symbol": "ARMC9", "name": "armadillo repeat containing 9", "organism": "Homo sapiens", "tissue": "All Tissues"}, {"me": 2.5610570134343327, "pc": 0.2356687898089172, "marker_score": 0.6376432502825762, "symbol": "MFSD12", "name": "major facilitator superfamily domain containing 12", "organism": "Homo sapiens", "tissue": "All Tissues"}, {"me": 2.632084773137019, "pc": 0.2484076433121019, "marker_score": 0.6359480224814973, "symbol": "CHSY3", "name": "chondroitin sulfate synthase 3", "organism": "Homo sapiens", "tissue": "All Tissues"}, {"me": 3.3901214599609375, "pc": 0.267515923566879, "marker_score": 0.6284784524218242, "symbol": "PLCG2", "name": "phospholipase C gamma 2", "organism": "Homo sapiens", "tissue": "All Tissues"}, {"me": 2.6079637739393444, "pc": 0.22929936305732485, "marker_score": 0.5707360060892885, "symbol": "MTHFD1L", "name": "methylenetetrahydrofolate dehydrogenase (NADP+ dependent) 1 like", "organism": "Homo sapiens", "tissue": "All Tissues"}, {"me": 2.3657834670122933, "pc": 0.21656050955414013, "marker_score": 0.5657447882159699, "symbol": "LINC00511", "name": "long intergenic non-protein coding RNA 511", "organism": "Homo sapiens", "tissue": "All Tissues"}, {"me": 2.8148095267159596, "pc": 0.267515923566879, "marker_score": 0.5565018891641721, "symbol": "MITF", "name": "melanocyte inducing transcription factor", "organism": "Homo sapiens", "tissue": "All Tissues"}, {"me": 2.8134359544323337, "pc": 0.39490445859872614, "marker_score": 0.5538180345463004, "symbol": "AFF3", "name": "ALF transcription elongation factor 3", "organism": "Homo sapiens", "tissue": "All Tissues"}, {"me": 2.4391995693774935, "pc": 0.29936305732484075, "marker_score": 0.5432673638307765, "symbol": "EPS15", "name": "epidermal growth factor receptor pathway substrate 15", "organism": "Homo sapiens", "tissue": "All Tissues"}, {"me": 2.5417951386550377, "pc": 0.18471337579617833, "marker_score": 0.5431304372258209, "symbol": "PRKD3", "name": "protein kinase D3", "organism": "Homo sapiens", "tissue": "All Tissues"}, {"me": 2.560840352376302, "pc": 0.1910828025477707, "marker_score": 0.5343573265130998, "symbol": "LONRF1", "name": "LON peptidase N-terminal domain and ring finger 1", "organism": "Homo sapiens", "tissue": "All Tissues"}, {"me": 2.388112951208044, "pc": 0.17197452229299362, "marker_score": 0.4990561207650921, "symbol": "TFAP2A", "name": "transcription factor AP-2 alpha", "organism": "Homo sapiens", "tissue": "All Tissues"}, {"me": 2.4556677924262154, "pc": 0.28662420382165604, "marker_score": 0.49716405708885986, "symbol": "LINC-PINT", "name": "long intergenic non-protein coding RNA, p53 induced transcript", "organism": "Homo sapiens", "tissue": "All Tissues"}, {"me": 2.4868477715386286, "pc": 0.22929936305732485, "marker_score": 0.49682088979632055, "symbol": "ANKRD44", "name": "ankyrin repeat domain 44", "organism": "Homo sapiens", "tissue": "All Tissues"}, {"me": 2.526866746985394, "pc": 0.2929936305732484, "marker_score": 0.4902561891808364, "symbol": "MYO1E", "name": "myosin IE", "organism": "Homo sapiens", "tissue": "All Tissues"}, {"me": 2.4619921875, "pc": 0.1592356687898089, "marker_score": 0.48070734457447384, "symbol": "CYTH3", "name": "cytohesin 3", "organism": "Homo sapiens", "tissue": "All Tissues"}, {"me": 2.3855607169015065, "pc": 0.17834394904458598, "marker_score": 0.47737048163882667, "symbol": "SLC16A10", "name": "solute carrier family 16 member 10", "organism": "Homo sapiens", "tissue": "All Tissues"}, {"me": 2.3371004377092635, "pc": 0.17834394904458598, "marker_score": 0.4626832792433592, "symbol": "CPEB2", "name": "cytoplasmic polyadenylation element binding protein 2", "organism": "Homo sapiens", "tissue": "All Tissues"}, {"me": 2.5704240065354567, "pc": 0.16560509554140126, "marker_score": 0.44608955964119557, "symbol": "GCNT2", "name": "glucosaminyl (N-acetyl) transferase 2 (I blood group)", "organism": "Homo sapiens", "tissue": "All Tissues"}, {"me": 2.687056692023026, "pc": 0.12101910828025478, "marker_score": 0.4231728135462907, "symbol": "BCOR", "name": "BCL6 corepressor", "organism": "Homo sapiens", "tissue": "All Tissues"}, {"me": 2.4893264770507812, "pc": 0.2802547770700637, "marker_score": 0.42247285615506336, "symbol": "BNC2", "name": "basonuclin 2", "organism": "Homo sapiens", "tissue": "All Tissues"}, {"me": 2.6239888117863583, "pc": 0.2484076433121019, "marker_score": 0.4178514173543386, "symbol": "STXBP5", "name": "syntaxin binding protein 5", "organism": "Homo sapiens", "tissue": "All Tissues"}, {"me": 2.333894036032937, "pc": 0.14012738853503184, "marker_score": 0.4055386036009284, "symbol": "GTF2F2", "name": "general transcription factor IIF subunit 2", "organism": "Homo sapiens", "tissue": "All Tissues"}, {"me": 2.4235496520996094, "pc": 0.11464968152866242, "marker_score": 0.39309289777518425, "symbol": "ZNF277", "name": "zinc finger protein 277", "organism": "Homo sapiens", "tissue": "All Tissues"}, {"me": 2.251284966102013, "pc": 0.16560509554140126, "marker_score": 0.39039228334166054, "symbol": "STXBP6", "name": "syntaxin binding protein 6", "organism": "Homo sapiens", "tissue": "All Tissues"}, {"me": 2.230912057976974, "pc": 0.12101910828025478, "marker_score": 0.38909074651469694, "symbol": "ATP10A", "name": "ATPase phospholipid transporting 10A (putative)", "organism": "Homo sapiens", "tissue": "All Tissues"}, {"me": 2.535350007830926, "pc": 0.3375796178343949, "marker_score": 0.30026618526452753, "symbol": "SSH2", "name": "slingshot protein phosphatase 2", "organism": "Homo sapiens", "tissue": "All Tissues"}, {"me": 2.3607094376175493, "pc": 0.17197452229299362, "marker_score": 0.2712167987781108, "symbol": "PCSK2", "name": "proprotein convertase subtilisin/kexin type 2", "organism": "Homo sapiens", "tissue": "All Tissues"}, {"me": 2.4656295776367188, "pc": 0.12101910828025478, "marker_score": 0.2671952173728247, "symbol": "GNPTAB", "name": "N-acetylglucosamine-1-phosphate transferase subunits alpha and beta", "organism": "Homo sapiens", "tissue": "All Tissues"}, {"me": 2.336791826331097, "pc": 0.1464968152866242, "marker_score": 0.22231407866207975, "symbol": "SNCA", "name": "synuclein alpha", "organism": "Homo sapiens", "tissue": "All Tissues"}, {"me": 2.4586585792335303, "pc": 0.2356687898089172, "marker_score": 0.18311978263636017, "symbol": "TMEM117", "name": "transmembrane protein 117", "organism": "Homo sapiens", "tissue": "All Tissues"}, {"me": 2.4899940490722656, "pc": 0.11464968152866242, "marker_score": 0.14915799967140336, "symbol": "ST3GAL6", "name": "ST3 beta-galactoside alpha-2,3-sialyltransferase 6", "organism": "Homo sapiens", "tissue": "All Tissues"}, {"me": 2.455234336853027, "pc": 0.12738853503184713, "marker_score": 0.09969920642346351, "symbol": "PHLPP1", "name": "PH domain and leucine rich repeat protein phosphatase 1", "organism": "Homo sapiens", "tissue": "All Tissues"}, {"me": 2.8402119029651987, "pc": 0.3503184713375796, "marker_score": 0.06725358454964152, "symbol": "VMP1", "name": "vacuole membrane protein 1", "organism": "Homo sapiens", "tissue": "All Tissues"}, {"me": 2.356587034283262, "pc": 0.21019108280254778, "marker_score": 0.05565631719834402, "symbol": "PTEN", "name": "phosphatase and tensin homolog", "organism": "Homo sapiens", "tissue": "All Tissues"}, {"me": 2.4218862433182564, "pc": 0.12101910828025478, "marker_score": 0.032659944767747404, "symbol": "SORT1", "name": "sortilin 1", "organism": "Homo sapiens", "tissue": "All Tissues"}, {"me": 2.2137862495754077, "pc": 0.1464968152866242, "marker_score": 0.02268449172220643, "symbol": "BACE2", "name": "beta-secretase 2", "organism": "Homo sapiens", "tissue": "All Tissues"}, {"me": 2.3444911411830356, "pc": 0.1337579617834395, "marker_score": 0.0008622022175828547, "symbol": "GULP1", "name": "GULP PTB domain containing engulfment adaptor 1", "organism": "Homo sapiens", "tissue": "All Tissues"}]