[{"me": 3.2150814724522023, "pc": 0.9314676419144539, "marker_score": 2.0830515461049215, "symbol": "KRT19", "name": "keratin 19", "organism": "Homo sapiens", "tissue": "eye"}, {"me": 2.4497862168025692, "pc": 0.8726347591031961, "marker_score": 1.9324137003753434, "symbol": "AQP3", "name": "aquaporin 3 (Gill blood group)", "organism": "Homo sapiens", "tissue": "eye"}, {"me": 2.571350108557332, "pc": 0.8902846239465734, "marker_score": 1.7979169779719113, "symbol": "TACSTD2", "name": "tumor associated calcium signal transducer 2", "organism": "Homo sapiens", "tissue": "eye"}, {"me": 2.777102749301025, "pc": 0.8530768007632374, "marker_score": 1.6697277386260483, "symbol": "SLPI", "name": "secretory leukocyte peptidase inhibitor", "organism": "Homo sapiens", "tissue": "eye"}, {"me": 2.9428867574257427, "pc": 0.8029893464779774, "marker_score": 1.6509154683517209, "symbol": "KRT13", "name": "keratin 13", "organism": "Homo sapiens", "tissue": "eye"}, {"me": 3.0822398071872015, "pc": 0.8324057878836063, "marker_score": 1.4468975848647887, "symbol": "S100A9", "name": "S100 calcium binding protein A9", "organism": "Homo sapiens", "tissue": "eye"}, {"me": 2.7851836029372463, "pc": 0.7436794402925744, "marker_score": 1.4239479230768468, "symbol": "AQP5", "name": "aquaporin 5", "organism": "Homo sapiens", "tissue": "eye"}, {"me": 2.6378699283451406, "pc": 0.7967880426140881, "marker_score": 1.3176681638589087, "symbol": "CLDN4", "name": "claudin 4", "organism": "Homo sapiens", "tissue": "eye"}, {"me": 2.2994322512472283, "pc": 0.7888376530449992, "marker_score": 1.2982755289691634, "symbol": "F3", "name": "coagulation factor III, tissue factor", "organism": "Homo sapiens", "tissue": "eye"}, {"me": 2.7321118296594835, "pc": 0.9666083638098267, "marker_score": 1.2432849498712422, "symbol": "PERP", "name": "p53 apoptosis effector related to PMP22", "organism": "Homo sapiens", "tissue": "eye"}, {"me": 3.1328559555883886, "pc": 0.9147718238193672, "marker_score": 1.2297340733404027, "symbol": "S100A11", "name": "S100 calcium binding protein A11", "organism": "Homo sapiens", "tissue": "eye"}, {"me": 2.340936578645638, "pc": 0.8494196215614566, "marker_score": 1.2110990354318176, "symbol": "CD55", "name": "CD55 molecule (Cromer blood group)", "organism": "Homo sapiens", "tissue": "eye"}, {"me": 1.9788029098349853, "pc": 0.7540149467323899, "marker_score": 1.1938981617593196, "symbol": "BAG1", "name": "BAG cochaperone 1", "organism": "Homo sapiens", "tissue": "eye"}, {"me": 2.6367291972663103, "pc": 0.9066624264588965, "marker_score": 1.1150719998642067, "symbol": "GSTP1", "name": "glutathione S-transferase pi 1", "organism": "Homo sapiens", "tissue": "eye"}, {"me": 1.918063338514398, "pc": 0.5770392749244713, "marker_score": 1.0940154259165653, "symbol": "CXCL17", "name": "C-X-C motif chemokine ligand 17", "organism": "Homo sapiens", "tissue": "eye"}, {"me": 2.3212498675098927, "pc": 0.8438543488630943, "marker_score": 1.0494495187923518, "symbol": "PRDX1", "name": "peroxiredoxin 1", "organism": "Homo sapiens", "tissue": "eye"}, {"me": 2.705721336941271, "pc": 0.793289871203689, "marker_score": 1.0329047397455586, "symbol": "SFN", "name": "stratifin", "organism": "Homo sapiens", "tissue": "eye"}, {"me": 2.673982403535798, "pc": 0.6773731912863731, "marker_score": 1.0234144660812883, "symbol": "S100A8", "name": "S100 calcium binding protein A8", "organism": "Homo sapiens", "tissue": "eye"}, {"me": 2.240532425720816, "pc": 0.5652726983622197, "marker_score": 1.0169282940099316, "symbol": "KRT4", "name": "keratin 4", "organism": "Homo sapiens", "tissue": "eye"}, {"me": 2.1925601191374797, "pc": 0.5924630306885037, "marker_score": 0.9664969614783343, "symbol": "PHLDA2", "name": "pleckstrin homology like domain family A member 2", "organism": "Homo sapiens", "tissue": "eye"}, {"me": 2.2591431314924617, "pc": 0.864843377325489, "marker_score": 0.9524213689494413, "symbol": "KLF5", "name": "KLF transcription factor 5", "organism": "Homo sapiens", "tissue": "eye"}, {"me": 1.881357029886562, "pc": 0.5466687867705518, "marker_score": 0.9504840087779342, "symbol": "AGR2", "name": "anterior gradient 2, protein disulphide isomerase family member", "organism": "Homo sapiens", "tissue": "eye"}, {"me": 1.8134715945221658, "pc": 0.5469868023533153, "marker_score": 0.9462737348751155, "symbol": "S100A14", "name": "S100 calcium binding protein A14", "organism": "Homo sapiens", "tissue": "eye"}, {"me": 3.2088468548982965, "pc": 0.9146128160279854, "marker_score": 0.8948409920116162, "symbol": "S100A4", "name": "S100 calcium binding protein A4", "organism": "Homo sapiens", "tissue": "eye"}, {"me": 1.7822974601052934, "pc": 0.4851327715058038, "marker_score": 0.8921674885267786, "symbol": "C19orf33", "name": "chromosome 19 open reading frame 33", "organism": "Homo sapiens", "tissue": "eye"}, {"me": 2.3119007132903873, "pc": 0.8700906344410876, "marker_score": 0.8545908880392923, "symbol": "LGALS3", "name": "galectin 3", "organism": "Homo sapiens", "tissue": "eye"}, {"me": 3.16415154272888, "pc": 0.8545078708856734, "marker_score": 0.8462584139928504, "symbol": "FABP5", "name": "fatty acid binding protein 5", "organism": "Homo sapiens", "tissue": "eye"}, {"me": 2.641800447789634, "pc": 0.912704722531404, "marker_score": 0.8420104082275053, "symbol": "HSPB1", "name": "heat shock protein family B (small) member 1", "organism": "Homo sapiens", "tissue": "eye"}, {"me": 3.5643947453088676, "pc": 0.9575449197010654, "marker_score": 0.8340012257322473, "symbol": "S100A6", "name": "S100 calcium binding protein A6", "organism": "Homo sapiens", "tissue": "eye"}, {"me": 2.2110887361582607, "pc": 0.49181109874383844, "marker_score": 0.8314081700330546, "symbol": "FGFBP1", "name": "fibroblast growth factor binding protein 1", "organism": "Homo sapiens", "tissue": "eye"}, {"me": 2.6172774997928063, "pc": 0.9592940054062649, "marker_score": 0.8093780841898068, "symbol": "ANXA2", "name": "annexin A2", "organism": "Homo sapiens", "tissue": "eye"}, {"me": 1.753435192556691, "pc": 0.56797583081571, "marker_score": 0.8072449954833736, "symbol": "KRT18", "name": "keratin 18", "organism": "Homo sapiens", "tissue": "eye"}, {"me": 2.152513500803179, "pc": 0.47018603911591667, "marker_score": 0.8063738779568317, "symbol": "LCN2", "name": "lipocalin 2", "organism": "Homo sapiens", "tissue": "eye"}, {"me": 2.2257095788043477, "pc": 0.4571474002226109, "marker_score": 0.776764661793464, "symbol": "KRT17", "name": "keratin 17", "organism": "Homo sapiens", "tissue": "eye"}, {"me": 2.279320819872432, "pc": 0.7198282715853077, "marker_score": 0.7596008556154592, "symbol": "TXN", "name": "thioredoxin", "organism": "Homo sapiens", "tissue": "eye"}, {"me": 1.5957999014639639, "pc": 0.4059468913976785, "marker_score": 0.7315198821184539, "symbol": "KRT8", "name": "keratin 8", "organism": "Homo sapiens", "tissue": "eye"}, {"me": 2.4084547597096693, "pc": 0.4662108443313722, "marker_score": 0.7280884002551842, "symbol": "S100A2", "name": "S100 calcium binding protein A2", "organism": "Homo sapiens", "tissue": "eye"}, {"me": 1.799659131920856, "pc": 0.5851486722849419, "marker_score": 0.6884938009607865, "symbol": "HOPX", "name": "HOP homeobox", "organism": "Homo sapiens", "tissue": "eye"}, {"me": 1.8498593620974402, "pc": 0.3851168707266656, "marker_score": 0.6780738510582869, "symbol": "WFDC2", "name": "WAP four-disulfide core domain 2", "organism": "Homo sapiens", "tissue": "eye"}, {"me": 1.99346, "pc": 0.49689934806805536, "marker_score": 0.6715671800079949, "symbol": "LYPD3", "name": "LY6/PLAUR domain containing 3", "organism": "Homo sapiens", "tissue": "eye"}, {"me": 1.9004988544330776, "pc": 0.5595484178724758, "marker_score": 0.6553725159955914, "symbol": "SDC1", "name": "syndecan 1", "organism": "Homo sapiens", "tissue": "eye"}, {"me": 1.874390588886749, "pc": 0.5159802830338687, "marker_score": 0.6483610584771321, "symbol": "GPRC5A", "name": "G protein-coupled receptor class C group 5 member A", "organism": "Homo sapiens", "tissue": "eye"}, {"me": 1.6665482280193695, "pc": 0.4186675147082207, "marker_score": 0.6382317278582439, "symbol": "RAP2B", "name": "RAP2B, member of RAS oncogene family", "organism": "Homo sapiens", "tissue": "eye"}, {"me": 1.7161188125610352, "pc": 0.40705994593735095, "marker_score": 0.6374420116724366, "symbol": "CLDN7", "name": "claudin 7", "organism": "Homo sapiens", "tissue": "eye"}, {"me": 1.6830522741638574, "pc": 0.4480839561138496, "marker_score": 0.6357747343381939, "symbol": "MGST1", "name": "microsomal glutathione S-transferase 1", "organism": "Homo sapiens", "tissue": "eye"}, {"me": 3.3419537364939593, "pc": 0.9344887899507076, "marker_score": 0.6189498668580123, "symbol": "ANXA1", "name": "annexin A1", "organism": "Homo sapiens", "tissue": "eye"}, {"me": 1.5390679592027432, "pc": 0.3057719828271585, "marker_score": 0.6174016839630239, "symbol": "UPK1B", "name": "uroplakin 1B", "organism": "Homo sapiens", "tissue": "eye"}, {"me": 1.6590627851277373, "pc": 0.4356813483860709, "marker_score": 0.6160279666667685, "symbol": "MPZL2", "name": "myelin protein zero like 2", "organism": "Homo sapiens", "tissue": "eye"}, {"me": 2.1107400459155703, "pc": 0.36253776435045315, "marker_score": 0.6159337234616065, "symbol": "PSCA", "name": "prostate stem cell antigen", "organism": "Homo sapiens", "tissue": "eye"}, {"me": 2.216791443462992, "pc": 0.5574813165845126, "marker_score": 0.6142220203536747, "symbol": "AREG", "name": "amphiregulin", "organism": "Homo sapiens", "tissue": "eye"}, {"me": 1.929888460955784, "pc": 0.4755923040228971, "marker_score": 0.6065470878350753, "symbol": "PMAIP1", "name": "phorbol-12-myristate-13-acetate-induced protein 1", "organism": "Homo sapiens", "tissue": "eye"}, {"me": 1.6996382119607254, "pc": 0.46255366512959134, "marker_score": 0.5995988554568309, "symbol": "SPINT2", "name": "serine peptidase inhibitor, Kunitz type 2", "organism": "Homo sapiens", "tissue": "eye"}, {"me": 2.101932329246295, "pc": 0.3057719828271585, "marker_score": 0.5988038105942404, "symbol": "MMP10", "name": "matrix metallopeptidase 10", "organism": "Homo sapiens", "tissue": "eye"}, {"me": 1.7607966940201336, "pc": 0.5113690570837971, "marker_score": 0.584647940773966, "symbol": "C9orf16", "name": "bublin coiled coil protein", "organism": "Homo sapiens", "tissue": "eye"}, {"me": 1.851531921264404, "pc": 0.31737955159802833, "marker_score": 0.5832476057433182, "symbol": "IGFBP3", "name": "insulin like growth factor binding protein 3", "organism": "Homo sapiens", "tissue": "eye"}, {"me": 2.1498262089010662, "pc": 0.33550643981555095, "marker_score": 0.5718238667028585, "symbol": "RARRES1", "name": "retinoic acid receptor responder 1", "organism": "Homo sapiens", "tissue": "eye"}, {"me": 1.421859539165947, "pc": 0.2761965336301479, "marker_score": 0.5630877789702017, "symbol": "SPINT1", "name": "serine peptidase inhibitor, Kunitz type 1", "organism": "Homo sapiens", "tissue": "eye"}, {"me": 1.567701286443785, "pc": 0.3415487358880585, "marker_score": 0.5602563681215802, "symbol": "A4GALT", "name": "alpha 1,4-galactosyltransferase (P blood group)", "organism": "Homo sapiens", "tissue": "eye"}, {"me": 1.8274616457657902, "pc": 0.6621084433137224, "marker_score": 0.5522950766996928, "symbol": "PRDX5", "name": "peroxiredoxin 5", "organism": "Homo sapiens", "tissue": "eye"}, {"me": 2.1848547461234005, "pc": 0.733184926061377, "marker_score": 0.5487849212447976, "symbol": "ELF3", "name": "E74 like ETS transcription factor 3", "organism": "Homo sapiens", "tissue": "eye"}, {"me": 1.5521065069269961, "pc": 0.28478295436476386, "marker_score": 0.5444303514528844, "symbol": "TNFRSF12A", "name": "TNF receptor superfamily member 12A", "organism": "Homo sapiens", "tissue": "eye"}, {"me": 1.70034574604079, "pc": 0.3401176657656225, "marker_score": 0.5404170580524528, "symbol": "AKR1C1", "name": "aldo-keto reductase family 1 member C1", "organism": "Homo sapiens", "tissue": "eye"}, {"me": 2.357063802083333, "pc": 0.4841787247575131, "marker_score": 0.540181835369619, "symbol": "KRT14", "name": "keratin 14", "organism": "Homo sapiens", "tissue": "eye"}, {"me": 1.5768848412856253, "pc": 0.2873270790268723, "marker_score": 0.5401229371375139, "symbol": "C1orf116", "name": "chromosome 1 open reading frame 116", "organism": "Homo sapiens", "tissue": "eye"}, {"me": 1.8940641631211457, "pc": 0.6703768484655748, "marker_score": 0.5390182808719558, "symbol": "PPDPF", "name": "pancreatic progenitor cell differentiation and proliferation factor", "organism": "Homo sapiens", "tissue": "eye"}, {"me": 1.909551659466741, "pc": 0.4278899666083638, "marker_score": 0.5383479244546738, "symbol": "SERPINB1", "name": "serpin family B member 1", "organism": "Homo sapiens", "tissue": "eye"}, {"me": 2.3790380070566304, "pc": 0.8956908888535539, "marker_score": 0.5363613437126433, "symbol": "EZR", "name": "ezrin", "organism": "Homo sapiens", "tissue": "eye"}, {"me": 1.7465507518105277, "pc": 0.33757354110351406, "marker_score": 0.5349950293497088, "symbol": "AKR1C2", "name": "aldo-keto reductase family 1 member C2", "organism": "Homo sapiens", "tissue": "eye"}, {"me": 1.524445167344061, "pc": 0.23962474161233902, "marker_score": 0.533251912407447, "symbol": "CDKN2B", "name": "cyclin dependent kinase inhibitor 2B", "organism": "Homo sapiens", "tissue": "eye"}, {"me": 2.4209167929378914, "pc": 0.583717602162506, "marker_score": 0.5308942723952477, "symbol": "APOBEC3A", "name": "apolipoprotein B mRNA editing enzyme catalytic subunit 3A", "organism": "Homo sapiens", "tissue": "eye"}, {"me": 2.9366928572226194, "pc": 0.8899666083638098, "marker_score": 0.5296598146412486, "symbol": "KRT5", "name": "keratin 5", "organism": "Homo sapiens", "tissue": "eye"}, {"me": 1.4609907314024861, "pc": 0.2574336142470981, "marker_score": 0.5295151287799235, "symbol": "SOX15", "name": "SRY-box transcription factor 15", "organism": "Homo sapiens", "tissue": "eye"}, {"me": 1.6193946858509234, "pc": 0.30131976466846877, "marker_score": 0.5281935860072691, "symbol": "KRT7", "name": "keratin 7", "organism": "Homo sapiens", "tissue": "eye"}, {"me": 1.5210455729166668, "pc": 0.2981396088408332, "marker_score": 0.5197524403404691, "symbol": "MALL", "name": "mal, T cell differentiation protein like", "organism": "Homo sapiens", "tissue": "eye"}, {"me": 1.4685298052226028, "pc": 0.2901892192717443, "marker_score": 0.5124933686614614, "symbol": "F11R", "name": "F11 receptor", "organism": "Homo sapiens", "tissue": "eye"}, {"me": 1.6111237726124512, "pc": 0.243917951979647, "marker_score": 0.5117641473098149, "symbol": "CALML3", "name": "calmodulin like 3", "organism": "Homo sapiens", "tissue": "eye"}, {"me": 1.853153030960648, "pc": 0.30052472571155986, "marker_score": 0.5075455474581679, "symbol": "PLAU", "name": "plasminogen activator, urokinase", "organism": "Homo sapiens", "tissue": "eye"}, {"me": 1.7281708487817797, "pc": 0.46907298457624425, "marker_score": 0.5066264841444799, "symbol": "S100A16", "name": "S100 calcium binding protein A16", "organism": "Homo sapiens", "tissue": "eye"}, {"me": 1.9812087932772888, "pc": 0.758944188265225, "marker_score": 0.5045607755082676, "symbol": "CD9", "name": "CD9 molecule", "organism": "Homo sapiens", "tissue": "eye"}, {"me": 1.7384394827605671, "pc": 0.22006678327238036, "marker_score": 0.5038520996301108, "symbol": "SLC34A2", "name": "solute carrier family 34 member 2", "organism": "Homo sapiens", "tissue": "eye"}, {"me": 1.6578770280235988, "pc": 0.2695182063921132, "marker_score": 0.49918003363009933, "symbol": "NRARP", "name": "NOTCH regulated ankyrin repeat protein", "organism": "Homo sapiens", "tissue": "eye"}, {"me": 1.6155388711024499, "pc": 0.21418349499125458, "marker_score": 0.4981152936830322, "symbol": "MSLN", "name": "mesothelin", "organism": "Homo sapiens", "tissue": "eye"}, {"me": 1.5324696011863717, "pc": 0.31706153601526477, "marker_score": 0.49704009738120364, "symbol": "PRRG4", "name": "proline rich and Gla domain 4", "organism": "Homo sapiens", "tissue": "eye"}, {"me": 2.16444921875, "pc": 0.23851168707266657, "marker_score": 0.49425049507805835, "symbol": "SERPINB2", "name": "serpin family B member 2", "organism": "Homo sapiens", "tissue": "eye"}, {"me": 1.6197328036889098, "pc": 0.21148036253776434, "marker_score": 0.4941723841581437, "symbol": "CEACAM6", "name": "CEA cell adhesion molecule 6", "organism": "Homo sapiens", "tissue": "eye"}, {"me": 1.4265981727387325, "pc": 0.31928764509460966, "marker_score": 0.485812337645367, "symbol": "PARD6B", "name": "par-6 family cell polarity regulator beta", "organism": "Homo sapiens", "tissue": "eye"}, {"me": 1.8020991198699874, "pc": 0.6344410876132931, "marker_score": 0.4855292032219634, "symbol": "SET", "name": "SET nuclear proto-oncogene", "organism": "Homo sapiens", "tissue": "eye"}, {"me": 1.8851688995822318, "pc": 0.42105263157894735, "marker_score": 0.4849928329221351, "symbol": "DSC2", "name": "desmocollin 2", "organism": "Homo sapiens", "tissue": "eye"}, {"me": 1.5468603440466264, "pc": 0.30990618540308473, "marker_score": 0.4840445620760212, "symbol": "EPHA2", "name": "EPH receptor A2", "organism": "Homo sapiens", "tissue": "eye"}, {"me": 1.881936992044414, "pc": 0.6077277786611543, "marker_score": 0.4820968674939439, "symbol": "TRIM29", "name": "tripartite motif containing 29", "organism": "Homo sapiens", "tissue": "eye"}, {"me": 1.7526548230306567, "pc": 0.49403720782318333, "marker_score": 0.47756439897020025, "symbol": "CLEC2B", "name": "C-type lectin domain family 2 member B", "organism": "Homo sapiens", "tissue": "eye"}, {"me": 2.37028140045209, "pc": 0.6770551757036095, "marker_score": 0.47534635498089345, "symbol": "TM4SF1", "name": "transmembrane 4 L six family member 1", "organism": "Homo sapiens", "tissue": "eye"}, {"me": 1.5637064119664634, "pc": 0.2933693750993799, "marker_score": 0.4747593684106223, "symbol": "ARL4D", "name": "ADP ribosylation factor like GTPase 4D", "organism": "Homo sapiens", "tissue": "eye"}, {"me": 1.5010039399453172, "pc": 0.2580696454126252, "marker_score": 0.47362872693437474, "symbol": "NECTIN4", "name": "nectin cell adhesion molecule 4", "organism": "Homo sapiens", "tissue": "eye"}, {"me": 1.4764322808014854, "pc": 0.238193671489903, "marker_score": 0.4712238300749435, "symbol": "RHOV", "name": "ras homolog family member V", "organism": "Homo sapiens", "tissue": "eye"}, {"me": 1.3918393263176305, "pc": 0.19176339640642392, "marker_score": 0.46946788094068037, "symbol": "MUC1", "name": "mucin 1, cell surface associated", "organism": "Homo sapiens", "tissue": "eye"}, {"me": 1.300914314860848, "pc": 0.18890125616155193, "marker_score": 0.4686709033773424, "symbol": "GJB3", "name": "gap junction protein beta 3", "organism": "Homo sapiens", "tissue": "eye"}, {"me": 1.4283004103131849, "pc": 0.21768166640165368, "marker_score": 0.46669342975826344, "symbol": "RAB25", "name": "RAB25, member RAS oncogene family", "organism": "Homo sapiens", "tissue": "eye"}, {"me": 2.1624922814647767, "pc": 0.23135633646048656, "marker_score": 0.4645526202324843, "symbol": "KRT6A", "name": "keratin 6A", "organism": "Homo sapiens", "tissue": "eye"}, {"me": 1.589378869154428, "pc": 0.35999363968834475, "marker_score": 0.46348718476280365, "symbol": "TUBA1C", "name": "tubulin alpha 1c", "organism": "Homo sapiens", "tissue": "eye"}, {"me": 2.9366928572226194, "pc": 0.8899666083638098, "marker_score": 1.9121274999374027, "symbol": "KRT5", "name": "keratin 5", "organism": "Homo sapiens", "tissue": "All Tissues"}, {"me": 2.9428867574257427, "pc": 0.8029893464779774, "marker_score": 1.6560316072616845, "symbol": "KRT13", "name": "keratin 13", "organism": "Homo sapiens", "tissue": "All Tissues"}, {"me": 2.7321118296594835, "pc": 0.9666083638098267, "marker_score": 1.5342626371880597, "symbol": "PERP", "name": "p53 apoptosis effector related to PMP22", "organism": "Homo sapiens", "tissue": "All Tissues"}, {"me": 2.7851836029372463, "pc": 0.7436794402925744, "marker_score": 1.4433120596206301, "symbol": "AQP5", "name": "aquaporin 5", "organism": "Homo sapiens", "tissue": "All Tissues"}, {"me": 2.2994322512472283, "pc": 0.7888376530449992, "marker_score": 1.3883987801597717, "symbol": "F3", "name": "coagulation factor III, tissue factor", "organism": "Homo sapiens", "tissue": "All Tissues"}, {"me": 2.2168560006611524, "pc": 0.7064716171092383, "marker_score": 1.3606718140618586, "symbol": "ALDH3A1", "name": "aldehyde dehydrogenase 3 family member A1", "organism": "Homo sapiens", "tissue": "All Tissues"}, {"me": 2.340936578645638, "pc": 0.8494196215614566, "marker_score": 1.3503384137373937, "symbol": "CD55", "name": "CD55 molecule (Cromer blood group)", "organism": "Homo sapiens", "tissue": "All Tissues"}, {"me": 2.2591431314924617, "pc": 0.864843377325489, "marker_score": 1.307033387132205, "symbol": "KLF5", "name": "KLF transcription factor 5", "organism": "Homo sapiens", "tissue": "All Tissues"}, {"me": 2.705721336941271, "pc": 0.793289871203689, "marker_score": 1.2553264241910478, "symbol": "SFN", "name": "stratifin", "organism": "Homo sapiens", "tissue": "All Tissues"}, {"me": 3.16415154272888, "pc": 0.8545078708856734, "marker_score": 1.1973522948099309, "symbol": "FABP5", "name": "fatty acid binding protein 5", "organism": "Homo sapiens", "tissue": "All Tissues"}, {"me": 2.3790380070566304, "pc": 0.8956908888535539, "marker_score": 1.1892348311060645, "symbol": "EZR", "name": "ezrin", "organism": "Homo sapiens", "tissue": "All Tissues"}, {"me": 1.881936992044414, "pc": 0.6077277786611543, "marker_score": 1.1644526779000046, "symbol": "TRIM29", "name": "tripartite motif containing 29", "organism": "Homo sapiens", "tissue": "All Tissues"}, {"me": 3.3419537364939593, "pc": 0.9344887899507076, "marker_score": 1.1642651922138134, "symbol": "ANXA1", "name": "annexin A1", "organism": "Homo sapiens", "tissue": "All Tissues"}, {"me": 1.9788029098349853, "pc": 0.7540149467323899, "marker_score": 1.1577593877786863, "symbol": "BAG1", "name": "BAG cochaperone 1", "organism": "Homo sapiens", "tissue": "All Tissues"}, {"me": 3.3877862004950496, "pc": 0.9635872157735729, "marker_score": 1.1251845703146683, "symbol": "CLU", "name": "clusterin", "organism": "Homo sapiens", "tissue": "All Tissues"}, {"me": 2.0382023179642226, "pc": 0.6311019239942757, "marker_score": 1.1026039357678858, "symbol": "CLDN1", "name": "claudin 1", "organism": "Homo sapiens", "tissue": "All Tissues"}, {"me": 2.4209167929378914, "pc": 0.583717602162506, "marker_score": 1.0337336357071298, "symbol": "APOBEC3A", "name": "apolipoprotein B mRNA editing enzyme catalytic subunit 3A", "organism": "Homo sapiens", "tissue": "All Tissues"}, {"me": 2.240532425720816, "pc": 0.5652726983622197, "marker_score": 1.0172190203189653, "symbol": "KRT4", "name": "keratin 4", "organism": "Homo sapiens", "tissue": "All Tissues"}, {"me": 1.9004988544330776, "pc": 0.5595484178724758, "marker_score": 0.9881077473047634, "symbol": "SDC1", "name": "syndecan 1", "organism": "Homo sapiens", "tissue": "All Tissues"}, {"me": 1.7191116141474896, "pc": 0.49403720782318333, "marker_score": 0.9512076703277154, "symbol": "SYT8", "name": "synaptotagmin 8", "organism": "Homo sapiens", "tissue": "All Tissues"}, {"me": 2.2532753986249268, "pc": 0.8152329464143743, "marker_score": 0.9458426223953686, "symbol": "DSP", "name": "desmoplakin", "organism": "Homo sapiens", "tissue": "All Tissues"}, {"me": 1.8580455792374595, "pc": 0.4913340753696931, "marker_score": 0.9396536863730469, "symbol": "FAM83A", "name": "family with sequence similarity 83 member A", "organism": "Homo sapiens", "tissue": "All Tissues"}, {"me": 2.057972942878819, "pc": 0.5829225632055971, "marker_score": 0.9371044779218956, "symbol": "CSRP2", "name": "cysteine and glycine rich protein 2", "organism": "Homo sapiens", "tissue": "All Tissues"}, {"me": 1.9842652756103825, "pc": 0.5031006519319446, "marker_score": 0.9351063040218046, "symbol": "MIR205HG", "name": "MIR205 host gene", "organism": "Homo sapiens", "tissue": "All Tissues"}, {"me": 1.9224898726851851, "pc": 0.6139290825250437, "marker_score": 0.9102709697841098, "symbol": "EHF", "name": "ETS homologous factor", "organism": "Homo sapiens", "tissue": "All Tissues"}, {"me": 1.99346, "pc": 0.49689934806805536, "marker_score": 0.9016250411015846, "symbol": "LYPD3", "name": "LY6/PLAUR domain containing 3", "organism": "Homo sapiens", "tissue": "All Tissues"}, {"me": 1.8971545419914069, "pc": 0.5967562410558117, "marker_score": 0.8971248277257456, "symbol": "TXNRD1", "name": "thioredoxin reductase 1", "organism": "Homo sapiens", "tissue": "All Tissues"}, {"me": 1.7609836744225544, "pc": 0.46811893782795355, "marker_score": 0.8934454147561358, "symbol": "DENND2C", "name": "DENN domain containing 2C", "organism": "Homo sapiens", "tissue": "All Tissues"}, {"me": 2.0977670808521816, "pc": 0.7944029257433615, "marker_score": 0.8912998722837124, "symbol": "CAST", "name": "calpastatin", "organism": "Homo sapiens", "tissue": "All Tissues"}, {"me": 2.2110887361582607, "pc": 0.49181109874383844, "marker_score": 0.8866359546366696, "symbol": "FGFBP1", "name": "fibroblast growth factor binding protein 1", "organism": "Homo sapiens", "tissue": "All Tissues"}, {"me": 1.8177865739160124, "pc": 0.46573382095722693, "marker_score": 0.8639841647887065, "symbol": "SERPINB5", "name": "serpin family B member 5", "organism": "Homo sapiens", "tissue": "All Tissues"}, {"me": 1.8262405420286618, "pc": 0.48958498966449354, "marker_score": 0.8544874382363368, "symbol": "TMPRSS4", "name": "transmembrane serine protease 4", "organism": "Homo sapiens", "tissue": "All Tissues"}, {"me": 1.8727890850144093, "pc": 0.5517570360947687, "marker_score": 0.841460048473916, "symbol": "PAX6", "name": "paired box 6", "organism": "Homo sapiens", "tissue": "All Tissues"}, {"me": 1.6590627851277373, "pc": 0.4356813483860709, "marker_score": 0.8280192189926433, "symbol": "MPZL2", "name": "myelin protein zero like 2", "organism": "Homo sapiens", "tissue": "All Tissues"}, {"me": 1.918063338514398, "pc": 0.5770392749244713, "marker_score": 0.8262673717154002, "symbol": "CXCL17", "name": "C-X-C motif chemokine ligand 17", "organism": "Homo sapiens", "tissue": "All Tissues"}, {"me": 2.6378699283451406, "pc": 0.7967880426140881, "marker_score": 0.8250599657656255, "symbol": "CLDN4", "name": "claudin 4", "organism": "Homo sapiens", "tissue": "All Tissues"}, {"me": 2.6172774997928063, "pc": 0.9592940054062649, "marker_score": 0.8195719796986035, "symbol": "ANXA2", "name": "annexin A2", "organism": "Homo sapiens", "tissue": "All Tissues"}, {"me": 3.0822398071872015, "pc": 0.8324057878836063, "marker_score": 0.8102663666644045, "symbol": "S100A9", "name": "S100 calcium binding protein A9", "organism": "Homo sapiens", "tissue": "All Tissues"}, {"me": 2.4497862168025692, "pc": 0.8726347591031961, "marker_score": 0.8085632516678982, "symbol": "AQP3", "name": "aquaporin 3 (Gill blood group)", "organism": "Homo sapiens", "tissue": "All Tissues"}, {"me": 1.7647278690374382, "pc": 0.41834949912545716, "marker_score": 0.8040156586921787, "symbol": "DSC3", "name": "desmocollin 3", "organism": "Homo sapiens", "tissue": "All Tissues"}, {"me": 2.1925601191374797, "pc": 0.5924630306885037, "marker_score": 0.791073180689811, "symbol": "PHLDA2", "name": "pleckstrin homology like domain family A member 2", "organism": "Homo sapiens", "tissue": "All Tissues"}, {"me": 2.2439001768933498, "pc": 0.7148990300524726, "marker_score": 0.7619687000385208, "symbol": "EMP1", "name": "epithelial membrane protein 1", "organism": "Homo sapiens", "tissue": "All Tissues"}, {"me": 2.357063802083333, "pc": 0.4841787247575131, "marker_score": 0.7571523912125601, "symbol": "KRT14", "name": "keratin 14", "organism": "Homo sapiens", "tissue": "All Tissues"}, {"me": 2.047147478376116, "pc": 0.39179519796470025, "marker_score": 0.7384076723016951, "symbol": "DSG3", "name": "desmoglein 3", "organism": "Homo sapiens", "tissue": "All Tissues"}, {"me": 1.6651806158410323, "pc": 0.4991254571474002, "marker_score": 0.7379898991915355, "symbol": "RIOK3", "name": "RIO kinase 3", "organism": "Homo sapiens", "tissue": "All Tissues"}, {"me": 1.7526548230306567, "pc": 0.49403720782318333, "marker_score": 0.7283891760822183, "symbol": "CLEC2B", "name": "C-type lectin domain family 2 member B", "organism": "Homo sapiens", "tissue": "All Tissues"}, {"me": 1.9219784890451739, "pc": 0.6309429162028939, "marker_score": 0.7172721789101414, "symbol": "PDCD4", "name": "programmed cell death 4", "organism": "Homo sapiens", "tissue": "All Tissues"}, {"me": 1.8803112482926019, "pc": 0.5384003816186993, "marker_score": 0.7160657551511919, "symbol": "CLINT1", "name": "clathrin interactor 1", "organism": "Homo sapiens", "tissue": "All Tissues"}, {"me": 2.571350108557332, "pc": 0.8902846239465734, "marker_score": 0.7147056088602894, "symbol": "TACSTD2", "name": "tumor associated calcium signal transducer 2", "organism": "Homo sapiens", "tissue": "All Tissues"}, {"me": 3.2088468548982965, "pc": 0.9146128160279854, "marker_score": 0.6881567950009745, "symbol": "S100A4", "name": "S100 calcium binding protein A4", "organism": "Homo sapiens", "tissue": "All Tissues"}, {"me": 1.5454444296180394, "pc": 0.33979965018285896, "marker_score": 0.6816367511816005, "symbol": "TMPRSS11D", "name": "transmembrane serine protease 11D", "organism": "Homo sapiens", "tissue": "All Tissues"}, {"me": 1.6575920708745504, "pc": 0.44204166004134204, "marker_score": 0.6810282815266748, "symbol": "SLK", "name": "STE20 like kinase", "organism": "Homo sapiens", "tissue": "All Tissues"}, {"me": 1.7613732517422322, "pc": 0.3607886786452536, "marker_score": 0.6808095367349214, "symbol": "MPP7", "name": "MAGUK p55 scaffold protein 7", "organism": "Homo sapiens", "tissue": "All Tissues"}, {"me": 2.0519666451698084, "pc": 0.48926697408173, "marker_score": 0.679152397928472, "symbol": "KRT15", "name": "keratin 15", "organism": "Homo sapiens", "tissue": "All Tissues"}, {"me": 3.2150814724522023, "pc": 0.9314676419144539, "marker_score": 0.6772034887558074, "symbol": "KRT19", "name": "keratin 19", "organism": "Homo sapiens", "tissue": "All Tissues"}, {"me": 1.8851688995822318, "pc": 0.42105263157894735, "marker_score": 0.6739949504371714, "symbol": "DSC2", "name": "desmocollin 2", "organism": "Homo sapiens", "tissue": "All Tissues"}, {"me": 2.3122022158530573, "pc": 0.4030847511528065, "marker_score": 0.6706918366870269, "symbol": "B4GALT5", "name": "beta-1,4-galactosyltransferase 5", "organism": "Homo sapiens", "tissue": "All Tissues"}, {"me": 1.8442813807847953, "pc": 0.5746541580537446, "marker_score": 0.669473052883663, "symbol": "LMO7", "name": "LIM domain 7", "organism": "Homo sapiens", "tissue": "All Tissues"}, {"me": 1.799659131920856, "pc": 0.5851486722849419, "marker_score": 0.6657187393878192, "symbol": "HOPX", "name": "HOP homeobox", "organism": "Homo sapiens", "tissue": "All Tissues"}, {"me": 1.6665482280193695, "pc": 0.4186675147082207, "marker_score": 0.6448437265674813, "symbol": "RAP2B", "name": "RAP2B, member of RAS oncogene family", "organism": "Homo sapiens", "tissue": "All Tissues"}, {"me": 2.1127282112173282, "pc": 0.32851009699475275, "marker_score": 0.6432951454648502, "symbol": "IL1RN", "name": "interleukin 1 receptor antagonist", "organism": "Homo sapiens", "tissue": "All Tissues"}, {"me": 1.784516685812078, "pc": 0.42391477182381937, "marker_score": 0.6413194729031896, "symbol": "DUSP5", "name": "dual specificity phosphatase 5", "organism": "Homo sapiens", "tissue": "All Tissues"}, {"me": 1.567701286443785, "pc": 0.3415487358880585, "marker_score": 0.6325562356119473, "symbol": "A4GALT", "name": "alpha 1,4-galactosyltransferase (P blood group)", "organism": "Homo sapiens", "tissue": "All Tissues"}, {"me": 1.9094294683374586, "pc": 0.3854348863094292, "marker_score": 0.6276478631835539, "symbol": "MYH14", "name": "myosin heavy chain 14", "organism": "Homo sapiens", "tissue": "All Tissues"}, {"me": 1.874390588886749, "pc": 0.5159802830338687, "marker_score": 0.6249462014920083, "symbol": "GPRC5A", "name": "G protein-coupled receptor class C group 5 member A", "organism": "Homo sapiens", "tissue": "All Tissues"}, {"me": 1.8293582945253122, "pc": 0.5857847034504691, "marker_score": 0.6165604249584773, "symbol": "UBE2H", "name": "ubiquitin conjugating enzyme E2 H", "organism": "Homo sapiens", "tissue": "All Tissues"}, {"me": 2.067822739684466, "pc": 0.32755605024646206, "marker_score": 0.6153539877407838, "symbol": "IKZF2", "name": "IKAROS family zinc finger 2", "organism": "Homo sapiens", "tissue": "All Tissues"}, {"me": 1.6321056251421746, "pc": 0.3494991254571474, "marker_score": 0.6140833126029074, "symbol": "C6orf132", "name": "chromosome 6 open reading frame 132", "organism": "Homo sapiens", "tissue": "All Tissues"}, {"me": 1.5144765177570967, "pc": 0.31928764509460966, "marker_score": 0.6118217531903546, "symbol": "MIR222HG", "name": "MIR222HG", "organism": "Homo sapiens", "tissue": "All Tissues"}, {"me": 1.929888460955784, "pc": 0.4755923040228971, "marker_score": 0.6111750308496101, "symbol": "PMAIP1", "name": "phorbol-12-myristate-13-acetate-induced protein 1", "organism": "Homo sapiens", "tissue": "All Tissues"}, {"me": 1.5768848412856253, "pc": 0.2873270790268723, "marker_score": 0.609363073428957, "symbol": "C1orf116", "name": "chromosome 1 open reading frame 116", "organism": "Homo sapiens", "tissue": "All Tissues"}, {"me": 1.76462363835765, "pc": 0.5040546986802353, "marker_score": 0.6072695247931736, "symbol": "LMO4", "name": "LIM domain only 4", "organism": "Homo sapiens", "tissue": "All Tissues"}, {"me": 2.101932329246295, "pc": 0.3057719828271585, "marker_score": 0.6009685833198422, "symbol": "MMP10", "name": "matrix metallopeptidase 10", "organism": "Homo sapiens", "tissue": "All Tissues"}, {"me": 2.1501133382755473, "pc": 0.3267610112895532, "marker_score": 0.599656824493744, "symbol": "LINC00511", "name": "long intergenic non-protein coding RNA 511", "organism": "Homo sapiens", "tissue": "All Tissues"}, {"me": 1.5324696011863717, "pc": 0.31706153601526477, "marker_score": 0.5975286215999519, "symbol": "PRRG4", "name": "proline rich and Gla domain 4", "organism": "Homo sapiens", "tissue": "All Tissues"}, {"me": 1.6052346740650765, "pc": 0.40499284464938784, "marker_score": 0.5903698625527268, "symbol": "ABI1", "name": "abl interactor 1", "organism": "Homo sapiens", "tissue": "All Tissues"}, {"me": 1.6142974197559494, "pc": 0.31070122435999364, "marker_score": 0.589883957027775, "symbol": "PPP4R1", "name": "protein phosphatase 4 regulatory subunit 1", "organism": "Homo sapiens", "tissue": "All Tissues"}, {"me": 1.5746902693563434, "pc": 0.31960566067737317, "marker_score": 0.5850586662632913, "symbol": "IRF6", "name": "interferon regulatory factor 6", "organism": "Homo sapiens", "tissue": "All Tissues"}, {"me": 1.5730421004756805, "pc": 0.31547145810144694, "marker_score": 0.5850384023453574, "symbol": "RCOR1", "name": "REST corepressor 1", "organism": "Homo sapiens", "tissue": "All Tissues"}, {"me": 1.577217598638591, "pc": 0.4299570678963269, "marker_score": 0.5783845094295836, "symbol": "PPP2R2A", "name": "protein phosphatase 2 regulatory subunit Balpha", "organism": "Homo sapiens", "tissue": "All Tissues"}, {"me": 1.5468603440466264, "pc": 0.30990618540308473, "marker_score": 0.5771509930012603, "symbol": "EPHA2", "name": "EPH receptor A2", "organism": "Homo sapiens", "tissue": "All Tissues"}, {"me": 1.853153030960648, "pc": 0.30052472571155986, "marker_score": 0.5770328216500343, "symbol": "PLAU", "name": "plasminogen activator, urokinase", "organism": "Homo sapiens", "tissue": "All Tissues"}, {"me": 2.0283696739268477, "pc": 0.6260136746700589, "marker_score": 0.5761838631038693, "symbol": "ASPH", "name": "aspartate beta-hydroxylase", "organism": "Homo sapiens", "tissue": "All Tissues"}, {"me": 1.4609907314024861, "pc": 0.2574336142470981, "marker_score": 0.5699406386933557, "symbol": "SOX15", "name": "SRY-box transcription factor 15", "organism": "Homo sapiens", "tissue": "All Tissues"}, {"me": 1.6806648425019968, "pc": 0.39815550961997137, "marker_score": 0.5694813995871015, "symbol": "NQO1", "name": "NAD(P)H quinone dehydrogenase 1", "organism": "Homo sapiens", "tissue": "All Tissues"}, {"me": 1.50712705163255, "pc": 0.255366512959135, "marker_score": 0.5649118370434083, "symbol": "ERICH5", "name": "glutamate rich 5", "organism": "Homo sapiens", "tissue": "All Tissues"}, {"me": 1.6809320549655442, "pc": 0.4557163301001749, "marker_score": 0.5624205130769916, "symbol": "JUP", "name": "junction plakoglobin", "organism": "Homo sapiens", "tissue": "All Tissues"}, {"me": 1.5390679592027432, "pc": 0.3057719828271585, "marker_score": 0.5587251893967277, "symbol": "UPK1B", "name": "uroplakin 1B", "organism": "Homo sapiens", "tissue": "All Tissues"}, {"me": 1.5178395686871284, "pc": 0.34775003975194785, "marker_score": 0.5535249147892498, "symbol": "IL18", "name": "interleukin 18", "organism": "Homo sapiens", "tissue": "All Tissues"}, {"me": 1.9731141574870406, "pc": 0.3374145333121323, "marker_score": 0.5531350899119482, "symbol": "SH3PXD2A", "name": "SH3 and PX domains 2A", "organism": "Homo sapiens", "tissue": "All Tissues"}, {"me": 1.674986577128984, "pc": 0.39910955636826206, "marker_score": 0.5508487695141172, "symbol": "ITGA2", "name": "integrin subunit alpha 2", "organism": "Homo sapiens", "tissue": "All Tissues"}, {"me": 1.4031470205269607, "pc": 0.2432819208141199, "marker_score": 0.5476562000992266, "symbol": "NECTIN1", "name": "nectin cell adhesion molecule 1", "organism": "Homo sapiens", "tissue": "All Tissues"}, {"me": 1.6111237726124512, "pc": 0.243917951979647, "marker_score": 0.5446201448270113, "symbol": "CALML3", "name": "calmodulin like 3", "organism": "Homo sapiens", "tissue": "All Tissues"}, {"me": 1.507668887867647, "pc": 0.30275083479090475, "marker_score": 0.5439641032776613, "symbol": "RGS12", "name": "regulator of G protein signaling 12", "organism": "Homo sapiens", "tissue": "All Tissues"}, {"me": 1.5140584442957, "pc": 0.2431229130227381, "marker_score": 0.5420922946821679, "symbol": "FAM110C", "name": "family with sequence similarity 110 member C", "organism": "Homo sapiens", "tissue": "All Tissues"}, {"me": 1.5010039399453172, "pc": 0.2580696454126252, "marker_score": 0.5409020162561202, "symbol": "NECTIN4", "name": "nectin cell adhesion molecule 4", "organism": "Homo sapiens", "tissue": "All Tissues"}, {"me": 2.192102704729353, "pc": 0.28494196215614565, "marker_score": 0.5400748913399055, "symbol": "NTNG1", "name": "netrin G1", "organism": "Homo sapiens", "tissue": "All Tissues"}, {"me": 1.668365613908607, "pc": 0.3584035617745269, "marker_score": 0.5400641643342006, "symbol": "TSC22D2", "name": "TSC22 domain family member 2", "organism": "Homo sapiens", "tissue": "All Tissues"}, {"me": 1.394898492070744, "pc": 0.24471299093655588, "marker_score": 0.5360790794219903, "symbol": "FGFR3", "name": "fibroblast growth factor receptor 3", "organism": "Homo sapiens", "tissue": "All Tissues"}, {"me": 1.5073909083893904, "pc": 0.23342343774844967, "marker_score": 0.5325157249853552, "symbol": "PKP1", "name": "plakophilin 1", "organism": "Homo sapiens", "tissue": "All Tissues"}]