[{"me": 2.9449182458826013, "pc": 0.8043478260869565, "marker_score": 2.3944808541770626, "symbol": "Tenm2", "name": "teneurin transmembrane protein 2", "organism": "Mus musculus", "tissue": "kidney"}, {"me": 2.7828128337860107, "pc": 0.6956521739130435, "marker_score": 1.5016563600851662, "symbol": "Plcb1", "name": "phospholipase C, beta 1", "organism": "Mus musculus", "tissue": "kidney"}, {"me": 2.7676798502604165, "pc": 0.5217391304347826, "marker_score": 1.3426563435114016, "symbol": "Prkd1", "name": "protein kinase D1", "organism": "Mus musculus", "tissue": "kidney"}, {"me": 2.8332885293399586, "pc": 0.7391304347826086, "marker_score": 1.067474051164115, "symbol": "Robo2", "name": "roundabout guidance receptor 2", "organism": "Mus musculus", "tissue": "kidney"}, {"me": 2.5138858613513766, "pc": 0.45652173913043476, "marker_score": 1.0121117831888067, "symbol": "Thsd4", "name": "thrombospondin, type I, domain containing 4", "organism": "Mus musculus", "tissue": "kidney"}, {"me": 3.5739912553267046, "pc": 0.9565217391304348, "marker_score": 0.9711232280945695, "symbol": "Esrrg", "name": "estrogen-related receptor gamma", "organism": "Mus musculus", "tissue": "kidney"}, {"me": 2.676740085377413, "pc": 0.3695652173913043, "marker_score": 0.9353087947886756, "symbol": "Maml2", "name": "mastermind like transcriptional coactivator 2", "organism": "Mus musculus", "tissue": "kidney"}, {"me": 2.5839006828539297, "pc": 0.717391304347826, "marker_score": 0.8893108768705226, "symbol": "Slit2", "name": "slit guidance ligand 2", "organism": "Mus musculus", "tissue": "kidney"}, {"me": 2.592255332253196, "pc": 0.4782608695652174, "marker_score": 0.8334789202704953, "symbol": "Prkn", "name": "parkin RBR E3 ubiquitin protein ligase", "organism": "Mus musculus", "tissue": "kidney"}, {"me": 2.467137654622396, "pc": 0.45652173913043476, "marker_score": 0.6431265391008023, "symbol": "Atxn1", "name": "ataxin 1", "organism": "Mus musculus", "tissue": "kidney"}, {"me": 2.496928944307215, "pc": 0.3695652173913043, "marker_score": 0.6361443301551857, "symbol": "Mast4", "name": "microtubule associated serine/threonine kinase family member 4", "organism": "Mus musculus", "tissue": "kidney"}, {"me": 3.6180512801460596, "pc": 1.0, "marker_score": 0.5849034984962425, "symbol": "Kap", "name": "kidney androgen regulated protein", "organism": "Mus musculus", "tissue": "kidney"}, {"me": 2.5292083338687292, "pc": 0.41304347826086957, "marker_score": 0.5763482777659884, "symbol": "Mllt10", "name": "myeloid/lymphoid or mixed-lineage leukemia; translocated to, 10", "organism": "Mus musculus", "tissue": "kidney"}, {"me": 2.400796789872019, "pc": 0.41304347826086957, "marker_score": 0.5065992255933915, "symbol": "Stk39", "name": "serine/threonine kinase 39", "organism": "Mus musculus", "tissue": "kidney"}, {"me": 2.461221694946289, "pc": 0.6086956521739131, "marker_score": 0.489927720130303, "symbol": "Arl15", "name": "ADP-ribosylation factor-like 15", "organism": "Mus musculus", "tissue": "kidney"}, {"me": 2.419696092605591, "pc": 0.34782608695652173, "marker_score": 0.46997381944940975, "symbol": "Trabd2b", "name": "TraB domain containing 2B", "organism": "Mus musculus", "tissue": "kidney"}, {"me": 2.7497264014350042, "pc": 0.782608695652174, "marker_score": 0.45660837401754384, "symbol": "Mecom", "name": "MDS1 and EVI1 complex locus", "organism": "Mus musculus", "tissue": "kidney"}, {"me": 2.6000842044228003, "pc": 0.41304347826086957, "marker_score": 0.444872734012836, "symbol": "Wnk1", "name": "WNK lysine deficient protein kinase 1", "organism": "Mus musculus", "tissue": "kidney"}, {"me": 4.024824391240659, "pc": 1.0, "marker_score": 0.403715803159047, "symbol": "Slc12a1", "name": "solute carrier family 12, member 1", "organism": "Mus musculus", "tissue": "kidney"}, {"me": 3.0471793038504464, "pc": 0.7608695652173914, "marker_score": 0.37094614422158184, "symbol": "Neat1", "name": "nuclear paraspeckle assembly transcript 1 (non-protein coding)", "organism": "Mus musculus", "tissue": "kidney"}, {"me": 2.345386505126953, "pc": 0.3695652173913043, "marker_score": 0.34065007209442727, "symbol": "Rere", "name": "arginine glutamic acid dipeptide (RE) repeats", "organism": "Mus musculus", "tissue": "kidney"}, {"me": 2.4754712721880745, "pc": 0.3695652173913043, "marker_score": 0.25770256651920503, "symbol": "Msi2", "name": "musashi RNA-binding protein 2", "organism": "Mus musculus", "tissue": "kidney"}, {"me": 2.765965630026425, "pc": 0.3695652173913043, "marker_score": 0.23953559039110184, "symbol": "Wwox", "name": "WW domain-containing oxidoreductase", "organism": "Mus musculus", "tissue": "kidney"}, {"me": 2.333205461502075, "pc": 0.34782608695652173, "marker_score": 0.011431146249421868, "symbol": "Kcnj16", "name": "potassium inwardly-rectifying channel, subfamily J, member 16", "organism": "Mus musculus", "tissue": "kidney"}, {"me": 4.024824391240659, "pc": 1.0, "marker_score": 4.070069699553264, "symbol": "Slc12a1", "name": "solute carrier family 12, member 1", "organism": "Mus musculus", "tissue": "All Tissues"}, {"me": 3.5739912553267046, "pc": 0.9565217391304348, "marker_score": 1.7383845286994284, "symbol": "Esrrg", "name": "estrogen-related receptor gamma", "organism": "Mus musculus", "tissue": "All Tissues"}, {"me": 2.5839006828539297, "pc": 0.717391304347826, "marker_score": 1.6976546880609524, "symbol": "Slit2", "name": "slit guidance ligand 2", "organism": "Mus musculus", "tissue": "All Tissues"}, {"me": 2.7676798502604165, "pc": 0.5217391304347826, "marker_score": 1.5005242084151127, "symbol": "Prkd1", "name": "protein kinase D1", "organism": "Mus musculus", "tissue": "All Tissues"}, {"me": 2.5138858613513766, "pc": 0.45652173913043476, "marker_score": 1.4806258827756797, "symbol": "Thsd4", "name": "thrombospondin, type I, domain containing 4", "organism": "Mus musculus", "tissue": "All Tissues"}, {"me": 2.7497264014350042, "pc": 0.782608695652174, "marker_score": 1.1683570545456157, "symbol": "Mecom", "name": "MDS1 and EVI1 complex locus", "organism": "Mus musculus", "tissue": "All Tissues"}, {"me": 2.676740085377413, "pc": 0.3695652173913043, "marker_score": 0.976543931241826, "symbol": "Maml2", "name": "mastermind like transcriptional coactivator 2", "organism": "Mus musculus", "tissue": "All Tissues"}, {"me": 2.8332885293399586, "pc": 0.7391304347826086, "marker_score": 0.9540713059799277, "symbol": "Robo2", "name": "roundabout guidance receptor 2", "organism": "Mus musculus", "tissue": "All Tissues"}, {"me": 3.0471793038504464, "pc": 0.7608695652173914, "marker_score": 0.8098756873051911, "symbol": "Neat1", "name": "nuclear paraspeckle assembly transcript 1 (non-protein coding)", "organism": "Mus musculus", "tissue": "All Tissues"}, {"me": 2.5292083338687292, "pc": 0.41304347826086957, "marker_score": 0.7769074921704924, "symbol": "Mllt10", "name": "myeloid/lymphoid or mixed-lineage leukemia; translocated to, 10", "organism": "Mus musculus", "tissue": "All Tissues"}, {"me": 2.419696092605591, "pc": 0.34782608695652173, "marker_score": 0.7585599247421881, "symbol": "Trabd2b", "name": "TraB domain containing 2B", "organism": "Mus musculus", "tissue": "All Tissues"}, {"me": 3.6180512801460596, "pc": 1.0, "marker_score": 0.7336512923577214, "symbol": "Kap", "name": "kidney androgen regulated protein", "organism": "Mus musculus", "tissue": "All Tissues"}, {"me": 2.400796789872019, "pc": 0.41304347826086957, "marker_score": 0.6822132832135742, "symbol": "Stk39", "name": "serine/threonine kinase 39", "organism": "Mus musculus", "tissue": "All Tissues"}, {"me": 2.461221694946289, "pc": 0.6086956521739131, "marker_score": 0.5871196307145853, "symbol": "Arl15", "name": "ADP-ribosylation factor-like 15", "organism": "Mus musculus", "tissue": "All Tissues"}, {"me": 2.6000842044228003, "pc": 0.41304347826086957, "marker_score": 0.49317997189543417, "symbol": "Wnk1", "name": "WNK lysine deficient protein kinase 1", "organism": "Mus musculus", "tissue": "All Tissues"}, {"me": 2.7151048448350696, "pc": 0.5869565217391305, "marker_score": 0.4490000982743847, "symbol": "Slc34a1", "name": "solute carrier family 34 (sodium phosphate), member 1", "organism": "Mus musculus", "tissue": "All Tissues"}, {"me": 2.5773889047128185, "pc": 0.5869565217391305, "marker_score": 0.39830052212338884, "symbol": "Pkhd1", "name": "polycystic kidney and hepatic disease 1", "organism": "Mus musculus", "tissue": "All Tissues"}, {"me": 2.592255332253196, "pc": 0.4782608695652174, "marker_score": 0.3780145838288965, "symbol": "Prkn", "name": "parkin RBR E3 ubiquitin protein ligase", "organism": "Mus musculus", "tissue": "All Tissues"}, {"me": 2.765965630026425, "pc": 0.3695652173913043, "marker_score": 0.2482911201719119, "symbol": "Wwox", "name": "WW domain-containing oxidoreductase", "organism": "Mus musculus", "tissue": "All Tissues"}, {"me": 2.333205461502075, "pc": 0.34782608695652173, "marker_score": 0.20332472031731819, "symbol": "Kcnj16", "name": "potassium inwardly-rectifying channel, subfamily J, member 16", "organism": "Mus musculus", "tissue": "All Tissues"}, {"me": 2.9449182458826013, "pc": 0.8043478260869565, "marker_score": 0.1755142224177752, "symbol": "Tenm2", "name": "teneurin transmembrane protein 2", "organism": "Mus musculus", "tissue": "All Tissues"}, {"me": 2.496928944307215, "pc": 0.3695652173913043, "marker_score": 0.09788846753416364, "symbol": "Mast4", "name": "microtubule associated serine/threonine kinase family member 4", "organism": "Mus musculus", "tissue": "All Tissues"}]