[{"me": 2.5051451499417703, "pc": 0.9213161659513591, "marker_score": 2.4918863185366886, "symbol": "Upk3b", "name": "uroplakin 3B", "organism": "Mus musculus", "tissue": "lung"}, {"me": 1.9395829691533992, "pc": 0.8311874105865522, "marker_score": 2.0401400716622153, "symbol": "Aldh1a2", "name": "aldehyde dehydrogenase family 1, subfamily A2", "organism": "Mus musculus", "tissue": "lung"}, {"me": 2.5850762966660477, "pc": 0.9628040057224606, "marker_score": 1.9919398290033659, "symbol": "Gpc3", "name": "glypican 3", "organism": "Mus musculus", "tissue": "lung"}, {"me": 2.057750128638103, "pc": 0.771101573676681, "marker_score": 1.6169296024395696, "symbol": "Itm2a", "name": "integral membrane protein 2A", "organism": "Mus musculus", "tissue": "lung"}, {"me": 1.7971503446926125, "pc": 0.6995708154506438, "marker_score": 1.456166117819368, "symbol": "Rspo1", "name": "R-spondin 1", "organism": "Mus musculus", "tissue": "lung"}, {"me": 2.1246712401533996, "pc": 0.8626609442060086, "marker_score": 1.3880597878014007, "symbol": "Aprt", "name": "adenine phosphoribosyl transferase", "organism": "Mus musculus", "tissue": "lung"}, {"me": 1.704546610514323, "pc": 0.6523605150214592, "marker_score": 1.2979156385685906, "symbol": "Slc9a3r1", "name": "NHERF family PDZ scaffold protein 1", "organism": "Mus musculus", "tissue": "lung"}, {"me": 1.8655912772828207, "pc": 0.8254649499284692, "marker_score": 1.245847543325655, "symbol": "Rcn3", "name": "reticulocalbin 3, EF-hand calcium binding domain", "organism": "Mus musculus", "tissue": "lung"}, {"me": 1.7901255756343177, "pc": 0.6237482117310443, "marker_score": 1.241355658774454, "symbol": "Ndn", "name": "necdin, MAGE family member", "organism": "Mus musculus", "tissue": "lung"}, {"me": 1.9037692401821016, "pc": 0.5879828326180258, "marker_score": 1.127191399502344, "symbol": "Ccdc80", "name": "coiled-coil domain containing 80", "organism": "Mus musculus", "tissue": "lung"}, {"me": 1.8122099671182754, "pc": 0.5650929899856938, "marker_score": 1.0913123934382685, "symbol": "Sfrp2", "name": "secreted frizzled-related protein 2", "organism": "Mus musculus", "tissue": "lung"}, {"me": 1.8995994857594938, "pc": 0.5650929899856938, "marker_score": 1.0888477987296301, "symbol": "Gpm6a", "name": "glycoprotein m6a", "organism": "Mus musculus", "tissue": "lung"}, {"me": 1.6210826963890257, "pc": 0.5450643776824035, "marker_score": 1.0705295484228337, "symbol": "Wt1", "name": "WT1 transcription factor", "organism": "Mus musculus", "tissue": "lung"}, {"me": 1.6448503859499668, "pc": 0.5379113018597997, "marker_score": 1.0052590093385605, "symbol": "Tgm2", "name": "transglutaminase 2, C polypeptide", "organism": "Mus musculus", "tissue": "lung"}, {"me": 1.7877239038735742, "pc": 0.7525035765379113, "marker_score": 0.9916980537758634, "symbol": "Alad", "name": "aminolevulinate, delta-, dehydratase", "organism": "Mus musculus", "tissue": "lung"}, {"me": 1.7041556618430398, "pc": 0.5035765379113019, "marker_score": 0.9525620174561491, "symbol": "Selenom", "name": "selenoprotein M", "organism": "Mus musculus", "tissue": "lung"}, {"me": 2.856831523658192, "pc": 0.759656652360515, "marker_score": 0.9250835038585828, "symbol": "H19", "name": "H19, imprinted maternally expressed transcript", "organism": "Mus musculus", "tissue": "lung"}, {"me": 1.8651218313388724, "pc": 0.5407725321888412, "marker_score": 0.9237680455070812, "symbol": "Akr1b3", "name": "aldo-keto reductase family 1, member B3 (aldose reductase)", "organism": "Mus musculus", "tissue": "lung"}, {"me": 2.4985061838657043, "pc": 0.4520743919885551, "marker_score": 0.8628459498202119, "symbol": "Fxyd3", "name": "FXYD domain-containing ion transport regulator 3", "organism": "Mus musculus", "tissue": "lung"}, {"me": 1.5757909592228754, "pc": 0.4334763948497854, "marker_score": 0.859944405956151, "symbol": "P3h4", "name": "prolyl 3-hydroxylase family member 4 (non-enzymatic)", "organism": "Mus musculus", "tissue": "lung"}, {"me": 1.7158153445221658, "pc": 0.49213161659513593, "marker_score": 0.8592264748266889, "symbol": "Gas1", "name": "growth arrest specific 1", "organism": "Mus musculus", "tissue": "lung"}, {"me": 2.3835083710712572, "pc": 0.7453505007153076, "marker_score": 0.8513098290354923, "symbol": "Igfbp5", "name": "insulin-like growth factor binding protein 5", "organism": "Mus musculus", "tissue": "lung"}, {"me": 1.6115821659764318, "pc": 0.42775393419170243, "marker_score": 0.8495152000568418, "symbol": "Smim1", "name": "small integral membrane protein 1", "organism": "Mus musculus", "tissue": "lung"}, {"me": 1.8976217536796076, "pc": 0.41917024320457796, "marker_score": 0.8232115318785683, "symbol": "Upk1b", "name": "uroplakin 1B", "organism": "Mus musculus", "tissue": "lung"}, {"me": 2.177569245638913, "pc": 0.6266094420600858, "marker_score": 0.8051649034097975, "symbol": "Gas6", "name": "growth arrest specific 6", "organism": "Mus musculus", "tissue": "lung"}, {"me": 2.6422454751726754, "pc": 0.530758226037196, "marker_score": 0.7732636355329061, "symbol": "Igfbp6", "name": "insulin-like growth factor binding protein 6", "organism": "Mus musculus", "tissue": "lung"}, {"me": 1.6783597969714505, "pc": 0.463519313304721, "marker_score": 0.7625021209036243, "symbol": "Cavin3", "name": "caveolae associated 3", "organism": "Mus musculus", "tissue": "lung"}, {"me": 1.967429013389928, "pc": 0.5450643776824035, "marker_score": 0.7611367004088458, "symbol": "Igfbp2", "name": "insulin-like growth factor binding protein 2", "organism": "Mus musculus", "tissue": "lung"}, {"me": 1.7414731772947105, "pc": 0.6609442060085837, "marker_score": 0.755414588351558, "symbol": "Tpi1", "name": "triosephosphate isomerase 1", "organism": "Mus musculus", "tissue": "lung"}, {"me": 1.631440662202381, "pc": 0.6609442060085837, "marker_score": 0.7511491870076861, "symbol": "Ddost", "name": "dolichyl-di-phosphooligosaccharide-protein glycotransferase", "organism": "Mus musculus", "tissue": "lung"}, {"me": 1.793913235629562, "pc": 0.7839771101573677, "marker_score": 0.7451942738945119, "symbol": "Aldoa", "name": "aldolase A, fructose-bisphosphate", "organism": "Mus musculus", "tissue": "lung"}, {"me": 1.9696019795910162, "pc": 0.8340486409155937, "marker_score": 0.7307802001187189, "symbol": "Pdia6", "name": "protein disulfide isomerase associated 6", "organism": "Mus musculus", "tissue": "lung"}, {"me": 1.9114458912397285, "pc": 0.3590844062947067, "marker_score": 0.7288338158316678, "symbol": "C2", "name": "complement component 2 (within H-2S)", "organism": "Mus musculus", "tissue": "lung"}, {"me": 2.6926317401960786, "pc": 0.3648068669527897, "marker_score": 0.7256288242790394, "symbol": "C3", "name": "complement component 3", "organism": "Mus musculus", "tissue": "lung"}, {"me": 2.503985675661845, "pc": 0.9828326180257511, "marker_score": 0.723570020318078, "symbol": "Serpinh1", "name": "serine (or cysteine) peptidase inhibitor, clade H, member 1", "organism": "Mus musculus", "tissue": "lung"}, {"me": 1.5380048908171107, "pc": 0.3490701001430615, "marker_score": 0.7204330270850913, "symbol": "Sulf1", "name": "sulfatase 1", "organism": "Mus musculus", "tissue": "lung"}, {"me": 1.8753211252973894, "pc": 0.34763948497854075, "marker_score": 0.7113627321438162, "symbol": "Podn", "name": "podocan", "organism": "Mus musculus", "tissue": "lung"}, {"me": 2.2117489816700613, "pc": 0.7024320457796852, "marker_score": 0.7005377529058502, "symbol": "Hspb1", "name": "heat shock protein 1", "organism": "Mus musculus", "tissue": "lung"}, {"me": 1.7101302549063442, "pc": 0.474964234620887, "marker_score": 0.70011864560264, "symbol": "Peg3", "name": "paternally expressed 3", "organism": "Mus musculus", "tissue": "lung"}, {"me": 1.8723479575299202, "pc": 0.3361945636623748, "marker_score": 0.6894481711762281, "symbol": "Nkain4", "name": "Na+/K+ transporting ATPase interacting 4", "organism": "Mus musculus", "tissue": "lung"}, {"me": 1.6434701283772786, "pc": 0.34334763948497854, "marker_score": 0.6679816457890064, "symbol": "Igf2", "name": "insulin-like growth factor 2", "organism": "Mus musculus", "tissue": "lung"}, {"me": 2.759625674587477, "pc": 0.7911301859799714, "marker_score": 0.6601500595384049, "symbol": "Cdkn1c", "name": "cyclin-dependent kinase inhibitor 1C (P57)", "organism": "Mus musculus", "tissue": "lung"}, {"me": 1.9129440168479293, "pc": 0.47067238912732473, "marker_score": 0.6554844818674858, "symbol": "Aebp1", "name": "AE binding protein 1", "organism": "Mus musculus", "tissue": "lung"}, {"me": 1.5211966201844003, "pc": 0.35336194563662376, "marker_score": 0.6480795211942962, "symbol": "Gata6", "name": "GATA binding protein 6", "organism": "Mus musculus", "tissue": "lung"}, {"me": 2.2790076937565513, "pc": 0.6824034334763949, "marker_score": 0.6452995969874709, "symbol": "Dlk1", "name": "delta like non-canonical Notch ligand 1", "organism": "Mus musculus", "tissue": "lung"}, {"me": 1.7565723635115713, "pc": 0.3032904148783977, "marker_score": 0.6433405372956007, "symbol": "Gm20186", "name": "Gm20186", "organism": "Mus musculus", "tissue": "lung"}, {"me": 1.5843317799022716, "pc": 0.3876967095851216, "marker_score": 0.6410235414112434, "symbol": "Isyna1", "name": "myo-inositol 1-phosphate synthase A1", "organism": "Mus musculus", "tissue": "lung"}, {"me": 1.6122492546044687, "pc": 0.296137339055794, "marker_score": 0.6393060994632316, "symbol": "Cldn15", "name": "claudin 15", "organism": "Mus musculus", "tissue": "lung"}, {"me": 1.581854790192962, "pc": 0.49928469241773965, "marker_score": 0.6380789718294898, "symbol": "Rbpms", "name": "RNA binding protein gene with multiple splicing", "organism": "Mus musculus", "tissue": "lung"}, {"me": 1.4851210781428368, "pc": 0.3133047210300429, "marker_score": 0.6364703735182846, "symbol": "Tspan4", "name": "tetraspanin 4", "organism": "Mus musculus", "tissue": "lung"}, {"me": 1.5602914990477301, "pc": 0.2875536480686695, "marker_score": 0.6274400115205772, "symbol": "Sfrp1", "name": "secreted frizzled-related protein 1", "organism": "Mus musculus", "tissue": "lung"}, {"me": 1.8872691835222546, "pc": 0.8597997138769671, "marker_score": 0.6249588360714332, "symbol": "Pdia3", "name": "protein disulfide isomerase associated 3", "organism": "Mus musculus", "tissue": "lung"}, {"me": 1.9161670187245246, "pc": 0.3290414878397711, "marker_score": 0.6163096064374031, "symbol": "Efemp1", "name": "epidermal growth factor-containing fibulin-like extracellular matrix protein 1", "organism": "Mus musculus", "tissue": "lung"}, {"me": 1.620440554818071, "pc": 0.5135908440629471, "marker_score": 0.6098587539287459, "symbol": "Gpx8", "name": "glutathione peroxidase 8 (putative)", "organism": "Mus musculus", "tissue": "lung"}, {"me": 2.312494509581147, "pc": 0.9542203147353362, "marker_score": 0.6056045510481807, "symbol": "Hspa5", "name": "heat shock protein 5", "organism": "Mus musculus", "tissue": "lung"}, {"me": 1.5930219377790178, "pc": 0.2703862660944206, "marker_score": 0.6001373459981644, "symbol": "Col14a1", "name": "collagen, type XIV, alpha 1", "organism": "Mus musculus", "tissue": "lung"}, {"me": 1.4855750498145517, "pc": 0.2832618025751073, "marker_score": 0.599104480937958, "symbol": "Isoc1", "name": "isochorismatase domain containing 1", "organism": "Mus musculus", "tissue": "lung"}, {"me": 1.4551653419036032, "pc": 0.26180257510729615, "marker_score": 0.5902537261121561, "symbol": "Dhrs4", "name": "dehydrogenase/reductase (SDR family) member 4", "organism": "Mus musculus", "tissue": "lung"}, {"me": 1.4963561676360748, "pc": 0.2603719599427754, "marker_score": 0.5872827968370955, "symbol": "Tgfb3", "name": "transforming growth factor, beta 3", "organism": "Mus musculus", "tissue": "lung"}, {"me": 1.7469975599928367, "pc": 0.49928469241773965, "marker_score": 0.579806397612799, "symbol": "Ptn", "name": "pleiotrophin", "organism": "Mus musculus", "tissue": "lung"}, {"me": 1.5782841396870586, "pc": 0.2532188841201717, "marker_score": 0.5751085834807148, "symbol": "Tmem151a", "name": "transmembrane protein 151A", "organism": "Mus musculus", "tissue": "lung"}, {"me": 2.278519519267638, "pc": 0.932761087267525, "marker_score": 0.5737707057863589, "symbol": "Id3", "name": "inhibitor of DNA binding 3", "organism": "Mus musculus", "tissue": "lung"}, {"me": 1.6461350661057692, "pc": 0.5579399141630901, "marker_score": 0.5699290217519486, "symbol": "Rbbp7", "name": "retinoblastoma binding protein 7, chromatin remodeling factor", "organism": "Mus musculus", "tissue": "lung"}, {"me": 1.5370271826992516, "pc": 0.34048640915593703, "marker_score": 0.5642521307748639, "symbol": "Phgdh", "name": "3-phosphoglycerate dehydrogenase", "organism": "Mus musculus", "tissue": "lung"}, {"me": 2.57573847949953, "pc": 0.9513590844062947, "marker_score": 0.5626473885215294, "symbol": "Npm1", "name": "nucleophosmin 1", "organism": "Mus musculus", "tissue": "lung"}, {"me": 1.529204435126726, "pc": 0.49213161659513593, "marker_score": 0.5576129611188666, "symbol": "Arl1", "name": "ADP-ribosylation factor-like 1", "organism": "Mus musculus", "tissue": "lung"}, {"me": 1.5255384283550715, "pc": 0.3376251788268956, "marker_score": 0.5570586474209508, "symbol": "Vkorc1", "name": "vitamin K epoxide reductase complex, subunit 1", "organism": "Mus musculus", "tissue": "lung"}, {"me": 1.5283936702114551, "pc": 0.45350500715307585, "marker_score": 0.5541974256814793, "symbol": "Sec11a", "name": "SEC11 homolog A, signal peptidase complex subunit", "organism": "Mus musculus", "tissue": "lung"}, {"me": 2.387336527204655, "pc": 0.9642346208869814, "marker_score": 0.5428120598566403, "symbol": "Prdx1", "name": "peroxiredoxin 1", "organism": "Mus musculus", "tissue": "lung"}, {"me": 1.4691895484924316, "pc": 0.22889842632331903, "marker_score": 0.5403347577386195, "symbol": "Arhgap29", "name": "Rho GTPase activating protein 29", "organism": "Mus musculus", "tissue": "lung"}, {"me": 1.5315504321162565, "pc": 0.2761087267525036, "marker_score": 0.538775354799732, "symbol": "Cpq", "name": "carboxypeptidase Q", "organism": "Mus musculus", "tissue": "lung"}, {"me": 1.6869005663641568, "pc": 0.6638054363376252, "marker_score": 0.5387426086002163, "symbol": "Gdi2", "name": "guanosine diphosphate (GDP) dissociation inhibitor 2", "organism": "Mus musculus", "tissue": "lung"}, {"me": 1.7257475269784173, "pc": 0.5965665236051502, "marker_score": 0.5346743829079983, "symbol": "Ywhah", "name": "tyrosine 3-monooxygenase/tryptophan 5-monooxygenase activation protein, eta polypeptide", "organism": "Mus musculus", "tissue": "lung"}, {"me": 1.726920546999403, "pc": 0.2246065808297568, "marker_score": 0.5298079315180583, "symbol": "Sbsn", "name": "suprabasin", "organism": "Mus musculus", "tissue": "lung"}, {"me": 2.0325846739854856, "pc": 0.9055793991416309, "marker_score": 0.5258610736554896, "symbol": "Slc25a4", "name": "solute carrier family 25 (mitochondrial carrier, adenine nucleotide translocator), member 4", "organism": "Mus musculus", "tissue": "lung"}, {"me": 1.5666704731602823, "pc": 0.2217453505007153, "marker_score": 0.5244397336879385, "symbol": "Plagl1", "name": "pleiomorphic adenoma gene-like 1", "organism": "Mus musculus", "tissue": "lung"}, {"me": 1.5196213164886871, "pc": 0.22031473533619456, "marker_score": 0.5242287531086719, "symbol": "Zcchc3", "name": "zinc finger, CCHC domain containing 3", "organism": "Mus musculus", "tissue": "lung"}, {"me": 1.4479753102687811, "pc": 0.21602288984263232, "marker_score": 0.5218694510158198, "symbol": "Il18", "name": "interleukin 18", "organism": "Mus musculus", "tissue": "lung"}, {"me": 1.5063398149278429, "pc": 0.41201716738197425, "marker_score": 0.520334273719002, "symbol": "Sptssa", "name": "serine palmitoyltransferase, small subunit A", "organism": "Mus musculus", "tissue": "lung"}, {"me": 2.454284403747294, "pc": 0.9914163090128756, "marker_score": 0.5200871259403989, "symbol": "Cd81", "name": "CD81 antigen", "organism": "Mus musculus", "tissue": "lung"}, {"me": 1.9103604121124802, "pc": 0.899856938483548, "marker_score": 0.5130420738266842, "symbol": "Selenow", "name": "selenoprotein W", "organism": "Mus musculus", "tissue": "lung"}, {"me": 1.6953920354497247, "pc": 0.5522174535050072, "marker_score": 0.5120866998510544, "symbol": "Ccnd3", "name": "cyclin D3", "organism": "Mus musculus", "tissue": "lung"}, {"me": 1.6415425755033557, "pc": 0.21316165951359084, "marker_score": 0.5117147067312922, "symbol": "Ecrg4", "name": "ECRG4 augurin precursor", "organism": "Mus musculus", "tissue": "lung"}, {"me": 2.1456925728294456, "pc": 0.8969957081545065, "marker_score": 0.5102041089844037, "symbol": "Hsp90b1", "name": "heat shock protein 90, beta (Grp94), member 1", "organism": "Mus musculus", "tissue": "lung"}, {"me": 1.7124760681279236, "pc": 0.6881258941344778, "marker_score": 0.5093755229032796, "symbol": "Capns1", "name": "calpain, small subunit 1", "organism": "Mus musculus", "tissue": "lung"}, {"me": 1.4562940205613228, "pc": 0.2088698140200286, "marker_score": 0.5087815214442212, "symbol": "Dctn6", "name": "dynactin 6", "organism": "Mus musculus", "tissue": "lung"}, {"me": 1.5110274420844183, "pc": 0.20600858369098712, "marker_score": 0.5040675789182896, "symbol": "Fgf9", "name": "fibroblast growth factor 9", "organism": "Mus musculus", "tissue": "lung"}, {"me": 2.1708443777901785, "pc": 0.9012875536480687, "marker_score": 0.49836111360110147, "symbol": "Calr", "name": "calreticulin", "organism": "Mus musculus", "tissue": "lung"}, {"me": 1.5055373171542554, "pc": 0.2017167381974249, "marker_score": 0.49599964707792243, "symbol": "Rbm28", "name": "RNA binding motif protein 28", "organism": "Mus musculus", "tissue": "lung"}, {"me": 2.1847510109485033, "pc": 0.5078683834048641, "marker_score": 0.48649576129826366, "symbol": "Dcn", "name": "decorin", "organism": "Mus musculus", "tissue": "lung"}, {"me": 1.7481761185164304, "pc": 0.6938483547925608, "marker_score": 0.48375677624953217, "symbol": "Tma7", "name": "translational machinery associated 7", "organism": "Mus musculus", "tissue": "lung"}, {"me": 1.6552653457179214, "pc": 0.1888412017167382, "marker_score": 0.4755825458444778, "symbol": "Osr1", "name": "odd-skipped related transcription factor 1", "organism": "Mus musculus", "tissue": "lung"}, {"me": 1.5860705105763562, "pc": 0.3791130185979971, "marker_score": 0.4738855795615502, "symbol": "Kdelr2", "name": "KDEL (Lys-Asp-Glu-Leu) endoplasmic reticulum protein retention receptor 2", "organism": "Mus musculus", "tissue": "lung"}, {"me": 1.616615411007043, "pc": 0.1888412017167382, "marker_score": 0.4718844084717758, "symbol": "Bst1", "name": "bone marrow stromal cell antigen 1", "organism": "Mus musculus", "tissue": "lung"}, {"me": 2.0366233051687046, "pc": 0.7896995708154506, "marker_score": 0.4680217197055749, "symbol": "Pkm", "name": "pyruvate kinase, muscle", "organism": "Mus musculus", "tissue": "lung"}, {"me": 1.5404449222594734, "pc": 0.18168812589413447, "marker_score": 0.4651407168847929, "symbol": "Timp1", "name": "tissue inhibitor of metalloproteinase 1", "organism": "Mus musculus", "tissue": "lung"}, {"me": 1.7879964043112362, "pc": 0.7782546494992847, "marker_score": 0.4645203802861485, "symbol": "Atp5o", "name": "ATP synthase, H+ transporting, mitochondrial F1 complex, O subunit", "organism": "Mus musculus", "tissue": "lung"}, {"me": 1.9793919154575892, "pc": 0.9213161659513591, "marker_score": 0.46190990731117937, "symbol": "Morf4l1", "name": "mortality factor 4 like 1", "organism": "Mus musculus", "tissue": "lung"}, {"me": 1.7263869587172809, "pc": 0.6695278969957081, "marker_score": 0.46168097031791705, "symbol": "Rtraf", "name": "RNA transcription, translation and transport factor", "organism": "Mus musculus", "tissue": "lung"}, {"me": 1.833436131477356, "pc": 0.18311874105865522, "marker_score": 0.46073664064639336, "symbol": "Myl7", "name": "myosin, light polypeptide 7, regulatory", "organism": "Mus musculus", "tissue": "lung"}, {"me": 2.030692206488715, "pc": 0.9310344827586207, "marker_score": 3.1332640671877336, "symbol": "C1S", "name": "complement C1s", "organism": "Homo sapiens", "tissue": "lung"}, {"me": 1.8812298244900174, "pc": 0.9310344827586207, "marker_score": 2.8970117177125916, "symbol": "C1R", "name": "complement C1r", "organism": "Homo sapiens", "tissue": "lung"}, {"me": 2.4885182873956087, "pc": 1.0, "marker_score": 2.8844785124850376, "symbol": "NNMT", "name": "nicotinamide N-methyltransferase", "organism": "Homo sapiens", "tissue": "lung"}, {"me": 3.213102780855619, "pc": 0.896551724137931, "marker_score": 2.766607421124514, "symbol": "PLA2G2A", "name": "phospholipase A2 group IIA", "organism": "Homo sapiens", "tissue": "lung"}, {"me": 2.349223327636719, "pc": 0.8620689655172413, "marker_score": 2.6797498628351977, "symbol": "CFB", "name": "complement factor B", "organism": "Homo sapiens", "tissue": "lung"}, {"me": 1.7146763610839844, "pc": 0.8620689655172413, "marker_score": 2.5599160142085955, "symbol": "TNFRSF12A", "name": "TNF receptor superfamily member 12A", "organism": "Homo sapiens", "tissue": "lung"}, {"me": 2.838260498046875, "pc": 0.8620689655172413, "marker_score": 2.4757105007899507, "symbol": "C3", "name": "complement C3", "organism": "Homo sapiens", "tissue": "lung"}, {"me": 1.8515645662943523, "pc": 0.8275862068965517, "marker_score": 2.42219595298647, "symbol": "ALDH1A3", "name": "aldehyde dehydrogenase 1 family member A3", "organism": "Homo sapiens", "tissue": "lung"}, {"me": 2.262637939453125, "pc": 0.8620689655172413, "marker_score": 2.365181168978302, "symbol": "CCDC80", "name": "coiled-coil domain containing 80", "organism": "Homo sapiens", "tissue": "lung"}, {"me": 4.251768441035829, "pc": 1.0, "marker_score": 2.319643285431047, "symbol": "TIMP1", "name": "TIMP metallopeptidase inhibitor 1", "organism": "Homo sapiens", "tissue": "lung"}, {"me": 1.869183747664742, "pc": 0.7931034482758621, "marker_score": 2.2825773021608433, "symbol": "HAS1", "name": "hyaluronan synthase 1", "organism": "Homo sapiens", "tissue": "lung"}, {"me": 5.079485136887123, "pc": 1.0, "marker_score": 2.191005869658004, "symbol": "MT2A", "name": "metallothionein 2A", "organism": "Homo sapiens", "tissue": "lung"}, {"me": 1.7362337979403408, "pc": 0.7586206896551724, "marker_score": 2.182979008312533, "symbol": "CALB2", "name": "calbindin 2", "organism": "Homo sapiens", "tissue": "lung"}, {"me": 1.6047922770182292, "pc": 0.7241379310344828, "marker_score": 2.020225939866379, "symbol": "GAS1", "name": "growth arrest specific 1", "organism": "Homo sapiens", "tissue": "lung"}, {"me": 2.9794377865998642, "pc": 0.7931034482758621, "marker_score": 1.9757042904805053, "symbol": "HP", "name": "haptoglobin", "organism": "Homo sapiens", "tissue": "lung"}, {"me": 1.6941869984502378, "pc": 0.7931034482758621, "marker_score": 1.9079224623684787, "symbol": "RPL13AP5", "name": "ribosomal protein L13a pseudogene 5", "organism": "Homo sapiens", "tissue": "lung"}, {"me": 3.168178285871233, "pc": 0.9655172413793104, "marker_score": 1.8755219962458693, "symbol": "MT1E", "name": "metallothionein 1E", "organism": "Homo sapiens", "tissue": "lung"}, {"me": 1.7891229901994978, "pc": 0.7241379310344828, "marker_score": 1.7867082347631515, "symbol": "TFPI2", "name": "tissue factor pathway inhibitor 2", "organism": "Homo sapiens", "tissue": "lung"}, {"me": 1.5610138575236003, "pc": 0.8275862068965517, "marker_score": 1.7720766659686495, "symbol": "EFEMP1", "name": "EGF containing fibulin extracellular matrix protein 1", "organism": "Homo sapiens", "tissue": "lung"}, {"me": 1.7952476784035012, "pc": 0.9310344827586207, "marker_score": 1.7200530070343667, "symbol": "ARID5B", "name": "AT-rich interaction domain 5B", "organism": "Homo sapiens", "tissue": "lung"}, {"me": 3.32147032639076, "pc": 1.0, "marker_score": 1.7189079143894062, "symbol": "MT1X", "name": "metallothionein 1X", "organism": "Homo sapiens", "tissue": "lung"}, {"me": 1.564634222733347, "pc": 0.6551724137931034, "marker_score": 1.6856968507605194, "symbol": "CCDC71L", "name": "coiled-coil domain containing 71 like", "organism": "Homo sapiens", "tissue": "lung"}, {"me": 1.8966118739201472, "pc": 0.896551724137931, "marker_score": 1.670133849261878, "symbol": "SNHG5", "name": "small nucleolar RNA host gene 5", "organism": "Homo sapiens", "tissue": "lung"}, {"me": 2.2845364379882813, "pc": 0.8620689655172413, "marker_score": 1.6400662888157278, "symbol": "TM4SF1", "name": "transmembrane 4 L six family member 1", "organism": "Homo sapiens", "tissue": "lung"}, {"me": 2.873779296875, "pc": 0.896551724137931, "marker_score": 1.6273264203887257, "symbol": "KRT18", "name": "keratin 18", "organism": "Homo sapiens", "tissue": "lung"}, {"me": 1.9155379847476357, "pc": 0.6551724137931034, "marker_score": 1.5644032108090715, "symbol": "PRG4", "name": "proteoglycan 4", "organism": "Homo sapiens", "tissue": "lung"}, {"me": 3.0734905666775174, "pc": 0.9310344827586207, "marker_score": 1.5609244795032002, "symbol": "CCL2", "name": "C-C motif chemokine ligand 2", "organism": "Homo sapiens", "tissue": "lung"}, {"me": 1.6538890202840169, "pc": 0.6206896551724138, "marker_score": 1.549081880106055, "symbol": "RGS4", "name": "regulator of G protein signaling 4", "organism": "Homo sapiens", "tissue": "lung"}, {"me": 1.1845378875732422, "pc": 0.6206896551724138, "marker_score": 1.53998317451307, "symbol": "GFPT2", "name": "glutamine-fructose-6-phosphate transaminase 2", "organism": "Homo sapiens", "tissue": "lung"}, {"me": 1.2201324039035373, "pc": 0.6206896551724138, "marker_score": 1.5209575074636588, "symbol": "PDPN", "name": "podoplanin", "organism": "Homo sapiens", "tissue": "lung"}, {"me": 1.5970513960894417, "pc": 0.5862068965517241, "marker_score": 1.4420083713280833, "symbol": "UPK3B", "name": "uroplakin 3B", "organism": "Homo sapiens", "tissue": "lung"}, {"me": 1.9455714755588107, "pc": 0.6206896551724138, "marker_score": 1.4389537247532203, "symbol": "IGFBP6", "name": "insulin like growth factor binding protein 6", "organism": "Homo sapiens", "tissue": "lung"}, {"me": 1.9183942621404475, "pc": 0.7586206896551724, "marker_score": 1.4046129073031224, "symbol": "RARRES1", "name": "retinoic acid receptor responder 1", "organism": "Homo sapiens", "tissue": "lung"}, {"me": 1.5089007568359376, "pc": 0.8620689655172413, "marker_score": 1.3902935289795801, "symbol": "NENF", "name": "neudesin neurotrophic factor", "organism": "Homo sapiens", "tissue": "lung"}, {"me": 1.5774197578430176, "pc": 0.6896551724137931, "marker_score": 1.377507792952291, "symbol": "UGP2", "name": "UDP-glucose pyrophosphorylase 2", "organism": "Homo sapiens", "tissue": "lung"}, {"me": 3.5760879516601562, "pc": 0.9655172413793104, "marker_score": 1.3715222757059866, "symbol": "RPL7", "name": "ribosomal protein L7", "organism": "Homo sapiens", "tissue": "lung"}, {"me": 1.3087937204461348, "pc": 0.6551724137931034, "marker_score": 1.3678451672108143, "symbol": "ZNF593", "name": "zinc finger protein 593", "organism": "Homo sapiens", "tissue": "lung"}, {"me": 1.3999438078507134, "pc": 0.7931034482758621, "marker_score": 1.3609677298801777, "symbol": "TNFRSF1A", "name": "TNF receptor superfamily member 1A", "organism": "Homo sapiens", "tissue": "lung"}, {"me": 1.5628387451171875, "pc": 0.8620689655172413, "marker_score": 1.3599660776570552, "symbol": "PLAAT4", "name": "phospholipase A and acyltransferase 4", "organism": "Homo sapiens", "tissue": "lung"}, {"me": 1.3273887634277344, "pc": 0.6206896551724138, "marker_score": 1.330174534827, "symbol": "HCFC1R1", "name": "host cell factor C1 regulator 1", "organism": "Homo sapiens", "tissue": "lung"}, {"me": 1.322698465983073, "pc": 0.5172413793103449, "marker_score": 1.3295705189305835, "symbol": "MEDAG", "name": "mesenteric estrogen dependent adipogenesis", "organism": "Homo sapiens", "tissue": "lung"}, {"me": 1.255739688873291, "pc": 0.5517241379310345, "marker_score": 1.3253628562006905, "symbol": "RPSAP58", "name": "RPSAP58", "organism": "Homo sapiens", "tissue": "lung"}, {"me": 1.4666097429063585, "pc": 0.6206896551724138, "marker_score": 1.3172958454686399, "symbol": "CLDN1", "name": "claudin 1", "organism": "Homo sapiens", "tissue": "lung"}, {"me": 1.4674491882324219, "pc": 0.6896551724137931, "marker_score": 1.3156930193140315, "symbol": "LXN", "name": "latexin", "organism": "Homo sapiens", "tissue": "lung"}, {"me": 1.4410942395528157, "pc": 0.8275862068965517, "marker_score": 1.3112494182935113, "symbol": "TCEAL9", "name": "transcription elongation factor A like 9", "organism": "Homo sapiens", "tissue": "lung"}, {"me": 1.1715799570083618, "pc": 0.5517241379310345, "marker_score": 1.2967346462195026, "symbol": "SULF1", "name": "sulfatase 1", "organism": "Homo sapiens", "tissue": "lung"}, {"me": 1.509658686319987, "pc": 0.5172413793103449, "marker_score": 1.2834257542598173, "symbol": "CFI", "name": "complement factor I", "organism": "Homo sapiens", "tissue": "lung"}, {"me": 1.283896803855896, "pc": 0.5517241379310345, "marker_score": 1.2786321387860253, "symbol": "UGDH", "name": "UDP-glucose 6-dehydrogenase", "organism": "Homo sapiens", "tissue": "lung"}, {"me": 1.2637312752859933, "pc": 0.4827586206896552, "marker_score": 1.24957061664196, "symbol": "WT1", "name": "WT1 transcription factor", "organism": "Homo sapiens", "tissue": "lung"}, {"me": 1.2742874747828434, "pc": 0.6551724137931034, "marker_score": 1.2485527494056508, "symbol": "KLF9", "name": "KLF transcription factor 9", "organism": "Homo sapiens", "tissue": "lung"}, {"me": 1.6251409970797026, "pc": 0.896551724137931, "marker_score": 1.2468840961044734, "symbol": "NDUFA11", "name": "NADH:ubiquinone oxidoreductase subunit A11", "organism": "Homo sapiens", "tissue": "lung"}, {"me": 1.9345703125, "pc": 0.8275862068965517, "marker_score": 1.2327395988150163, "symbol": "MT1M", "name": "metallothionein 1M", "organism": "Homo sapiens", "tissue": "lung"}, {"me": 2.0717876575611256, "pc": 0.9310344827586207, "marker_score": 1.2140189465383315, "symbol": "SERPING1", "name": "serpin family G member 1", "organism": "Homo sapiens", "tissue": "lung"}, {"me": 1.4714829126993816, "pc": 0.8275862068965517, "marker_score": 1.2130956675917166, "symbol": "ERRFI1", "name": "ERBB receptor feedback inhibitor 1", "organism": "Homo sapiens", "tissue": "lung"}, {"me": 3.100418363298689, "pc": 0.9655172413793104, "marker_score": 1.211814400200936, "symbol": "RPS17", "name": "ribosomal protein S17", "organism": "Homo sapiens", "tissue": "lung"}, {"me": 1.3892240070161366, "pc": 0.7241379310344828, "marker_score": 1.211108059341051, "symbol": "TMEM98", "name": "transmembrane protein 98", "organism": "Homo sapiens", "tissue": "lung"}, {"me": 2.4551669529506137, "pc": 0.9655172413793104, "marker_score": 1.1578907388636324, "symbol": "SNHG29", "name": "small nucleolar RNA host gene 29", "organism": "Homo sapiens", "tissue": "lung"}, {"me": 1.129385757446289, "pc": 0.5172413793103449, "marker_score": 1.1546290189158677, "symbol": "MRPL53", "name": "mitochondrial ribosomal protein L53", "organism": "Homo sapiens", "tissue": "lung"}, {"me": 1.949661401601938, "pc": 0.896551724137931, "marker_score": 1.1514410452041246, "symbol": "GAS5", "name": "growth arrest specific 5", "organism": "Homo sapiens", "tissue": "lung"}, {"me": 1.555213098940642, "pc": 0.7931034482758621, "marker_score": 1.1452756549104997, "symbol": "PSMA2", "name": "proteasome 20S subunit alpha 2", "organism": "Homo sapiens", "tissue": "lung"}, {"me": 1.3052929878234862, "pc": 0.6896551724137931, "marker_score": 1.1347779103105706, "symbol": "TRAPPC5", "name": "trafficking protein particle complex subunit 5", "organism": "Homo sapiens", "tissue": "lung"}, {"me": 1.381482442220052, "pc": 0.5172413793103449, "marker_score": 1.1347399583639377, "symbol": "RDH10", "name": "retinol dehydrogenase 10", "organism": "Homo sapiens", "tissue": "lung"}, {"me": 1.3372753143310547, "pc": 0.5172413793103449, "marker_score": 1.1324967697439288, "symbol": "UAP1", "name": "UDP-N-acetylglucosamine pyrophosphorylase 1", "organism": "Homo sapiens", "tissue": "lung"}, {"me": 2.591383797781808, "pc": 0.9655172413793104, "marker_score": 1.121200643090811, "symbol": "EEF1G", "name": "eukaryotic translation elongation factor 1 gamma", "organism": "Homo sapiens", "tissue": "lung"}, {"me": 1.5449562072753906, "pc": 0.7586206896551724, "marker_score": 1.1121826831094181, "symbol": "ELOC", "name": "elongin C", "organism": "Homo sapiens", "tissue": "lung"}, {"me": 4.022355441389413, "pc": 1.0, "marker_score": 1.106627957934783, "symbol": "RPL13A", "name": "ribosomal protein L13a", "organism": "Homo sapiens", "tissue": "lung"}, {"me": 3.376740817365975, "pc": 1.0, "marker_score": 1.1026543523386536, "symbol": "RPL26", "name": "ribosomal protein L26", "organism": "Homo sapiens", "tissue": "lung"}, {"me": 1.2635365592108831, "pc": 0.6206896551724138, "marker_score": 1.0999027628418354, "symbol": "GGCT", "name": "gamma-glutamylcyclotransferase", "organism": "Homo sapiens", "tissue": "lung"}, {"me": 1.7247878180609808, "pc": 0.9310344827586207, "marker_score": 1.0832949448639397, "symbol": "NDUFA13", "name": "NADH:ubiquinone oxidoreductase subunit A13", "organism": "Homo sapiens", "tissue": "lung"}, {"me": 1.2082895040512085, "pc": 0.5517241379310345, "marker_score": 1.0808244345740228, "symbol": "SRP19", "name": "signal recognition particle 19", "organism": "Homo sapiens", "tissue": "lung"}, {"me": 1.3688332875569662, "pc": 0.5172413793103449, "marker_score": 1.0752442939233222, "symbol": "SLC20A1", "name": "solute carrier family 20 member 1", "organism": "Homo sapiens", "tissue": "lung"}, {"me": 1.3925118879838423, "pc": 0.7586206896551724, "marker_score": 1.0727729132063142, "symbol": "IL6ST", "name": "interleukin 6 cytokine family signal transducer", "organism": "Homo sapiens", "tissue": "lung"}, {"me": 1.3920961462933084, "pc": 0.7931034482758621, "marker_score": 1.0661223827914057, "symbol": "DDX21", "name": "DExD-box helicase 21", "organism": "Homo sapiens", "tissue": "lung"}, {"me": 1.243250566370347, "pc": 0.5862068965517241, "marker_score": 1.0659585276950974, "symbol": "CLTB", "name": "clathrin light chain B", "organism": "Homo sapiens", "tissue": "lung"}, {"me": 1.285805384318034, "pc": 0.5172413793103449, "marker_score": 1.0633622432809164, "symbol": "TSPAN4", "name": "tetraspanin 4", "organism": "Homo sapiens", "tissue": "lung"}, {"me": 1.3322505950927734, "pc": 0.4827586206896552, "marker_score": 1.0574518388150467, "symbol": "TPBG", "name": "trophoblast glycoprotein", "organism": "Homo sapiens", "tissue": "lung"}, {"me": 5.089086072198276, "pc": 1.0, "marker_score": 1.053959834335376, "symbol": "TMSB4X", "name": "thymosin beta 4 X-linked", "organism": "Homo sapiens", "tissue": "lung"}, {"me": 1.3513534719293767, "pc": 0.7586206896551724, "marker_score": 1.0528478414998328, "symbol": "RBMS1", "name": "RNA binding motif single stranded interacting protein 1", "organism": "Homo sapiens", "tissue": "lung"}, {"me": 1.7010517883300782, "pc": 0.8620689655172413, "marker_score": 1.042735399707969, "symbol": "VAPA", "name": "VAMP associated protein A", "organism": "Homo sapiens", "tissue": "lung"}, {"me": 1.7426366806030273, "pc": 0.8275862068965517, "marker_score": 1.0373173078969675, "symbol": "SGK1", "name": "serum/glucocorticoid regulated kinase 1", "organism": "Homo sapiens", "tissue": "lung"}, {"me": 1.514853286743164, "pc": 0.6896551724137931, "marker_score": 1.0315821338937134, "symbol": "CFH", "name": "complement factor H", "organism": "Homo sapiens", "tissue": "lung"}, {"me": 1.8708888866283275, "pc": 0.9310344827586207, "marker_score": 1.0233829850027623, "symbol": "POLR2L", "name": "RNA polymerase II, I and III subunit L", "organism": "Homo sapiens", "tissue": "lung"}, {"me": 3.4103314535958424, "pc": 0.9655172413793104, "marker_score": 1.0140200497023037, "symbol": "LGALS1", "name": "galectin 1", "organism": "Homo sapiens", "tissue": "lung"}, {"me": 1.3993309020996094, "pc": 0.5172413793103449, "marker_score": 0.9983012389036364, "symbol": "RND3", "name": "Rho family GTPase 3", "organism": "Homo sapiens", "tissue": "lung"}, {"me": 1.693423589070638, "pc": 0.8275862068965517, "marker_score": 0.9933637890997162, "symbol": "LGALS3BP", "name": "galectin 3 binding protein", "organism": "Homo sapiens", "tissue": "lung"}, {"me": 1.4741191034731658, "pc": 0.7931034482758621, "marker_score": 0.9878152232243166, "symbol": "IFI16", "name": "interferon gamma inducible protein 16", "organism": "Homo sapiens", "tissue": "lung"}, {"me": 1.154212815420968, "pc": 0.4827586206896552, "marker_score": 0.985513278744653, "symbol": "HEG1", "name": "heart development protein with EGF like domains 1", "organism": "Homo sapiens", "tissue": "lung"}, {"me": 1.8082022490324798, "pc": 0.9310344827586207, "marker_score": 0.9741832107655906, "symbol": "RPS27L", "name": "ribosomal protein S27 like", "organism": "Homo sapiens", "tissue": "lung"}, {"me": 1.2013135637555803, "pc": 0.4827586206896552, "marker_score": 0.9562354880218917, "symbol": "TCEAL8", "name": "transcription elongation factor A like 8", "organism": "Homo sapiens", "tissue": "lung"}, {"me": 1.2571372985839844, "pc": 0.6206896551724138, "marker_score": 0.9470521179279162, "symbol": "CLIC4", "name": "chloride intracellular channel 4", "organism": "Homo sapiens", "tissue": "lung"}, {"me": 1.2993026733398438, "pc": 0.5172413793103449, "marker_score": 0.9298297451846036, "symbol": "C2", "name": "complement C2", "organism": "Homo sapiens", "tissue": "lung"}, {"me": 1.9799935267521784, "pc": 0.896551724137931, "marker_score": 0.9285366941608122, "symbol": "RPS4Y1", "name": "ribosomal protein S4 Y-linked 1", "organism": "Homo sapiens", "tissue": "lung"}, {"me": 1.3750382661819458, "pc": 0.5517241379310345, "marker_score": 0.926468971855656, "symbol": "MAT2A", "name": "methionine adenosyltransferase 2A", "organism": "Homo sapiens", "tissue": "lung"}, {"me": 4.532343897326239, "pc": 1.0, "marker_score": 0.9148260477523467, "symbol": "RPL41", "name": "ribosomal protein L41", "organism": "Homo sapiens", "tissue": "lung"}, {"me": 1.3560848236083984, "pc": 0.7586206896551724, "marker_score": 0.9146397788073944, "symbol": "NDUFC2", "name": "NADH:ubiquinone oxidoreductase subunit C2", "organism": "Homo sapiens", "tissue": "lung"}, {"me": 1.3854093551635742, "pc": 0.6206896551724138, "marker_score": 0.9105058309777674, "symbol": "SELENOS", "name": "selenoprotein S", "organism": "Homo sapiens", "tissue": "lung"}, {"me": 2.0635980459359975, "pc": 0.896551724137931, "marker_score": 0.9100956816428677, "symbol": "ALDOA", "name": "aldolase, fructose-bisphosphate A", "organism": "Homo sapiens", "tissue": "lung"}, {"me": 1.3230572938919067, "pc": 0.5517241379310345, "marker_score": 0.906371016020811, "symbol": "PDLIM4", "name": "PDZ and LIM domain 4", "organism": "Homo sapiens", "tissue": "lung"}, {"me": 3.8805510422279097, "pc": 1.0, "marker_score": 0.9012041610368694, "symbol": "RPL34", "name": "ribosomal protein L34", "organism": "Homo sapiens", "tissue": "lung"}, {"me": 1.4828514772302963, "pc": 0.5862068965517241, "marker_score": 0.8996352249428753, "symbol": "SH3GLB1", "name": "SH3 domain containing GRB2 like, endophilin B1", "organism": "Homo sapiens", "tissue": "lung"}, {"me": 2.5051451499417703, "pc": 0.9213161659513591, "marker_score": 2.680084719061097, "symbol": "Upk3b", "name": "uroplakin 3B", "organism": "Mus musculus", "tissue": "All Tissues"}, {"me": 1.9395829691533992, "pc": 0.8311874105865522, "marker_score": 2.1435927591536887, "symbol": "Aldh1a2", "name": "aldehyde dehydrogenase family 1, subfamily A2", "organism": "Mus musculus", "tissue": "All Tissues"}, {"me": 2.5850762966660477, "pc": 0.9628040057224606, "marker_score": 1.9838293251364487, "symbol": "Gpc3", "name": "glypican 3", "organism": "Mus musculus", "tissue": "All Tissues"}, {"me": 1.7971503446926125, "pc": 0.6995708154506438, "marker_score": 1.5505968573742204, "symbol": "Rspo1", "name": "R-spondin 1", "organism": "Mus musculus", "tissue": "All Tissues"}, {"me": 1.8655912772828207, "pc": 0.8254649499284692, "marker_score": 1.4730680230442004, "symbol": "Rcn3", "name": "reticulocalbin 3, EF-hand calcium binding domain", "organism": "Mus musculus", "tissue": "All Tissues"}, {"me": 2.057750128638103, "pc": 0.771101573676681, "marker_score": 1.4639248170839154, "symbol": "Itm2a", "name": "integral membrane protein 2A", "organism": "Mus musculus", "tissue": "All Tissues"}, {"me": 2.1246712401533996, "pc": 0.8626609442060086, "marker_score": 1.334261814336421, "symbol": "Aprt", "name": "adenine phosphoribosyl transferase", "organism": "Mus musculus", "tissue": "All Tissues"}, {"me": 1.7877239038735742, "pc": 0.7525035765379113, "marker_score": 1.2826401038357356, "symbol": "Alad", "name": "aminolevulinate, delta-, dehydratase", "organism": "Mus musculus", "tissue": "All Tissues"}, {"me": 1.8122099671182754, "pc": 0.5650929899856938, "marker_score": 1.1466513388186002, "symbol": "Sfrp2", "name": "secreted frizzled-related protein 2", "organism": "Mus musculus", "tissue": "All Tissues"}, {"me": 1.704546610514323, "pc": 0.6523605150214592, "marker_score": 1.136236001019354, "symbol": "Slc9a3r1", "name": "NHERF family PDZ scaffold protein 1", "organism": "Mus musculus", "tissue": "All Tissues"}, {"me": 1.9037692401821016, "pc": 0.5879828326180258, "marker_score": 1.1015138762545535, "symbol": "Ccdc80", "name": "coiled-coil domain containing 80", "organism": "Mus musculus", "tissue": "All Tissues"}, {"me": 1.6210826963890257, "pc": 0.5450643776824035, "marker_score": 1.0946571874297137, "symbol": "Wt1", "name": "WT1 transcription factor", "organism": "Mus musculus", "tissue": "All Tissues"}, {"me": 2.1124119912424395, "pc": 0.8869814020028612, "marker_score": 1.041256174934106, "symbol": "Cav1", "name": "caveolin 1, caveolae protein", "organism": "Mus musculus", "tissue": "All Tissues"}, {"me": 2.2790076937565513, "pc": 0.6824034334763949, "marker_score": 0.9978566851349875, "symbol": "Dlk1", "name": "delta like non-canonical Notch ligand 1", "organism": "Mus musculus", "tissue": "All Tissues"}, {"me": 2.503985675661845, "pc": 0.9828326180257511, "marker_score": 0.9876476831511735, "symbol": "Serpinh1", "name": "serine (or cysteine) peptidase inhibitor, clade H, member 1", "organism": "Mus musculus", "tissue": "All Tissues"}, {"me": 1.7901255756343177, "pc": 0.6237482117310443, "marker_score": 0.986840035717181, "symbol": "Ndn", "name": "necdin, MAGE family member", "organism": "Mus musculus", "tissue": "All Tissues"}, {"me": 2.6422454751726754, "pc": 0.530758226037196, "marker_score": 0.9817873601881042, "symbol": "Igfbp6", "name": "insulin-like growth factor binding protein 6", "organism": "Mus musculus", "tissue": "All Tissues"}, {"me": 2.856831523658192, "pc": 0.759656652360515, "marker_score": 0.9386370849574867, "symbol": "H19", "name": "H19, imprinted maternally expressed transcript", "organism": "Mus musculus", "tissue": "All Tissues"}, {"me": 1.8651218313388724, "pc": 0.5407725321888412, "marker_score": 0.9237680455070812, "symbol": "Akr1b3", "name": "aldo-keto reductase family 1, member B3 (aldose reductase)", "organism": "Mus musculus", "tissue": "All Tissues"}, {"me": 1.5757909592228754, "pc": 0.4334763948497854, "marker_score": 0.8793258683580655, "symbol": "P3h4", "name": "prolyl 3-hydroxylase family member 4 (non-enzymatic)", "organism": "Mus musculus", "tissue": "All Tissues"}, {"me": 1.6115821659764318, "pc": 0.42775393419170243, "marker_score": 0.8681268608834972, "symbol": "Smim1", "name": "small integral membrane protein 1", "organism": "Mus musculus", "tissue": "All Tissues"}, {"me": 2.1460745097785594, "pc": 0.8640915593705293, "marker_score": 0.8532962363693907, "symbol": "Gm8730", "name": "ribosomal protein, large, P0 pseudogene", "organism": "Mus musculus", "tissue": "All Tissues"}, {"me": 1.8767534712670555, "pc": 0.8125894134477826, "marker_score": 0.8489801142018751, "symbol": "Rps18-ps6", "name": "ribosomal protein S18, pseudogene 6", "organism": "Mus musculus", "tissue": "All Tissues"}, {"me": 1.8976217536796076, "pc": 0.41917024320457796, "marker_score": 0.8474798036118846, "symbol": "Upk1b", "name": "uroplakin 1B", "organism": "Mus musculus", "tissue": "All Tissues"}, {"me": 1.6448503859499668, "pc": 0.5379113018597997, "marker_score": 0.8432786728307529, "symbol": "Tgm2", "name": "transglutaminase 2, C polypeptide", "organism": "Mus musculus", "tissue": "All Tissues"}, {"me": 1.620440554818071, "pc": 0.5135908440629471, "marker_score": 0.8328663085115654, "symbol": "Gpx8", "name": "glutathione peroxidase 8 (putative)", "organism": "Mus musculus", "tissue": "All Tissues"}, {"me": 3.3755848851697197, "pc": 0.41487839771101576, "marker_score": 0.8217015728462399, "symbol": "Msln", "name": "mesothelin", "organism": "Mus musculus", "tissue": "All Tissues"}, {"me": 2.2963750839233397, "pc": 0.9155937052932761, "marker_score": 0.7928133965917877, "symbol": "Npc2", "name": "NPC intracellular cholesterol transporter 2", "organism": "Mus musculus", "tissue": "All Tissues"}, {"me": 1.9226016383017264, "pc": 0.709585121602289, "marker_score": 0.7782126035885146, "symbol": "Bcam", "name": "basal cell adhesion molecule", "organism": "Mus musculus", "tissue": "All Tissues"}, {"me": 1.9114458912397285, "pc": 0.3590844062947067, "marker_score": 0.7760978713534614, "symbol": "C2", "name": "complement component 2 (within H-2S)", "organism": "Mus musculus", "tissue": "All Tissues"}, {"me": 1.8753211252973894, "pc": 0.34763948497854075, "marker_score": 0.7574938074834181, "symbol": "Podn", "name": "podocan", "organism": "Mus musculus", "tissue": "All Tissues"}, {"me": 1.8723479575299202, "pc": 0.3361945636623748, "marker_score": 0.7318117033452183, "symbol": "Nkain4", "name": "Na+/K+ transporting ATPase interacting 4", "organism": "Mus musculus", "tissue": "All Tissues"}, {"me": 1.7152635477356992, "pc": 0.4220314735336195, "marker_score": 0.720725791734758, "symbol": "Cavin1", "name": "caveolae associated 1", "organism": "Mus musculus", "tissue": "All Tissues"}, {"me": 3.3912605406746033, "pc": 0.9914163090128756, "marker_score": 0.6913748344618738, "symbol": "Sparc", "name": "secreted acidic cysteine rich glycoprotein", "organism": "Mus musculus", "tissue": "All Tissues"}, {"me": 1.7565723635115713, "pc": 0.3032904148783977, "marker_score": 0.6850604495906453, "symbol": "Gm20186", "name": "Gm20186", "organism": "Mus musculus", "tissue": "All Tissues"}, {"me": 2.3835083710712572, "pc": 0.7453505007153076, "marker_score": 0.6821285834144302, "symbol": "Igfbp5", "name": "insulin-like growth factor binding protein 5", "organism": "Mus musculus", "tissue": "All Tissues"}, {"me": 2.6926317401960786, "pc": 0.3648068669527897, "marker_score": 0.6814517365635183, "symbol": "C3", "name": "complement component 3", "organism": "Mus musculus", "tissue": "All Tissues"}, {"me": 1.6783597969714505, "pc": 0.463519313304721, "marker_score": 0.6508114154542995, "symbol": "Cavin3", "name": "caveolae associated 3", "organism": "Mus musculus", "tissue": "All Tissues"}, {"me": 1.6666368660947826, "pc": 0.32474964234620884, "marker_score": 0.6444560002138, "symbol": "Ptgis", "name": "prostaglandin I2 (prostacyclin) synthase", "organism": "Mus musculus", "tissue": "All Tissues"}, {"me": 1.9161670187245246, "pc": 0.3290414878397711, "marker_score": 0.6433680675072595, "symbol": "Efemp1", "name": "epidermal growth factor-containing fibulin-like extracellular matrix protein 1", "organism": "Mus musculus", "tissue": "All Tissues"}, {"me": 1.4855750498145517, "pc": 0.2832618025751073, "marker_score": 0.6369234828330116, "symbol": "Isoc1", "name": "isochorismatase domain containing 1", "organism": "Mus musculus", "tissue": "All Tissues"}, {"me": 1.4851210781428368, "pc": 0.3133047210300429, "marker_score": 0.632960596677828, "symbol": "Tspan4", "name": "tetraspanin 4", "organism": "Mus musculus", "tissue": "All Tissues"}, {"me": 1.7879964043112362, "pc": 0.7782546494992847, "marker_score": 0.6325283440506532, "symbol": "Atp5o", "name": "ATP synthase, H+ transporting, mitochondrial F1 complex, O subunit", "organism": "Mus musculus", "tissue": "All Tissues"}, {"me": 1.9129440168479293, "pc": 0.47067238912732473, "marker_score": 0.6298453481952339, "symbol": "Aebp1", "name": "AE binding protein 1", "organism": "Mus musculus", "tissue": "All Tissues"}, {"me": 1.7014138054382835, "pc": 0.5135908440629471, "marker_score": 0.6252157467083527, "symbol": "Npnt", "name": "nephronectin", "organism": "Mus musculus", "tissue": "All Tissues"}, {"me": 1.4963561676360748, "pc": 0.2603719599427754, "marker_score": 0.6170630969714903, "symbol": "Tgfb3", "name": "transforming growth factor, beta 3", "organism": "Mus musculus", "tissue": "All Tissues"}, {"me": 1.5930219377790178, "pc": 0.2703862660944206, "marker_score": 0.6136632661935698, "symbol": "Col14a1", "name": "collagen, type XIV, alpha 1", "organism": "Mus musculus", "tissue": "All Tissues"}, {"me": 1.7905118981186225, "pc": 0.7010014306151645, "marker_score": 0.6106244380451972, "symbol": "Ppic", "name": "peptidylprolyl isomerase C", "organism": "Mus musculus", "tissue": "All Tissues"}, {"me": 1.7453664421818078, "pc": 0.7854077253218884, "marker_score": 0.5959988664732235, "symbol": "Gm10709", "name": "Gm10709", "organism": "Mus musculus", "tissue": "All Tissues"}, {"me": 1.6302294801608683, "pc": 0.290414878397711, "marker_score": 0.576509634191147, "symbol": "Plpp1", "name": "phospholipid phosphatase 1", "organism": "Mus musculus", "tissue": "All Tissues"}, {"me": 1.7158153445221658, "pc": 0.49213161659513593, "marker_score": 0.571031890978182, "symbol": "Gas1", "name": "growth arrest specific 1", "organism": "Mus musculus", "tissue": "All Tissues"}, {"me": 1.6564352470531798, "pc": 0.2446351931330472, "marker_score": 0.5601908793774905, "symbol": "Lbp", "name": "lipopolysaccharide binding protein", "organism": "Mus musculus", "tissue": "All Tissues"}, {"me": 2.177569245638913, "pc": 0.6266094420600858, "marker_score": 0.5584000922793595, "symbol": "Gas6", "name": "growth arrest specific 6", "organism": "Mus musculus", "tissue": "All Tissues"}, {"me": 1.4969181037097243, "pc": 0.23032904148783978, "marker_score": 0.5526044962698395, "symbol": "Foxf1", "name": "forkhead box F1", "organism": "Mus musculus", "tissue": "All Tissues"}, {"me": 1.640660113598927, "pc": 0.474964234620887, "marker_score": 0.5497813428624075, "symbol": "Net1", "name": "neuroepithelial cell transforming gene 1", "organism": "Mus musculus", "tissue": "All Tissues"}, {"me": 2.509930789558715, "pc": 0.9685264663805436, "marker_score": 0.5458106290166516, "symbol": "Rpl22l1", "name": "ribosomal protein L22 like 1", "organism": "Mus musculus", "tissue": "All Tissues"}, {"me": 1.5196213164886871, "pc": 0.22031473533619456, "marker_score": 0.5360438423144459, "symbol": "Zcchc3", "name": "zinc finger, CCHC domain containing 3", "organism": "Mus musculus", "tissue": "All Tissues"}, {"me": 1.9793919154575892, "pc": 0.9213161659513591, "marker_score": 0.535012129108482, "symbol": "Morf4l1", "name": "mortality factor 4 like 1", "organism": "Mus musculus", "tissue": "All Tissues"}, {"me": 1.5417712667713994, "pc": 0.2632331902718169, "marker_score": 0.5347288055836305, "symbol": "Tmem37", "name": "transmembrane protein 37", "organism": "Mus musculus", "tissue": "All Tissues"}, {"me": 2.068874762772448, "pc": 0.9599427753934192, "marker_score": 0.5256739816478676, "symbol": "Laptm4a", "name": "Laptm4a", "organism": "Mus musculus", "tissue": "All Tissues"}, {"me": 1.4092481963488521, "pc": 0.21030042918454936, "marker_score": 0.5240772037081959, "symbol": "Septin2", "name": "Septin2", "organism": "Mus musculus", "tissue": "All Tissues"}, {"me": 1.6415425755033557, "pc": 0.21316165951359084, "marker_score": 0.5232477538449506, "symbol": "Ecrg4", "name": "ECRG4 augurin precursor", "organism": "Mus musculus", "tissue": "All Tissues"}, {"me": 1.540678507486979, "pc": 0.2145922746781116, "marker_score": 0.5231540873712179, "symbol": "Rps18-ps3", "name": "ribosomal protein S18, pseudogene 3", "organism": "Mus musculus", "tissue": "All Tissues"}, {"me": 2.0325846739854856, "pc": 0.9055793991416309, "marker_score": 0.5207655562938701, "symbol": "Slc25a4", "name": "solute carrier family 25 (mitochondrial carrier, adenine nucleotide translocator), member 4", "organism": "Mus musculus", "tissue": "All Tissues"}, {"me": 1.5211966201844003, "pc": 0.35336194563662376, "marker_score": 0.5180166987205264, "symbol": "Gata6", "name": "GATA binding protein 6", "organism": "Mus musculus", "tissue": "All Tissues"}, {"me": 2.507917565492848, "pc": 0.8626609442060086, "marker_score": 0.517563269753854, "symbol": "Col3a1", "name": "collagen, type III, alpha 1", "organism": "Mus musculus", "tissue": "All Tissues"}, {"me": 2.759625674587477, "pc": 0.7911301859799714, "marker_score": 0.5173141434755689, "symbol": "Cdkn1c", "name": "cyclin-dependent kinase inhibitor 1C (P57)", "organism": "Mus musculus", "tissue": "All Tissues"}, {"me": 1.6122492546044687, "pc": 0.296137339055794, "marker_score": 0.5124005198526156, "symbol": "Cldn15", "name": "claudin 15", "organism": "Mus musculus", "tissue": "All Tissues"}, {"me": 1.4551653419036032, "pc": 0.26180257510729615, "marker_score": 0.5097599723065741, "symbol": "Dhrs4", "name": "dehydrogenase/reductase (SDR family) member 4", "organism": "Mus musculus", "tissue": "All Tissues"}, {"me": 2.2710529145740326, "pc": 0.6008583690987125, "marker_score": 0.5077616309198549, "symbol": "Timp2", "name": "tissue inhibitor of metalloproteinase 2", "organism": "Mus musculus", "tissue": "All Tissues"}, {"me": 1.5188454275803942, "pc": 0.3447782546494993, "marker_score": 0.5039440287597279, "symbol": "Snhg18", "name": "small nucleolar RNA host gene 18", "organism": "Mus musculus", "tissue": "All Tissues"}, {"me": 1.8105615588201993, "pc": 0.49356223175965663, "marker_score": 0.5013247443634716, "symbol": "Eno1", "name": "enolase 1, alpha non-neuron", "organism": "Mus musculus", "tissue": "All Tissues"}, {"me": 1.616615411007043, "pc": 0.1888412017167382, "marker_score": 0.500363064625642, "symbol": "Bst1", "name": "bone marrow stromal cell antigen 1", "organism": "Mus musculus", "tissue": "All Tissues"}, {"me": 1.8366769930211508, "pc": 0.46924177396280403, "marker_score": 0.49886715343702676, "symbol": "Nbl1", "name": "NBL1, DAN family BMP antagonist", "organism": "Mus musculus", "tissue": "All Tissues"}, {"me": 1.4542340365323154, "pc": 0.1888412017167382, "marker_score": 0.4919723973043431, "symbol": "Smtnl2", "name": "smoothelin-like 2", "organism": "Mus musculus", "tissue": "All Tissues"}, {"me": 1.6552653457179214, "pc": 0.1888412017167382, "marker_score": 0.4896027168542769, "symbol": "Osr1", "name": "odd-skipped related transcription factor 1", "organism": "Mus musculus", "tissue": "All Tissues"}, {"me": 1.4562940205613228, "pc": 0.2088698140200286, "marker_score": 0.4894301797126332, "symbol": "Dctn6", "name": "dynactin 6", "organism": "Mus musculus", "tissue": "All Tissues"}, {"me": 2.1807454427083335, "pc": 0.8969957081545065, "marker_score": 0.4772947256896474, "symbol": "Hmgn1", "name": "high mobility group nucleosomal binding domain 1", "organism": "Mus musculus", "tissue": "All Tissues"}, {"me": 2.312494509581147, "pc": 0.9542203147353362, "marker_score": 0.47686071650880807, "symbol": "Hspa5", "name": "heat shock protein 5", "organism": "Mus musculus", "tissue": "All Tissues"}, {"me": 1.833436131477356, "pc": 0.18311874105865522, "marker_score": 0.47622789115082426, "symbol": "Myl7", "name": "myosin, light polypeptide 7, regulatory", "organism": "Mus musculus", "tissue": "All Tissues"}, {"me": 1.7263869587172809, "pc": 0.6695278969957081, "marker_score": 0.47570055572638703, "symbol": "Rtraf", "name": "RNA transcription, translation and transport factor", "organism": "Mus musculus", "tissue": "All Tissues"}, {"me": 1.488070705480743, "pc": 0.1630901287553648, "marker_score": 0.47562788654353594, "symbol": "Lrrn4", "name": "leucine rich repeat neuronal 4", "organism": "Mus musculus", "tissue": "All Tissues"}, {"me": 1.6191119496903708, "pc": 0.5450643776824035, "marker_score": 0.4643547838442273, "symbol": "Tceal8", "name": "transcription elongation factor A (SII)-like 8", "organism": "Mus musculus", "tissue": "All Tissues"}, {"me": 1.5380048908171107, "pc": 0.3490701001430615, "marker_score": 0.4585437210221945, "symbol": "Sulf1", "name": "sulfatase 1", "organism": "Mus musculus", "tissue": "All Tissues"}, {"me": 2.454284403747294, "pc": 0.9914163090128756, "marker_score": 0.45668944207504425, "symbol": "Cd81", "name": "CD81 antigen", "organism": "Mus musculus", "tissue": "All Tissues"}, {"me": 1.5569836846713363, "pc": 0.24892703862660945, "marker_score": 0.44536198561370527, "symbol": "Hhip", "name": "Hedgehog-interacting protein", "organism": "Mus musculus", "tissue": "All Tissues"}, {"me": 1.6758233432112069, "pc": 0.6223175965665236, "marker_score": 0.4452361320329211, "symbol": "Idh2", "name": "isocitrate dehydrogenase 2 (NADP+), mitochondrial", "organism": "Mus musculus", "tissue": "All Tissues"}, {"me": 1.4617723737444197, "pc": 0.21030042918454936, "marker_score": 0.4432695983840332, "symbol": "Zfyve21", "name": "zinc finger, FYVE domain containing 21", "organism": "Mus musculus", "tissue": "All Tissues"}, {"me": 1.5843317799022716, "pc": 0.3876967095851216, "marker_score": 0.44012082198336855, "symbol": "Isyna1", "name": "myo-inositol 1-phosphate synthase A1", "organism": "Mus musculus", "tissue": "All Tissues"}, {"me": 1.9696019795910162, "pc": 0.8340486409155937, "marker_score": 0.44008688904989485, "symbol": "Pdia6", "name": "protein disulfide isomerase associated 6", "organism": "Mus musculus", "tissue": "All Tissues"}, {"me": 1.558827764337713, "pc": 0.15736766809728184, "marker_score": 0.4381051858232031, "symbol": "Rdh10", "name": "retinol dehydrogenase 10 (all-trans)", "organism": "Mus musculus", "tissue": "All Tissues"}, {"me": 1.5304512665650556, "pc": 0.1530758226037196, "marker_score": 0.43336182739032714, "symbol": "Prss12", "name": "protease, serine 12 neurotrypsin (motopsin)", "organism": "Mus musculus", "tissue": "All Tissues"}, {"me": 1.6510653862586389, "pc": 0.14878397711015737, "marker_score": 0.4307543939439887, "symbol": "Lgals2", "name": "lectin, galactose-binding, soluble 2", "organism": "Mus musculus", "tissue": "All Tissues"}, {"me": 1.5666704731602823, "pc": 0.2217453505007153, "marker_score": 0.42777955566067305, "symbol": "Plagl1", "name": "pleiomorphic adenoma gene-like 1", "organism": "Mus musculus", "tissue": "All Tissues"}, {"me": 1.5478950269294507, "pc": 0.14163090128755365, "marker_score": 0.4170769799785161, "symbol": "C1s1", "name": "complement component 1, s subcomponent 1", "organism": "Mus musculus", "tissue": "All Tissues"}, {"me": 1.6743862728597267, "pc": 0.4449213161659514, "marker_score": 0.41404910176528903, "symbol": "Cd151", "name": "CD151 antigen", "organism": "Mus musculus", "tissue": "All Tissues"}, {"me": 1.5110274420844183, "pc": 0.20600858369098712, "marker_score": 0.4134084886984623, "symbol": "Fgf9", "name": "fibroblast growth factor 9", "organism": "Mus musculus", "tissue": "All Tissues"}, {"me": 3.729200196709585, "pc": 1.0, "marker_score": 0.4112138219957146, "symbol": "Ptma", "name": "prothymosin alpha", "organism": "Mus musculus", "tissue": "All Tissues"}, {"me": 2.1091530048741705, "pc": 0.48497854077253216, "marker_score": 0.4106721292009043, "symbol": "Serping1", "name": "serine (or cysteine) peptidase inhibitor, clade G, member 1", "organism": "Mus musculus", "tissue": "All Tissues"}, {"me": 1.581854790192962, "pc": 0.49928469241773965, "marker_score": 0.4101114589028084, "symbol": "Rbpms", "name": "RNA binding protein gene with multiple splicing", "organism": "Mus musculus", "tissue": "All Tissues"}, {"me": 3.213102780855619, "pc": 0.896551724137931, "marker_score": 3.515260643189394, "symbol": "PLA2G2A", "name": "phospholipase A2 group IIA", "organism": "Homo sapiens", "tissue": "All Tissues"}, {"me": 2.349223327636719, "pc": 0.8620689655172413, "marker_score": 3.3355743374438562, "symbol": "CFB", "name": "complement factor B", "organism": "Homo sapiens", "tissue": "All Tissues"}, {"me": 1.869183747664742, "pc": 0.7931034482758621, "marker_score": 3.1020604779202268, "symbol": "HAS1", "name": "hyaluronan synthase 1", "organism": "Homo sapiens", "tissue": "All Tissues"}, {"me": 4.251768441035829, "pc": 1.0, "marker_score": 3.079144950137689, "symbol": "TIMP1", "name": "TIMP metallopeptidase inhibitor 1", "organism": "Homo sapiens", "tissue": "All Tissues"}, {"me": 1.6941869984502378, "pc": 0.7931034482758621, "marker_score": 2.851549190247559, "symbol": "RPL13AP5", "name": "ribosomal protein L13a pseudogene 5", "organism": "Homo sapiens", "tissue": "All Tissues"}, {"me": 1.7362337979403408, "pc": 0.7586206896551724, "marker_score": 2.8231910137062464, "symbol": "CALB2", "name": "calbindin 2", "organism": "Homo sapiens", "tissue": "All Tissues"}, {"me": 2.9794377865998642, "pc": 0.7931034482758621, "marker_score": 2.488590997939114, "symbol": "HP", "name": "haptoglobin", "organism": "Homo sapiens", "tissue": "All Tissues"}, {"me": 1.6047922770182292, "pc": 0.7241379310344828, "marker_score": 2.4256981996689446, "symbol": "GAS1", "name": "growth arrest specific 1", "organism": "Homo sapiens", "tissue": "All Tissues"}, {"me": 1.8515645662943523, "pc": 0.8275862068965517, "marker_score": 2.3592385359478683, "symbol": "ALDH1A3", "name": "aldehyde dehydrogenase 1 family member A3", "organism": "Homo sapiens", "tissue": "All Tissues"}, {"me": 2.262637939453125, "pc": 0.8620689655172413, "marker_score": 2.2590420899084216, "symbol": "CCDC80", "name": "coiled-coil domain containing 80", "organism": "Homo sapiens", "tissue": "All Tissues"}, {"me": 1.564634222733347, "pc": 0.6551724137931034, "marker_score": 2.110658182093725, "symbol": "CCDC71L", "name": "coiled-coil domain containing 71 like", "organism": "Homo sapiens", "tissue": "All Tissues"}, {"me": 1.9155379847476357, "pc": 0.6551724137931034, "marker_score": 2.092137860573435, "symbol": "PRG4", "name": "proteoglycan 4", "organism": "Homo sapiens", "tissue": "All Tissues"}, {"me": 1.8812298244900174, "pc": 0.9310344827586207, "marker_score": 2.059825802628589, "symbol": "C1R", "name": "complement C1r", "organism": "Homo sapiens", "tissue": "All Tissues"}, {"me": 3.0734905666775174, "pc": 0.9310344827586207, "marker_score": 2.011898696122593, "symbol": "CCL2", "name": "C-C motif chemokine ligand 2", "organism": "Homo sapiens", "tissue": "All Tissues"}, {"me": 3.32147032639076, "pc": 1.0, "marker_score": 1.9963235369704648, "symbol": "MT1X", "name": "metallothionein 1X", "organism": "Homo sapiens", "tissue": "All Tissues"}, {"me": 3.168178285871233, "pc": 0.9655172413793104, "marker_score": 1.9956987676262812, "symbol": "MT1E", "name": "metallothionein 1E", "organism": "Homo sapiens", "tissue": "All Tissues"}, {"me": 1.7891229901994978, "pc": 0.7241379310344828, "marker_score": 1.9664859354001165, "symbol": "TFPI2", "name": "tissue factor pathway inhibitor 2", "organism": "Homo sapiens", "tissue": "All Tissues"}, {"me": 5.079485136887123, "pc": 1.0, "marker_score": 1.9460072170971747, "symbol": "MT2A", "name": "metallothionein 2A", "organism": "Homo sapiens", "tissue": "All Tissues"}, {"me": 1.6538890202840169, "pc": 0.6206896551724138, "marker_score": 1.9414784511932113, "symbol": "RGS4", "name": "regulator of G protein signaling 4", "organism": "Homo sapiens", "tissue": "All Tissues"}, {"me": 2.030692206488715, "pc": 0.9310344827586207, "marker_score": 1.936945680116473, "symbol": "C1S", "name": "complement C1s", "organism": "Homo sapiens", "tissue": "All Tissues"}, {"me": 2.838260498046875, "pc": 0.8620689655172413, "marker_score": 1.9141865526209787, "symbol": "C3", "name": "complement C3", "organism": "Homo sapiens", "tissue": "All Tissues"}, {"me": 1.255739688873291, "pc": 0.5517241379310345, "marker_score": 1.8702826484548183, "symbol": "RPSAP58", "name": "RPSAP58", "organism": "Homo sapiens", "tissue": "All Tissues"}, {"me": 1.4674491882324219, "pc": 0.6896551724137931, "marker_score": 1.7694968677168912, "symbol": "LXN", "name": "latexin", "organism": "Homo sapiens", "tissue": "All Tissues"}, {"me": 1.1845378875732422, "pc": 0.6206896551724138, "marker_score": 1.76628793671081, "symbol": "GFPT2", "name": "glutamine-fructose-6-phosphate transaminase 2", "organism": "Homo sapiens", "tissue": "All Tissues"}, {"me": 1.2201324039035373, "pc": 0.6206896551724138, "marker_score": 1.7593566382745687, "symbol": "PDPN", "name": "podoplanin", "organism": "Homo sapiens", "tissue": "All Tissues"}, {"me": 1.129385757446289, "pc": 0.5172413793103449, "marker_score": 1.7545089737821633, "symbol": "MRPL53", "name": "mitochondrial ribosomal protein L53", "organism": "Homo sapiens", "tissue": "All Tissues"}, {"me": 2.5543575286865234, "pc": 0.9655172413793104, "marker_score": 1.7475907325115752, "symbol": "CRIP1", "name": "cysteine rich protein 1", "organism": "Homo sapiens", "tissue": "All Tissues"}, {"me": 1.3999438078507134, "pc": 0.7931034482758621, "marker_score": 1.7263980647482193, "symbol": "TNFRSF1A", "name": "TNF receptor superfamily member 1A", "organism": "Homo sapiens", "tissue": "All Tissues"}, {"me": 1.8873741443340595, "pc": 0.896551724137931, "marker_score": 1.7258824192464672, "symbol": "RARRES2", "name": "retinoic acid receptor responder 2", "organism": "Homo sapiens", "tissue": "All Tissues"}, {"me": 2.4885182873956087, "pc": 1.0, "marker_score": 1.7106433709774929, "symbol": "NNMT", "name": "nicotinamide N-methyltransferase", "organism": "Homo sapiens", "tissue": "All Tissues"}, {"me": 1.2993026733398438, "pc": 0.5172413793103449, "marker_score": 1.6883926052602676, "symbol": "C2", "name": "complement C2", "organism": "Homo sapiens", "tissue": "All Tissues"}, {"me": 2.0717876575611256, "pc": 0.9310344827586207, "marker_score": 1.6271952779423018, "symbol": "SERPING1", "name": "serpin family G member 1", "organism": "Homo sapiens", "tissue": "All Tissues"}, {"me": 1.3052929878234862, "pc": 0.6896551724137931, "marker_score": 1.5575352462241905, "symbol": "TRAPPC5", "name": "trafficking protein particle complex subunit 5", "organism": "Homo sapiens", "tissue": "All Tissues"}, {"me": 1.3892240070161366, "pc": 0.7241379310344828, "marker_score": 1.5092944476758623, "symbol": "TMEM98", "name": "transmembrane protein 98", "organism": "Homo sapiens", "tissue": "All Tissues"}, {"me": 1.5970513960894417, "pc": 0.5862068965517241, "marker_score": 1.5022340195988733, "symbol": "UPK3B", "name": "uroplakin 3B", "organism": "Homo sapiens", "tissue": "All Tissues"}, {"me": 1.9345703125, "pc": 0.8275862068965517, "marker_score": 1.4927988348339964, "symbol": "MT1M", "name": "metallothionein 1M", "organism": "Homo sapiens", "tissue": "All Tissues"}, {"me": 1.5177551616321912, "pc": 0.7586206896551724, "marker_score": 1.4858486832442896, "symbol": "PIM1", "name": "Pim-1 proto-oncogene, serine/threonine kinase", "organism": "Homo sapiens", "tissue": "All Tissues"}, {"me": 1.509658686319987, "pc": 0.5172413793103449, "marker_score": 1.4814435241427784, "symbol": "CFI", "name": "complement factor I", "organism": "Homo sapiens", "tissue": "All Tissues"}, {"me": 1.5610138575236003, "pc": 0.8275862068965517, "marker_score": 1.4737129904563078, "symbol": "EFEMP1", "name": "EGF containing fibulin extracellular matrix protein 1", "organism": "Homo sapiens", "tissue": "All Tissues"}, {"me": 1.5628387451171875, "pc": 0.8620689655172413, "marker_score": 1.452769516515624, "symbol": "PLAAT4", "name": "phospholipase A and acyltransferase 4", "organism": "Homo sapiens", "tissue": "All Tissues"}, {"me": 1.9183942621404475, "pc": 0.7586206896551724, "marker_score": 1.447237335596033, "symbol": "RARRES1", "name": "retinoic acid receptor responder 1", "organism": "Homo sapiens", "tissue": "All Tissues"}, {"me": 1.322698465983073, "pc": 0.5172413793103449, "marker_score": 1.4106164690149254, "symbol": "MEDAG", "name": "mesenteric estrogen dependent adipogenesis", "organism": "Homo sapiens", "tissue": "All Tissues"}, {"me": 1.3322505950927734, "pc": 0.4827586206896552, "marker_score": 1.4037200870035593, "symbol": "TPBG", "name": "trophoblast glycoprotein", "organism": "Homo sapiens", "tissue": "All Tissues"}, {"me": 1.2637312752859933, "pc": 0.4827586206896552, "marker_score": 1.3853713162942627, "symbol": "WT1", "name": "WT1 transcription factor", "organism": "Homo sapiens", "tissue": "All Tissues"}, {"me": 1.9455714755588107, "pc": 0.6206896551724138, "marker_score": 1.374910392109393, "symbol": "IGFBP6", "name": "insulin like growth factor binding protein 6", "organism": "Homo sapiens", "tissue": "All Tissues"}, {"me": 1.3087937204461348, "pc": 0.6551724137931034, "marker_score": 1.3595469714175956, "symbol": "ZNF593", "name": "zinc finger protein 593", "organism": "Homo sapiens", "tissue": "All Tissues"}, {"me": 1.3273887634277344, "pc": 0.6206896551724138, "marker_score": 1.3404135009146183, "symbol": "HCFC1R1", "name": "host cell factor C1 regulator 1", "organism": "Homo sapiens", "tissue": "All Tissues"}, {"me": 1.1766156589283663, "pc": 0.5862068965517241, "marker_score": 1.3402010593209912, "symbol": "SFTPC", "name": "surfactant protein C", "organism": "Homo sapiens", "tissue": "All Tissues"}, {"me": 2.4551669529506137, "pc": 0.9655172413793104, "marker_score": 1.3112325223846175, "symbol": "SNHG29", "name": "small nucleolar RNA host gene 29", "organism": "Homo sapiens", "tissue": "All Tissues"}, {"me": 5.089086072198276, "pc": 1.0, "marker_score": 1.2706482887302482, "symbol": "TMSB4X", "name": "thymosin beta 4 X-linked", "organism": "Homo sapiens", "tissue": "All Tissues"}, {"me": 1.555213098940642, "pc": 0.7931034482758621, "marker_score": 1.2526899803912055, "symbol": "PSMA2", "name": "proteasome 20S subunit alpha 2", "organism": "Homo sapiens", "tissue": "All Tissues"}, {"me": 1.419422751978824, "pc": 0.6551724137931034, "marker_score": 1.246696243900399, "symbol": "C1QB", "name": "complement C1q B chain", "organism": "Homo sapiens", "tissue": "All Tissues"}, {"me": 3.4103314535958424, "pc": 0.9655172413793104, "marker_score": 1.2394287526076726, "symbol": "LGALS1", "name": "galectin 1", "organism": "Homo sapiens", "tissue": "All Tissues"}, {"me": 1.5934788553338302, "pc": 0.6551724137931034, "marker_score": 1.2339262593201092, "symbol": "PCOLCE", "name": "procollagen C-endopeptidase enhancer", "organism": "Homo sapiens", "tissue": "All Tissues"}, {"me": 2.591383797781808, "pc": 0.9655172413793104, "marker_score": 1.2080645390881406, "symbol": "EEF1G", "name": "eukaryotic translation elongation factor 1 gamma", "organism": "Homo sapiens", "tissue": "All Tissues"}, {"me": 2.623787189352101, "pc": 1.0, "marker_score": 1.2074397258817495, "symbol": "MIF", "name": "macrophage migration inhibitory factor", "organism": "Homo sapiens", "tissue": "All Tissues"}, {"me": 1.285805384318034, "pc": 0.5172413793103449, "marker_score": 1.1965612347304164, "symbol": "TSPAN4", "name": "tetraspanin 4", "organism": "Homo sapiens", "tissue": "All Tissues"}, {"me": 1.693423589070638, "pc": 0.8275862068965517, "marker_score": 1.1615453471563997, "symbol": "LGALS3BP", "name": "galectin 3 binding protein", "organism": "Homo sapiens", "tissue": "All Tissues"}, {"me": 1.7146763610839844, "pc": 0.8620689655172413, "marker_score": 1.1408565636506993, "symbol": "TNFRSF12A", "name": "TNF receptor superfamily member 12A", "organism": "Homo sapiens", "tissue": "All Tissues"}, {"me": 1.3792815208435059, "pc": 0.5517241379310345, "marker_score": 1.1255383416369877, "symbol": "TOMM6", "name": "translocase of outer mitochondrial membrane 6", "organism": "Homo sapiens", "tissue": "All Tissues"}, {"me": 1.8966118739201472, "pc": 0.896551724137931, "marker_score": 1.0952102838326438, "symbol": "SNHG5", "name": "small nucleolar RNA host gene 5", "organism": "Homo sapiens", "tissue": "All Tissues"}, {"me": 2.1673897963303785, "pc": 0.896551724137931, "marker_score": 1.0699421765016963, "symbol": "COL3A1", "name": "collagen type III alpha 1 chain", "organism": "Homo sapiens", "tissue": "All Tissues"}, {"me": 1.5089007568359376, "pc": 0.8620689655172413, "marker_score": 1.064888882344118, "symbol": "NENF", "name": "neudesin neurotrophic factor", "organism": "Homo sapiens", "tissue": "All Tissues"}, {"me": 1.7247878180609808, "pc": 0.9310344827586207, "marker_score": 1.0351956555275872, "symbol": "NDUFA13", "name": "NADH:ubiquinone oxidoreductase subunit A13", "organism": "Homo sapiens", "tissue": "All Tissues"}, {"me": 1.367203140258789, "pc": 0.6896551724137931, "marker_score": 1.0287888303814903, "symbol": "C1QA", "name": "complement C1q A chain", "organism": "Homo sapiens", "tissue": "All Tissues"}, {"me": 1.4114278157552083, "pc": 0.6206896551724138, "marker_score": 1.0196803155749965, "symbol": "MEST", "name": "mesoderm specific transcript", "organism": "Homo sapiens", "tissue": "All Tissues"}, {"me": 1.3230572938919067, "pc": 0.5517241379310345, "marker_score": 1.0193454300662361, "symbol": "PDLIM4", "name": "PDZ and LIM domain 4", "organism": "Homo sapiens", "tissue": "All Tissues"}, {"me": 1.1715799570083618, "pc": 0.5517241379310345, "marker_score": 1.008752842658184, "symbol": "SULF1", "name": "sulfatase 1", "organism": "Homo sapiens", "tissue": "All Tissues"}, {"me": 1.6251409970797026, "pc": 0.896551724137931, "marker_score": 1.0027812964606329, "symbol": "NDUFA11", "name": "NADH:ubiquinone oxidoreductase subunit A11", "organism": "Homo sapiens", "tissue": "All Tissues"}, {"me": 1.7952476784035012, "pc": 0.9310344827586207, "marker_score": 0.9931584934299111, "symbol": "ARID5B", "name": "AT-rich interaction domain 5B", "organism": "Homo sapiens", "tissue": "All Tissues"}, {"me": 1.4714829126993816, "pc": 0.8275862068965517, "marker_score": 0.9927836882763322, "symbol": "ERRFI1", "name": "ERBB receptor feedback inhibitor 1", "organism": "Homo sapiens", "tissue": "All Tissues"}, {"me": 1.4856188456217447, "pc": 0.5172413793103449, "marker_score": 0.9868084366425478, "symbol": "SPTSSA", "name": "serine palmitoyltransferase small subunit A", "organism": "Homo sapiens", "tissue": "All Tissues"}, {"me": 1.381482442220052, "pc": 0.5172413793103449, "marker_score": 0.9811536048226872, "symbol": "RDH10", "name": "retinol dehydrogenase 10", "organism": "Homo sapiens", "tissue": "All Tissues"}, {"me": 1.4666097429063585, "pc": 0.6206896551724138, "marker_score": 0.9795174450189379, "symbol": "CLDN1", "name": "claudin 1", "organism": "Homo sapiens", "tissue": "All Tissues"}, {"me": 1.949661401601938, "pc": 0.896551724137931, "marker_score": 0.9777987399026955, "symbol": "GAS5", "name": "growth arrest specific 5", "organism": "Homo sapiens", "tissue": "All Tissues"}, {"me": 1.7426366806030273, "pc": 0.8275862068965517, "marker_score": 0.9757562570014168, "symbol": "SGK1", "name": "serum/glucocorticoid regulated kinase 1", "organism": "Homo sapiens", "tissue": "All Tissues"}, {"me": 2.0399566650390626, "pc": 0.8620689655172413, "marker_score": 0.9689209370552762, "symbol": "LY6E", "name": "lymphocyte antigen 6 family member E", "organism": "Homo sapiens", "tissue": "All Tissues"}, {"me": 1.5064067840576172, "pc": 0.5517241379310345, "marker_score": 0.9645274360951912, "symbol": "MT1A", "name": "metallothionein 1A", "organism": "Homo sapiens", "tissue": "All Tissues"}, {"me": 1.2635365592108831, "pc": 0.6206896551724138, "marker_score": 0.9625547594192618, "symbol": "GGCT", "name": "gamma-glutamylcyclotransferase", "organism": "Homo sapiens", "tissue": "All Tissues"}, {"me": 2.8032747465988685, "pc": 1.0, "marker_score": 0.9491909377540382, "symbol": "S100A10", "name": "S100 calcium binding protein A10", "organism": "Homo sapiens", "tissue": "All Tissues"}, {"me": 1.9799935267521784, "pc": 0.896551724137931, "marker_score": 0.9443105821887993, "symbol": "RPS4Y1", "name": "ribosomal protein S4 Y-linked 1", "organism": "Homo sapiens", "tissue": "All Tissues"}, {"me": 3.5760879516601562, "pc": 0.9655172413793104, "marker_score": 0.9426897733486819, "symbol": "RPL7", "name": "ribosomal protein L7", "organism": "Homo sapiens", "tissue": "All Tissues"}, {"me": 2.4434389860733696, "pc": 0.7931034482758621, "marker_score": 0.9372529685830762, "symbol": "COL1A1", "name": "collagen type I alpha 1 chain", "organism": "Homo sapiens", "tissue": "All Tissues"}, {"me": 1.5449562072753906, "pc": 0.7586206896551724, "marker_score": 0.9346010844347278, "symbol": "ELOC", "name": "elongin C", "organism": "Homo sapiens", "tissue": "All Tissues"}, {"me": 1.2189749549416935, "pc": 0.5862068965517241, "marker_score": 0.9294380442029668, "symbol": "UBE2L6", "name": "ubiquitin conjugating enzyme E2 L6", "organism": "Homo sapiens", "tissue": "All Tissues"}, {"me": 1.8082022490324798, "pc": 0.9310344827586207, "marker_score": 0.9258540838825629, "symbol": "RPS27L", "name": "ribosomal protein S27 like", "organism": "Homo sapiens", "tissue": "All Tissues"}, {"me": 1.7010517883300782, "pc": 0.8620689655172413, "marker_score": 0.9175839537262207, "symbol": "VAPA", "name": "VAMP associated protein A", "organism": "Homo sapiens", "tissue": "All Tissues"}, {"me": 1.8466205596923828, "pc": 0.896551724137931, "marker_score": 0.9169395418206625, "symbol": "COL6A2", "name": "collagen type VI alpha 2 chain", "organism": "Homo sapiens", "tissue": "All Tissues"}, {"me": 1.2099649906158447, "pc": 0.5517241379310345, "marker_score": 0.9011685654288377, "symbol": "CNIH1", "name": "cornichon family AMPA receptor auxiliary protein 1", "organism": "Homo sapiens", "tissue": "All Tissues"}, {"me": 1.5376786318692295, "pc": 0.7586206896551724, "marker_score": 0.898590162886844, "symbol": "COL6A1", "name": "collagen type VI alpha 1 chain", "organism": "Homo sapiens", "tissue": "All Tissues"}, {"me": 1.3283825924522, "pc": 0.6551724137931034, "marker_score": 0.883701448264375, "symbol": "TOMM5", "name": "translocase of outer mitochondrial membrane 5", "organism": "Homo sapiens", "tissue": "All Tissues"}, {"me": 1.5774197578430176, "pc": 0.6896551724137931, "marker_score": 0.8800888098978819, "symbol": "UGP2", "name": "UDP-glucose pyrophosphorylase 2", "organism": "Homo sapiens", "tissue": "All Tissues"}, {"me": 1.2742874747828434, "pc": 0.6551724137931034, "marker_score": 0.866821824580218, "symbol": "KLF9", "name": "KLF transcription factor 9", "organism": "Homo sapiens", "tissue": "All Tissues"}, {"me": 1.8165391540527345, "pc": 0.8620689655172413, "marker_score": 0.8517415036267264, "symbol": "CAV1", "name": "caveolin 1", "organism": "Homo sapiens", "tissue": "All Tissues"}, {"me": 1.2724352942572699, "pc": 0.6206896551724138, "marker_score": 0.8335376239713245, "symbol": "CAV2", "name": "caveolin 2", "organism": "Homo sapiens", "tissue": "All Tissues"}, {"me": 1.4741191034731658, "pc": 0.7931034482758621, "marker_score": 0.8196818914948162, "symbol": "IFI16", "name": "interferon gamma inducible protein 16", "organism": "Homo sapiens", "tissue": "All Tissues"}, {"me": 1.4410942395528157, "pc": 0.8275862068965517, "marker_score": 0.8195546245236116, "symbol": "TCEAL9", "name": "transcription elongation factor A like 9", "organism": "Homo sapiens", "tissue": "All Tissues"}, {"me": 1.482314023104581, "pc": 0.7586206896551724, "marker_score": 0.8190387811855416, "symbol": "HIF1A", "name": "hypoxia inducible factor 1 subunit alpha", "organism": "Homo sapiens", "tissue": "All Tissues"}, {"me": 2.0632450269616167, "pc": 0.7931034482758621, "marker_score": 0.8186033110262088, "symbol": "FN1", "name": "fibronectin 1", "organism": "Homo sapiens", "tissue": "All Tissues"}, {"me": 1.3340872596291935, "pc": 0.5862068965517241, "marker_score": 0.8154990377474802, "symbol": "RAB31", "name": "RAB31, member RAS oncogene family", "organism": "Homo sapiens", "tissue": "All Tissues"}]