[{"me": 3.43548056862571, "pc": 0.7284768211920529, "marker_score": 1.6177502152420813, "symbol": "ACSBG1", "name": "acyl-CoA synthetase bubblegum family member 1", "organism": "Homo sapiens", "tissue": "skin of body"}, {"me": 3.8404154258199257, "pc": 0.6688741721854304, "marker_score": 1.4227158872447694, "symbol": "ZNF385D", "name": "zinc finger protein 385D", "organism": "Homo sapiens", "tissue": "skin of body"}, {"me": 3.075960388183594, "pc": 0.6622516556291391, "marker_score": 1.3879815005219704, "symbol": "RBM47", "name": "RNA binding motif protein 47", "organism": "Homo sapiens", "tissue": "skin of body"}, {"me": 2.8463253064102, "pc": 0.5894039735099338, "marker_score": 1.1925429558398968, "symbol": "KRT79", "name": "keratin 79", "organism": "Homo sapiens", "tissue": "skin of body"}, {"me": 2.793622276999734, "pc": 0.5827814569536424, "marker_score": 1.1903423552883075, "symbol": "HLCS", "name": "holocarboxylase synthetase", "organism": "Homo sapiens", "tissue": "skin of body"}, {"me": 3.032227272211119, "pc": 0.5695364238410596, "marker_score": 1.1500466160770328, "symbol": "PM20D1", "name": "peptidase M20 domain containing 1", "organism": "Homo sapiens", "tissue": "skin of body"}, {"me": 3.046437777005709, "pc": 0.5165562913907285, "marker_score": 1.039720894752338, "symbol": "FADS2", "name": "fatty acid desaturase 2", "organism": "Homo sapiens", "tissue": "skin of body"}, {"me": 2.828019557855068, "pc": 0.5165562913907285, "marker_score": 1.0379067558562376, "symbol": "FASN", "name": "fatty acid synthase", "organism": "Homo sapiens", "tissue": "skin of body"}, {"me": 2.7329396287055863, "pc": 0.48344370860927155, "marker_score": 0.9635707936581361, "symbol": "CLMP", "name": "CXADR like membrane protein", "organism": "Homo sapiens", "tissue": "skin of body"}, {"me": 3.0041482713487415, "pc": 0.4768211920529801, "marker_score": 0.9528633515805712, "symbol": "CHI3L1", "name": "chitinase 3 like 1", "organism": "Homo sapiens", "tissue": "skin of body"}, {"me": 2.5678867885044645, "pc": 0.46357615894039733, "marker_score": 0.9367059607130477, "symbol": "AUTS2", "name": "activator of transcription and developmental regulator AUTS2", "organism": "Homo sapiens", "tissue": "skin of body"}, {"me": 2.604990862417912, "pc": 0.45695364238410596, "marker_score": 0.9188366568294586, "symbol": "ALOX15B", "name": "arachidonate 15-lipoxygenase type B", "organism": "Homo sapiens", "tissue": "skin of body"}, {"me": 2.5660216872756547, "pc": 0.4900662251655629, "marker_score": 0.9107880922856331, "symbol": "NFIA", "name": "nuclear factor I A", "organism": "Homo sapiens", "tissue": "skin of body"}, {"me": 2.517303466796875, "pc": 0.48344370860927155, "marker_score": 0.9010288762453145, "symbol": "TCF12", "name": "transcription factor 12", "organism": "Homo sapiens", "tissue": "skin of body"}, {"me": 2.9265580397385818, "pc": 0.4304635761589404, "marker_score": 0.8846033936659068, "symbol": "RP1-80N2.2", "name": "RP1-80N2.2", "organism": "Homo sapiens", "tissue": "skin of body"}, {"me": 2.3304269643930287, "pc": 0.4304635761589404, "marker_score": 0.8804833172215676, "symbol": "FAR2", "name": "fatty acyl-CoA reductase 2", "organism": "Homo sapiens", "tissue": "skin of body"}, {"me": 2.743765213910271, "pc": 0.4503311258278146, "marker_score": 0.8552784342475482, "symbol": "GPC6", "name": "glypican 6", "organism": "Homo sapiens", "tissue": "skin of body"}, {"me": 2.4599876403808594, "pc": 0.5033112582781457, "marker_score": 0.8520486766292801, "symbol": "FHIT", "name": "fragile histidine triad diadenosine triphosphatase", "organism": "Homo sapiens", "tissue": "skin of body"}, {"me": 2.5234840029761907, "pc": 0.41721854304635764, "marker_score": 0.8475765606680346, "symbol": "PIK3C2G", "name": "phosphatidylinositol-4-phosphate 3-kinase catalytic subunit type 2 gamma", "organism": "Homo sapiens", "tissue": "skin of body"}, {"me": 2.4856126846805697, "pc": 0.4105960264900662, "marker_score": 0.8415780269380617, "symbol": "MOGAT1", "name": "monoacylglycerol O-acyltransferase 1", "organism": "Homo sapiens", "tissue": "skin of body"}, {"me": 2.579279915231173, "pc": 0.40397350993377484, "marker_score": 0.8348375562827401, "symbol": "GK5", "name": "glycerol kinase 5", "organism": "Homo sapiens", "tissue": "skin of body"}, {"me": 2.527469322329662, "pc": 0.40397350993377484, "marker_score": 0.8324072136462375, "symbol": "PPARG", "name": "peroxisome proliferator activated receptor gamma", "organism": "Homo sapiens", "tissue": "skin of body"}, {"me": 2.423319412490069, "pc": 0.39072847682119205, "marker_score": 0.8152965169375167, "symbol": "CYB5A", "name": "cytochrome b5 type A", "organism": "Homo sapiens", "tissue": "skin of body"}, {"me": 2.2400838917699355, "pc": 0.3841059602649007, "marker_score": 0.8123676482491653, "symbol": "PNLIPRP3", "name": "pancreatic lipase related protein 3", "organism": "Homo sapiens", "tissue": "skin of body"}, {"me": 2.2781963683011237, "pc": 0.37748344370860926, "marker_score": 0.7970848380535582, "symbol": "PPARA", "name": "peroxisome proliferator activated receptor alpha", "organism": "Homo sapiens", "tissue": "skin of body"}, {"me": 2.7399063110351562, "pc": 0.3841059602649007, "marker_score": 0.7905773991612235, "symbol": "TMEM164", "name": "transmembrane protein 164", "organism": "Homo sapiens", "tissue": "skin of body"}, {"me": 2.3395486559186662, "pc": 0.3708609271523179, "marker_score": 0.7802351779023464, "symbol": "TTC39B", "name": "tetratricopeptide repeat domain 39B", "organism": "Homo sapiens", "tissue": "skin of body"}, {"me": 2.7968319006133497, "pc": 0.37748344370860926, "marker_score": 0.777517111522257, "symbol": "PLA2R1", "name": "phospholipase A2 receptor 1", "organism": "Homo sapiens", "tissue": "skin of body"}, {"me": 2.505232634367766, "pc": 0.3576158940397351, "marker_score": 0.7578478366067772, "symbol": "HMGCS1", "name": "3-hydroxy-3-methylglutaryl-CoA synthase 1", "organism": "Homo sapiens", "tissue": "skin of body"}, {"me": 2.5646629828911323, "pc": 0.5099337748344371, "marker_score": 0.7485451887343312, "symbol": "LYST", "name": "lysosomal trafficking regulator", "organism": "Homo sapiens", "tissue": "skin of body"}, {"me": 2.412364311938016, "pc": 0.3509933774834437, "marker_score": 0.7431148555090084, "symbol": "MSMO1", "name": "methylsterol monooxygenase 1", "organism": "Homo sapiens", "tissue": "skin of body"}, {"me": 2.980711394665288, "pc": 0.33774834437086093, "marker_score": 0.7229999146908404, "symbol": "IL12A-AS1", "name": "IL12A antisense RNA 1", "organism": "Homo sapiens", "tissue": "skin of body"}, {"me": 2.8758889770507814, "pc": 0.33112582781456956, "marker_score": 0.7056600882997326, "symbol": "FADS1", "name": "fatty acid desaturase 1", "organism": "Homo sapiens", "tissue": "skin of body"}, {"me": 2.195024108886719, "pc": 0.33112582781456956, "marker_score": 0.704235688156631, "symbol": "CH507-513H4.1", "name": "CH507-513H4.1", "organism": "Homo sapiens", "tissue": "skin of body"}, {"me": 2.7928314208984375, "pc": 0.3443708609271523, "marker_score": 0.6928486755656784, "symbol": "ZNF91", "name": "zinc finger protein 91", "organism": "Homo sapiens", "tissue": "skin of body"}, {"me": 2.2898434003194175, "pc": 0.31788079470198677, "marker_score": 0.6904577373963524, "symbol": "ACACA", "name": "acetyl-CoA carboxylase alpha", "organism": "Homo sapiens", "tissue": "skin of body"}, {"me": 2.3496120058257004, "pc": 0.3841059602649007, "marker_score": 0.686034994658452, "symbol": "GPHN", "name": "gephyrin", "organism": "Homo sapiens", "tissue": "skin of body"}, {"me": 2.257382169682929, "pc": 0.31125827814569534, "marker_score": 0.68286789528669, "symbol": "AGPAT3", "name": "1-acylglycerol-3-phosphate O-acyltransferase 3", "organism": "Homo sapiens", "tissue": "skin of body"}, {"me": 2.7583653586251393, "pc": 0.3708609271523179, "marker_score": 0.6525467143372109, "symbol": "KIAA1217", "name": "KIAA1217", "organism": "Homo sapiens", "tissue": "skin of body"}, {"me": 2.2154918852306547, "pc": 0.2781456953642384, "marker_score": 0.6412104284946059, "symbol": "TENM4", "name": "teneurin transmembrane protein 4", "organism": "Homo sapiens", "tissue": "skin of body"}, {"me": 2.2238827659970237, "pc": 0.2781456953642384, "marker_score": 0.6346213887910109, "symbol": "ME1", "name": "malic enzyme 1", "organism": "Homo sapiens", "tissue": "skin of body"}, {"me": 2.2237612096274773, "pc": 0.271523178807947, "marker_score": 0.6273597362171515, "symbol": "SRD5A1", "name": "steroid 5 alpha-reductase 1", "organism": "Homo sapiens", "tissue": "skin of body"}, {"me": 2.0643552454506477, "pc": 0.271523178807947, "marker_score": 0.6188008291394317, "symbol": "TENT4A", "name": "terminal nucleotidyltransferase 4A", "organism": "Homo sapiens", "tissue": "skin of body"}, {"me": 2.3371885583755816, "pc": 0.31125827814569534, "marker_score": 0.6061980226381973, "symbol": "TANC2", "name": "tetratricopeptide repeat, ankyrin repeat and coiled-coil containing 2", "organism": "Homo sapiens", "tissue": "skin of body"}, {"me": 3.141117296720806, "pc": 0.25165562913907286, "marker_score": 0.5958936655379667, "symbol": "CYP4F3", "name": "cytochrome P450 family 4 subfamily F member 3", "organism": "Homo sapiens", "tissue": "skin of body"}, {"me": 2.4888486360248767, "pc": 0.25165562913907286, "marker_score": 0.5946023009293578, "symbol": "AWAT2", "name": "acyl-CoA wax alcohol acyltransferase 2", "organism": "Homo sapiens", "tissue": "skin of body"}, {"me": 2.4396372343364514, "pc": 0.25165562913907286, "marker_score": 0.5925019536234726, "symbol": "PLIN5", "name": "perilipin 5", "organism": "Homo sapiens", "tissue": "skin of body"}, {"me": 2.3043341385690788, "pc": 0.25165562913907286, "marker_score": 0.5919943486482567, "symbol": "MBOAT2", "name": "membrane bound O-acyltransferase domain containing 2", "organism": "Homo sapiens", "tissue": "skin of body"}, {"me": 2.1837993621826173, "pc": 0.26490066225165565, "marker_score": 0.5902923432029258, "symbol": "MGST1", "name": "microsomal glutathione S-transferase 1", "organism": "Homo sapiens", "tissue": "skin of body"}, {"me": 2.302064795243113, "pc": 0.25165562913907286, "marker_score": 0.5896807441014588, "symbol": "CERS3", "name": "ceramide synthase 3", "organism": "Homo sapiens", "tissue": "skin of body"}, {"me": 2.1939365283862964, "pc": 0.24503311258278146, "marker_score": 0.5816996847326686, "symbol": "ZNF117", "name": "ERV3-1-ZNF117 readthrough", "organism": "Homo sapiens", "tissue": "skin of body"}, {"me": 2.1636438369750977, "pc": 0.26490066225165565, "marker_score": 0.5815268906577807, "symbol": "EPB41", "name": "erythrocyte membrane protein band 4.1", "organism": "Homo sapiens", "tissue": "skin of body"}, {"me": 2.3051867098421663, "pc": 0.24503311258278146, "marker_score": 0.5803189732303007, "symbol": "PNPLA3", "name": "patatin like phospholipase domain containing 3", "organism": "Homo sapiens", "tissue": "skin of body"}, {"me": 2.5545630204050163, "pc": 0.5033112582781457, "marker_score": 0.5800666337074004, "symbol": "ZBTB16", "name": "zinc finger and BTB domain containing 16", "organism": "Homo sapiens", "tissue": "skin of body"}, {"me": 2.155251905653212, "pc": 0.2980132450331126, "marker_score": 0.5700964107501427, "symbol": "FAM160A1", "name": "FHF complex subunit HOOK interacting protein 1A", "organism": "Homo sapiens", "tissue": "skin of body"}, {"me": 2.2749851771763394, "pc": 0.23178807947019867, "marker_score": 0.5639147091209559, "symbol": "NAALADL2", "name": "N-acetylated alpha-linked acidic dipeptidase like 2", "organism": "Homo sapiens", "tissue": "skin of body"}, {"me": 2.1895079361765006, "pc": 0.25165562913907286, "marker_score": 0.5605174552702414, "symbol": "IL20RA", "name": "interleukin 20 receptor subunit alpha", "organism": "Homo sapiens", "tissue": "skin of body"}, {"me": 2.269883510044643, "pc": 0.23178807947019867, "marker_score": 0.5574392851636637, "symbol": "RBFOX2", "name": "RNA binding fox-1 homolog 2", "organism": "Homo sapiens", "tissue": "skin of body"}, {"me": 2.9348764419555664, "pc": 0.6357615894039735, "marker_score": 0.5537113492732213, "symbol": "ACSL1", "name": "acyl-CoA synthetase long chain family member 1", "organism": "Homo sapiens", "tissue": "skin of body"}, {"me": 2.2206883021763395, "pc": 0.23178807947019867, "marker_score": 0.5509829158580558, "symbol": "PDZD2", "name": "PDZ domain containing 2", "organism": "Homo sapiens", "tissue": "skin of body"}, {"me": 2.2355590093703497, "pc": 0.2781456953642384, "marker_score": 0.5473881612805059, "symbol": "VWA8", "name": "von Willebrand factor A domain containing 8", "organism": "Homo sapiens", "tissue": "skin of body"}, {"me": 1.9936562740441524, "pc": 0.2185430463576159, "marker_score": 0.5471396635220165, "symbol": "SCAP", "name": "SREBF chaperone", "organism": "Homo sapiens", "tissue": "skin of body"}, {"me": 2.578924291274127, "pc": 0.4503311258278146, "marker_score": 0.5420126792428122, "symbol": "CPEB4", "name": "cytoplasmic polyadenylation element binding protein 4", "organism": "Homo sapiens", "tissue": "skin of body"}, {"me": 2.1751081943511963, "pc": 0.2119205298013245, "marker_score": 0.5306981562376404, "symbol": "PPARGC1A", "name": "PPARG coactivator 1 alpha", "organism": "Homo sapiens", "tissue": "skin of body"}, {"me": 2.317572809034778, "pc": 0.2052980132450331, "marker_score": 0.5207151504638857, "symbol": "ZNF254", "name": "zinc finger protein 254", "organism": "Homo sapiens", "tissue": "skin of body"}, {"me": 2.432690238952637, "pc": 0.26490066225165565, "marker_score": 0.5156239894297526, "symbol": "ABHD5", "name": "abhydrolase domain containing 5, lysophosphatidic acid acyltransferase", "organism": "Homo sapiens", "tissue": "skin of body"}, {"me": 2.188958740234375, "pc": 0.1986754966887417, "marker_score": 0.5148538212550028, "symbol": "ULK4", "name": "unc-51 like kinase 4", "organism": "Homo sapiens", "tissue": "skin of body"}, {"me": 2.5329727665070565, "pc": 0.2052980132450331, "marker_score": 0.5070165240065226, "symbol": "CD36", "name": "CD36 molecule", "organism": "Homo sapiens", "tissue": "skin of body"}, {"me": 2.2013026966768154, "pc": 0.2251655629139073, "marker_score": 0.5066953107707592, "symbol": "PTPRK", "name": "protein tyrosine phosphatase receptor type K", "organism": "Homo sapiens", "tissue": "skin of body"}, {"me": 2.2104801487278296, "pc": 0.24503311258278146, "marker_score": 0.49658037072717626, "symbol": "LGR4", "name": "leucine rich repeat containing G protein-coupled receptor 4", "organism": "Homo sapiens", "tissue": "skin of body"}, {"me": 2.349527782864041, "pc": 0.23841059602649006, "marker_score": 0.4948570823305234, "symbol": "GNPAT", "name": "glyceronephosphate O-acyltransferase", "organism": "Homo sapiens", "tissue": "skin of body"}, {"me": 2.003341273257607, "pc": 0.25165562913907286, "marker_score": 0.4947859664049242, "symbol": "CLSTN3", "name": "calsyntenin 3", "organism": "Homo sapiens", "tissue": "skin of body"}, {"me": 2.4125989278157554, "pc": 0.23841059602649006, "marker_score": 0.4871662823281733, "symbol": "FDPS", "name": "farnesyl diphosphate synthase", "organism": "Homo sapiens", "tissue": "skin of body"}, {"me": 2.016815185546875, "pc": 0.17880794701986755, "marker_score": 0.4821018509718186, "symbol": "CAMKMT", "name": "calmodulin-lysine N-methyltransferase", "organism": "Homo sapiens", "tissue": "skin of body"}, {"me": 2.0845122160734952, "pc": 0.17880794701986755, "marker_score": 0.4816688724002487, "symbol": "ECHDC2", "name": "enoyl-CoA hydratase domain containing 2", "organism": "Homo sapiens", "tissue": "skin of body"}, {"me": 2.1319405691964284, "pc": 0.18543046357615894, "marker_score": 0.48149469944626294, "symbol": "CH507-528H12.1", "name": "CH507-528H12.1", "organism": "Homo sapiens", "tissue": "skin of body"}, {"me": 2.1596806844075522, "pc": 0.17880794701986755, "marker_score": 0.47908826253392445, "symbol": "AACS", "name": "acetoacetyl-CoA synthetase", "organism": "Homo sapiens", "tissue": "skin of body"}, {"me": 2.1978080563428923, "pc": 0.271523178807947, "marker_score": 0.4774143780271689, "symbol": "SREBF2", "name": "sterol regulatory element binding transcription factor 2", "organism": "Homo sapiens", "tissue": "skin of body"}, {"me": 2.2817306518554688, "pc": 0.17880794701986755, "marker_score": 0.4750465184190471, "symbol": "ADGRL3", "name": "adhesion G protein-coupled receptor L3", "organism": "Homo sapiens", "tissue": "skin of body"}, {"me": 2.9847550568757235, "pc": 0.17880794701986755, "marker_score": 0.4710152836023208, "symbol": "DGAT2L6", "name": "diacylglycerol O-acyltransferase 2 like 6", "organism": "Homo sapiens", "tissue": "skin of body"}, {"me": 2.2204286135160007, "pc": 0.17218543046357615, "marker_score": 0.47052905873547346, "symbol": "HEATR4", "name": "HEAT repeat containing 4", "organism": "Homo sapiens", "tissue": "skin of body"}, {"me": 2.6295086787297177, "pc": 0.17218543046357615, "marker_score": 0.4679052073158423, "symbol": "AADACL3", "name": "arylacetamide deacetylase like 3", "organism": "Homo sapiens", "tissue": "skin of body"}, {"me": 1.9659518432617187, "pc": 0.16556291390728478, "marker_score": 0.45987358444178106, "symbol": "ACSS3", "name": "acyl-CoA synthetase short chain family member 3", "organism": "Homo sapiens", "tissue": "skin of body"}, {"me": 2.230048828125, "pc": 0.16556291390728478, "marker_score": 0.4584337245103062, "symbol": "ZNF43", "name": "zinc finger protein 43", "organism": "Homo sapiens", "tissue": "skin of body"}, {"me": 3.1841366577148436, "pc": 0.16556291390728478, "marker_score": 0.4504512381580267, "symbol": "GAL", "name": "galanin and GMAP prepropeptide", "organism": "Homo sapiens", "tissue": "skin of body"}, {"me": 3.64802978515625, "pc": 0.16556291390728478, "marker_score": 0.4503848781931539, "symbol": "SEC14L6", "name": "SEC14 like lipid binding 6", "organism": "Homo sapiens", "tissue": "skin of body"}, {"me": 1.9866231282552083, "pc": 0.15894039735099338, "marker_score": 0.4491568144574771, "symbol": "DOP1B", "name": "DOP1 leucine zipper like protein B", "organism": "Homo sapiens", "tissue": "skin of body"}, {"me": 2.7071317036946616, "pc": 0.15894039735099338, "marker_score": 0.4438954989316637, "symbol": "PNPLA5", "name": "patatin like phospholipase domain containing 5", "organism": "Homo sapiens", "tissue": "skin of body"}, {"me": 2.1337490659771543, "pc": 0.2185430463576159, "marker_score": 0.43937515273341055, "symbol": "RAPGEF5", "name": "Rap guanine nucleotide exchange factor 5", "organism": "Homo sapiens", "tissue": "skin of body"}, {"me": 2.281904379526774, "pc": 0.15894039735099338, "marker_score": 0.43828847242571956, "symbol": "FA2H", "name": "fatty acid 2-hydroxylase", "organism": "Homo sapiens", "tissue": "skin of body"}, {"me": 2.2111549377441406, "pc": 0.152317880794702, "marker_score": 0.436451308285552, "symbol": "PBX1", "name": "PBX homeobox 1", "organism": "Homo sapiens", "tissue": "skin of body"}, {"me": 2.5115742683410645, "pc": 0.15894039735099338, "marker_score": 0.4344723218192425, "symbol": "SLC15A1", "name": "solute carrier family 15 member 1", "organism": "Homo sapiens", "tissue": "skin of body"}, {"me": 2.1486913169302593, "pc": 0.271523178807947, "marker_score": 0.4343945846277023, "symbol": "PLXDC2", "name": "plexin domain containing 2", "organism": "Homo sapiens", "tissue": "skin of body"}, {"me": 2.091114044189453, "pc": 0.152317880794702, "marker_score": 0.4327857091405959, "symbol": "RCL1", "name": "RNA terminal phosphate cyclase like 1", "organism": "Homo sapiens", "tissue": "skin of body"}, {"me": 2.1048114083030005, "pc": 0.1456953642384106, "marker_score": 0.4299529280592429, "symbol": "LINC01554", "name": "long intergenic non-protein coding RNA 1554", "organism": "Homo sapiens", "tissue": "skin of body"}, {"me": 2.3449267511782437, "pc": 0.152317880794702, "marker_score": 0.4298893251515478, "symbol": "KRT17", "name": "keratin 17", "organism": "Homo sapiens", "tissue": "skin of body"}, {"me": 2.0038880568284254, "pc": 0.17218543046357615, "marker_score": 0.4294729524011879, "symbol": "THRB", "name": "thyroid hormone receptor beta", "organism": "Homo sapiens", "tissue": "skin of body"}, {"me": 1.939931869506836, "pc": 0.1456953642384106, "marker_score": 0.42876037873177564, "symbol": "BDH1", "name": "3-hydroxybutyrate dehydrogenase 1", "organism": "Homo sapiens", "tissue": "skin of body"}, {"me": 1.9436343649159307, "pc": 0.152317880794702, "marker_score": 0.4277686210627404, "symbol": "STK3", "name": "serine/threonine kinase 3", "organism": "Homo sapiens", "tissue": "skin of body"}, {"me": 2.1571050123734907, "pc": 0.1456953642384106, "marker_score": 0.4228187262263687, "symbol": "TRIM55", "name": "tripartite motif containing 55", "organism": "Homo sapiens", "tissue": "skin of body"}, {"me": 3.43548056862571, "pc": 0.7284768211920529, "marker_score": 1.9164156691306207, "symbol": "ACSBG1", "name": "acyl-CoA synthetase bubblegum family member 1", "organism": "Homo sapiens", "tissue": "All Tissues"}, {"me": 3.262719270224883, "pc": 0.7086092715231788, "marker_score": 1.686823085164003, "symbol": "LINGO1", "name": "leucine rich repeat and Ig domain containing 1", "organism": "Homo sapiens", "tissue": "All Tissues"}, {"me": 3.8404154258199257, "pc": 0.6688741721854304, "marker_score": 1.4955172345815608, "symbol": "ZNF385D", "name": "zinc finger protein 385D", "organism": "Homo sapiens", "tissue": "All Tissues"}, {"me": 2.8463253064102, "pc": 0.5894039735099338, "marker_score": 1.412707589311576, "symbol": "KRT79", "name": "keratin 79", "organism": "Homo sapiens", "tissue": "All Tissues"}, {"me": 3.032227272211119, "pc": 0.5695364238410596, "marker_score": 1.3623656696289603, "symbol": "PM20D1", "name": "peptidase M20 domain containing 1", "organism": "Homo sapiens", "tissue": "All Tissues"}, {"me": 2.9348764419555664, "pc": 0.6357615894039735, "marker_score": 1.3379806461807966, "symbol": "ACSL1", "name": "acyl-CoA synthetase long chain family member 1", "organism": "Homo sapiens", "tissue": "All Tissues"}, {"me": 2.793622276999734, "pc": 0.5827814569536424, "marker_score": 1.3280098604332995, "symbol": "HLCS", "name": "holocarboxylase synthetase", "organism": "Homo sapiens", "tissue": "All Tissues"}, {"me": 3.075960388183594, "pc": 0.6622516556291391, "marker_score": 1.3208732243727448, "symbol": "RBM47", "name": "RNA binding motif protein 47", "organism": "Homo sapiens", "tissue": "All Tissues"}, {"me": 3.046437777005709, "pc": 0.5165562913907285, "marker_score": 1.163090977423994, "symbol": "FADS2", "name": "fatty acid desaturase 2", "organism": "Homo sapiens", "tissue": "All Tissues"}, {"me": 2.828019557855068, "pc": 0.5165562913907285, "marker_score": 1.1603192866556948, "symbol": "FASN", "name": "fatty acid synthase", "organism": "Homo sapiens", "tissue": "All Tissues"}, {"me": 2.604990862417912, "pc": 0.45695364238410596, "marker_score": 1.0884702409117413, "symbol": "ALOX15B", "name": "arachidonate 15-lipoxygenase type B", "organism": "Homo sapiens", "tissue": "All Tissues"}, {"me": 3.0041482713487415, "pc": 0.4768211920529801, "marker_score": 1.0722829160080734, "symbol": "CHI3L1", "name": "chitinase 3 like 1", "organism": "Homo sapiens", "tissue": "All Tissues"}, {"me": 2.7329396287055863, "pc": 0.48344370860927155, "marker_score": 1.065073060038639, "symbol": "CLMP", "name": "CXADR like membrane protein", "organism": "Homo sapiens", "tissue": "All Tissues"}, {"me": 2.5646629828911323, "pc": 0.5099337748344371, "marker_score": 1.057395620581761, "symbol": "LYST", "name": "lysosomal trafficking regulator", "organism": "Homo sapiens", "tissue": "All Tissues"}, {"me": 2.9265580397385818, "pc": 0.4304635761589404, "marker_score": 1.0479169086890125, "symbol": "RP1-80N2.2", "name": "RP1-80N2.2", "organism": "Homo sapiens", "tissue": "All Tissues"}, {"me": 2.4856126846805697, "pc": 0.4105960264900662, "marker_score": 0.996948294257399, "symbol": "MOGAT1", "name": "monoacylglycerol O-acyltransferase 1", "organism": "Homo sapiens", "tissue": "All Tissues"}, {"me": 2.3304269643930287, "pc": 0.4304635761589404, "marker_score": 0.9879006451083185, "symbol": "FAR2", "name": "fatty acyl-CoA reductase 2", "organism": "Homo sapiens", "tissue": "All Tissues"}, {"me": 2.433168411254883, "pc": 0.4768211920529801, "marker_score": 0.9706184707464528, "symbol": "SLC26A3", "name": "solute carrier family 26 member 3", "organism": "Homo sapiens", "tissue": "All Tissues"}, {"me": 2.2400838917699355, "pc": 0.3841059602649007, "marker_score": 0.9623451602919596, "symbol": "PNLIPRP3", "name": "pancreatic lipase related protein 3", "organism": "Homo sapiens", "tissue": "All Tissues"}, {"me": 2.579279915231173, "pc": 0.40397350993377484, "marker_score": 0.9375673555935161, "symbol": "GK5", "name": "glycerol kinase 5", "organism": "Homo sapiens", "tissue": "All Tissues"}, {"me": 2.5234840029761907, "pc": 0.41721854304635764, "marker_score": 0.9246365671996093, "symbol": "PIK3C2G", "name": "phosphatidylinositol-4-phosphate 3-kinase catalytic subunit type 2 gamma", "organism": "Homo sapiens", "tissue": "All Tissues"}, {"me": 2.3395486559186662, "pc": 0.3708609271523179, "marker_score": 0.9074669638802851, "symbol": "TTC39B", "name": "tetratricopeptide repeat domain 39B", "organism": "Homo sapiens", "tissue": "All Tissues"}, {"me": 2.527469322329662, "pc": 0.40397350993377484, "marker_score": 0.8772860409025454, "symbol": "PPARG", "name": "peroxisome proliferator activated receptor gamma", "organism": "Homo sapiens", "tissue": "All Tissues"}, {"me": 2.5860240391322544, "pc": 0.46357615894039733, "marker_score": 0.8749721020705395, "symbol": "RASGEF1B", "name": "RasGEF domain family member 1B", "organism": "Homo sapiens", "tissue": "All Tissues"}, {"me": 2.980711394665288, "pc": 0.33774834437086093, "marker_score": 0.8564785541297493, "symbol": "IL12A-AS1", "name": "IL12A antisense RNA 1", "organism": "Homo sapiens", "tissue": "All Tissues"}, {"me": 2.7399063110351562, "pc": 0.3841059602649007, "marker_score": 0.8560750028557531, "symbol": "TMEM164", "name": "transmembrane protein 164", "organism": "Homo sapiens", "tissue": "All Tissues"}, {"me": 2.7968319006133497, "pc": 0.37748344370860926, "marker_score": 0.8522803175906154, "symbol": "PLA2R1", "name": "phospholipase A2 receptor 1", "organism": "Homo sapiens", "tissue": "All Tissues"}, {"me": 2.2781963683011237, "pc": 0.37748344370860926, "marker_score": 0.8118092715420051, "symbol": "PPARA", "name": "peroxisome proliferator activated receptor alpha", "organism": "Homo sapiens", "tissue": "All Tissues"}, {"me": 2.8758889770507814, "pc": 0.33112582781456956, "marker_score": 0.7854369314074795, "symbol": "FADS1", "name": "fatty acid desaturase 1", "organism": "Homo sapiens", "tissue": "All Tissues"}, {"me": 2.7928314208984375, "pc": 0.3443708609271523, "marker_score": 0.7700891513226813, "symbol": "ZNF91", "name": "zinc finger protein 91", "organism": "Homo sapiens", "tissue": "All Tissues"}, {"me": 2.257382169682929, "pc": 0.31125827814569534, "marker_score": 0.7627234301427706, "symbol": "AGPAT3", "name": "1-acylglycerol-3-phosphate O-acyltransferase 3", "organism": "Homo sapiens", "tissue": "All Tissues"}, {"me": 2.3349895103304994, "pc": 0.33774834437086093, "marker_score": 0.7495456575794509, "symbol": "APMAP", "name": "adipocyte plasma membrane associated protein", "organism": "Homo sapiens", "tissue": "All Tissues"}, {"me": 2.412364311938016, "pc": 0.3509933774834437, "marker_score": 0.7365177371078351, "symbol": "MSMO1", "name": "methylsterol monooxygenase 1", "organism": "Homo sapiens", "tissue": "All Tissues"}, {"me": 2.432398257048234, "pc": 0.304635761589404, "marker_score": 0.7334262001897455, "symbol": "SOAT1", "name": "sterol O-acyltransferase 1", "organism": "Homo sapiens", "tissue": "All Tissues"}, {"me": 2.505232634367766, "pc": 0.3576158940397351, "marker_score": 0.7293288002511429, "symbol": "HMGCS1", "name": "3-hydroxy-3-methylglutaryl-CoA synthase 1", "organism": "Homo sapiens", "tissue": "All Tissues"}, {"me": 2.0643552454506477, "pc": 0.271523178807947, "marker_score": 0.7272980286508884, "symbol": "TENT4A", "name": "terminal nucleotidyltransferase 4A", "organism": "Homo sapiens", "tissue": "All Tissues"}, {"me": 2.6960345676967075, "pc": 0.3708609271523179, "marker_score": 0.7206335370699953, "symbol": "INSIG1", "name": "insulin induced gene 1", "organism": "Homo sapiens", "tissue": "All Tissues"}, {"me": 2.4888486360248767, "pc": 0.25165562913907286, "marker_score": 0.7043764579141938, "symbol": "AWAT2", "name": "acyl-CoA wax alcohol acyltransferase 2", "organism": "Homo sapiens", "tissue": "All Tissues"}, {"me": 2.2237612096274773, "pc": 0.271523178807947, "marker_score": 0.7037289642663568, "symbol": "SRD5A1", "name": "steroid 5 alpha-reductase 1", "organism": "Homo sapiens", "tissue": "All Tissues"}, {"me": 2.302064795243113, "pc": 0.25165562913907286, "marker_score": 0.6985462941888926, "symbol": "CERS3", "name": "ceramide synthase 3", "organism": "Homo sapiens", "tissue": "All Tissues"}, {"me": 2.2238827659970237, "pc": 0.2781456953642384, "marker_score": 0.670681252881395, "symbol": "ME1", "name": "malic enzyme 1", "organism": "Homo sapiens", "tissue": "All Tissues"}, {"me": 2.003341273257607, "pc": 0.25165562913907286, "marker_score": 0.6695822795417117, "symbol": "CLSTN3", "name": "calsyntenin 3", "organism": "Homo sapiens", "tissue": "All Tissues"}, {"me": 2.1895079361765006, "pc": 0.25165562913907286, "marker_score": 0.6654575298227303, "symbol": "IL20RA", "name": "interleukin 20 receptor subunit alpha", "organism": "Homo sapiens", "tissue": "All Tissues"}, {"me": 3.141117296720806, "pc": 0.25165562913907286, "marker_score": 0.6631795360747822, "symbol": "CYP4F3", "name": "cytochrome P450 family 4 subfamily F member 3", "organism": "Homo sapiens", "tissue": "All Tissues"}, {"me": 2.1939365283862964, "pc": 0.24503311258278146, "marker_score": 0.6505640906901896, "symbol": "ZNF117", "name": "ERV3-1-ZNF117 readthrough", "organism": "Homo sapiens", "tissue": "All Tissues"}, {"me": 2.349527782864041, "pc": 0.23841059602649006, "marker_score": 0.6472706194244661, "symbol": "GNPAT", "name": "glyceronephosphate O-acyltransferase", "organism": "Homo sapiens", "tissue": "All Tissues"}, {"me": 2.379860287620908, "pc": 0.2781456953642384, "marker_score": 0.629028679968032, "symbol": "LPIN1", "name": "lipin 1", "organism": "Homo sapiens", "tissue": "All Tissues"}, {"me": 2.4396372343364514, "pc": 0.25165562913907286, "marker_score": 0.622649154807292, "symbol": "PLIN5", "name": "perilipin 5", "organism": "Homo sapiens", "tissue": "All Tissues"}, {"me": 2.155251905653212, "pc": 0.2980132450331126, "marker_score": 0.6223629228744739, "symbol": "FAM160A1", "name": "FHF complex subunit HOOK interacting protein 1A", "organism": "Homo sapiens", "tissue": "All Tissues"}, {"me": 2.3051867098421663, "pc": 0.24503311258278146, "marker_score": 0.6165480987487468, "symbol": "PNPLA3", "name": "patatin like phospholipase domain containing 3", "organism": "Homo sapiens", "tissue": "All Tissues"}, {"me": 2.432690238952637, "pc": 0.26490066225165565, "marker_score": 0.6045326997871703, "symbol": "ABHD5", "name": "abhydrolase domain containing 5, lysophosphatidic acid acyltransferase", "organism": "Homo sapiens", "tissue": "All Tissues"}, {"me": 2.7245718819754465, "pc": 0.46357615894039733, "marker_score": 0.6019822896827943, "symbol": "ALCAM", "name": "activated leukocyte cell adhesion molecule", "organism": "Homo sapiens", "tissue": "All Tissues"}, {"me": 1.9936562740441524, "pc": 0.2185430463576159, "marker_score": 0.581600759933823, "symbol": "SCAP", "name": "SREBF chaperone", "organism": "Homo sapiens", "tissue": "All Tissues"}, {"me": 2.3043341385690788, "pc": 0.25165562913907286, "marker_score": 0.5809368590279415, "symbol": "MBOAT2", "name": "membrane bound O-acyltransferase domain containing 2", "organism": "Homo sapiens", "tissue": "All Tissues"}, {"me": 2.9847550568757235, "pc": 0.17880794701986755, "marker_score": 0.5579730797689406, "symbol": "DGAT2L6", "name": "diacylglycerol O-acyltransferase 2 like 6", "organism": "Homo sapiens", "tissue": "All Tissues"}, {"me": 2.2204286135160007, "pc": 0.17218543046357615, "marker_score": 0.5573970891464279, "symbol": "HEATR4", "name": "HEAT repeat containing 4", "organism": "Homo sapiens", "tissue": "All Tissues"}, {"me": 2.317572809034778, "pc": 0.2052980132450331, "marker_score": 0.5563838025073617, "symbol": "ZNF254", "name": "zinc finger protein 254", "organism": "Homo sapiens", "tissue": "All Tissues"}, {"me": 2.6295086787297177, "pc": 0.17218543046357615, "marker_score": 0.5542888281017528, "symbol": "AADACL3", "name": "arylacetamide deacetylase like 3", "organism": "Homo sapiens", "tissue": "All Tissues"}, {"me": 2.1596806844075522, "pc": 0.17880794701986755, "marker_score": 0.5346502173426945, "symbol": "AACS", "name": "acetoacetyl-CoA synthetase", "organism": "Homo sapiens", "tissue": "All Tissues"}, {"me": 3.64802978515625, "pc": 0.16556291390728478, "marker_score": 0.5335339347055426, "symbol": "SEC14L6", "name": "SEC14 like lipid binding 6", "organism": "Homo sapiens", "tissue": "All Tissues"}, {"me": 2.7071317036946616, "pc": 0.15894039735099338, "marker_score": 0.5258465006489876, "symbol": "PNPLA5", "name": "patatin like phospholipase domain containing 5", "organism": "Homo sapiens", "tissue": "All Tissues"}, {"me": 2.2898434003194175, "pc": 0.31788079470198677, "marker_score": 0.5153610161317843, "symbol": "ACACA", "name": "acetyl-CoA carboxylase alpha", "organism": "Homo sapiens", "tissue": "All Tissues"}, {"me": 2.230048828125, "pc": 0.16556291390728478, "marker_score": 0.5114532838389956, "symbol": "ZNF43", "name": "zinc finger protein 43", "organism": "Homo sapiens", "tissue": "All Tissues"}, {"me": 2.2154918852306547, "pc": 0.2781456953642384, "marker_score": 0.5077631108228611, "symbol": "TENM4", "name": "teneurin transmembrane protein 4", "organism": "Homo sapiens", "tissue": "All Tissues"}, {"me": 3.1841366577148436, "pc": 0.16556291390728478, "marker_score": 0.5037778218621906, "symbol": "GAL", "name": "galanin and GMAP prepropeptide", "organism": "Homo sapiens", "tissue": "All Tissues"}, {"me": 2.1978080563428923, "pc": 0.271523178807947, "marker_score": 0.49566418991890476, "symbol": "SREBF2", "name": "sterol regulatory element binding transcription factor 2", "organism": "Homo sapiens", "tissue": "All Tissues"}, {"me": 2.1258130754743303, "pc": 0.1390728476821192, "marker_score": 0.4915605768293389, "symbol": "MOCS1", "name": "molybdenum cofactor synthesis 1", "organism": "Homo sapiens", "tissue": "All Tissues"}, {"me": 1.9794124421619235, "pc": 0.1390728476821192, "marker_score": 0.49149246160825033, "symbol": "AATBC", "name": "apoptosis associated transcript in bladder cancer", "organism": "Homo sapiens", "tissue": "All Tissues"}, {"me": 2.084752764020647, "pc": 0.18543046357615894, "marker_score": 0.4882466065248428, "symbol": "EYA3", "name": "EYA transcriptional coactivator and phosphatase 3", "organism": "Homo sapiens", "tissue": "All Tissues"}, {"me": 2.1048114083030005, "pc": 0.1456953642384106, "marker_score": 0.47973728999629744, "symbol": "LINC01554", "name": "long intergenic non-protein coding RNA 1554", "organism": "Homo sapiens", "tissue": "All Tissues"}, {"me": 2.281904379526774, "pc": 0.15894039735099338, "marker_score": 0.478214787413455, "symbol": "FA2H", "name": "fatty acid 2-hydroxylase", "organism": "Homo sapiens", "tissue": "All Tissues"}, {"me": 2.306222413715563, "pc": 0.25165562913907286, "marker_score": 0.47784129066999204, "symbol": "ELOVL5", "name": "ELOVL fatty acid elongase 5", "organism": "Homo sapiens", "tissue": "All Tissues"}, {"me": 2.431985855102539, "pc": 0.13245033112582782, "marker_score": 0.47376326261273416, "symbol": "TG", "name": "thyroglobulin", "organism": "Homo sapiens", "tissue": "All Tissues"}, {"me": 1.9866231282552083, "pc": 0.15894039735099338, "marker_score": 0.47214047658648506, "symbol": "DOP1B", "name": "DOP1 leucine zipper like protein B", "organism": "Homo sapiens", "tissue": "All Tissues"}, {"me": 2.1571050123734907, "pc": 0.1456953642384106, "marker_score": 0.4660774771839473, "symbol": "TRIM55", "name": "tripartite motif containing 55", "organism": "Homo sapiens", "tissue": "All Tissues"}, {"me": 2.046659240722656, "pc": 0.16556291390728478, "marker_score": 0.4643461408211208, "symbol": "SGPP2", "name": "sphingosine-1-phosphate phosphatase 2", "organism": "Homo sapiens", "tissue": "All Tissues"}, {"me": 2.5115742683410645, "pc": 0.15894039735099338, "marker_score": 0.4604095025374312, "symbol": "SLC15A1", "name": "solute carrier family 15 member 1", "organism": "Homo sapiens", "tissue": "All Tissues"}, {"me": 2.3206570943196616, "pc": 0.1390728476821192, "marker_score": 0.4578404164200503, "symbol": "HACD2", "name": "3-hydroxyacyl-CoA dehydratase 2", "organism": "Homo sapiens", "tissue": "All Tissues"}, {"me": 2.240291942249645, "pc": 0.2913907284768212, "marker_score": 0.4547536093238237, "symbol": "BCL6", "name": "BCL6 transcription repressor", "organism": "Homo sapiens", "tissue": "All Tissues"}, {"me": 2.091114044189453, "pc": 0.152317880794702, "marker_score": 0.45283440901905947, "symbol": "RCL1", "name": "RNA terminal phosphate cyclase like 1", "organism": "Homo sapiens", "tissue": "All Tissues"}, {"me": 2.578924291274127, "pc": 0.4503311258278146, "marker_score": 0.445262365032681, "symbol": "CPEB4", "name": "cytoplasmic polyadenylation element binding protein 4", "organism": "Homo sapiens", "tissue": "All Tissues"}, {"me": 2.041488245913857, "pc": 0.12582781456953643, "marker_score": 0.4334892708919981, "symbol": "NUS1", "name": "NUS1 dehydrodolichyl diphosphate synthase subunit", "organism": "Homo sapiens", "tissue": "All Tissues"}, {"me": 1.939931869506836, "pc": 0.1456953642384106, "marker_score": 0.4328034354117468, "symbol": "BDH1", "name": "3-hydroxybutyrate dehydrogenase 1", "organism": "Homo sapiens", "tissue": "All Tissues"}, {"me": 2.4014578925238714, "pc": 0.11920529801324503, "marker_score": 0.418073579319113, "symbol": "CRAT", "name": "carnitine O-acetyltransferase", "organism": "Homo sapiens", "tissue": "All Tissues"}, {"me": 2.0989906674339656, "pc": 0.1390728476821192, "marker_score": 0.4084957014632418, "symbol": "DAPK2", "name": "death associated protein kinase 2", "organism": "Homo sapiens", "tissue": "All Tissues"}, {"me": 2.0712182786729603, "pc": 0.11920529801324503, "marker_score": 0.3995584012909113, "symbol": "PDZK1", "name": "PDZ domain containing 1", "organism": "Homo sapiens", "tissue": "All Tissues"}, {"me": 2.023415214137027, "pc": 0.12582781456953643, "marker_score": 0.3941813184174648, "symbol": "CERS4", "name": "ceramide synthase 4", "organism": "Homo sapiens", "tissue": "All Tissues"}, {"me": 2.1131564549037387, "pc": 0.1390728476821192, "marker_score": 0.3784198810975408, "symbol": "GRHL2", "name": "grainyhead like transcription factor 2", "organism": "Homo sapiens", "tissue": "All Tissues"}, {"me": 2.0812350053053637, "pc": 0.17218543046357615, "marker_score": 0.3765910616616445, "symbol": "TRIM29", "name": "tripartite motif containing 29", "organism": "Homo sapiens", "tissue": "All Tissues"}, {"me": 2.195024108886719, "pc": 0.33112582781456956, "marker_score": 0.3759041485493531, "symbol": "CH507-513H4.1", "name": "CH507-513H4.1", "organism": "Homo sapiens", "tissue": "All Tissues"}, {"me": 2.188958740234375, "pc": 0.1986754966887417, "marker_score": 0.3757382397298261, "symbol": "ULK4", "name": "unc-51 like kinase 4", "organism": "Homo sapiens", "tissue": "All Tissues"}, {"me": 2.0694372389051647, "pc": 0.11920529801324503, "marker_score": 0.37181299119384353, "symbol": "CRACR2B", "name": "calcium release activated channel regulator 2B", "organism": "Homo sapiens", "tissue": "All Tissues"}, {"me": 2.3371885583755816, "pc": 0.31125827814569534, "marker_score": 0.3604503455577379, "symbol": "TANC2", "name": "tetratricopeptide repeat, ankyrin repeat and coiled-coil containing 2", "organism": "Homo sapiens", "tissue": "All Tissues"}, {"me": 2.1688617907072367, "pc": 0.12582781456953643, "marker_score": 0.34798628589671277, "symbol": "TMEM45A", "name": "transmembrane protein 45A", "organism": "Homo sapiens", "tissue": "All Tissues"}, {"me": 2.1514854431152344, "pc": 0.17880794701986755, "marker_score": 0.34071453959607323, "symbol": "HILPDA", "name": "hypoxia inducible lipid droplet associated", "organism": "Homo sapiens", "tissue": "All Tissues"}, {"me": 2.0257219314575194, "pc": 0.13245033112582782, "marker_score": 0.3247747308667909, "symbol": "HMGCR", "name": "3-hydroxy-3-methylglutaryl-CoA reductase", "organism": "Homo sapiens", "tissue": "All Tissues"}, {"me": 2.0419604393743698, "pc": 0.2052980132450331, "marker_score": 0.32449957499138576, "symbol": "CRYBG1", "name": "crystallin beta-gamma domain containing 1", "organism": "Homo sapiens", "tissue": "All Tissues"}, {"me": 2.1337490659771543, "pc": 0.2185430463576159, "marker_score": 0.3160938720982903, "symbol": "RAPGEF5", "name": "Rap guanine nucleotide exchange factor 5", "organism": "Homo sapiens", "tissue": "All Tissues"}, {"me": 2.0405906041463218, "pc": 0.15894039735099338, "marker_score": 0.30998322451671945, "symbol": "LRP4", "name": "LDL receptor related protein 4", "organism": "Homo sapiens", "tissue": "All Tissues"}, {"me": 2.016097690748132, "pc": 0.152317880794702, "marker_score": 0.30873676819739077, "symbol": "CASZ1", "name": "castor zinc finger 1", "organism": "Homo sapiens", "tissue": "All Tissues"}]