[{"me": 3.346874444543192, "pc": 0.87116754413131, "marker_score": 2.029815511509284, "symbol": "PRKG1", "name": "protein kinase cGMP-dependent 1", "organism": "Homo sapiens", "tissue": "lung"}, {"me": 3.233807913864715, "pc": 0.7829049241251161, "marker_score": 1.4358281966259754, "symbol": "MACF1", "name": "microtubule actin crosslinking factor 1", "organism": "Homo sapiens", "tissue": "lung"}, {"me": 3.2460803315839692, "pc": 0.608547537937442, "marker_score": 1.179683036789665, "symbol": "ROBO2", "name": "roundabout guidance receptor 2", "organism": "Homo sapiens", "tissue": "lung"}, {"me": 3.14020888610456, "pc": 0.5908950139362031, "marker_score": 1.1374720480434768, "symbol": "LAMA2", "name": "laminin subunit alpha 2", "organism": "Homo sapiens", "tissue": "lung"}, {"me": 2.92368166650106, "pc": 0.5843914524620626, "marker_score": 1.126504814139369, "symbol": "SLIT2", "name": "slit guidance ligand 2", "organism": "Homo sapiens", "tissue": "lung"}, {"me": 2.7723240362149535, "pc": 0.5964694951997522, "marker_score": 1.1019551905528733, "symbol": "DOCK4", "name": "dedicator of cytokinesis 4", "organism": "Homo sapiens", "tissue": "lung"}, {"me": 2.8549485465971496, "pc": 0.5921337875503252, "marker_score": 1.0847701440649824, "symbol": "LSAMP", "name": "limbic system associated membrane protein", "organism": "Homo sapiens", "tissue": "lung"}, {"me": 2.7246035022014605, "pc": 0.5407246825642614, "marker_score": 1.0468840320967412, "symbol": "CACNA1C", "name": "CACNA1C intronic transcript 2", "organism": "Homo sapiens", "tissue": "lung"}, {"me": 2.6980661478431642, "pc": 0.5617838340043357, "marker_score": 0.9453780800809357, "symbol": "RORA", "name": "RAR related orphan receptor A", "organism": "Homo sapiens", "tissue": "lung"}, {"me": 2.798208954669677, "pc": 0.6515949210281821, "marker_score": 0.9319376090138256, "symbol": "RBMS3", "name": "RNA binding motif single stranded interacting protein 3", "organism": "Homo sapiens", "tissue": "lung"}, {"me": 2.6009974993523928, "pc": 0.4109631464849799, "marker_score": 0.7854184730521965, "symbol": "ARHGAP6", "name": "Rho GTPase activating protein 6", "organism": "Homo sapiens", "tissue": "lung"}, {"me": 2.743813091228651, "pc": 0.5258593991947972, "marker_score": 0.7770515663530128, "symbol": "LIMCH1", "name": "LIM and calponin homology domains 1", "organism": "Homo sapiens", "tissue": "lung"}, {"me": 2.5857782950293284, "pc": 0.38278104676370395, "marker_score": 0.7677653759041476, "symbol": "CCBE1", "name": "collagen and calcium binding EGF domains 1", "organism": "Homo sapiens", "tissue": "lung"}, {"me": 2.6967484783369633, "pc": 0.49767729947352124, "marker_score": 0.7648170217100823, "symbol": "PTPRG", "name": "protein tyrosine phosphatase receptor type G", "organism": "Homo sapiens", "tissue": "lung"}, {"me": 2.652157482087921, "pc": 0.4781666150510994, "marker_score": 0.7444456800559733, "symbol": "ZBTB16", "name": "zinc finger and BTB domain containing 16", "organism": "Homo sapiens", "tissue": "lung"}, {"me": 2.5390144211556906, "pc": 0.3632703623412821, "marker_score": 0.7396101663857857, "symbol": "ADGRB3", "name": "adhesion G protein-coupled receptor B3", "organism": "Homo sapiens", "tissue": "lung"}, {"me": 2.5401047050599024, "pc": 0.36512852276246516, "marker_score": 0.7289840831932165, "symbol": "NAV2", "name": "neuron navigator 2", "organism": "Homo sapiens", "tissue": "lung"}, {"me": 2.4737411799753644, "pc": 0.3614122019200991, "marker_score": 0.721238350453994, "symbol": "PLEKHH2", "name": "pleckstrin homology, MyTH4 and FERM domain containing H2", "organism": "Homo sapiens", "tissue": "lung"}, {"me": 2.526582470977955, "pc": 0.3301331681635181, "marker_score": 0.6831437333194496, "symbol": "HMCN1", "name": "hemicentin 1", "organism": "Homo sapiens", "tissue": "lung"}, {"me": 2.568643478436618, "pc": 0.3292040879529266, "marker_score": 0.6827807645008884, "symbol": "RYR2", "name": "ryanodine receptor 2", "organism": "Homo sapiens", "tissue": "lung"}, {"me": 2.611414859169408, "pc": 0.3295137813564571, "marker_score": 0.6684008043829268, "symbol": "SLIT3", "name": "slit guidance ligand 3", "organism": "Homo sapiens", "tissue": "lung"}, {"me": 2.6692206200132977, "pc": 0.32022297925054194, "marker_score": 0.6645435417539736, "symbol": "CCDC102B", "name": "coiled-coil domain containing 102B", "organism": "Homo sapiens", "tissue": "lung"}, {"me": 2.796761634969839, "pc": 0.5775781975843914, "marker_score": 0.65812775124794, "symbol": "PLXDC2", "name": "plexin domain containing 2", "organism": "Homo sapiens", "tissue": "lung"}, {"me": 2.483197816746603, "pc": 0.3874264478166615, "marker_score": 0.650400116553143, "symbol": "ELMO1", "name": "engulfment and cell motility 1", "organism": "Homo sapiens", "tissue": "lung"}, {"me": 2.771791435477286, "pc": 0.52152369154537, "marker_score": 0.6315797476922852, "symbol": "CELF2", "name": "CUGBP Elav-like family member 2", "organism": "Homo sapiens", "tissue": "lung"}, {"me": 2.528349799289918, "pc": 0.3025704552493032, "marker_score": 0.630343219642086, "symbol": "CACNB2", "name": "calcium voltage-gated channel auxiliary subunit beta 2", "organism": "Homo sapiens", "tissue": "lung"}, {"me": 2.5226252123377817, "pc": 0.3161969650046454, "marker_score": 0.6295999170663803, "symbol": "USP53", "name": "ubiquitin specific peptidase 53", "organism": "Homo sapiens", "tissue": "lung"}, {"me": 2.693674587962347, "pc": 0.5819139052338185, "marker_score": 0.6266480564334296, "symbol": "DST", "name": "dystonin", "organism": "Homo sapiens", "tissue": "lung"}, {"me": 2.5306877203747233, "pc": 0.27996283679157635, "marker_score": 0.5981546273177665, "symbol": "CDH11", "name": "cadherin 11", "organism": "Homo sapiens", "tissue": "lung"}, {"me": 2.5621998885986477, "pc": 0.5038711675441313, "marker_score": 0.5902158365176274, "symbol": "FTX", "name": "FTX transcript, XIST regulator", "organism": "Homo sapiens", "tissue": "lung"}, {"me": 2.6631495654240815, "pc": 0.2697429544750697, "marker_score": 0.5851005485527824, "symbol": "KAZN", "name": "kazrin, periplakin interacting protein", "organism": "Homo sapiens", "tissue": "lung"}, {"me": 2.3993344907407406, "pc": 0.2508516568597089, "marker_score": 0.5713846593666404, "symbol": "SVEP1", "name": "sushi, von Willebrand factor type A, EGF and pentraxin domain containing 1", "organism": "Homo sapiens", "tissue": "lung"}, {"me": 2.453253550588349, "pc": 0.2508516568597089, "marker_score": 0.5693721554914122, "symbol": "CACNA1D", "name": "calcium voltage-gated channel subunit alpha1 D", "organism": "Homo sapiens", "tissue": "lung"}, {"me": 2.491356983463103, "pc": 0.27593682254567975, "marker_score": 0.5594891231037991, "symbol": "PDZRN3", "name": "PDZ domain containing ring finger 3", "organism": "Homo sapiens", "tissue": "lung"}, {"me": 2.3484091217984857, "pc": 0.2403220811396717, "marker_score": 0.5523325956177279, "symbol": "SH3D19", "name": "SH3 domain containing 19", "organism": "Homo sapiens", "tissue": "lung"}, {"me": 2.4017660233675673, "pc": 0.24218024156085474, "marker_score": 0.5500747927744882, "symbol": "SETBP1", "name": "SET binding protein 1", "organism": "Homo sapiens", "tissue": "lung"}, {"me": 2.392562637225017, "pc": 0.22700526478786, "marker_score": 0.5334514123254801, "symbol": "ITGA8", "name": "integrin subunit alpha 8", "organism": "Homo sapiens", "tissue": "lung"}, {"me": 2.432041136686467, "pc": 0.2248374109631465, "marker_score": 0.528389465820835, "symbol": "MAMDC2", "name": "MAM domain containing 2", "organism": "Homo sapiens", "tissue": "lung"}, {"me": 2.5222315828565143, "pc": 0.2198823165066584, "marker_score": 0.5185451388531436, "symbol": "NCAM2", "name": "neural cell adhesion molecule 2", "organism": "Homo sapiens", "tissue": "lung"}, {"me": 2.5287124582869853, "pc": 0.2784143697739238, "marker_score": 0.5172252464882924, "symbol": "CBLB", "name": "Cbl proto-oncogene B", "organism": "Homo sapiens", "tissue": "lung"}, {"me": 2.32769652618759, "pc": 0.21554660885723134, "marker_score": 0.5124841707970527, "symbol": "ADARB1", "name": "adenosine deaminase RNA specific B1", "organism": "Homo sapiens", "tissue": "lung"}, {"me": 2.4771596063966275, "pc": 0.21121090120780428, "marker_score": 0.4945945353913533, "symbol": "SCN7A", "name": "sodium voltage-gated channel alpha subunit 7", "organism": "Homo sapiens", "tissue": "lung"}, {"me": 2.468931723540684, "pc": 0.3282750077423351, "marker_score": 0.4873174850581121, "symbol": "NEBL", "name": "nebulette", "organism": "Homo sapiens", "tissue": "lung"}, {"me": 2.3217884742269246, "pc": 0.2071848869619077, "marker_score": 0.4786268079214543, "symbol": "PALM2AKAP2", "name": "PALM2 and AKAP2 fusion", "organism": "Homo sapiens", "tissue": "lung"}, {"me": 2.6295728961240896, "pc": 0.2551873645091359, "marker_score": 0.4785514362155534, "symbol": "COL6A3", "name": "collagen type VI alpha 3 chain", "organism": "Homo sapiens", "tissue": "lung"}, {"me": 2.3346747616434227, "pc": 0.2248374109631465, "marker_score": 0.4778226275319877, "symbol": "PEAK1", "name": "pseudopodium enriched atypical kinase 1", "organism": "Homo sapiens", "tissue": "lung"}, {"me": 2.383057157872087, "pc": 0.2192629296995974, "marker_score": 0.4752551705793401, "symbol": "FOXO1", "name": "forkhead box O1", "organism": "Homo sapiens", "tissue": "lung"}, {"me": 3.2028098184554303, "pc": 0.18891297615360791, "marker_score": 0.4643178121413062, "symbol": "CEMIP", "name": "cell migration inducing hyaluronidase 1", "organism": "Homo sapiens", "tissue": "lung"}, {"me": 2.3509917338329562, "pc": 0.20532672654072467, "marker_score": 0.4574834616682662, "symbol": "BNC2", "name": "basonuclin 2", "organism": "Homo sapiens", "tissue": "lung"}, {"me": 2.4048542463860545, "pc": 0.22762465159492104, "marker_score": 0.45656840665031456, "symbol": "ROBO1", "name": "roundabout guidance receptor 1", "organism": "Homo sapiens", "tissue": "lung"}, {"me": 2.6196958204493215, "pc": 0.3536698668318365, "marker_score": 0.4468056245343027, "symbol": "SDK1", "name": "sidekick cell adhesion molecule 1", "organism": "Homo sapiens", "tissue": "lung"}, {"me": 2.3523788452148438, "pc": 0.1684732115205946, "marker_score": 0.44388845966069085, "symbol": "GALNT17", "name": "polypeptide N-acetylgalactosaminyltransferase 17", "organism": "Homo sapiens", "tissue": "lung"}, {"me": 2.3437912464141846, "pc": 0.15856302260761845, "marker_score": 0.42651188583787353, "symbol": "ADAMTS9-AS2", "name": "ADAMTS9 antisense RNA 2", "organism": "Homo sapiens", "tissue": "lung"}, {"me": 2.38508547269381, "pc": 0.193248683803035, "marker_score": 0.42104402509808336, "symbol": "LAMB1", "name": "laminin subunit beta 1", "organism": "Homo sapiens", "tissue": "lung"}, {"me": 2.3988275108097485, "pc": 0.14772375348405078, "marker_score": 0.40858230978967125, "symbol": "RP11-384F7.2", "name": "RP11-384F7.2", "organism": "Homo sapiens", "tissue": "lung"}, {"me": 2.559451541385135, "pc": 0.18333849489005885, "marker_score": 0.4052001018920198, "symbol": "C7", "name": "complement C7", "organism": "Homo sapiens", "tissue": "lung"}, {"me": 2.404755408022584, "pc": 0.22112109012078043, "marker_score": 0.3982801395564526, "symbol": "PIEZO2", "name": "piezo type mechanosensitive ion channel component 2", "organism": "Homo sapiens", "tissue": "lung"}, {"me": 2.5796147141501167, "pc": 0.16568597088882006, "marker_score": 0.3922668374936574, "symbol": "SAMD4A", "name": "sterile alpha motif domain containing 4A", "organism": "Homo sapiens", "tissue": "lung"}, {"me": 2.524060186751558, "pc": 0.4719727469804893, "marker_score": 0.3907451810024311, "symbol": "ZBTB20", "name": "zinc finger and BTB domain containing 20", "organism": "Homo sapiens", "tissue": "lung"}, {"me": 2.3036549577809344, "pc": 0.15329823474759988, "marker_score": 0.38982067073118926, "symbol": "ABI3BP", "name": "ABI family member 3 binding protein", "organism": "Homo sapiens", "tissue": "lung"}, {"me": 2.2361119588216147, "pc": 0.13378755032517808, "marker_score": 0.38891928894672384, "symbol": "ABCA6", "name": "ATP binding cassette subfamily A member 6", "organism": "Homo sapiens", "tissue": "lung"}, {"me": 2.33509086948368, "pc": 0.13223908330752554, "marker_score": 0.3836705901327511, "symbol": "NAV3", "name": "neuron navigator 3", "organism": "Homo sapiens", "tissue": "lung"}, {"me": 2.4954228779115724, "pc": 0.3672963765871787, "marker_score": 0.3834445086186104, "symbol": "FNDC3B", "name": "fibronectin type III domain containing 3B", "organism": "Homo sapiens", "tissue": "lung"}, {"me": 2.4162459053843195, "pc": 0.226385877980799, "marker_score": 0.3833203182574821, "symbol": "FOXO3", "name": "forkhead box O3", "organism": "Homo sapiens", "tissue": "lung"}, {"me": 2.3080170378555587, "pc": 0.14834314029111179, "marker_score": 0.3807361854984246, "symbol": "KIF13A", "name": "kinesin family member 13A", "organism": "Homo sapiens", "tissue": "lung"}, {"me": 2.3583188581694827, "pc": 0.129451842675751, "marker_score": 0.3795731206247602, "symbol": "PDGFRA", "name": "platelet derived growth factor receptor alpha", "organism": "Homo sapiens", "tissue": "lung"}, {"me": 2.2691277168892525, "pc": 0.18333849489005885, "marker_score": 0.3770957929919373, "symbol": "TTC28", "name": "tetratricopeptide repeat domain 28", "organism": "Homo sapiens", "tissue": "lung"}, {"me": 2.3176880834999025, "pc": 0.19851347166305358, "marker_score": 0.37473408669556807, "symbol": "MAGI2", "name": "membrane associated guanylate kinase, WW and PDZ domain containing 2", "organism": "Homo sapiens", "tissue": "lung"}, {"me": 2.2671519459544363, "pc": 0.17714462681944876, "marker_score": 0.3746684366360824, "symbol": "APBB2", "name": "amyloid beta precursor protein binding family B member 2", "organism": "Homo sapiens", "tissue": "lung"}, {"me": 2.3829801554667918, "pc": 0.12356766800867142, "marker_score": 0.36853077399406964, "symbol": "CDH13", "name": "cadherin 13", "organism": "Homo sapiens", "tissue": "lung"}, {"me": 2.422315514605978, "pc": 0.12109012078042737, "marker_score": 0.3659273400015306, "symbol": "RP1-15D23.2", "name": "RP1-15D23.2", "organism": "Homo sapiens", "tissue": "lung"}, {"me": 2.6655967265208704, "pc": 0.3487147723753484, "marker_score": 0.3650359011572851, "symbol": "DLG2", "name": "discs large MAGUK scaffold protein 2", "organism": "Homo sapiens", "tissue": "lung"}, {"me": 2.4112923177083334, "pc": 0.13936203158872715, "marker_score": 0.3643803893131714, "symbol": "SNED1", "name": "sushi, nidogen and EGF like domains 1", "organism": "Homo sapiens", "tissue": "lung"}, {"me": 2.719880116136768, "pc": 0.19572623103127904, "marker_score": 0.36407943118096875, "symbol": "IL1R1", "name": "interleukin 1 receptor type 1", "organism": "Homo sapiens", "tissue": "lung"}, {"me": 2.356767009075423, "pc": 0.16475689067822855, "marker_score": 0.3614771863928925, "symbol": "BICC1", "name": "BicC family RNA binding protein 1", "organism": "Homo sapiens", "tissue": "lung"}, {"me": 2.2581817626953127, "pc": 0.12387736141220192, "marker_score": 0.35567587573874965, "symbol": "ROR2", "name": "receptor tyrosine kinase like orphan receptor 2", "organism": "Homo sapiens", "tissue": "lung"}, {"me": 2.2695201526988638, "pc": 0.12604521523691545, "marker_score": 0.3542358506632922, "symbol": "SH3PXD2B", "name": "SH3 and PX domains 2B", "organism": "Homo sapiens", "tissue": "lung"}, {"me": 2.359405517578125, "pc": 0.22174047692784143, "marker_score": 0.35081667547570894, "symbol": "MAML3", "name": "mastermind like transcriptional coactivator 3", "organism": "Homo sapiens", "tissue": "lung"}, {"me": 2.3008945349491006, "pc": 0.1226385877980799, "marker_score": 0.3482450392329654, "symbol": "SPON1", "name": "spondin 1", "organism": "Homo sapiens", "tissue": "lung"}, {"me": 2.394477613044508, "pc": 0.11241870548157325, "marker_score": 0.34804668762580515, "symbol": "CYP7B1", "name": "cytochrome P450 family 7 subfamily B member 1", "organism": "Homo sapiens", "tissue": "lung"}, {"me": 2.272621078030684, "pc": 0.15391762155466088, "marker_score": 0.3437592659045104, "symbol": "MYO10", "name": "myosin X", "organism": "Homo sapiens", "tissue": "lung"}, {"me": 2.9110252947492987, "pc": 0.44162279343449984, "marker_score": 0.3423242054039435, "symbol": "A2M", "name": "alpha-2-macroglobulin", "organism": "Homo sapiens", "tissue": "lung"}, {"me": 2.272158792810031, "pc": 0.13719417776401363, "marker_score": 0.3399186550148349, "symbol": "SGIP1", "name": "SH3GL interacting endocytic adaptor 1", "organism": "Homo sapiens", "tissue": "lung"}, {"me": 2.7670733204204074, "pc": 0.11210901207804273, "marker_score": 0.33872446092204317, "symbol": "KIF26B", "name": "kinesin family member 26B", "organism": "Homo sapiens", "tissue": "lung"}, {"me": 2.2077955729166665, "pc": 0.1161350263239393, "marker_score": 0.3375920522039414, "symbol": "DTNA", "name": "dystrobrevin alpha", "organism": "Homo sapiens", "tissue": "lung"}, {"me": 2.349837088879244, "pc": 0.2508516568597089, "marker_score": 0.335094145222659, "symbol": "PARD3B", "name": "par-3 family cell polarity regulator beta", "organism": "Homo sapiens", "tissue": "lung"}, {"me": 2.5473902486045827, "pc": 0.26354908640445956, "marker_score": 0.33206414596653033, "symbol": "MYH10", "name": "myosin heavy chain 10", "organism": "Homo sapiens", "tissue": "lung"}, {"me": 2.301068628837451, "pc": 0.15825332920408794, "marker_score": 0.33011701868988924, "symbol": "NR2F2-AS1", "name": "NR2F2 antisense RNA 1", "organism": "Homo sapiens", "tissue": "lung"}, {"me": 2.2784335832654334, "pc": 0.10096004955094456, "marker_score": 0.32952823620131766, "symbol": "PRR16", "name": "proline rich 16", "organism": "Homo sapiens", "tissue": "lung"}, {"me": 2.1841157058189653, "pc": 0.09879219572623103, "marker_score": 0.327147337046373, "symbol": "ADAMTS12", "name": "ADAM metallopeptidase with thrombospondin type 1 motif 12", "organism": "Homo sapiens", "tissue": "lung"}, {"me": 2.2386634279404007, "pc": 0.14679467327345927, "marker_score": 0.32596989392248216, "symbol": "PRKD1", "name": "protein kinase D1", "organism": "Homo sapiens", "tissue": "lung"}, {"me": 2.658450366718389, "pc": 0.13409724372870857, "marker_score": 0.32508680166156045, "symbol": "SYN3", "name": "synapsin III", "organism": "Homo sapiens", "tissue": "lung"}, {"me": 2.461704093661509, "pc": 0.09569526169092599, "marker_score": 0.3197943255316078, "symbol": "ITGBL1", "name": "integrin subunit beta like 1", "organism": "Homo sapiens", "tissue": "lung"}, {"me": 2.3449379144712936, "pc": 0.13316816351811706, "marker_score": 0.31835972409050595, "symbol": "PDE3B", "name": "phosphodiesterase 3B", "organism": "Homo sapiens", "tissue": "lung"}, {"me": 2.2594476836958743, "pc": 0.09476618148033447, "marker_score": 0.31509324193723814, "symbol": "SGCD", "name": "sarcoglycan delta", "organism": "Homo sapiens", "tissue": "lung"}, {"me": 2.3623997930270524, "pc": 0.10374729018271911, "marker_score": 0.3143803450587268, "symbol": "FGF7", "name": "fibroblast growth factor 7", "organism": "Homo sapiens", "tissue": "lung"}, {"me": 2.447661827350485, "pc": 0.21554660885723134, "marker_score": 0.3067848668152977, "symbol": "PALLD", "name": "palladin, cytoskeletal associated protein", "organism": "Homo sapiens", "tissue": "lung"}, {"me": 2.4808374679107423, "pc": 0.19603592443480955, "marker_score": 0.3062164133980447, "symbol": "OSBPL8", "name": "oxysterol binding protein like 8", "organism": "Homo sapiens", "tissue": "lung"}, {"me": 2.4537703745212394, "pc": 0.22235986373490244, "marker_score": 0.30610602958987776, "symbol": "REV3L", "name": "REV3 like, DNA directed polymerase zeta catalytic subunit", "organism": "Homo sapiens", "tissue": "lung"}, {"me": 2.271397306927643, "pc": 0.08640445958501083, "marker_score": 0.3045133393669597, "symbol": "COL6A6", "name": "collagen type VI alpha 6 chain", "organism": "Homo sapiens", "tissue": "lung"}, {"me": 3.233807913864715, "pc": 0.7829049241251161, "marker_score": 1.1328714806385498, "symbol": "MACF1", "name": "microtubule actin crosslinking factor 1", "organism": "Homo sapiens", "tissue": "All Tissues"}, {"me": 2.92368166650106, "pc": 0.5843914524620626, "marker_score": 1.1231903379592827, "symbol": "SLIT2", "name": "slit guidance ligand 2", "organism": "Homo sapiens", "tissue": "All Tissues"}, {"me": 3.346874444543192, "pc": 0.87116754413131, "marker_score": 0.9683925612098869, "symbol": "PRKG1", "name": "protein kinase cGMP-dependent 1", "organism": "Homo sapiens", "tissue": "All Tissues"}, {"me": 2.7723240362149535, "pc": 0.5964694951997522, "marker_score": 0.8963724544772597, "symbol": "DOCK4", "name": "dedicator of cytokinesis 4", "organism": "Homo sapiens", "tissue": "All Tissues"}, {"me": 3.2460803315839692, "pc": 0.608547537937442, "marker_score": 0.8372243906232975, "symbol": "ROBO2", "name": "roundabout guidance receptor 2", "organism": "Homo sapiens", "tissue": "All Tissues"}, {"me": 2.798208954669677, "pc": 0.6515949210281821, "marker_score": 0.8223680686322444, "symbol": "RBMS3", "name": "RNA binding motif single stranded interacting protein 3", "organism": "Homo sapiens", "tissue": "All Tissues"}, {"me": 3.14020888610456, "pc": 0.5908950139362031, "marker_score": 0.8040329473690575, "symbol": "LAMA2", "name": "laminin subunit alpha 2", "organism": "Homo sapiens", "tissue": "All Tissues"}, {"me": 2.5857782950293284, "pc": 0.38278104676370395, "marker_score": 0.769141566284265, "symbol": "CCBE1", "name": "collagen and calcium binding EGF domains 1", "organism": "Homo sapiens", "tissue": "All Tissues"}, {"me": 2.7246035022014605, "pc": 0.5407246825642614, "marker_score": 0.7565830512536825, "symbol": "CACNA1C", "name": "CACNA1C intronic transcript 2", "organism": "Homo sapiens", "tissue": "All Tissues"}, {"me": 2.4737411799753644, "pc": 0.3614122019200991, "marker_score": 0.7373564326187606, "symbol": "PLEKHH2", "name": "pleckstrin homology, MyTH4 and FERM domain containing H2", "organism": "Homo sapiens", "tissue": "All Tissues"}, {"me": 2.526582470977955, "pc": 0.3301331681635181, "marker_score": 0.6861399065002997, "symbol": "HMCN1", "name": "hemicentin 1", "organism": "Homo sapiens", "tissue": "All Tissues"}, {"me": 2.6692206200132977, "pc": 0.32022297925054194, "marker_score": 0.6685205527291882, "symbol": "CCDC102B", "name": "coiled-coil domain containing 102B", "organism": "Homo sapiens", "tissue": "All Tissues"}, {"me": 2.6009974993523928, "pc": 0.4109631464849799, "marker_score": 0.6372593240272536, "symbol": "ARHGAP6", "name": "Rho GTPase activating protein 6", "organism": "Homo sapiens", "tissue": "All Tissues"}, {"me": 2.743813091228651, "pc": 0.5258593991947972, "marker_score": 0.6129186839900437, "symbol": "LIMCH1", "name": "LIM and calponin homology domains 1", "organism": "Homo sapiens", "tissue": "All Tissues"}, {"me": 2.5390144211556906, "pc": 0.3632703623412821, "marker_score": 0.5741470603615524, "symbol": "ADGRB3", "name": "adhesion G protein-coupled receptor B3", "organism": "Homo sapiens", "tissue": "All Tissues"}, {"me": 2.3993344907407406, "pc": 0.2508516568597089, "marker_score": 0.5705924750629809, "symbol": "SVEP1", "name": "sushi, von Willebrand factor type A, EGF and pentraxin domain containing 1", "organism": "Homo sapiens", "tissue": "All Tissues"}, {"me": 2.796761634969839, "pc": 0.5775781975843914, "marker_score": 0.5647277686546737, "symbol": "PLXDC2", "name": "plexin domain containing 2", "organism": "Homo sapiens", "tissue": "All Tissues"}, {"me": 2.5306877203747233, "pc": 0.27996283679157635, "marker_score": 0.5642343509981635, "symbol": "CDH11", "name": "cadherin 11", "organism": "Homo sapiens", "tissue": "All Tissues"}, {"me": 2.483197816746603, "pc": 0.3874264478166615, "marker_score": 0.5610858595399844, "symbol": "ELMO1", "name": "engulfment and cell motility 1", "organism": "Homo sapiens", "tissue": "All Tissues"}, {"me": 2.392562637225017, "pc": 0.22700526478786, "marker_score": 0.5341940938995782, "symbol": "ITGA8", "name": "integrin subunit alpha 8", "organism": "Homo sapiens", "tissue": "All Tissues"}, {"me": 2.404755408022584, "pc": 0.22112109012078043, "marker_score": 0.5234766287165533, "symbol": "PIEZO2", "name": "piezo type mechanosensitive ion channel component 2", "organism": "Homo sapiens", "tissue": "All Tissues"}, {"me": 2.32769652618759, "pc": 0.21554660885723134, "marker_score": 0.5174932865946792, "symbol": "ADARB1", "name": "adenosine deaminase RNA specific B1", "organism": "Homo sapiens", "tissue": "All Tissues"}, {"me": 2.432041136686467, "pc": 0.2248374109631465, "marker_score": 0.510992265524028, "symbol": "MAMDC2", "name": "MAM domain containing 2", "organism": "Homo sapiens", "tissue": "All Tissues"}, {"me": 2.4771596063966275, "pc": 0.21121090120780428, "marker_score": 0.5084586484777815, "symbol": "SCN7A", "name": "sodium voltage-gated channel alpha subunit 7", "organism": "Homo sapiens", "tissue": "All Tissues"}, {"me": 2.9110252947492987, "pc": 0.44162279343449984, "marker_score": 0.4868537592893912, "symbol": "A2M", "name": "alpha-2-macroglobulin", "organism": "Homo sapiens", "tissue": "All Tissues"}, {"me": 2.568643478436618, "pc": 0.3292040879529266, "marker_score": 0.47207697553131145, "symbol": "RYR2", "name": "ryanodine receptor 2", "organism": "Homo sapiens", "tissue": "All Tissues"}, {"me": 3.2028098184554303, "pc": 0.18891297615360791, "marker_score": 0.4670776491080036, "symbol": "CEMIP", "name": "cell migration inducing hyaluronidase 1", "organism": "Homo sapiens", "tissue": "All Tissues"}, {"me": 2.453253550588349, "pc": 0.2508516568597089, "marker_score": 0.4653533202681242, "symbol": "CACNA1D", "name": "calcium voltage-gated channel subunit alpha1 D", "organism": "Homo sapiens", "tissue": "All Tissues"}, {"me": 2.611414859169408, "pc": 0.3295137813564571, "marker_score": 0.4614278371104714, "symbol": "SLIT3", "name": "slit guidance ligand 3", "organism": "Homo sapiens", "tissue": "All Tissues"}, {"me": 2.8379976975602643, "pc": 0.19913285847011458, "marker_score": 0.4613289591458917, "symbol": "ELN", "name": "elastin", "organism": "Homo sapiens", "tissue": "All Tissues"}, {"me": 2.5473902486045827, "pc": 0.26354908640445956, "marker_score": 0.4515625138421497, "symbol": "MYH10", "name": "myosin heavy chain 10", "organism": "Homo sapiens", "tissue": "All Tissues"}, {"me": 2.6196958204493215, "pc": 0.3536698668318365, "marker_score": 0.43665947645842995, "symbol": "SDK1", "name": "sidekick cell adhesion molecule 1", "organism": "Homo sapiens", "tissue": "All Tissues"}, {"me": 2.3602036506898942, "pc": 0.1536079281511304, "marker_score": 0.37761933152765526, "symbol": "ANGPT1", "name": "angiopoietin 1", "organism": "Homo sapiens", "tissue": "All Tissues"}, {"me": 2.294583663199712, "pc": 0.12759368225456796, "marker_score": 0.3687213274796317, "symbol": "FMO2", "name": "flavin containing dimethylaniline monoxygenase 2", "organism": "Homo sapiens", "tissue": "All Tissues"}, {"me": 2.422315514605978, "pc": 0.12109012078042737, "marker_score": 0.36834076057794457, "symbol": "RP1-15D23.2", "name": "RP1-15D23.2", "organism": "Homo sapiens", "tissue": "All Tissues"}, {"me": 2.6295728961240896, "pc": 0.2551873645091359, "marker_score": 0.3670702378593085, "symbol": "COL6A3", "name": "collagen type VI alpha 3 chain", "organism": "Homo sapiens", "tissue": "All Tissues"}, {"me": 2.3217884742269246, "pc": 0.2071848869619077, "marker_score": 0.34378692257194166, "symbol": "PALM2AKAP2", "name": "PALM2 and AKAP2 fusion", "organism": "Homo sapiens", "tissue": "All Tissues"}, {"me": 2.3863006683441252, "pc": 0.1031279033756581, "marker_score": 0.33733542349767165, "symbol": "TSIX", "name": "TSIX transcript, XIST antisense RNA", "organism": "Homo sapiens", "tissue": "All Tissues"}, {"me": 2.394477613044508, "pc": 0.11241870548157325, "marker_score": 0.33672218367162154, "symbol": "CYP7B1", "name": "cytochrome P450 family 7 subfamily B member 1", "organism": "Homo sapiens", "tissue": "All Tissues"}, {"me": 2.5226252123377817, "pc": 0.3161969650046454, "marker_score": 0.3292593294485246, "symbol": "USP53", "name": "ubiquitin specific peptidase 53", "organism": "Homo sapiens", "tissue": "All Tissues"}, {"me": 2.1841157058189653, "pc": 0.09879219572623103, "marker_score": 0.3273098230147327, "symbol": "ADAMTS12", "name": "ADAM metallopeptidase with thrombospondin type 1 motif 12", "organism": "Homo sapiens", "tissue": "All Tissues"}, {"me": 2.559451541385135, "pc": 0.18333849489005885, "marker_score": 0.32726915797811307, "symbol": "C7", "name": "complement C7", "organism": "Homo sapiens", "tissue": "All Tissues"}, {"me": 2.2581817626953127, "pc": 0.12387736141220192, "marker_score": 0.3262407650756271, "symbol": "ROR2", "name": "receptor tyrosine kinase like orphan receptor 2", "organism": "Homo sapiens", "tissue": "All Tissues"}, {"me": 2.3008945349491006, "pc": 0.1226385877980799, "marker_score": 0.32446708747754477, "symbol": "SPON1", "name": "spondin 1", "organism": "Homo sapiens", "tissue": "All Tissues"}, {"me": 2.461704093661509, "pc": 0.09569526169092599, "marker_score": 0.3195970433872728, "symbol": "ITGBL1", "name": "integrin subunit beta like 1", "organism": "Homo sapiens", "tissue": "All Tissues"}, {"me": 2.3988275108097485, "pc": 0.14772375348405078, "marker_score": 0.3154819791002083, "symbol": "RP11-384F7.2", "name": "RP11-384F7.2", "organism": "Homo sapiens", "tissue": "All Tissues"}, {"me": 2.271397306927643, "pc": 0.08640445958501083, "marker_score": 0.30626808854502413, "symbol": "COL6A6", "name": "collagen type VI alpha 6 chain", "organism": "Homo sapiens", "tissue": "All Tissues"}, {"me": 2.3036549577809344, "pc": 0.15329823474759988, "marker_score": 0.30600112676452773, "symbol": "ABI3BP", "name": "ABI family member 3 binding protein", "organism": "Homo sapiens", "tissue": "All Tissues"}, {"me": 2.2642200776260264, "pc": 0.08485599256735832, "marker_score": 0.30367236668050207, "symbol": "LINC00922", "name": "long intergenic non-protein coding RNA 922", "organism": "Homo sapiens", "tissue": "All Tissues"}, {"me": 2.3583188581694827, "pc": 0.129451842675751, "marker_score": 0.29983987402647994, "symbol": "PDGFRA", "name": "platelet derived growth factor receptor alpha", "organism": "Homo sapiens", "tissue": "All Tissues"}, {"me": 2.3623997930270524, "pc": 0.10374729018271911, "marker_score": 0.29237431017255966, "symbol": "FGF7", "name": "fibroblast growth factor 7", "organism": "Homo sapiens", "tissue": "All Tissues"}, {"me": 2.2361119588216147, "pc": 0.13378755032517808, "marker_score": 0.2872302704149871, "symbol": "ABCA6", "name": "ATP binding cassette subfamily A member 6", "organism": "Homo sapiens", "tissue": "All Tissues"}, {"me": 2.719880116136768, "pc": 0.19572623103127904, "marker_score": 0.28465093630896665, "symbol": "IL1R1", "name": "interleukin 1 receptor type 1", "organism": "Homo sapiens", "tissue": "All Tissues"}, {"me": 2.326398423138787, "pc": 0.10529575720037163, "marker_score": 0.28172515979638035, "symbol": "ST6GALNAC5", "name": "ST6 N-acetylgalactosaminide alpha-2,6-sialyltransferase 5", "organism": "Homo sapiens", "tissue": "All Tissues"}, {"me": 2.8549485465971496, "pc": 0.5921337875503252, "marker_score": 0.278636376196473, "symbol": "LSAMP", "name": "limbic system associated membrane protein", "organism": "Homo sapiens", "tissue": "All Tissues"}, {"me": 2.162591342268319, "pc": 0.07184886961907712, "marker_score": 0.27291480986147293, "symbol": "BMP5", "name": "bone morphogenetic protein 5", "organism": "Homo sapiens", "tissue": "All Tissues"}, {"me": 2.771791435477286, "pc": 0.52152369154537, "marker_score": 0.27032906494707365, "symbol": "CELF2", "name": "CUGBP Elav-like family member 2", "organism": "Homo sapiens", "tissue": "All Tissues"}, {"me": 2.414720554807487, "pc": 0.18148033446887582, "marker_score": 0.26844438792725617, "symbol": "COL5A2", "name": "collagen type V alpha 2 chain", "organism": "Homo sapiens", "tissue": "All Tissues"}, {"me": 2.2784335832654334, "pc": 0.10096004955094456, "marker_score": 0.2620183361700873, "symbol": "PRR16", "name": "proline rich 16", "organism": "Homo sapiens", "tissue": "All Tissues"}, {"me": 2.2040788182672464, "pc": 0.06565500154846701, "marker_score": 0.2616107354388853, "symbol": "RP11-64D24.2", "name": "RP11-64D24.2", "organism": "Homo sapiens", "tissue": "All Tissues"}, {"me": 2.5507459453507964, "pc": 0.06317745432022298, "marker_score": 0.25499696886157647, "symbol": "LINC00578", "name": "long intergenic non-protein coding RNA 578", "organism": "Homo sapiens", "tissue": "All Tissues"}, {"me": 2.658450366718389, "pc": 0.13409724372870857, "marker_score": 0.2505766953795643, "symbol": "SYN3", "name": "synapsin III", "organism": "Homo sapiens", "tissue": "All Tissues"}, {"me": 2.2695201526988638, "pc": 0.12604521523691545, "marker_score": 0.24791368127184518, "symbol": "SH3PXD2B", "name": "SH3 and PX domains 2B", "organism": "Homo sapiens", "tissue": "All Tissues"}, {"me": 2.3019358875987295, "pc": 0.056364199442551874, "marker_score": 0.24012136550656893, "symbol": "MAMDC2-AS1", "name": "MAMDC2 antisense RNA 1", "organism": "Homo sapiens", "tissue": "All Tissues"}, {"me": 2.5222315828565143, "pc": 0.2198823165066584, "marker_score": 0.23576094398461753, "symbol": "NCAM2", "name": "neural cell adhesion molecule 2", "organism": "Homo sapiens", "tissue": "All Tissues"}, {"me": 2.2292841294232537, "pc": 0.05264787860018581, "marker_score": 0.23264718359583944, "symbol": "MEOX2", "name": "mesenchyme homeobox 2", "organism": "Homo sapiens", "tissue": "All Tissues"}, {"me": 2.1789448446856285, "pc": 0.051718798389594305, "marker_score": 0.21389730057763662, "symbol": "PKNOX2", "name": "PBX/knotted 1 homeobox 2", "organism": "Homo sapiens", "tissue": "All Tissues"}, {"me": 2.2814543818084285, "pc": 0.04397646330133168, "marker_score": 0.21340853304691712, "symbol": "RP11-563D10.1", "name": "RP11-563D10.1", "organism": "Homo sapiens", "tissue": "All Tissues"}, {"me": 2.652157482087921, "pc": 0.4781666150510994, "marker_score": 0.21206576926226692, "symbol": "ZBTB16", "name": "zinc finger and BTB domain containing 16", "organism": "Homo sapiens", "tissue": "All Tissues"}, {"me": 2.280631736472801, "pc": 0.04180860947661815, "marker_score": 0.20576461463515708, "symbol": "TRPC6", "name": "transient receptor potential cation channel subfamily C member 6", "organism": "Homo sapiens", "tissue": "All Tissues"}, {"me": 2.491356983463103, "pc": 0.27593682254567975, "marker_score": 0.20013814499011234, "symbol": "PDZRN3", "name": "PDZ domain containing ring finger 3", "organism": "Homo sapiens", "tissue": "All Tissues"}, {"me": 2.5287124582869853, "pc": 0.2784143697739238, "marker_score": 0.19504854636896468, "symbol": "CBLB", "name": "Cbl proto-oncogene B", "organism": "Homo sapiens", "tissue": "All Tissues"}, {"me": 2.5401047050599024, "pc": 0.36512852276246516, "marker_score": 0.19462400010978528, "symbol": "NAV2", "name": "neuron navigator 2", "organism": "Homo sapiens", "tissue": "All Tissues"}, {"me": 2.1642559596470425, "pc": 0.052028491793124805, "marker_score": 0.19292088925732737, "symbol": "LTBP2", "name": "latent transforming growth factor beta binding protein 2", "organism": "Homo sapiens", "tissue": "All Tissues"}, {"me": 2.1023631918019263, "pc": 0.03592443480953856, "marker_score": 0.19165694572126857, "symbol": "PRDM6", "name": "PR/SET domain 6", "organism": "Homo sapiens", "tissue": "All Tissues"}, {"me": 2.4139813874897205, "pc": 0.035305048002477545, "marker_score": 0.18889805735647436, "symbol": "RP11-17A4.2", "name": "PENK antisense RNA 1", "organism": "Homo sapiens", "tissue": "All Tissues"}, {"me": 2.3765737172719597, "pc": 0.034375967791886036, "marker_score": 0.18692781758094085, "symbol": "LINC00968", "name": "long intergenic non-protein coding RNA 968", "organism": "Homo sapiens", "tissue": "All Tissues"}, {"me": 2.157883800159801, "pc": 0.03406627438835553, "marker_score": 0.185708304133972, "symbol": "LINC00535", "name": "CIBAR1 divergent transcript", "organism": "Homo sapiens", "tissue": "All Tissues"}, {"me": 2.2226185013491464, "pc": 0.0771136574790957, "marker_score": 0.18262372700664814, "symbol": "COL21A1", "name": "collagen type XXI alpha 1 chain", "organism": "Homo sapiens", "tissue": "All Tissues"}, {"me": 2.38508547269381, "pc": 0.193248683803035, "marker_score": 0.18178858675123963, "symbol": "LAMB1", "name": "laminin subunit beta 1", "organism": "Homo sapiens", "tissue": "All Tissues"}, {"me": 2.1602178777305827, "pc": 0.03189842056364199, "marker_score": 0.17999278929955875, "symbol": "TRPC4", "name": "transient receptor potential cation channel subfamily C member 4", "organism": "Homo sapiens", "tissue": "All Tissues"}, {"me": 2.2242847676179847, "pc": 0.07587488386497368, "marker_score": 0.17588264042272822, "symbol": "COL5A1", "name": "collagen type V alpha 1 chain", "organism": "Homo sapiens", "tissue": "All Tissues"}, {"me": 2.4808374679107423, "pc": 0.19603592443480955, "marker_score": 0.17428440056852734, "symbol": "OSBPL8", "name": "oxysterol binding protein like 8", "organism": "Homo sapiens", "tissue": "All Tissues"}, {"me": 2.140127884714227, "pc": 0.029420873335397956, "marker_score": 0.17306171929875552, "symbol": "RP1-45C12.1", "name": "RP1-45C12.1", "organism": "Homo sapiens", "tissue": "All Tissues"}, {"me": 2.6615817669740656, "pc": 0.030040260142458964, "marker_score": 0.1697974158391946, "symbol": "PKN2-AS1", "name": "PKN2 antisense RNA 1", "organism": "Homo sapiens", "tissue": "All Tissues"}, {"me": 2.693674587962347, "pc": 0.5819139052338185, "marker_score": 0.16917655715316163, "symbol": "DST", "name": "dystonin", "organism": "Homo sapiens", "tissue": "All Tissues"}, {"me": 2.297967864245903, "pc": 0.025394859089501395, "marker_score": 0.1600449880699668, "symbol": "RP11-254F19.5", "name": "RP11-254F19.5", "organism": "Homo sapiens", "tissue": "All Tissues"}, {"me": 2.0363748550415037, "pc": 0.024775472282440383, "marker_score": 0.15878456239604072, "symbol": "RP11-496B10.6", "name": "uncharacterized LOC101928882", "organism": "Homo sapiens", "tissue": "All Tissues"}, {"me": 2.5277771722702753, "pc": 0.026014245896562403, "marker_score": 0.15813900915018253, "symbol": "RP11-115D10.1", "name": "RP11-115D10.1", "organism": "Homo sapiens", "tissue": "All Tissues"}, {"me": 2.2136926184167396, "pc": 0.04428615670486219, "marker_score": 0.15702018390318684, "symbol": "RP11-759A24.3", "name": "RP11-759A24.3", "organism": "Homo sapiens", "tissue": "All Tissues"}, {"me": 2.3346747616434227, "pc": 0.2248374109631465, "marker_score": 0.15511685499642558, "symbol": "PEAK1", "name": "pseudopodium enriched atypical kinase 1", "organism": "Homo sapiens", "tissue": "All Tissues"}, {"me": 2.304701123918806, "pc": 0.052028491793124805, "marker_score": 0.1536546831405684, "symbol": "GRIA1", "name": "glutamate ionotropic receptor AMPA type subunit 1", "organism": "Homo sapiens", "tissue": "All Tissues"}, {"me": 2.1308444234348785, "pc": 0.04614431712604521, "marker_score": 0.15352494061024902, "symbol": "ARHGAP28", "name": "Rho GTPase activating protein 28", "organism": "Homo sapiens", "tissue": "All Tissues"}, {"me": 2.072872730011636, "pc": 0.043666769897801175, "marker_score": 0.1516953071217211, "symbol": "ADAMTS2", "name": "ADAM metallopeptidase with thrombospondin type 1 motif 2", "organism": "Homo sapiens", "tissue": "All Tissues"}, {"me": 2.191319436019992, "pc": 0.049860637968411274, "marker_score": 0.15082434588316812, "symbol": "TNXB", "name": "tenascin XB", "organism": "Homo sapiens", "tissue": "All Tissues"}, {"me": 2.2424161396329363, "pc": 0.07804273768968721, "marker_score": 0.1504164813905226, "symbol": "MFSD4B", "name": "major facilitator superfamily domain containing 4B", "organism": "Homo sapiens", "tissue": "All Tissues"}, {"me": 2.2240134668714218, "pc": 0.04056983586249613, "marker_score": 0.14803744712416333, "symbol": "LINC01239", "name": "long intergenic non-protein coding RNA 1239", "organism": "Homo sapiens", "tissue": "All Tissues"}, {"me": 2.240285773026316, "pc": 0.023536698668318364, "marker_score": 0.14673403128086632, "symbol": "RP11-33A14.1", "name": "RP11-33A14.1", "organism": "Homo sapiens", "tissue": "All Tissues"}, {"me": 2.2377126408719468, "pc": 0.026943326107153918, "marker_score": 0.14041203264725954, "symbol": "HS3ST2", "name": "heparan sulfate-glucosamine 3-sulfotransferase 2", "organism": "Homo sapiens", "tissue": "All Tissues"}, {"me": 2.2207166883680554, "pc": 0.0836172189532363, "marker_score": 0.13925780699881443, "symbol": "NPNT", "name": "nephronectin", "organism": "Homo sapiens", "tissue": "All Tissues"}]