[{"me": 3.397379308639786, "pc": 0.9803166452717159, "marker_score": 1.761229056973024, "symbol": "Ckb", "name": "creatine kinase, brain", "organism": "Mus musculus", "tissue": "brain"}, {"me": 2.484201430236119, "pc": 0.7860504920838682, "marker_score": 1.6973767261133719, "symbol": "Epha7", "name": "Eph receptor A7", "organism": "Mus musculus", "tissue": "brain"}, {"me": 2.3199224822463256, "pc": 0.7569533590072742, "marker_score": 1.56693946480181, "symbol": "Rmst", "name": "rhabdomyosarcoma 2 associated transcript (non-coding RNA)", "organism": "Mus musculus", "tissue": "brain"}, {"me": 2.793039223582474, "pc": 0.7471116816431322, "marker_score": 1.5646740202010738, "symbol": "Efnb3", "name": "ephrin B3", "organism": "Mus musculus", "tissue": "brain"}, {"me": 2.2680698488910105, "pc": 0.7282841249465126, "marker_score": 1.510848116795401, "symbol": "Zfhx4", "name": "zinc finger homeodomain 4", "organism": "Mus musculus", "tissue": "brain"}, {"me": 2.2490608615909777, "pc": 0.7090286692340607, "marker_score": 1.0740281527085096, "symbol": "Zic4", "name": "zinc finger protein of the cerebellum 4", "organism": "Mus musculus", "tissue": "brain"}, {"me": 2.909077101128251, "pc": 0.8391099700470689, "marker_score": 1.065299475575523, "symbol": "Dbi", "name": "diazepam binding inhibitor", "organism": "Mus musculus", "tissue": "brain"}, {"me": 2.838991494394889, "pc": 0.8874625588361147, "marker_score": 0.9093563993604721, "symbol": "Vim", "name": "vimentin", "organism": "Mus musculus", "tissue": "brain"}, {"me": 2.0736049396380443, "pc": 0.6191698759092854, "marker_score": 0.762986993229952, "symbol": "Marcksl1", "name": "MARCKS-like 1", "organism": "Mus musculus", "tissue": "brain"}, {"me": 2.850840806008655, "pc": 0.9640564826700898, "marker_score": 0.7561793294956782, "symbol": "Hsp90ab1", "name": "heat shock protein 90 alpha (cytosolic), class B member 1", "organism": "Mus musculus", "tissue": "brain"}, {"me": 2.001505348266462, "pc": 0.37526743688489517, "marker_score": 0.7553670052477096, "symbol": "Mdk", "name": "midkine", "organism": "Mus musculus", "tissue": "brain"}, {"me": 2.083211135465648, "pc": 0.40949935815147626, "marker_score": 0.7257002376201602, "symbol": "Sox9", "name": "SRY (sex determining region Y)-box 9", "organism": "Mus musculus", "tissue": "brain"}, {"me": 1.9481873895130017, "pc": 0.35173299101412064, "marker_score": 0.7237982698062433, "symbol": "Otx2", "name": "orthodenticle homeobox 2", "organism": "Mus musculus", "tissue": "brain"}, {"me": 1.9663181470788043, "pc": 0.34445870774497217, "marker_score": 0.7155216920344586, "symbol": "Calml4", "name": "calmodulin-like 4", "organism": "Mus musculus", "tissue": "brain"}, {"me": 2.079225202460435, "pc": 0.4326059050064185, "marker_score": 0.7125862443622175, "symbol": "Dpy19l1", "name": "dpy-19-like 1 (C. elegans)", "organism": "Mus musculus", "tissue": "brain"}, {"me": 2.1175234692868443, "pc": 0.7098844672657253, "marker_score": 0.6892912164679946, "symbol": "Wls", "name": "wntless WNT ligand secretion mediator", "organism": "Mus musculus", "tissue": "brain"}, {"me": 2.3185272456338306, "pc": 0.5451433461703038, "marker_score": 0.6779716906469908, "symbol": "Igfbp5", "name": "insulin-like growth factor binding protein 5", "organism": "Mus musculus", "tissue": "brain"}, {"me": 2.527806982622264, "pc": 0.3127941805733847, "marker_score": 0.6623644161112437, "symbol": "Sspo", "name": "SCO-spondin", "organism": "Mus musculus", "tissue": "brain"}, {"me": 2.0907871972318337, "pc": 0.6183140778776208, "marker_score": 0.6386472711280684, "symbol": "Zic1", "name": "zinc finger protein of the cerebellum 1", "organism": "Mus musculus", "tissue": "brain"}, {"me": 2.5448050656816052, "pc": 0.685066324347454, "marker_score": 0.631635138487841, "symbol": "Fabp7", "name": "fatty acid binding protein 7, brain", "organism": "Mus musculus", "tissue": "brain"}, {"me": 2.102574292027417, "pc": 0.5930680359435173, "marker_score": 0.6194449129727922, "symbol": "Enah", "name": "ENAH actin regulator", "organism": "Mus musculus", "tissue": "brain"}, {"me": 2.1926461484566953, "pc": 0.6966195977749251, "marker_score": 0.6063199712904046, "symbol": "Gnb2", "name": "guanine nucleotide binding protein (G protein), beta 2", "organism": "Mus musculus", "tissue": "brain"}, {"me": 3.0736823558172435, "pc": 0.9640564826700898, "marker_score": 0.5829791373967816, "symbol": "Tuba1a", "name": "tubulin, alpha 1A", "organism": "Mus musculus", "tissue": "brain"}, {"me": 1.9374605735636645, "pc": 0.27556696619597776, "marker_score": 0.5828812209676537, "symbol": "Armh4", "name": "armadillo-like helical domain containing 4", "organism": "Mus musculus", "tissue": "brain"}, {"me": 1.9014439346766707, "pc": 0.345742404792469, "marker_score": 0.5768479201071078, "symbol": "Ddah2", "name": "dimethylarginine dimethylaminohydrolase 2", "organism": "Mus musculus", "tissue": "brain"}, {"me": 1.953710763424688, "pc": 0.24005134788189988, "marker_score": 0.5552198681235025, "symbol": "Dpy19l3", "name": "dpy-19-like 3 (C. elegans)", "organism": "Mus musculus", "tissue": "brain"}, {"me": 1.8970280480418742, "pc": 0.3008130081300813, "marker_score": 0.5423783694676717, "symbol": "Plxnb2", "name": "plexin B2", "organism": "Mus musculus", "tissue": "brain"}, {"me": 1.8012700166190359, "pc": 0.21523320496362858, "marker_score": 0.5196445036773488, "symbol": "Klhdc8b", "name": "kelch domain containing 8B", "organism": "Mus musculus", "tissue": "brain"}, {"me": 2.0734454399190603, "pc": 0.43945228925973473, "marker_score": 0.5112662001196094, "symbol": "Slit2", "name": "slit guidance ligand 2", "organism": "Mus musculus", "tissue": "brain"}, {"me": 1.9192476518798407, "pc": 0.24860932819854514, "marker_score": 0.5088300451133235, "symbol": "Phgdh", "name": "3-phosphoglycerate dehydrogenase", "organism": "Mus musculus", "tissue": "brain"}, {"me": 2.043830907067587, "pc": 0.3679931536157467, "marker_score": 0.47880053372475107, "symbol": "Nes", "name": "nestin", "organism": "Mus musculus", "tissue": "brain"}, {"me": 1.9063799587554764, "pc": 0.39067180145485664, "marker_score": 0.47041100834347793, "symbol": "Pdcd5", "name": "programmed cell death 5", "organism": "Mus musculus", "tissue": "brain"}, {"me": 1.9775303220285954, "pc": 0.17629439452289258, "marker_score": 0.4614806866577944, "symbol": "Spdef", "name": "SAM pointed domain containing ets transcription factor", "organism": "Mus musculus", "tissue": "brain"}, {"me": 1.832988172474474, "pc": 0.1728712023962345, "marker_score": 0.4564371761429149, "symbol": "Gas1", "name": "growth arrest specific 1", "organism": "Mus musculus", "tissue": "brain"}, {"me": 2.0533478247937818, "pc": 0.5057766367137355, "marker_score": 0.4551961939002504, "symbol": "Nr2f2", "name": "nuclear receptor subfamily 2, group F, member 2", "organism": "Mus musculus", "tissue": "brain"}, {"me": 1.7986410522460938, "pc": 0.17115960633290545, "marker_score": 0.45203808563020187, "symbol": "Rcn1", "name": "reticulocalbin 1", "organism": "Mus musculus", "tissue": "brain"}, {"me": 1.8417278990453603, "pc": 0.16773641420624733, "marker_score": 0.4439317436765612, "symbol": "Pax3", "name": "paired box 3", "organism": "Mus musculus", "tissue": "brain"}, {"me": 1.8502859979788036, "pc": 0.15960633290543433, "marker_score": 0.43192265058614493, "symbol": "Necab2", "name": "N-terminal EF-hand calcium binding protein 2", "organism": "Mus musculus", "tissue": "brain"}, {"me": 1.9526288765321218, "pc": 0.5062045357295678, "marker_score": 0.42255253402587667, "symbol": "Maged1", "name": "MAGE family member D1", "organism": "Mus musculus", "tissue": "brain"}, {"me": 1.9406872009963132, "pc": 0.15233204963628583, "marker_score": 0.4193011223743385, "symbol": "Btbd17", "name": "BTB (POZ) domain containing 17", "organism": "Mus musculus", "tissue": "brain"}, {"me": 1.8675308096224184, "pc": 0.24860932819854514, "marker_score": 0.4091277225160639, "symbol": "Ddr1", "name": "discoidin domain receptor family, member 1", "organism": "Mus musculus", "tissue": "brain"}, {"me": 1.8474028488685346, "pc": 0.18613607188703465, "marker_score": 0.40732142241954866, "symbol": "Zic5", "name": "zinc finger protein of the cerebellum 5", "organism": "Mus musculus", "tissue": "brain"}, {"me": 1.8138086985956672, "pc": 0.13949507916131793, "marker_score": 0.3997699017945343, "symbol": "Fam181b", "name": "family with sequence similarity 181, member B", "organism": "Mus musculus", "tissue": "brain"}, {"me": 3.7710888106783114, "pc": 0.998288403936671, "marker_score": 0.39867859129343897, "symbol": "mt-Co2", "name": "mt-Co2", "organism": "Mus musculus", "tissue": "brain"}, {"me": 1.90514379348198, "pc": 0.23448866067608046, "marker_score": 0.3986031972722682, "symbol": "Rfx4", "name": "regulatory factor X, 4 (influences HLA class II expression)", "organism": "Mus musculus", "tissue": "brain"}, {"me": 1.9284722701362942, "pc": 0.314933675652546, "marker_score": 0.39765428848961987, "symbol": "Rfx3", "name": "regulatory factor X, 3 (influences HLA class II expression)", "organism": "Mus musculus", "tissue": "brain"}, {"me": 1.9130245301781632, "pc": 0.14035087719298245, "marker_score": 0.3947138931541221, "symbol": "Slc5a3", "name": "solute carrier family 5 (inositol transporters), member 3", "organism": "Mus musculus", "tissue": "brain"}, {"me": 1.8365171886625744, "pc": 0.1797175866495507, "marker_score": 0.3907881421954778, "symbol": "Cachd1", "name": "cache domain containing 1", "organism": "Mus musculus", "tissue": "brain"}, {"me": 3.051538605837136, "pc": 0.9845956354300385, "marker_score": 0.375404671403272, "symbol": "Actg1", "name": "actin, gamma, cytoplasmic 1", "organism": "Mus musculus", "tissue": "brain"}, {"me": 1.9226794899201907, "pc": 0.25802310654685495, "marker_score": 0.36692180962159077, "symbol": "Ttyh3", "name": "tweety family member 3", "organism": "Mus musculus", "tissue": "brain"}, {"me": 1.842776844113372, "pc": 0.18399657680787335, "marker_score": 0.3617074634791181, "symbol": "Fat1", "name": "FAT atypical cadherin 1", "organism": "Mus musculus", "tissue": "brain"}, {"me": 1.844061547583276, "pc": 0.11681643132220795, "marker_score": 0.3598326766813392, "symbol": "Col2a1", "name": "collagen, type II, alpha 1", "organism": "Mus musculus", "tissue": "brain"}, {"me": 2.024405954508764, "pc": 0.11596063329054343, "marker_score": 0.3591739410987203, "symbol": "Tst", "name": "thiosulfate sulfurtransferase, mitochondrial", "organism": "Mus musculus", "tissue": "brain"}, {"me": 1.794840563757945, "pc": 0.12623020967051776, "marker_score": 0.3406802960755988, "symbol": "Pax6", "name": "paired box 6", "organism": "Mus musculus", "tissue": "brain"}, {"me": 2.285639857525189, "pc": 0.8493795464270432, "marker_score": 0.3401438434947366, "symbol": "Hsp90aa1", "name": "heat shock protein 90, alpha (cytosolic), class A member 1", "organism": "Mus musculus", "tissue": "brain"}, {"me": 1.8423178029614826, "pc": 0.12879760376551133, "marker_score": 0.3255458717523642, "symbol": "Msx1", "name": "msh homeobox 1", "organism": "Mus musculus", "tissue": "brain"}, {"me": 2.282124058783609, "pc": 0.8275566966195977, "marker_score": 0.31882439489016184, "symbol": "Hnrnpa2b1", "name": "heterogeneous nuclear ribonucleoprotein A2/B1", "organism": "Mus musculus", "tissue": "brain"}, {"me": 1.7368463452958383, "pc": 0.09028669234060761, "marker_score": 0.31319294733642733, "symbol": "Gm5089", "name": "Gm5089", "organism": "Mus musculus", "tissue": "brain"}, {"me": 1.8400175548735118, "pc": 0.08985879332477535, "marker_score": 0.3103960096792882, "symbol": "Fibcd1", "name": "fibrinogen C domain containing 1", "organism": "Mus musculus", "tissue": "brain"}, {"me": 1.8335017016810229, "pc": 0.10012836970474968, "marker_score": 0.3042506136120128, "symbol": "Sall3", "name": "spalt like transcription factor 3", "organism": "Mus musculus", "tissue": "brain"}, {"me": 1.9040439082126992, "pc": 0.08729139922978177, "marker_score": 0.3027793750136905, "symbol": "Rspo1", "name": "R-spondin 1", "organism": "Mus musculus", "tissue": "brain"}, {"me": 1.817912192799937, "pc": 0.08515190415062045, "marker_score": 0.30229698956271717, "symbol": "Cbln1", "name": "cerebellin 1 precursor protein", "organism": "Mus musculus", "tissue": "brain"}, {"me": 1.948068315554888, "pc": 0.0834403080872914, "marker_score": 0.3019011393447511, "symbol": "Spp2", "name": "secreted phosphoprotein 2", "organism": "Mus musculus", "tissue": "brain"}, {"me": 2.226406676721436, "pc": 0.14933675652546, "marker_score": 0.301043771598345, "symbol": "Hes5", "name": "hes family bHLH transcription factor 5", "organism": "Mus musculus", "tissue": "brain"}, {"me": 1.7823251824629933, "pc": 0.08130081300813008, "marker_score": 0.29662596933614693, "symbol": "Mab21l2", "name": "mab-21-like 2", "organism": "Mus musculus", "tissue": "brain"}, {"me": 1.9397210669793679, "pc": 0.44330338040222506, "marker_score": 0.2922914036541907, "symbol": "Hnrnpa0", "name": "heterogeneous nuclear ribonucleoprotein A0", "organism": "Mus musculus", "tissue": "brain"}, {"me": 1.9089866411038747, "pc": 0.2443303380402225, "marker_score": 0.28967588100054675, "symbol": "Metrn", "name": "meteorin, glial cell differentiation regulator", "organism": "Mus musculus", "tissue": "brain"}, {"me": 1.9855141644352483, "pc": 0.43945228925973473, "marker_score": 0.28556884914524583, "symbol": "Nrep", "name": "neuronal regeneration related protein", "organism": "Mus musculus", "tissue": "brain"}, {"me": 1.862211962301043, "pc": 0.3898160034231921, "marker_score": 0.283862265829894, "symbol": "Ptov1", "name": "prostate tumor over expressed gene 1", "organism": "Mus musculus", "tissue": "brain"}, {"me": 1.9470576831497117, "pc": 0.519469405220368, "marker_score": 0.27637698848578796, "symbol": "Vcp", "name": "valosin containing protein", "organism": "Mus musculus", "tissue": "brain"}, {"me": 1.980367492627379, "pc": 0.5395806589644844, "marker_score": 0.270671223263394, "symbol": "Ctnnb1", "name": "catenin (cadherin associated protein), beta 1", "organism": "Mus musculus", "tissue": "brain"}, {"me": 1.9910478935286005, "pc": 0.3684210526315789, "marker_score": 0.2698168492433999, "symbol": "Pdia6", "name": "protein disulfide isomerase associated 6", "organism": "Mus musculus", "tissue": "brain"}, {"me": 1.986054244314789, "pc": 0.06718014548566538, "marker_score": 0.268116427099121, "symbol": "Col22a1", "name": "collagen, type XXII, alpha 1", "organism": "Mus musculus", "tissue": "brain"}, {"me": 1.765667064769848, "pc": 0.07916131792896876, "marker_score": 0.2654134285921932, "symbol": "Mrps6", "name": "mitochondrial ribosomal protein S6", "organism": "Mus musculus", "tissue": "brain"}, {"me": 2.1567138671875, "pc": 0.37869062901155326, "marker_score": 0.2653240522101167, "symbol": "Nr2f1", "name": "nuclear receptor subfamily 2, group F, member 1", "organism": "Mus musculus", "tissue": "brain"}, {"me": 1.9168027627347695, "pc": 0.08472400513478819, "marker_score": 0.2652093218463448, "symbol": "Mlf1", "name": "myeloid leukemia factor 1", "organism": "Mus musculus", "tissue": "brain"}, {"me": 1.9426043200275456, "pc": 0.42233632862644416, "marker_score": 0.26472617566464746, "symbol": "Cnn3", "name": "calponin 3, acidic", "organism": "Mus musculus", "tissue": "brain"}, {"me": 1.8144376754760743, "pc": 0.06846384253316218, "marker_score": 0.2643431854936026, "symbol": "Gdpd2", "name": "glycerophosphodiester phosphodiesterase domain containing 2", "organism": "Mus musculus", "tissue": "brain"}, {"me": 1.8503425381926872, "pc": 0.10569105691056911, "marker_score": 0.26415616461767505, "symbol": "Acot1", "name": "acyl-CoA thioesterase 1", "organism": "Mus musculus", "tissue": "brain"}, {"me": 2.093656887973312, "pc": 0.4689773213521609, "marker_score": 0.26142864935207955, "symbol": "Cspg5", "name": "chondroitin sulfate proteoglycan 5", "organism": "Mus musculus", "tissue": "brain"}, {"me": 1.8967303466796874, "pc": 0.06418485237483953, "marker_score": 0.26114966039905535, "symbol": "Cfap126", "name": "cilia and flagella associated protein 126", "organism": "Mus musculus", "tissue": "brain"}, {"me": 1.9161027882197132, "pc": 0.06247325631151048, "marker_score": 0.25728244911482706, "symbol": "Foxj1", "name": "forkhead box J1", "organism": "Mus musculus", "tissue": "brain"}, {"me": 1.839469870808574, "pc": 0.25203252032520324, "marker_score": 0.25539065837216, "symbol": "Sox2", "name": "SRY (sex determining region Y)-box 2", "organism": "Mus musculus", "tissue": "brain"}, {"me": 1.7971933784214318, "pc": 0.06033376123234917, "marker_score": 0.2519917662812227, "symbol": "Flnc", "name": "filamin C, gamma", "organism": "Mus musculus", "tissue": "brain"}, {"me": 1.8806259007129855, "pc": 0.39666238767650835, "marker_score": 0.25073204843424785, "symbol": "Ddx17", "name": "DEAD box helicase 17", "organism": "Mus musculus", "tissue": "brain"}, {"me": 1.9764344588569973, "pc": 0.059050064184852376, "marker_score": 0.24867916664325385, "symbol": "Gdf10", "name": "growth differentiation factor 10", "organism": "Mus musculus", "tissue": "brain"}, {"me": 1.7904240948513215, "pc": 0.2913992297817715, "marker_score": 0.24638111064318446, "symbol": "Puf60", "name": "poly-U binding splicing factor 60", "organism": "Mus musculus", "tissue": "brain"}, {"me": 1.9949711552372684, "pc": 0.057766367137355584, "marker_score": 0.24595503745532607, "symbol": "Gm45159", "name": "Gm45159", "organism": "Mus musculus", "tissue": "brain"}, {"me": 1.8219664115219312, "pc": 0.16645271715875054, "marker_score": 0.2392719404238597, "symbol": "Glo1", "name": "glyoxalase 1", "organism": "Mus musculus", "tissue": "brain"}, {"me": 1.8762362041170635, "pc": 0.05391527599486521, "marker_score": 0.23781285189196738, "symbol": "Spef2", "name": "sperm flagellar 2", "organism": "Mus musculus", "tissue": "brain"}, {"me": 2.239675674957483, "pc": 0.6290115532734275, "marker_score": 0.2347391564571203, "symbol": "Hsp90b1", "name": "heat shock protein 90, beta (Grp94), member 1", "organism": "Mus musculus", "tissue": "brain"}, {"me": 1.8687333137758317, "pc": 0.05305947796320069, "marker_score": 0.23432143602942473, "symbol": "Slc14a2", "name": "solute carrier family 14 (urea transporter), member 2", "organism": "Mus musculus", "tissue": "brain"}, {"me": 2.5361930579222505, "pc": 0.9259734702610184, "marker_score": 0.2310501853169572, "symbol": "Marcks", "name": "myristoylated alanine rich protein kinase C substrate", "organism": "Mus musculus", "tissue": "brain"}, {"me": 1.896869178579635, "pc": 0.050919982884039365, "marker_score": 0.23030157400436196, "symbol": "Cfap43", "name": "cilia and flagella associated protein 43", "organism": "Mus musculus", "tissue": "brain"}, {"me": 1.8399807400173611, "pc": 0.07702182284980745, "marker_score": 0.2257083354972566, "symbol": "Npnt", "name": "nephronectin", "organism": "Mus musculus", "tissue": "brain"}, {"me": 1.7673022295977618, "pc": 0.04749679075738126, "marker_score": 0.22362744964284098, "symbol": "Wnt9a", "name": "wingless-type MMTV integration site family, member 9A", "organism": "Mus musculus", "tissue": "brain"}, {"me": 1.9337413441051137, "pc": 0.07060333761232349, "marker_score": 0.2232959641355162, "symbol": "Aldh1l1", "name": "aldehyde dehydrogenase 1 family, member L1", "organism": "Mus musculus", "tissue": "brain"}, {"me": 1.773083917025862, "pc": 0.12409071459135644, "marker_score": 0.22323753542462318, "symbol": "Msi1", "name": "musashi RNA-binding protein 1", "organism": "Mus musculus", "tissue": "brain"}, {"me": 1.7869608742850167, "pc": 0.09584937954642704, "marker_score": 0.2222125689167745, "symbol": "Mob1b", "name": "MOB kinase activator 1B", "organism": "Mus musculus", "tissue": "brain"}, {"me": 2.0828620407181946, "pc": 0.16859221223791185, "marker_score": 0.21835714016584146, "symbol": "Rspo3", "name": "R-spondin 3", "organism": "Mus musculus", "tissue": "brain"}, {"me": 3.397379308639786, "pc": 0.9803166452717159, "marker_score": 2.4895084820753866, "symbol": "Ckb", "name": "creatine kinase, brain", "organism": "Mus musculus", "tissue": "All Tissues"}, {"me": 2.484201430236119, "pc": 0.7860504920838682, "marker_score": 1.772337202129906, "symbol": "Epha7", "name": "Eph receptor A7", "organism": "Mus musculus", "tissue": "All Tissues"}, {"me": 2.3199224822463256, "pc": 0.7569533590072742, "marker_score": 1.6806307100485305, "symbol": "Rmst", "name": "rhabdomyosarcoma 2 associated transcript (non-coding RNA)", "organism": "Mus musculus", "tissue": "All Tissues"}, {"me": 2.793039223582474, "pc": 0.7471116816431322, "marker_score": 1.5907857249960058, "symbol": "Efnb3", "name": "ephrin B3", "organism": "Mus musculus", "tissue": "All Tissues"}, {"me": 2.2680698488910105, "pc": 0.7282841249465126, "marker_score": 1.5501839389041872, "symbol": "Zfhx4", "name": "zinc finger homeodomain 4", "organism": "Mus musculus", "tissue": "All Tissues"}, {"me": 2.2490608615909777, "pc": 0.7090286692340607, "marker_score": 1.4898603414810028, "symbol": "Zic4", "name": "zinc finger protein of the cerebellum 4", "organism": "Mus musculus", "tissue": "All Tissues"}, {"me": 2.5448050656816052, "pc": 0.685066324347454, "marker_score": 1.3439731725611417, "symbol": "Fabp7", "name": "fatty acid binding protein 7, brain", "organism": "Mus musculus", "tissue": "All Tissues"}, {"me": 2.0907871972318337, "pc": 0.6183140778776208, "marker_score": 1.244840652817871, "symbol": "Zic1", "name": "zinc finger protein of the cerebellum 1", "organism": "Mus musculus", "tissue": "All Tissues"}, {"me": 2.1175234692868443, "pc": 0.7098844672657253, "marker_score": 1.2314749066415853, "symbol": "Wls", "name": "wntless WNT ligand secretion mediator", "organism": "Mus musculus", "tissue": "All Tissues"}, {"me": 3.0736823558172435, "pc": 0.9640564826700898, "marker_score": 1.067149378383243, "symbol": "Tuba1a", "name": "tubulin, alpha 1A", "organism": "Mus musculus", "tissue": "All Tissues"}, {"me": 2.5361930579222505, "pc": 0.9259734702610184, "marker_score": 0.9779203810320907, "symbol": "Marcks", "name": "myristoylated alanine rich protein kinase C substrate", "organism": "Mus musculus", "tissue": "All Tissues"}, {"me": 2.4966002409929406, "pc": 0.8031664527171587, "marker_score": 0.9694157998385795, "symbol": "Tubb2b", "name": "tubulin, beta 2B class IIB", "organism": "Mus musculus", "tissue": "All Tissues"}, {"me": 2.3133936266896504, "pc": 0.7834830979888746, "marker_score": 0.8688981060941956, "symbol": "Msi2", "name": "musashi RNA-binding protein 2", "organism": "Mus musculus", "tissue": "All Tissues"}, {"me": 2.079225202460435, "pc": 0.4326059050064185, "marker_score": 0.8608805489789277, "symbol": "Dpy19l1", "name": "dpy-19-like 1 (C. elegans)", "organism": "Mus musculus", "tissue": "All Tissues"}, {"me": 2.093656887973312, "pc": 0.4689773213521609, "marker_score": 0.8233158818185182, "symbol": "Cspg5", "name": "chondroitin sulfate proteoglycan 5", "organism": "Mus musculus", "tissue": "All Tissues"}, {"me": 2.102574292027417, "pc": 0.5930680359435173, "marker_score": 0.793192816173449, "symbol": "Enah", "name": "ENAH actin regulator", "organism": "Mus musculus", "tissue": "All Tissues"}, {"me": 1.9481873895130017, "pc": 0.35173299101412064, "marker_score": 0.7382567934347757, "symbol": "Otx2", "name": "orthodenticle homeobox 2", "organism": "Mus musculus", "tissue": "All Tissues"}, {"me": 2.043830907067587, "pc": 0.3679931536157467, "marker_score": 0.6907966011703665, "symbol": "Nes", "name": "nestin", "organism": "Mus musculus", "tissue": "All Tissues"}, {"me": 2.527806982622264, "pc": 0.3127941805733847, "marker_score": 0.6737051270684186, "symbol": "Sspo", "name": "SCO-spondin", "organism": "Mus musculus", "tissue": "All Tissues"}, {"me": 2.0533478247937818, "pc": 0.5057766367137355, "marker_score": 0.6434854030496308, "symbol": "Nr2f2", "name": "nuclear receptor subfamily 2, group F, member 2", "organism": "Mus musculus", "tissue": "All Tissues"}, {"me": 1.964527097522703, "pc": 0.30038510911424904, "marker_score": 0.6329897209350365, "symbol": "Dpysl3", "name": "dihydropyrimidinase-like 3", "organism": "Mus musculus", "tissue": "All Tissues"}, {"me": 1.9374605735636645, "pc": 0.27556696619597776, "marker_score": 0.6179453620477994, "symbol": "Armh4", "name": "armadillo-like helical domain containing 4", "organism": "Mus musculus", "tissue": "All Tissues"}, {"me": 2.1567138671875, "pc": 0.37869062901155326, "marker_score": 0.5829296025286599, "symbol": "Nr2f1", "name": "nuclear receptor subfamily 2, group F, member 1", "organism": "Mus musculus", "tissue": "All Tissues"}, {"me": 1.9284722701362942, "pc": 0.314933675652546, "marker_score": 0.5807035332480461, "symbol": "Rfx3", "name": "regulatory factor X, 3 (influences HLA class II expression)", "organism": "Mus musculus", "tissue": "All Tissues"}, {"me": 1.839469870808574, "pc": 0.25203252032520324, "marker_score": 0.5766916808930764, "symbol": "Sox2", "name": "SRY (sex determining region Y)-box 2", "organism": "Mus musculus", "tissue": "All Tissues"}, {"me": 1.953710763424688, "pc": 0.24005134788189988, "marker_score": 0.5635606535047507, "symbol": "Dpy19l3", "name": "dpy-19-like 3 (C. elegans)", "organism": "Mus musculus", "tissue": "All Tissues"}, {"me": 1.90514379348198, "pc": 0.23448866067608046, "marker_score": 0.5524645660337205, "symbol": "Rfx4", "name": "regulatory factor X, 4 (influences HLA class II expression)", "organism": "Mus musculus", "tissue": "All Tissues"}, {"me": 1.9089866411038747, "pc": 0.2443303380402225, "marker_score": 0.5500827094159002, "symbol": "Metrn", "name": "meteorin, glial cell differentiation regulator", "organism": "Mus musculus", "tissue": "All Tissues"}, {"me": 2.0734454399190603, "pc": 0.43945228925973473, "marker_score": 0.5394966529233055, "symbol": "Slit2", "name": "slit guidance ligand 2", "organism": "Mus musculus", "tissue": "All Tissues"}, {"me": 1.8012700166190359, "pc": 0.21523320496362858, "marker_score": 0.5246182415711457, "symbol": "Klhdc8b", "name": "kelch domain containing 8B", "organism": "Mus musculus", "tissue": "All Tissues"}, {"me": 1.8474028488685346, "pc": 0.18613607188703465, "marker_score": 0.4834278646032888, "symbol": "Zic5", "name": "zinc finger protein of the cerebellum 5", "organism": "Mus musculus", "tissue": "All Tissues"}, {"me": 2.2124440683483404, "pc": 0.6059050064184852, "marker_score": 0.4787323702956759, "symbol": "Kcnq1ot1", "name": "KCNQ1 overlapping transcript 1", "organism": "Mus musculus", "tissue": "All Tissues"}, {"me": 1.8365171886625744, "pc": 0.1797175866495507, "marker_score": 0.4657981582322961, "symbol": "Cachd1", "name": "cache domain containing 1", "organism": "Mus musculus", "tissue": "All Tissues"}, {"me": 1.9775303220285954, "pc": 0.17629439452289258, "marker_score": 0.46272775142751377, "symbol": "Spdef", "name": "SAM pointed domain containing ets transcription factor", "organism": "Mus musculus", "tissue": "All Tissues"}, {"me": 1.9394696553548176, "pc": 0.18485237483953787, "marker_score": 0.4615012051253654, "symbol": "Pla2g7", "name": "phospholipase A2, group VII (platelet-activating factor acetylhydrolase, plasma)", "organism": "Mus musculus", "tissue": "All Tissues"}, {"me": 1.8675308096224184, "pc": 0.24860932819854514, "marker_score": 0.45649008557040754, "symbol": "Ddr1", "name": "discoidin domain receptor family, member 1", "organism": "Mus musculus", "tissue": "All Tissues"}, {"me": 1.8417278990453603, "pc": 0.16773641420624733, "marker_score": 0.44824182973779025, "symbol": "Pax3", "name": "paired box 3", "organism": "Mus musculus", "tissue": "All Tissues"}, {"me": 1.8502859979788036, "pc": 0.15960633290543433, "marker_score": 0.43816656056979064, "symbol": "Necab2", "name": "N-terminal EF-hand calcium binding protein 2", "organism": "Mus musculus", "tissue": "All Tissues"}, {"me": 2.121726437172411, "pc": 0.33675652545999146, "marker_score": 0.4323499792209955, "symbol": "Sox11", "name": "SRY (sex determining region Y)-box 11", "organism": "Mus musculus", "tissue": "All Tissues"}, {"me": 2.0828620407181946, "pc": 0.16859221223791185, "marker_score": 0.42995145489771175, "symbol": "Rspo3", "name": "R-spondin 3", "organism": "Mus musculus", "tissue": "All Tissues"}, {"me": 1.9406872009963132, "pc": 0.15233204963628583, "marker_score": 0.42569668726331855, "symbol": "Btbd17", "name": "BTB (POZ) domain containing 17", "organism": "Mus musculus", "tissue": "All Tissues"}, {"me": 2.226406676721436, "pc": 0.14933675652546, "marker_score": 0.4104132742344246, "symbol": "Hes5", "name": "hes family bHLH transcription factor 5", "organism": "Mus musculus", "tissue": "All Tissues"}, {"me": 1.875517432369403, "pc": 0.25802310654685495, "marker_score": 0.4059159941451697, "symbol": "Gm47283", "name": "erythroid differentiation regulator 1 x", "organism": "Mus musculus", "tissue": "All Tissues"}, {"me": 2.3533194284253134, "pc": 0.6144629867351306, "marker_score": 0.4025230791144814, "symbol": "Nnat", "name": "neuronatin", "organism": "Mus musculus", "tissue": "All Tissues"}, {"me": 1.8138086985956672, "pc": 0.13949507916131793, "marker_score": 0.40118894828136087, "symbol": "Fam181b", "name": "family with sequence similarity 181, member B", "organism": "Mus musculus", "tissue": "All Tissues"}, {"me": 3.7710888106783114, "pc": 0.998288403936671, "marker_score": 0.39867859129343897, "symbol": "mt-Co2", "name": "mt-Co2", "organism": "Mus musculus", "tissue": "All Tissues"}, {"me": 1.9226794899201907, "pc": 0.25802310654685495, "marker_score": 0.38830366043768033, "symbol": "Ttyh3", "name": "tweety family member 3", "organism": "Mus musculus", "tissue": "All Tissues"}, {"me": 1.8970280480418742, "pc": 0.3008130081300813, "marker_score": 0.3878414394675292, "symbol": "Plxnb2", "name": "plexin B2", "organism": "Mus musculus", "tissue": "All Tissues"}, {"me": 1.794840563757945, "pc": 0.12623020967051776, "marker_score": 0.37698563999782936, "symbol": "Pax6", "name": "paired box 6", "organism": "Mus musculus", "tissue": "All Tissues"}, {"me": 1.773083917025862, "pc": 0.12409071459135644, "marker_score": 0.3766535958229288, "symbol": "Msi1", "name": "musashi RNA-binding protein 1", "organism": "Mus musculus", "tissue": "All Tissues"}, {"me": 2.838991494394889, "pc": 0.8874625588361147, "marker_score": 0.3720562034260018, "symbol": "Vim", "name": "vimentin", "organism": "Mus musculus", "tissue": "All Tissues"}, {"me": 1.8915048208978746, "pc": 0.14848095849379547, "marker_score": 0.36438730870136665, "symbol": "Rnf152", "name": "ring finger protein 152", "organism": "Mus musculus", "tissue": "All Tissues"}, {"me": 1.8818021421079283, "pc": 0.11553273427471117, "marker_score": 0.358743500855159, "symbol": "C130073E24Rik", "name": "C130073E24Rik", "organism": "Mus musculus", "tissue": "All Tissues"}, {"me": 2.663297457777861, "pc": 0.714163457424048, "marker_score": 0.3586522540333478, "symbol": "Ptn", "name": "pleiotrophin", "organism": "Mus musculus", "tissue": "All Tissues"}, {"me": 1.8423178029614826, "pc": 0.12879760376551133, "marker_score": 0.35062468079783154, "symbol": "Msx1", "name": "msh homeobox 1", "organism": "Mus musculus", "tissue": "All Tissues"}, {"me": 2.207724819753301, "pc": 0.6157466837826273, "marker_score": 0.3502747452526003, "symbol": "Scd2", "name": "stearoyl-Coenzyme A desaturase 2", "organism": "Mus musculus", "tissue": "All Tissues"}, {"me": 1.824428095962062, "pc": 0.11296534017971759, "marker_score": 0.34421690858689846, "symbol": "Nrbp2", "name": "nuclear receptor binding protein 2", "organism": "Mus musculus", "tissue": "All Tissues"}, {"me": 1.8563211571355784, "pc": 0.13778348309798888, "marker_score": 0.3428048403136145, "symbol": "Adcyap1r1", "name": "adenylate cyclase activating polypeptide 1 receptor 1", "organism": "Mus musculus", "tissue": "All Tissues"}, {"me": 1.842776844113372, "pc": 0.18399657680787335, "marker_score": 0.34253596197625097, "symbol": "Fat1", "name": "FAT atypical cadherin 1", "organism": "Mus musculus", "tissue": "All Tissues"}, {"me": 1.8335017016810229, "pc": 0.10012836970474968, "marker_score": 0.33633404794247623, "symbol": "Sall3", "name": "spalt like transcription factor 3", "organism": "Mus musculus", "tissue": "All Tissues"}, {"me": 1.8806259007129855, "pc": 0.39666238767650835, "marker_score": 0.3273403607077626, "symbol": "Ddx17", "name": "DEAD box helicase 17", "organism": "Mus musculus", "tissue": "All Tissues"}, {"me": 1.9130245301781632, "pc": 0.14035087719298245, "marker_score": 0.3194992223171956, "symbol": "Slc5a3", "name": "solute carrier family 5 (inositol transporters), member 3", "organism": "Mus musculus", "tissue": "All Tissues"}, {"me": 1.7368463452958383, "pc": 0.09028669234060761, "marker_score": 0.3194492590993245, "symbol": "Gm5089", "name": "Gm5089", "organism": "Mus musculus", "tissue": "All Tissues"}, {"me": 1.8400175548735118, "pc": 0.08985879332477535, "marker_score": 0.3157936402805573, "symbol": "Fibcd1", "name": "fibrinogen C domain containing 1", "organism": "Mus musculus", "tissue": "All Tissues"}, {"me": 1.7869608742850167, "pc": 0.09584937954642704, "marker_score": 0.3139162998215695, "symbol": "Mob1b", "name": "MOB kinase activator 1B", "organism": "Mus musculus", "tissue": "All Tissues"}, {"me": 1.844061547583276, "pc": 0.11681643132220795, "marker_score": 0.3078823666516377, "symbol": "Col2a1", "name": "collagen, type II, alpha 1", "organism": "Mus musculus", "tissue": "All Tissues"}, {"me": 1.817912192799937, "pc": 0.08515190415062045, "marker_score": 0.304841077407324, "symbol": "Cbln1", "name": "cerebellin 1 precursor protein", "organism": "Mus musculus", "tissue": "All Tissues"}, {"me": 1.9168027627347695, "pc": 0.08472400513478819, "marker_score": 0.3042664778379824, "symbol": "Mlf1", "name": "myeloid leukemia factor 1", "organism": "Mus musculus", "tissue": "All Tissues"}, {"me": 1.8082210851940144, "pc": 0.14163457424047926, "marker_score": 0.30303191547615715, "symbol": "Samd5", "name": "sterile alpha motif domain containing 5", "organism": "Mus musculus", "tissue": "All Tissues"}, {"me": 1.7823251824629933, "pc": 0.08130081300813008, "marker_score": 0.3023867613204362, "symbol": "Mab21l2", "name": "mab-21-like 2", "organism": "Mus musculus", "tissue": "All Tissues"}, {"me": 1.8046984465225884, "pc": 0.11810012836970475, "marker_score": 0.30150909709304197, "symbol": "Cacng4", "name": "calcium channel, voltage-dependent, gamma subunit 4", "organism": "Mus musculus", "tissue": "All Tissues"}, {"me": 1.8718208508613783, "pc": 0.0834403080872914, "marker_score": 0.2996789815490898, "symbol": "Gfra1", "name": "glial cell line derived neurotrophic factor family receptor alpha 1", "organism": "Mus musculus", "tissue": "All Tissues"}, {"me": 1.9663181470788043, "pc": 0.34445870774497217, "marker_score": 0.29168119478546395, "symbol": "Calml4", "name": "calmodulin-like 4", "organism": "Mus musculus", "tissue": "All Tissues"}, {"me": 1.9397210669793679, "pc": 0.44330338040222506, "marker_score": 0.2889797386999168, "symbol": "Hnrnpa0", "name": "heterogeneous nuclear ribonucleoprotein A0", "organism": "Mus musculus", "tissue": "All Tissues"}, {"me": 2.909077101128251, "pc": 0.8391099700470689, "marker_score": 0.28858986782149787, "symbol": "Dbi", "name": "diazepam binding inhibitor", "organism": "Mus musculus", "tissue": "All Tissues"}, {"me": 1.808878764847285, "pc": 0.09456568249893026, "marker_score": 0.2884550357714331, "symbol": "Pou3f2", "name": "POU domain, class 3, transcription factor 2", "organism": "Mus musculus", "tissue": "All Tissues"}, {"me": 1.948068315554888, "pc": 0.0834403080872914, "marker_score": 0.28503238557467947, "symbol": "Spp2", "name": "secreted phosphoprotein 2", "organism": "Mus musculus", "tissue": "All Tissues"}, {"me": 1.7391867897727273, "pc": 0.07060333761232349, "marker_score": 0.2755970801326416, "symbol": "Vangl2", "name": "VANGL planar cell polarity 2", "organism": "Mus musculus", "tissue": "All Tissues"}, {"me": 1.9494608332601826, "pc": 0.45699614890885754, "marker_score": 0.27436743202257197, "symbol": "Arglu1", "name": "arginine and glutamate rich 1", "organism": "Mus musculus", "tissue": "All Tissues"}, {"me": 1.986054244314789, "pc": 0.06718014548566538, "marker_score": 0.2728233241143355, "symbol": "Col22a1", "name": "collagen, type XXII, alpha 1", "organism": "Mus musculus", "tissue": "All Tissues"}, {"me": 2.205305488945926, "pc": 0.16345742404792468, "marker_score": 0.27216635399196537, "symbol": "Tubb3", "name": "tubulin, beta 3 class III", "organism": "Mus musculus", "tissue": "All Tissues"}, {"me": 1.7598517002203526, "pc": 0.06675224646983312, "marker_score": 0.26980332318735295, "symbol": "Zic3", "name": "zinc finger protein of the cerebellum 3", "organism": "Mus musculus", "tissue": "All Tissues"}, {"me": 1.8144376754760743, "pc": 0.06846384253316218, "marker_score": 0.26873612554867, "symbol": "Gdpd2", "name": "glycerophosphodiester phosphodiesterase domain containing 2", "organism": "Mus musculus", "tissue": "All Tissues"}, {"me": 2.0080357719870174, "pc": 0.11638853230637569, "marker_score": 0.26497251774827885, "symbol": "Hbb-y", "name": "hemoglobin Y, beta-like embryonic chain", "organism": "Mus musculus", "tissue": "All Tissues"}, {"me": 1.8967303466796874, "pc": 0.06418485237483953, "marker_score": 0.2645707398578267, "symbol": "Cfap126", "name": "cilia and flagella associated protein 126", "organism": "Mus musculus", "tissue": "All Tissues"}, {"me": 1.9603582746282942, "pc": 0.15019255455712452, "marker_score": 0.26094639049992846, "symbol": "Creb5", "name": "cAMP responsive element binding protein 5", "organism": "Mus musculus", "tissue": "All Tissues"}, {"me": 1.9161027882197132, "pc": 0.06247325631151048, "marker_score": 0.2584289654426615, "symbol": "Foxj1", "name": "forkhead box J1", "organism": "Mus musculus", "tissue": "All Tissues"}, {"me": 1.906215048243857, "pc": 0.30038510911424904, "marker_score": 0.25311398913384486, "symbol": "Mllt3", "name": "myeloid/lymphoid or mixed-lineage leukemia; translocated to, 3", "organism": "Mus musculus", "tissue": "All Tissues"}, {"me": 2.3185272456338306, "pc": 0.5451433461703038, "marker_score": 0.2516424899794295, "symbol": "Igfbp5", "name": "insulin-like growth factor binding protein 5", "organism": "Mus musculus", "tissue": "All Tissues"}, {"me": 1.7971933784214318, "pc": 0.06033376123234917, "marker_score": 0.251369083341261, "symbol": "Flnc", "name": "filamin C, gamma", "organism": "Mus musculus", "tissue": "All Tissues"}, {"me": 1.9949711552372684, "pc": 0.057766367137355584, "marker_score": 0.2501816267927813, "symbol": "Gm45159", "name": "Gm45159", "organism": "Mus musculus", "tissue": "All Tissues"}, {"me": 2.186464004698687, "pc": 0.7171587505348738, "marker_score": 0.2491587193779829, "symbol": "Son", "name": "Son DNA binding protein", "organism": "Mus musculus", "tissue": "All Tissues"}, {"me": 1.8762362041170635, "pc": 0.05391527599486521, "marker_score": 0.23937560286932943, "symbol": "Spef2", "name": "sperm flagellar 2", "organism": "Mus musculus", "tissue": "All Tissues"}, {"me": 1.8890815086404775, "pc": 0.4077877620881472, "marker_score": 0.2383657554479376, "symbol": "Cbx5", "name": "chromobox 5", "organism": "Mus musculus", "tissue": "All Tissues"}, {"me": 1.9821304908165565, "pc": 0.17800599058622166, "marker_score": 0.23548896375320993, "symbol": "Vtn", "name": "vitronectin", "organism": "Mus musculus", "tissue": "All Tissues"}, {"me": 1.896869178579635, "pc": 0.050919982884039365, "marker_score": 0.23435554462794966, "symbol": "Cfap43", "name": "cilia and flagella associated protein 43", "organism": "Mus musculus", "tissue": "All Tissues"}, {"me": 1.775801477353435, "pc": 0.051775780915703895, "marker_score": 0.23378956923266003, "symbol": "Adgrv1", "name": "adhesion G protein-coupled receptor V1", "organism": "Mus musculus", "tissue": "All Tissues"}, {"me": 1.9040439082126992, "pc": 0.08729139922978177, "marker_score": 0.2280423281005579, "symbol": "Rspo1", "name": "R-spondin 1", "organism": "Mus musculus", "tissue": "All Tissues"}, {"me": 2.083211135465648, "pc": 0.40949935815147626, "marker_score": 0.2276348586749794, "symbol": "Sox9", "name": "SRY (sex determining region Y)-box 9", "organism": "Mus musculus", "tissue": "All Tissues"}, {"me": 1.980367492627379, "pc": 0.5395806589644844, "marker_score": 0.22742923192524642, "symbol": "Ctnnb1", "name": "catenin (cadherin associated protein), beta 1", "organism": "Mus musculus", "tissue": "All Tissues"}]