[{"me": 2.0772984598948865, "pc": 0.799413706195905, "marker_score": 1.2324497513880872, "symbol": "Nptxr", "name": "neuronal pentraxin receptor", "organism": "Mus musculus", "tissue": "brain"}, {"me": 3.6672205667847573, "pc": 0.9944624210275843, "marker_score": 1.2136447934503265, "symbol": "Camk2n1", "name": "calcium/calmodulin-dependent protein kinase II inhibitor 1", "organism": "Mus musculus", "tissue": "brain"}, {"me": 2.4787115727133986, "pc": 0.910811147675787, "marker_score": 1.0771330081292898, "symbol": "Cck", "name": "cholecystokinin", "organism": "Mus musculus", "tissue": "brain"}, {"me": 3.1453512441034364, "pc": 0.9899737608432789, "marker_score": 1.0015503980444591, "symbol": "Mef2c", "name": "myocyte enhancer factor 2C", "organism": "Mus musculus", "tissue": "brain"}, {"me": 1.867257213615224, "pc": 0.7822457545497662, "marker_score": 0.8520324730967396, "symbol": "Lingo1", "name": "leucine rich repeat and Ig domain containing 1", "organism": "Mus musculus", "tissue": "brain"}, {"me": 1.7905170203025067, "pc": 0.7053638922656807, "marker_score": 0.8236198860121657, "symbol": "Hpca", "name": "hippocalcin", "organism": "Mus musculus", "tissue": "brain"}, {"me": 2.0894816729392205, "pc": 0.7866291991148938, "marker_score": 0.8079697389118783, "symbol": "Unc5d", "name": "unc-5 netrin receptor D", "organism": "Mus musculus", "tissue": "brain"}, {"me": 1.9007403476073546, "pc": 0.6234413924720652, "marker_score": 0.7745678490581303, "symbol": "Pdzrn3", "name": "PDZ domain containing RING finger 3", "organism": "Mus musculus", "tissue": "brain"}, {"me": 1.9989677473220309, "pc": 0.7942111985030246, "marker_score": 0.7738239966405027, "symbol": "Nrn1", "name": "neuritin 1", "organism": "Mus musculus", "tissue": "brain"}, {"me": 1.6240369627146005, "pc": 0.47416309068453283, "marker_score": 0.7228569647564684, "symbol": "Pdp1", "name": "pyruvate dehydrogenase phosphatase catalytic subunit 1", "organism": "Mus musculus", "tissue": "brain"}, {"me": 1.8830893239468063, "pc": 0.7676661071353995, "marker_score": 0.7202778508773533, "symbol": "Epha4", "name": "Eph receptor A4", "organism": "Mus musculus", "tissue": "brain"}, {"me": 2.7184623176213853, "pc": 0.9895075747152299, "marker_score": 0.6533326096804191, "symbol": "Arpp21", "name": "cyclic AMP-regulated phosphoprotein, 21", "organism": "Mus musculus", "tissue": "brain"}, {"me": 1.9355300385092353, "pc": 0.7554319586777796, "marker_score": 0.6448498666609113, "symbol": "Cdh12", "name": "cadherin 12", "organism": "Mus musculus", "tissue": "brain"}, {"me": 2.0588409036876585, "pc": 0.8425666783752765, "marker_score": 0.6322272313298749, "symbol": "Brinp1", "name": "bone morphogenic protein/retinoic acid inducible neural specific 1", "organism": "Mus musculus", "tissue": "brain"}, {"me": 4.300807759031688, "pc": 0.9998947843808222, "marker_score": 0.5863752756633325, "symbol": "Ptprd", "name": "protein tyrosine phosphatase, receptor type, D", "organism": "Mus musculus", "tissue": "brain"}, {"me": 3.1524345943581293, "pc": 0.9914273550897651, "marker_score": 0.5840269827799187, "symbol": "Nrg1", "name": "neuregulin 1", "organism": "Mus musculus", "tissue": "brain"}, {"me": 3.172908070936837, "pc": 0.9983618737444944, "marker_score": 0.5759554468035357, "symbol": "Ppp3ca", "name": "protein phosphatase 3, catalytic subunit, alpha isoform", "organism": "Mus musculus", "tissue": "brain"}, {"me": 2.352400212803832, "pc": 0.6001563665971165, "marker_score": 0.5660318880607309, "symbol": "Tafa1", "name": "TAFA chemokine like family member 1", "organism": "Mus musculus", "tissue": "brain"}, {"me": 2.1164224710251243, "pc": 0.7259748227116817, "marker_score": 0.5604628009612053, "symbol": "Rgs4", "name": "regulator of G-protein signaling 4", "organism": "Mus musculus", "tissue": "brain"}, {"me": 2.39303411700961, "pc": 0.9498267179687234, "marker_score": 0.5565801735497532, "symbol": "Olfm1", "name": "olfactomedin 1", "organism": "Mus musculus", "tissue": "brain"}, {"me": 2.9945285809735434, "pc": 0.9646766885892851, "marker_score": 0.5349410883973937, "symbol": "Tenm2", "name": "teneurin transmembrane protein 2", "organism": "Mus musculus", "tissue": "brain"}, {"me": 1.9760728472354117, "pc": 0.7883563539712422, "marker_score": 0.5310799776315521, "symbol": "Gpr158", "name": "G protein-coupled receptor 158", "organism": "Mus musculus", "tissue": "brain"}, {"me": 1.6147915486936455, "pc": 0.238484959831914, "marker_score": 0.5044421436220736, "symbol": "Kcnh5", "name": "potassium voltage-gated channel, subfamily H (eag-related), member 5", "organism": "Mus musculus", "tissue": "brain"}, {"me": 1.760566497921648, "pc": 0.6945784819490465, "marker_score": 0.5034131485816048, "symbol": "Osbpl1a", "name": "oxysterol binding protein-like 1A", "organism": "Mus musculus", "tissue": "brain"}, {"me": 1.7199501198068525, "pc": 0.6334514446104513, "marker_score": 0.49638667246028156, "symbol": "Stx1a", "name": "syntaxin 1A (brain)", "organism": "Mus musculus", "tissue": "brain"}, {"me": 1.556993407456169, "pc": 0.27908362051801694, "marker_score": 0.48079597199415014, "symbol": "Dnajc21", "name": "DnaJ heat shock protein family (Hsp40) member C21", "organism": "Mus musculus", "tissue": "brain"}, {"me": 2.137314978809047, "pc": 0.813229326344858, "marker_score": 0.4807803846795336, "symbol": "Lmo4", "name": "LIM domain only 4", "organism": "Mus musculus", "tissue": "brain"}, {"me": 2.256705203648848, "pc": 0.9214541122310729, "marker_score": 0.4715129757126578, "symbol": "R3hdm1", "name": "R3H domain containing 1", "organism": "Mus musculus", "tissue": "brain"}, {"me": 2.4754552414019164, "pc": 0.9370324986767112, "marker_score": 0.46243188654021117, "symbol": "Kcnh7", "name": "potassium voltage-gated channel, subfamily H (eag-related), member 7", "organism": "Mus musculus", "tissue": "brain"}, {"me": 2.1244876602917175, "pc": 0.8559403929236831, "marker_score": 0.45320457540775516, "symbol": "Kcnb2", "name": "potassium voltage gated channel, Shab-related subfamily, member 2", "organism": "Mus musculus", "tissue": "brain"}, {"me": 1.4758905396205237, "pc": 0.22750692399709282, "marker_score": 0.4492554402538278, "symbol": "Slc30a3", "name": "solute carrier family 30 (zinc transporter), member 3", "organism": "Mus musculus", "tissue": "brain"}, {"me": 1.6864408213514033, "pc": 0.48751090600360325, "marker_score": 0.4484670361816204, "symbol": "AI593442", "name": "expressed sequence AI593442", "organism": "Mus musculus", "tissue": "brain"}, {"me": 1.4846624052077588, "pc": 0.32581068634576443, "marker_score": 0.44394862804505364, "symbol": "Inka2", "name": "inka box actin regulator 2", "organism": "Mus musculus", "tissue": "brain"}, {"me": 1.6633786653143585, "pc": 0.26374965804923767, "marker_score": 0.43678526388467465, "symbol": "Plcxd2", "name": "phosphatidylinositol-specific phospholipase C, X domain containing 2", "organism": "Mus musculus", "tissue": "brain"}, {"me": 1.732576839988845, "pc": 0.5681465378395835, "marker_score": 0.4366341395692945, "symbol": "Fstl4", "name": "follistatin-like 4", "organism": "Mus musculus", "tissue": "brain"}, {"me": 1.4705643030083686, "pc": 0.3104945295971537, "marker_score": 0.4268164168920978, "symbol": "Mras", "name": "muscle and microspikes RAS", "organism": "Mus musculus", "tissue": "brain"}, {"me": 2.3201875310252835, "pc": 0.9326037304602455, "marker_score": 0.4260080907628405, "symbol": "Ralyl", "name": "RALY RNA binding protein-like", "organism": "Mus musculus", "tissue": "brain"}, {"me": 1.8302893281677233, "pc": 0.7334872179209717, "marker_score": 0.4206605761530324, "symbol": "Nlk", "name": "nemo like kinase", "organism": "Mus musculus", "tissue": "brain"}, {"me": 1.4285622778303064, "pc": 0.2084871774534259, "marker_score": 0.41243918871016405, "symbol": "Rtn4r", "name": "reticulon 4 receptor", "organism": "Mus musculus", "tissue": "brain"}, {"me": 1.6479808555495685, "pc": 0.517150955276887, "marker_score": 0.4111540450476222, "symbol": "Kcnh1", "name": "potassium voltage-gated channel, subfamily H (eag-related), member 1", "organism": "Mus musculus", "tissue": "brain"}, {"me": 1.679875251486958, "pc": 0.5993761523133677, "marker_score": 0.4104237994538885, "symbol": "Satb2", "name": "special AT-rich sequence binding protein 2", "organism": "Mus musculus", "tissue": "brain"}, {"me": 2.1172434686265147, "pc": 0.41759269900725016, "marker_score": 0.4103281628889638, "symbol": "Rorb", "name": "RAR-related orphan receptor beta", "organism": "Mus musculus", "tissue": "brain"}, {"me": 1.625213969771635, "pc": 0.2810989043007289, "marker_score": 0.4013263378031272, "symbol": "Cux2", "name": "cut-like homeobox 2", "organism": "Mus musculus", "tissue": "brain"}, {"me": 1.5366452410540334, "pc": 0.39080803976826667, "marker_score": 0.40004085120434485, "symbol": "A830082K12Rik", "name": "A830082K12Rik", "organism": "Mus musculus", "tissue": "brain"}, {"me": 1.9910316017038874, "pc": 0.8707272341727381, "marker_score": 0.3975086368208527, "symbol": "Cacna2d1", "name": "calcium channel, voltage-dependent, alpha2/delta subunit 1", "organism": "Mus musculus", "tissue": "brain"}, {"me": 1.7097367382762174, "pc": 0.24500509081726637, "marker_score": 0.39185875582881957, "symbol": "Bdnf", "name": "brain derived neurotrophic factor", "organism": "Mus musculus", "tissue": "brain"}, {"me": 1.560835090736769, "pc": 0.33490940935188795, "marker_score": 0.38800247788881914, "symbol": "Nuak1", "name": "NUAK family, SNF1-like kinase, 1", "organism": "Mus musculus", "tissue": "brain"}, {"me": 1.7447647825165729, "pc": 0.5251052560867235, "marker_score": 0.3870495276911547, "symbol": "Egr3", "name": "early growth response 3", "organism": "Mus musculus", "tissue": "brain"}, {"me": 1.5295938106210778, "pc": 0.3435791763721331, "marker_score": 0.3856893683563301, "symbol": "Sidt1", "name": "SID1 transmembrane family, member 1", "organism": "Mus musculus", "tissue": "brain"}, {"me": 1.7386489809266945, "pc": 0.6013703929722441, "marker_score": 0.38371506788617216, "symbol": "Ak5", "name": "adenylate kinase 5", "organism": "Mus musculus", "tissue": "brain"}, {"me": 1.6594760785480807, "pc": 0.46079261353979334, "marker_score": 0.382050954098969, "symbol": "Ppp1r1a", "name": "protein phosphatase 1, regulatory inhibitor subunit 1A", "organism": "Mus musculus", "tissue": "brain"}, {"me": 1.4632529496110016, "pc": 0.13663624046786957, "marker_score": 0.37675387231045443, "symbol": "Krt12", "name": "keratin 12", "organism": "Mus musculus", "tissue": "brain"}, {"me": 1.8061334635044948, "pc": 0.7654630539400012, "marker_score": 0.3746216756562225, "symbol": "Fbxw7", "name": "F-box and WD-40 domain protein 7", "organism": "Mus musculus", "tissue": "brain"}, {"me": 1.5383420542052408, "pc": 0.31262635991187787, "marker_score": 0.3684817056358525, "symbol": "Mlip", "name": "muscular LMNA-interacting protein", "organism": "Mus musculus", "tissue": "brain"}, {"me": 1.4524597732436921, "pc": 0.14562327304748138, "marker_score": 0.3621039411701362, "symbol": "A830036E02Rik", "name": "RIKEN cDNA A830036E02 gene", "organism": "Mus musculus", "tissue": "brain"}, {"me": 1.4841720195279526, "pc": 0.11889526837267049, "marker_score": 0.3473564621781759, "symbol": "Dkkl1", "name": "dickkopf-like 1", "organism": "Mus musculus", "tissue": "brain"}, {"me": 1.534124652963401, "pc": 0.41028102282531453, "marker_score": 0.3464668803413938, "symbol": "Golga7b", "name": "golgin A7B", "organism": "Mus musculus", "tissue": "brain"}, {"me": 1.6174787201880954, "pc": 0.44080812070335834, "marker_score": 0.345802974620454, "symbol": "Nwd2", "name": "NACHT and WD repeat domain containing 2", "organism": "Mus musculus", "tissue": "brain"}, {"me": 1.978187370449275, "pc": 0.6672968812471773, "marker_score": 0.3412061353953817, "symbol": "Egr1", "name": "early growth response 1", "organism": "Mus musculus", "tissue": "brain"}, {"me": 1.518015964053149, "pc": 0.28210573684116813, "marker_score": 0.3411750195214112, "symbol": "Rims3", "name": "regulating synaptic membrane exocytosis 3", "organism": "Mus musculus", "tissue": "brain"}, {"me": 3.200038603233238, "pc": 0.9780584966468592, "marker_score": 0.33823789906607327, "symbol": "Nrgn", "name": "neurogranin", "organism": "Mus musculus", "tissue": "brain"}, {"me": 2.2709680503211875, "pc": 0.9011054114820995, "marker_score": 0.3332246157452753, "symbol": "1110008P14Rik", "name": "bublin coiled coil protein", "organism": "Mus musculus", "tissue": "brain"}, {"me": 1.6769122283140532, "pc": 0.3401313414667705, "marker_score": 0.3310134371694922, "symbol": "Prr16", "name": "proline rich 16", "organism": "Mus musculus", "tissue": "brain"}, {"me": 1.5001007037515255, "pc": 0.10213361088674106, "marker_score": 0.325069373982648, "symbol": "Gpr88", "name": "G-protein coupled receptor 88", "organism": "Mus musculus", "tissue": "brain"}, {"me": 1.487162430502487, "pc": 0.20275211685732275, "marker_score": 0.3232411323826523, "symbol": "Stum", "name": "mechanosensory transduction mediator", "organism": "Mus musculus", "tissue": "brain"}, {"me": 2.0725831591812063, "pc": 0.8482434657053736, "marker_score": 0.3230111611816158, "symbol": "Kcnq3", "name": "potassium voltage-gated channel, subfamily Q, member 3", "organism": "Mus musculus", "tissue": "brain"}, {"me": 1.6142962394035483, "pc": 0.2537169440851826, "marker_score": 0.31914812744600773, "symbol": "Arc", "name": "activity regulated cytoskeletal-associated protein", "organism": "Mus musculus", "tissue": "brain"}, {"me": 1.5875757442885672, "pc": 0.478111104456448, "marker_score": 0.3160872191479912, "symbol": "Baalc", "name": "brain and acute leukemia, cytoplasmic", "organism": "Mus musculus", "tissue": "brain"}, {"me": 1.89847017925328, "pc": 0.8158435298059662, "marker_score": 0.30919196092379675, "symbol": "Cdk5r1", "name": "cyclin-dependent kinase 5, regulatory subunit 1 (p35)", "organism": "Mus musculus", "tissue": "brain"}, {"me": 2.622592725304305, "pc": 0.9665236273813127, "marker_score": 0.30828980285029317, "symbol": "Kcnq5", "name": "potassium voltage-gated channel, subfamily Q, member 5", "organism": "Mus musculus", "tissue": "brain"}, {"me": 1.8825874787440136, "pc": 0.49134884805084017, "marker_score": 0.3035055944997722, "symbol": "Tafa2", "name": "TAFA chemokine like family member 2", "organism": "Mus musculus", "tissue": "brain"}, {"me": 2.140765503167192, "pc": 0.8502684616990865, "marker_score": 0.3025878173404622, "symbol": "Kctd16", "name": "potassium channel tetramerisation domain containing 16", "organism": "Mus musculus", "tissue": "brain"}, {"me": 2.689242991891505, "pc": 0.9391610915877684, "marker_score": 0.2994093867804294, "symbol": "Lingo2", "name": "leucine rich repeat and Ig domain containing 2", "organism": "Mus musculus", "tissue": "brain"}, {"me": 2.0836739940014897, "pc": 0.8791396276014561, "marker_score": 0.2988446089445726, "symbol": "Atp2b2", "name": "ATPase, Ca++ transporting, plasma membrane 2", "organism": "Mus musculus", "tissue": "brain"}, {"me": 1.5871933386372636, "pc": 0.47367100532714773, "marker_score": 0.2977161060451951, "symbol": "Mast3", "name": "microtubule associated serine/threonine kinase 3", "organism": "Mus musculus", "tissue": "brain"}, {"me": 1.874491283132203, "pc": 0.6334465885049508, "marker_score": 0.2951092340078313, "symbol": "Efna5", "name": "ephrin A5", "organism": "Mus musculus", "tissue": "brain"}, {"me": 2.9246936747370667, "pc": 0.9968629558466701, "marker_score": 0.29408962000863964, "symbol": "Snap25", "name": "synaptosomal-associated protein 25", "organism": "Mus musculus", "tissue": "brain"}, {"me": 1.5574441708618347, "pc": 0.45506079034735725, "marker_score": 0.29094024290193954, "symbol": "Tmem191c", "name": "transmembrane protein 191", "organism": "Mus musculus", "tissue": "brain"}, {"me": 1.569428644506735, "pc": 0.3657392044727969, "marker_score": 0.2903368423472186, "symbol": "Fhod3", "name": "formin homology 2 domain containing 3", "organism": "Mus musculus", "tissue": "brain"}, {"me": 1.4665812430489045, "pc": 0.1618264784008521, "marker_score": 0.28701066690826016, "symbol": "Nectin1", "name": "nectin cell adhesion molecule 1", "organism": "Mus musculus", "tissue": "brain"}, {"me": 1.5644310714390435, "pc": 0.15181480756063254, "marker_score": 0.28604108495692276, "symbol": "Gm28905", "name": "Gm28905", "organism": "Mus musculus", "tissue": "brain"}, {"me": 2.1965296162410275, "pc": 0.9246024872972374, "marker_score": 0.2858043089234337, "symbol": "Camk2a", "name": "calcium/calmodulin-dependent protein kinase II alpha", "organism": "Mus musculus", "tissue": "brain"}, {"me": 1.5190378103967717, "pc": 0.2520529186003409, "marker_score": 0.28415949736073653, "symbol": "Extl3", "name": "exostosin-like glycosyltransferase 3", "organism": "Mus musculus", "tissue": "brain"}, {"me": 1.5958071979774002, "pc": 0.4322710872334605, "marker_score": 0.2807818952000016, "symbol": "Mical2", "name": "microtubule associated monooxygenase, calponin and LIM domain containing 2", "organism": "Mus musculus", "tissue": "brain"}, {"me": 1.3793310335713147, "pc": 0.11163539064940699, "marker_score": 0.2802873238762994, "symbol": "Kcnv1", "name": "potassium channel, subfamily V, member 1", "organism": "Mus musculus", "tissue": "brain"}, {"me": 1.5261481006349267, "pc": 0.19102462207358942, "marker_score": 0.2763863179017885, "symbol": "Scube1", "name": "signal peptide, CUB domain, EGF-like 1", "organism": "Mus musculus", "tissue": "brain"}, {"me": 1.5678068816060113, "pc": 0.09027338255266042, "marker_score": 0.2762815747023177, "symbol": "Rspo1", "name": "R-spondin 1", "organism": "Mus musculus", "tissue": "brain"}, {"me": 1.4370626673647502, "pc": 0.07123906769249197, "marker_score": 0.27252891114493744, "symbol": "Rskr", "name": "ribosomal protein S6 kinase related", "organism": "Mus musculus", "tissue": "brain"}, {"me": 1.4097865193440253, "pc": 0.08505954394694543, "marker_score": 0.2688933002928666, "symbol": "Cpne9", "name": "copine family member IX", "organism": "Mus musculus", "tissue": "brain"}, {"me": 1.5371211076056486, "pc": 0.08488148674526004, "marker_score": 0.26808852970702074, "symbol": "Cbln4", "name": "cerebellin 4 precursor protein", "organism": "Mus musculus", "tissue": "brain"}, {"me": 2.378774367181238, "pc": 0.924897091030935, "marker_score": 0.26610872876381375, "symbol": "Car10", "name": "carbonic anhydrase 10", "organism": "Mus musculus", "tissue": "brain"}, {"me": 1.6701642491004116, "pc": 0.07291928019566868, "marker_score": 0.26537931121438274, "symbol": "Adam2", "name": "a disintegrin and metallopeptidase domain 2", "organism": "Mus musculus", "tissue": "brain"}, {"me": 1.7222369738678531, "pc": 0.6316514481715954, "marker_score": 0.2651841975790882, "symbol": "Camkk2", "name": "calcium/calmodulin-dependent protein kinase kinase 2, beta", "organism": "Mus musculus", "tissue": "brain"}, {"me": 1.9043301596526914, "pc": 0.8101230375263646, "marker_score": 0.2606149771744849, "symbol": "Arpp19", "name": "cAMP-regulated phosphoprotein 19", "organism": "Mus musculus", "tissue": "brain"}, {"me": 1.5046295818564854, "pc": 0.19144872195396737, "marker_score": 0.24957545312720675, "symbol": "Kcnip2", "name": "Kv channel-interacting protein 2", "organism": "Mus musculus", "tissue": "brain"}, {"me": 1.4216204228096798, "pc": 0.09273380933958583, "marker_score": 0.24504723261185155, "symbol": "Ovol2", "name": "ovo like zinc finger 2", "organism": "Mus musculus", "tissue": "brain"}, {"me": 1.5902142191762882, "pc": 0.49363607374158075, "marker_score": 0.2434552937476738, "symbol": "Cadm3", "name": "cell adhesion molecule 3", "organism": "Mus musculus", "tissue": "brain"}, {"me": 1.4983964914386991, "pc": 0.12934884481343653, "marker_score": 0.24214609650751054, "symbol": "Gsg1l", "name": "GSG1-like", "organism": "Mus musculus", "tissue": "brain"}, {"me": 1.4687523349467968, "pc": 0.23508892338522352, "marker_score": 0.24209186775997305, "symbol": "Gm40841", "name": "Gm40841", "organism": "Mus musculus", "tissue": "brain"}, {"me": 1.5681467608741366, "pc": 0.37333577217742914, "marker_score": 0.2412676931910982, "symbol": "Chgb", "name": "chromogranin B", "organism": "Mus musculus", "tissue": "brain"}, {"me": 3.200038603233238, "pc": 0.9780584966468592, "marker_score": 3.7409984085100834, "symbol": "Nrgn", "name": "neurogranin", "organism": "Mus musculus", "tissue": "All Tissues"}, {"me": 2.7184623176213853, "pc": 0.9895075747152299, "marker_score": 3.650690571771641, "symbol": "Arpp21", "name": "cyclic AMP-regulated phosphoprotein, 21", "organism": "Mus musculus", "tissue": "All Tissues"}, {"me": 4.300807759031688, "pc": 0.9998947843808222, "marker_score": 3.1827129251154282, "symbol": "Ptprd", "name": "protein tyrosine phosphatase, receptor type, D", "organism": "Mus musculus", "tissue": "All Tissues"}, {"me": 3.853723917711841, "pc": 0.9993233826335955, "marker_score": 2.5766713688008553, "symbol": "Celf2", "name": "CUGBP, Elav-like family member 2", "organism": "Mus musculus", "tissue": "All Tissues"}, {"me": 3.6672205667847573, "pc": 0.9944624210275843, "marker_score": 2.215724254094284, "symbol": "Camk2n1", "name": "calcium/calmodulin-dependent protein kinase II inhibitor 1", "organism": "Mus musculus", "tissue": "All Tissues"}, {"me": 2.1005832052717244, "pc": 0.8580074751650671, "marker_score": 2.1822989751071336, "symbol": "Slc17a7", "name": "solute carrier family 17 (sodium-dependent inorganic phosphate cotransporter), member 7", "organism": "Mus musculus", "tissue": "All Tissues"}, {"me": 3.172908070936837, "pc": 0.9983618737444944, "marker_score": 2.1768147919799596, "symbol": "Ppp3ca", "name": "protein phosphatase 3, catalytic subunit, alpha isoform", "organism": "Mus musculus", "tissue": "All Tissues"}, {"me": 2.1965296162410275, "pc": 0.9246024872972374, "marker_score": 2.167737136137836, "symbol": "Camk2a", "name": "calcium/calmodulin-dependent protein kinase II alpha", "organism": "Mus musculus", "tissue": "All Tissues"}, {"me": 3.1524345943581293, "pc": 0.9914273550897651, "marker_score": 2.1598724987455915, "symbol": "Nrg1", "name": "neuregulin 1", "organism": "Mus musculus", "tissue": "All Tissues"}, {"me": 3.1453512441034364, "pc": 0.9899737608432789, "marker_score": 2.128463547544075, "symbol": "Mef2c", "name": "myocyte enhancer factor 2C", "organism": "Mus musculus", "tissue": "All Tissues"}, {"me": 2.256705203648848, "pc": 0.9214541122310729, "marker_score": 2.077381186305154, "symbol": "R3hdm1", "name": "R3H domain containing 1", "organism": "Mus musculus", "tissue": "All Tissues"}, {"me": 2.8189053097853916, "pc": 0.9863057824885598, "marker_score": 1.9963191132730396, "symbol": "Phactr1", "name": "phosphatase and actin regulator 1", "organism": "Mus musculus", "tissue": "All Tissues"}, {"me": 2.2029214266899793, "pc": 0.9440787077579523, "marker_score": 1.9918497815684004, "symbol": "Chn1", "name": "chimerin 1", "organism": "Mus musculus", "tissue": "All Tissues"}, {"me": 2.2709680503211875, "pc": 0.9011054114820995, "marker_score": 1.9896092763498587, "symbol": "1110008P14Rik", "name": "bublin coiled coil protein", "organism": "Mus musculus", "tissue": "All Tissues"}, {"me": 2.378774367181238, "pc": 0.924897091030935, "marker_score": 1.9737168720925806, "symbol": "Car10", "name": "carbonic anhydrase 10", "organism": "Mus musculus", "tissue": "All Tissues"}, {"me": 2.39303411700961, "pc": 0.9498267179687234, "marker_score": 1.8893470745382517, "symbol": "Olfm1", "name": "olfactomedin 1", "organism": "Mus musculus", "tissue": "All Tissues"}, {"me": 2.480003118188022, "pc": 0.9772361961154393, "marker_score": 1.8163774734937546, "symbol": "Kalrn", "name": "kalirin, RhoGEF kinase", "organism": "Mus musculus", "tissue": "All Tissues"}, {"me": 2.4787115727133986, "pc": 0.910811147675787, "marker_score": 1.8146423968776264, "symbol": "Cck", "name": "cholecystokinin", "organism": "Mus musculus", "tissue": "All Tissues"}, {"me": 1.867257213615224, "pc": 0.7822457545497662, "marker_score": 1.785796653312904, "symbol": "Lingo1", "name": "leucine rich repeat and Ig domain containing 1", "organism": "Mus musculus", "tissue": "All Tissues"}, {"me": 2.622592725304305, "pc": 0.9665236273813127, "marker_score": 1.7706280522379072, "symbol": "Kcnq5", "name": "potassium voltage-gated channel, subfamily Q, member 5", "organism": "Mus musculus", "tissue": "All Tissues"}, {"me": 2.0772984598948865, "pc": 0.799413706195905, "marker_score": 1.767661592244167, "symbol": "Nptxr", "name": "neuronal pentraxin receptor", "organism": "Mus musculus", "tissue": "All Tissues"}, {"me": 1.9215972254713816, "pc": 0.7740988282217427, "marker_score": 1.7369133841047772, "symbol": "Sv2b", "name": "synaptic vesicle glycoprotein 2b", "organism": "Mus musculus", "tissue": "All Tissues"}, {"me": 1.9989678417793737, "pc": 0.8011619041760889, "marker_score": 1.706924280340395, "symbol": "Homer1", "name": "homer scaffolding protein 1", "organism": "Mus musculus", "tissue": "All Tissues"}, {"me": 1.9071951151368283, "pc": 0.7912020317945414, "marker_score": 1.6265379292171922, "symbol": "Nell2", "name": "NEL-like 2", "organism": "Mus musculus", "tissue": "All Tissues"}, {"me": 1.868177196678299, "pc": 0.8133588224915382, "marker_score": 1.6132349855987127, "symbol": "Cnksr2", "name": "connector enhancer of kinase suppressor of Ras 2", "organism": "Mus musculus", "tissue": "All Tissues"}, {"me": 2.3201875310252835, "pc": 0.9326037304602455, "marker_score": 1.5886855890189069, "symbol": "Ralyl", "name": "RALY RNA binding protein-like", "organism": "Mus musculus", "tissue": "All Tissues"}, {"me": 1.8830893239468063, "pc": 0.7676661071353995, "marker_score": 1.5529896152336091, "symbol": "Epha4", "name": "Eph receptor A4", "organism": "Mus musculus", "tissue": "All Tissues"}, {"me": 1.9989677473220309, "pc": 0.7942111985030246, "marker_score": 1.5010604574160344, "symbol": "Nrn1", "name": "neuritin 1", "organism": "Mus musculus", "tissue": "All Tissues"}, {"me": 2.5843471273086633, "pc": 0.9764284639005211, "marker_score": 1.4874242166819176, "symbol": "Grm7", "name": "glutamate receptor, metabotropic 7", "organism": "Mus musculus", "tissue": "All Tissues"}, {"me": 1.9910316017038874, "pc": 0.8707272341727381, "marker_score": 1.4865581998267874, "symbol": "Cacna2d1", "name": "calcium channel, voltage-dependent, alpha2/delta subunit 1", "organism": "Mus musculus", "tissue": "All Tissues"}, {"me": 2.0225076227888064, "pc": 0.8175156487999754, "marker_score": 1.4672918763870677, "symbol": "Pgm2l1", "name": "phosphoglucomutase 2-like 1", "organism": "Mus musculus", "tissue": "All Tissues"}, {"me": 2.333470875189249, "pc": 0.9697302757134832, "marker_score": 1.4567925310004342, "symbol": "Ywhah", "name": "tyrosine 3-monooxygenase/tryptophan 5-monooxygenase activation protein, eta polypeptide", "organism": "Mus musculus", "tissue": "All Tissues"}, {"me": 2.9246936747370667, "pc": 0.9968629558466701, "marker_score": 1.4510460596587524, "symbol": "Snap25", "name": "synaptosomal-associated protein 25", "organism": "Mus musculus", "tissue": "All Tissues"}, {"me": 1.7905170203025067, "pc": 0.7053638922656807, "marker_score": 1.4225209589334762, "symbol": "Hpca", "name": "hippocalcin", "organism": "Mus musculus", "tissue": "All Tissues"}, {"me": 2.5251420613442908, "pc": 0.9333337649871556, "marker_score": 1.3879879886460236, "symbol": "Prkcb", "name": "protein kinase C, beta", "organism": "Mus musculus", "tissue": "All Tissues"}, {"me": 2.012540049382904, "pc": 0.8646376778750977, "marker_score": 1.3798698578679676, "symbol": "Cx3cl1", "name": "chemokine (C-X3-C motif) ligand 1", "organism": "Mus musculus", "tissue": "All Tissues"}, {"me": 1.7655633295170432, "pc": 0.7332152760129431, "marker_score": 1.3671883692211892, "symbol": "Mrtfb", "name": "myocardin related transcription factor B", "organism": "Mus musculus", "tissue": "All Tissues"}, {"me": 2.9344776751810575, "pc": 0.9975104365800715, "marker_score": 1.365393669579973, "symbol": "Calm2", "name": "calmodulin 2", "organism": "Mus musculus", "tissue": "All Tissues"}, {"me": 2.195956878993971, "pc": 0.9400109100503579, "marker_score": 1.341475160228823, "symbol": "Clstn1", "name": "calsyntenin 1", "organism": "Mus musculus", "tissue": "All Tissues"}, {"me": 1.980136873878474, "pc": 0.8190744586656393, "marker_score": 1.3272984053962564, "symbol": "Ctxn1", "name": "cortexin 1", "organism": "Mus musculus", "tissue": "All Tissues"}, {"me": 2.2438488977958113, "pc": 0.9205395456951434, "marker_score": 1.3133727373583741, "symbol": "Atp2b1", "name": "ATPase, Ca++ transporting, plasma membrane 1", "organism": "Mus musculus", "tissue": "All Tissues"}, {"me": 1.7592204607851052, "pc": 0.6917425163367482, "marker_score": 1.3076520938111607, "symbol": "Fam81a", "name": "family with sequence similarity 81, member A", "organism": "Mus musculus", "tissue": "All Tissues"}, {"me": 2.0588409036876585, "pc": 0.8425666783752765, "marker_score": 1.3060668487496945, "symbol": "Brinp1", "name": "bone morphogenic protein/retinoic acid inducible neural specific 1", "organism": "Mus musculus", "tissue": "All Tissues"}, {"me": 2.3983913221561806, "pc": 0.9318656024241678, "marker_score": 1.3000256296064976, "symbol": "Glp2r", "name": "glucagon-like peptide 2 receptor", "organism": "Mus musculus", "tissue": "All Tissues"}, {"me": 1.8061334635044948, "pc": 0.7654630539400012, "marker_score": 1.2977628908205139, "symbol": "Fbxw7", "name": "F-box and WD-40 domain protein 7", "organism": "Mus musculus", "tissue": "All Tissues"}, {"me": 2.0836739940014897, "pc": 0.8791396276014561, "marker_score": 1.2887435146423172, "symbol": "Atp2b2", "name": "ATPase, Ca++ transporting, plasma membrane 2", "organism": "Mus musculus", "tissue": "All Tissues"}, {"me": 1.8205774255175768, "pc": 0.742224970418224, "marker_score": 1.2824880771643512, "symbol": "Cap2", "name": "CAP, adenylate cyclase-associated protein, 2 (yeast)", "organism": "Mus musculus", "tissue": "All Tissues"}, {"me": 2.4754552414019164, "pc": 0.9370324986767112, "marker_score": 1.281403752769704, "symbol": "Kcnh7", "name": "potassium voltage-gated channel, subfamily H (eag-related), member 7", "organism": "Mus musculus", "tissue": "All Tissues"}, {"me": 2.0894816729392205, "pc": 0.7866291991148938, "marker_score": 1.2682399858452016, "symbol": "Unc5d", "name": "unc-5 netrin receptor D", "organism": "Mus musculus", "tissue": "All Tissues"}, {"me": 1.7199501198068525, "pc": 0.6334514446104513, "marker_score": 1.2641211247877495, "symbol": "Stx1a", "name": "syntaxin 1A (brain)", "organism": "Mus musculus", "tissue": "All Tissues"}, {"me": 1.7498280396523291, "pc": 0.6485474579097056, "marker_score": 1.2400695262098864, "symbol": "Rasgrp1", "name": "RAS guanyl releasing protein 1", "organism": "Mus musculus", "tissue": "All Tissues"}, {"me": 1.9345658677443007, "pc": 0.7351221067728103, "marker_score": 1.2327956286912285, "symbol": "Camk4", "name": "calcium/calmodulin-dependent protein kinase IV", "organism": "Mus musculus", "tissue": "All Tissues"}, {"me": 2.172342070498173, "pc": 0.9361648744939534, "marker_score": 1.2234850770862444, "symbol": "Hivep2", "name": "human immunodeficiency virus type I enhancer binding protein 2", "organism": "Mus musculus", "tissue": "All Tissues"}, {"me": 2.1953142782594526, "pc": 0.9387191859872219, "marker_score": 1.2191994136145863, "symbol": "Lrrc7", "name": "leucine rich repeat containing 7", "organism": "Mus musculus", "tissue": "All Tissues"}, {"me": 1.9355300385092353, "pc": 0.7554319586777796, "marker_score": 1.1791059153311498, "symbol": "Cdh12", "name": "cadherin 12", "organism": "Mus musculus", "tissue": "All Tissues"}, {"me": 2.1164224710251243, "pc": 0.7259748227116817, "marker_score": 1.1764266841647264, "symbol": "Rgs4", "name": "regulator of G-protein signaling 4", "organism": "Mus musculus", "tissue": "All Tissues"}, {"me": 1.841811455179453, "pc": 0.7762776008896385, "marker_score": 1.1748385376812518, "symbol": "Frrs1l", "name": "ferric-chelate reductase 1 like", "organism": "Mus musculus", "tissue": "All Tissues"}, {"me": 2.1244876602917175, "pc": 0.8559403929236831, "marker_score": 1.1677501857868309, "symbol": "Kcnb2", "name": "potassium voltage gated channel, Shab-related subfamily, member 2", "organism": "Mus musculus", "tissue": "All Tissues"}, {"me": 1.8128224529276595, "pc": 0.7883450230584076, "marker_score": 1.1633642688201684, "symbol": "Ppp2r2c", "name": "protein phosphatase 2, regulatory subunit B, gamma", "organism": "Mus musculus", "tissue": "All Tissues"}, {"me": 1.7152566677338275, "pc": 0.6154223435888886, "marker_score": 1.158733130815178, "symbol": "Ttc9b", "name": "tetratricopeptide repeat domain 9B", "organism": "Mus musculus", "tissue": "All Tissues"}, {"me": 2.3750189165599833, "pc": 0.9660121176019256, "marker_score": 1.1535240594883416, "symbol": "Kcnma1", "name": "potassium large conductance calcium-activated channel, subfamily M, alpha member 1", "organism": "Mus musculus", "tissue": "All Tissues"}, {"me": 1.9729876047504455, "pc": 0.8436819639385605, "marker_score": 1.1502165533807602, "symbol": "Tenm4", "name": "teneurin transmembrane protein 4", "organism": "Mus musculus", "tissue": "All Tissues"}, {"me": 1.8900146849858508, "pc": 0.8379938456956291, "marker_score": 1.1499638660365166, "symbol": "Mtpn", "name": "myotrophin", "organism": "Mus musculus", "tissue": "All Tissues"}, {"me": 1.951535537149055, "pc": 0.8732443155238362, "marker_score": 1.1344426655412665, "symbol": "Cyfip2", "name": "cytoplasmic FMR1 interacting protein 2", "organism": "Mus musculus", "tissue": "All Tissues"}, {"me": 2.424739782959058, "pc": 0.9660736282715987, "marker_score": 1.1321872363186536, "symbol": "Nav3", "name": "neuron navigator 3", "organism": "Mus musculus", "tissue": "All Tissues"}, {"me": 1.8072055417554775, "pc": 0.7776599722554506, "marker_score": 1.130008210155641, "symbol": "Hecw1", "name": "HECT, C2 and WW domain containing E3 ubiquitin protein ligase 1", "organism": "Mus musculus", "tissue": "All Tissues"}, {"me": 3.3347362429506897, "pc": 0.9982971256711543, "marker_score": 1.1274700035273388, "symbol": "Csmd1", "name": "CUB and Sushi multiple domains 1", "organism": "Mus musculus", "tissue": "All Tissues"}, {"me": 1.760566497921648, "pc": 0.6945784819490465, "marker_score": 1.126774787156114, "symbol": "Osbpl1a", "name": "oxysterol binding protein-like 1A", "organism": "Mus musculus", "tissue": "All Tissues"}, {"me": 2.137314978809047, "pc": 0.813229326344858, "marker_score": 1.1193751195898582, "symbol": "Lmo4", "name": "LIM domain only 4", "organism": "Mus musculus", "tissue": "All Tissues"}, {"me": 2.9043728443031247, "pc": 0.9778059791608326, "marker_score": 1.116458446893157, "symbol": "Opcml", "name": "opioid binding protein/cell adhesion molecule-like", "organism": "Mus musculus", "tissue": "All Tissues"}, {"me": 1.89847017925328, "pc": 0.8158435298059662, "marker_score": 1.1092941527306321, "symbol": "Cdk5r1", "name": "cyclin-dependent kinase 5, regulatory subunit 1 (p35)", "organism": "Mus musculus", "tissue": "All Tissues"}, {"me": 2.689242991891505, "pc": 0.9391610915877684, "marker_score": 1.1010463790859824, "symbol": "Lingo2", "name": "leucine rich repeat and Ig domain containing 2", "organism": "Mus musculus", "tissue": "All Tissues"}, {"me": 1.9007403476073546, "pc": 0.6234413924720652, "marker_score": 1.0948000366930803, "symbol": "Pdzrn3", "name": "PDZ domain containing RING finger 3", "organism": "Mus musculus", "tissue": "All Tissues"}, {"me": 1.6968898401279304, "pc": 0.6532416932268659, "marker_score": 1.0907373373517588, "symbol": "Kcnb1", "name": "potassium voltage gated channel, Shab-related subfamily, member 1", "organism": "Mus musculus", "tissue": "All Tissues"}, {"me": 2.352400212803832, "pc": 0.6001563665971165, "marker_score": 1.0889221701736889, "symbol": "Tafa1", "name": "TAFA chemokine like family member 1", "organism": "Mus musculus", "tissue": "All Tissues"}, {"me": 1.7592805980044541, "pc": 0.690497734626784, "marker_score": 1.0838605817276403, "symbol": "Arhgap32", "name": "Rho GTPase activating protein 32", "organism": "Mus musculus", "tissue": "All Tissues"}, {"me": 1.7154097820775813, "pc": 0.6894698589625092, "marker_score": 1.0739364115167216, "symbol": "Ensa", "name": "endosulfine alpha", "organism": "Mus musculus", "tissue": "All Tissues"}, {"me": 2.3675177425036984, "pc": 0.7834063637643882, "marker_score": 1.0702487937905554, "symbol": "Hs6st3", "name": "heparan sulfate 6-O-sulfotransferase 3", "organism": "Mus musculus", "tissue": "All Tissues"}, {"me": 1.7222369738678531, "pc": 0.6316514481715954, "marker_score": 1.0531040996585064, "symbol": "Camkk2", "name": "calcium/calmodulin-dependent protein kinase kinase 2, beta", "organism": "Mus musculus", "tissue": "All Tissues"}, {"me": 1.679875251486958, "pc": 0.5993761523133677, "marker_score": 1.0416775052761529, "symbol": "Satb2", "name": "special AT-rich sequence binding protein 2", "organism": "Mus musculus", "tissue": "All Tissues"}, {"me": 2.1065132112212908, "pc": 0.811908465648719, "marker_score": 1.0405261882147767, "symbol": "Slc1a2", "name": "solute carrier family 1 (glial high affinity glutamate transporter), member 2", "organism": "Mus musculus", "tissue": "All Tissues"}, {"me": 1.8353914504986402, "pc": 0.7403845064335305, "marker_score": 1.0313565522895243, "symbol": "Khdrbs3", "name": "KH domain containing, RNA binding, signal transduction associated 3", "organism": "Mus musculus", "tissue": "All Tissues"}, {"me": 1.8251467417150906, "pc": 0.7785874884060481, "marker_score": 1.027759336831759, "symbol": "Ppp1r9a", "name": "protein phosphatase 1, regulatory subunit 9A", "organism": "Mus musculus", "tissue": "All Tissues"}, {"me": 1.9094589584350086, "pc": 0.6915385599057268, "marker_score": 1.025437733786693, "symbol": "Pex5l", "name": "peroxisomal biogenesis factor 5-like", "organism": "Mus musculus", "tissue": "All Tissues"}, {"me": 1.6166200675695799, "pc": 0.5571134661424231, "marker_score": 1.0246607930350042, "symbol": "Phyhip", "name": "phytanoyl-CoA hydroxylase interacting protein", "organism": "Mus musculus", "tissue": "All Tissues"}, {"me": 1.7422342387679355, "pc": 0.634013134146677, "marker_score": 1.0226273304743188, "symbol": "Cacna1e", "name": "calcium channel, voltage-dependent, R type, alpha 1E subunit", "organism": "Mus musculus", "tissue": "All Tissues"}, {"me": 2.9739017377083825, "pc": 0.9880814983999132, "marker_score": 1.0143905823996733, "symbol": "Selenow", "name": "selenoprotein W", "organism": "Mus musculus", "tissue": "All Tissues"}, {"me": 3.871186600229111, "pc": 0.9841739521738356, "marker_score": 1.012709526173998, "symbol": "Kcnip4", "name": "Kv channel interacting protein 4", "organism": "Mus musculus", "tissue": "All Tissues"}, {"me": 1.880008567597475, "pc": 0.8030833032524576, "marker_score": 1.009736627966328, "symbol": "Syn1", "name": "synapsin I", "organism": "Mus musculus", "tissue": "All Tissues"}, {"me": 1.8302893281677233, "pc": 0.7334872179209717, "marker_score": 1.0096594346701357, "symbol": "Nlk", "name": "nemo like kinase", "organism": "Mus musculus", "tissue": "All Tissues"}, {"me": 1.6285922952448102, "pc": 0.5620424132254415, "marker_score": 1.0074160861568442, "symbol": "Zfp365", "name": "zinc finger protein 365", "organism": "Mus musculus", "tissue": "All Tissues"}, {"me": 1.5886433710933685, "pc": 0.5137387318118615, "marker_score": 0.9921708245015206, "symbol": "Phf24", "name": "PHD finger protein 24", "organism": "Mus musculus", "tissue": "All Tissues"}, {"me": 3.688763076461075, "pc": 0.9998931656789888, "marker_score": 0.9793442024838714, "symbol": "Syt1", "name": "synaptotagmin I", "organism": "Mus musculus", "tissue": "All Tissues"}, {"me": 1.916364479261747, "pc": 0.8157609760124576, "marker_score": 0.975585586473852, "symbol": "Prickle1", "name": "prickle planar cell polarity protein 1", "organism": "Mus musculus", "tissue": "All Tissues"}, {"me": 1.7447647825165729, "pc": 0.5251052560867235, "marker_score": 0.974901264759727, "symbol": "Egr3", "name": "early growth response 3", "organism": "Mus musculus", "tissue": "All Tissues"}, {"me": 1.7386489809266945, "pc": 0.6013703929722441, "marker_score": 0.9746935732567684, "symbol": "Ak5", "name": "adenylate kinase 5", "organism": "Mus musculus", "tissue": "All Tissues"}, {"me": 2.2000024679873142, "pc": 0.9100325520938718, "marker_score": 0.9736411308531818, "symbol": "Grin2a", "name": "glutamate receptor, ionotropic, NMDA2A (epsilon 1)", "organism": "Mus musculus", "tissue": "All Tissues"}, {"me": 1.8770867494736185, "pc": 0.817989928437192, "marker_score": 0.9700064800048954, "symbol": "Rbfox3", "name": "RNA binding protein, fox-1 homolog (C. elegans) 3", "organism": "Mus musculus", "tissue": "All Tissues"}, {"me": 3.047900069670757, "pc": 0.9943976729542442, "marker_score": 0.9686888923604955, "symbol": "Cadm2", "name": "cell adhesion molecule 2", "organism": "Mus musculus", "tissue": "All Tissues"}, {"me": 2.08237765365565, "pc": 0.876821646575879, "marker_score": 0.9674442991450901, "symbol": "Arf3", "name": "ADP-ribosylation factor 3", "organism": "Mus musculus", "tissue": "All Tissues"}]