[{"me": 3.1171682863350925, "pc": 0.9937594912680334, "marker_score": 3.521553039139723, "symbol": "Gad2", "name": "glutamic acid decarboxylase 2", "organism": "Mus musculus", "tissue": "brain"}, {"me": 2.7661671588710255, "pc": 0.9932849278663629, "marker_score": 3.190544915439311, "symbol": "Gad1", "name": "glutamate decarboxylase 1", "organism": "Mus musculus", "tissue": "brain"}, {"me": 2.6926806850219704, "pc": 0.9342017843583903, "marker_score": 2.480161163676458, "symbol": "Fgf13", "name": "fibroblast growth factor 13", "organism": "Mus musculus", "tissue": "brain"}, {"me": 2.7587983649032854, "pc": 0.976461655277145, "marker_score": 2.394469805886877, "symbol": "Slc6a1", "name": "solute carrier family 6 (neurotransmitter transporter, GABA), member 1", "organism": "Mus musculus", "tissue": "brain"}, {"me": 2.1738494549067915, "pc": 0.9342729688686409, "marker_score": 1.861825014739792, "symbol": "Dner", "name": "delta/notch-like EGF repeat containing", "organism": "Mus musculus", "tissue": "brain"}, {"me": 3.7449520657722903, "pc": 0.9993118830675778, "marker_score": 1.8516298977982806, "symbol": "Erbb4", "name": "erb-b2 receptor tyrosine kinase 4", "organism": "Mus musculus", "tissue": "brain"}, {"me": 2.51393506138325, "pc": 0.9760582763857252, "marker_score": 1.820065901386819, "symbol": "Rab3c", "name": "RAB3C, member RAS oncogene family", "organism": "Mus musculus", "tissue": "brain"}, {"me": 3.389473651565524, "pc": 0.9563876233864844, "marker_score": 1.4433995969486495, "symbol": "Adarb2", "name": "adenosine deaminase, RNA-specific, B2", "organism": "Mus musculus", "tissue": "brain"}, {"me": 1.9048732623279618, "pc": 0.6861712224753227, "marker_score": 1.424268917952884, "symbol": "Lamp5", "name": "lysosomal-associated membrane protein family, member 5", "organism": "Mus musculus", "tissue": "brain"}, {"me": 2.1282349915363064, "pc": 0.7113942672741078, "marker_score": 1.3780530274721245, "symbol": "Kit", "name": "KIT proto-oncogene receptor tyrosine kinase", "organism": "Mus musculus", "tissue": "brain"}, {"me": 2.9225173750334137, "pc": 0.8876708428246014, "marker_score": 1.3649587809777994, "symbol": "Galntl6", "name": "UDP-N-acetyl-alpha-D-galactosamine:polypeptide N-acetylgalactosaminyltransferase-like 6", "organism": "Mus musculus", "tissue": "brain"}, {"me": 2.399035373318555, "pc": 0.9419608959757023, "marker_score": 1.3049739254398423, "symbol": "Slc2a13", "name": "solute carrier family 2 (facilitated glucose transporter), member 13", "organism": "Mus musculus", "tissue": "brain"}, {"me": 1.863050892526822, "pc": 0.6413724373576309, "marker_score": 1.2879908870471584, "symbol": "Dlx1as", "name": "distal-less homeobox 1, antisense", "organism": "Mus musculus", "tissue": "brain"}, {"me": 3.2361862134413535, "pc": 0.6985335990888383, "marker_score": 1.2815448400769132, "symbol": "Npy", "name": "neuropeptide Y", "organism": "Mus musculus", "tissue": "brain"}, {"me": 2.246192719164641, "pc": 0.8101034548215642, "marker_score": 1.278966431215565, "symbol": "Nyap2", "name": "neuronal tyrosine-phophorylated phosphoinositide 3-kinase adaptor 2", "organism": "Mus musculus", "tissue": "brain"}, {"me": 2.3001673410179015, "pc": 0.911921032649962, "marker_score": 1.2423777250393546, "symbol": "Zmat4", "name": "zinc finger, matrin type 4", "organism": "Mus musculus", "tissue": "brain"}, {"me": 1.8747917718029232, "pc": 0.634752277904328, "marker_score": 1.2285037808582624, "symbol": "Rasgrf2", "name": "RAS protein-specific guanine nucleotide-releasing factor 2", "organism": "Mus musculus", "tissue": "brain"}, {"me": 1.819611482574968, "pc": 0.6148206150341685, "marker_score": 1.2044726125021377, "symbol": "Dlx6os1", "name": "Dlx6os1", "organism": "Mus musculus", "tissue": "brain"}, {"me": 2.0283637979255165, "pc": 0.6479688686408505, "marker_score": 1.1521118353471245, "symbol": "Alk", "name": "anaplastic lymphoma kinase", "organism": "Mus musculus", "tissue": "brain"}, {"me": 1.8979670990521056, "pc": 0.6220577069096431, "marker_score": 1.1245701084586086, "symbol": "Adra1a", "name": "adrenergic receptor, alpha 1a", "organism": "Mus musculus", "tissue": "brain"}, {"me": 2.9767413242362233, "pc": 0.9972475322703113, "marker_score": 1.0564249519078197, "symbol": "Tcf4", "name": "transcription factor 4", "organism": "Mus musculus", "tissue": "brain"}, {"me": 1.8955741526994958, "pc": 0.559913629460896, "marker_score": 1.0532814941193633, "symbol": "Sv2c", "name": "synaptic vesicle glycoprotein 2c", "organism": "Mus musculus", "tissue": "brain"}, {"me": 1.9203890433194393, "pc": 0.5180334092634776, "marker_score": 0.9985833469186254, "symbol": "Hapln1", "name": "hyaluronan and proteoglycan link protein 1", "organism": "Mus musculus", "tissue": "brain"}, {"me": 1.7848921605002457, "pc": 0.6275389141989369, "marker_score": 0.9844016022560907, "symbol": "Arl4c", "name": "ADP-ribosylation factor-like 4C", "organism": "Mus musculus", "tissue": "brain"}, {"me": 2.234151318509522, "pc": 0.9182564540622628, "marker_score": 0.9815212314062383, "symbol": "A830018L16Rik", "name": "RIKEN cDNA A830018L16 gene", "organism": "Mus musculus", "tissue": "brain"}, {"me": 1.942762635657078, "pc": 0.5006881169324222, "marker_score": 0.9727674918650158, "symbol": "Pde11a", "name": "phosphodiesterase 11A", "organism": "Mus musculus", "tissue": "brain"}, {"me": 2.8512617158170004, "pc": 0.9164531131359149, "marker_score": 0.94168546520132, "symbol": "Cntn5", "name": "contactin 5", "organism": "Mus musculus", "tissue": "brain"}, {"me": 3.433566824480645, "pc": 0.9948509870918755, "marker_score": 0.8587601514816194, "symbol": "Cntnap2", "name": "contactin associated protein-like 2", "organism": "Mus musculus", "tissue": "brain"}, {"me": 1.8444411389009214, "pc": 0.6025531511009871, "marker_score": 0.8467344009668432, "symbol": "Mgll", "name": "monoglyceride lipase", "organism": "Mus musculus", "tissue": "brain"}, {"me": 2.6706003792220696, "pc": 0.9315205011389521, "marker_score": 0.8331099511769936, "symbol": "Kctd16", "name": "potassium channel tetramerisation domain containing 16", "organism": "Mus musculus", "tissue": "brain"}, {"me": 1.6941592107538035, "pc": 0.4288866742596811, "marker_score": 0.8271377826430784, "symbol": "Igf1", "name": "insulin-like growth factor 1", "organism": "Mus musculus", "tissue": "brain"}, {"me": 2.043828128994325, "pc": 0.46409927866362943, "marker_score": 0.8146033053602513, "symbol": "Mrpl45", "name": "mitochondrial ribosomal protein L45", "organism": "Mus musculus", "tissue": "brain"}, {"me": 1.8612104647179721, "pc": 0.5195282839787395, "marker_score": 0.779279494804878, "symbol": "Kcnmb2", "name": "potassium large conductance calcium-activated channel, subfamily M, beta member 2", "organism": "Mus musculus", "tissue": "brain"}, {"me": 1.6874801046039634, "pc": 0.38434889901290814, "marker_score": 0.7776015730648635, "symbol": "Cplx3", "name": "complexin 3", "organism": "Mus musculus", "tissue": "brain"}, {"me": 1.7318771762044625, "pc": 0.5008779422930904, "marker_score": 0.7733752060584752, "symbol": "Kcnc1", "name": "potassium voltage gated channel, Shaw-related subfamily, member 1", "organism": "Mus musculus", "tissue": "brain"}, {"me": 1.7333039481715409, "pc": 0.44706245254365984, "marker_score": 0.7733179636259061, "symbol": "Trpc5", "name": "transient receptor potential cation channel, subfamily C, member 5", "organism": "Mus musculus", "tissue": "brain"}, {"me": 2.5428913792027297, "pc": 0.8553530751708428, "marker_score": 0.7618273837498085, "symbol": "Gabrg3", "name": "gamma-aminobutyric acid (GABA) A receptor, subunit gamma 3", "organism": "Mus musculus", "tissue": "brain"}, {"me": 1.9352466134434274, "pc": 0.7155466970387244, "marker_score": 0.7520219368775986, "symbol": "Hdac9", "name": "histone deacetylase 9", "organism": "Mus musculus", "tissue": "brain"}, {"me": 1.9247343374607282, "pc": 0.641965641609719, "marker_score": 0.741620091346515, "symbol": "Parm1", "name": "prostate androgen-regulated mucin-like protein 1", "organism": "Mus musculus", "tissue": "brain"}, {"me": 1.6933348276628157, "pc": 0.3738135914958238, "marker_score": 0.7404119058576677, "symbol": "Adamts17", "name": "a disintegrin-like and metallopeptidase (reprolysin type) with thrombospondin type 1 motif, 17", "organism": "Mus musculus", "tissue": "brain"}, {"me": 1.7172693087875077, "pc": 0.46497722095671984, "marker_score": 0.7368140975801032, "symbol": "Pvt1", "name": "Pvt1 oncogene", "organism": "Mus musculus", "tissue": "brain"}, {"me": 1.6484625584219208, "pc": 0.4531131359149582, "marker_score": 0.7256752336861572, "symbol": "Slc32a1", "name": "solute carrier family 32 (GABA vesicular transporter), member 1", "organism": "Mus musculus", "tissue": "brain"}, {"me": 1.9896788121559847, "pc": 0.7630267653758542, "marker_score": 0.7110698779507653, "symbol": "Zfp536", "name": "zinc finger protein 536", "organism": "Mus musculus", "tissue": "brain"}, {"me": 1.747347583076944, "pc": 0.4357441154138193, "marker_score": 0.7064196561072333, "symbol": "Homer2", "name": "homer scaffolding protein 2", "organism": "Mus musculus", "tissue": "brain"}, {"me": 2.3862615319232923, "pc": 0.9317103264996204, "marker_score": 0.685757824546267, "symbol": "Nfib", "name": "nuclear factor I/B", "organism": "Mus musculus", "tissue": "brain"}, {"me": 2.4097679772263043, "pc": 0.8944808276385725, "marker_score": 0.682002822329544, "symbol": "Ptprm", "name": "protein tyrosine phosphatase, receptor type, M", "organism": "Mus musculus", "tissue": "brain"}, {"me": 2.617825599867223, "pc": 0.6254745634016705, "marker_score": 0.6662551217218027, "symbol": "Reln", "name": "reelin", "organism": "Mus musculus", "tissue": "brain"}, {"me": 1.6509961784019578, "pc": 0.3175303720577069, "marker_score": 0.6644416079435111, "symbol": "Pnoc", "name": "prepronociceptin", "organism": "Mus musculus", "tissue": "brain"}, {"me": 2.344210429333048, "pc": 0.7766467350037966, "marker_score": 0.6631944073710612, "symbol": "Grik1", "name": "glutamate receptor, ionotropic, kainate 1", "organism": "Mus musculus", "tissue": "brain"}, {"me": 2.587590310242244, "pc": 0.8374857630979499, "marker_score": 0.6540583212279589, "symbol": "Unc5c", "name": "unc-5 netrin receptor C", "organism": "Mus musculus", "tissue": "brain"}, {"me": 1.8951172200901052, "pc": 0.5688116932422171, "marker_score": 0.6517093912911889, "symbol": "Sema5a", "name": "sema domain, seven thrombospondin repeats (type 1 and type 1-like), transmembrane domain (TM) and short cytoplasmic domain, (semaphorin) 5A", "organism": "Mus musculus", "tissue": "brain"}, {"me": 2.750020673508776, "pc": 0.9773870539104025, "marker_score": 0.6330217538955424, "symbol": "Rims1", "name": "regulating synaptic membrane exocytosis 1", "organism": "Mus musculus", "tissue": "brain"}, {"me": 1.8743788804621189, "pc": 0.7547930903568717, "marker_score": 0.6322709853451369, "symbol": "Rph3a", "name": "rabphilin 3A", "organism": "Mus musculus", "tissue": "brain"}, {"me": 1.8926934301938267, "pc": 0.7479831055429005, "marker_score": 0.6290815481934039, "symbol": "Cplx1", "name": "complexin 1", "organism": "Mus musculus", "tissue": "brain"}, {"me": 1.7138910362585926, "pc": 0.524677296886864, "marker_score": 0.6255880537252805, "symbol": "Osbpl8", "name": "oxysterol binding protein-like 8", "organism": "Mus musculus", "tissue": "brain"}, {"me": 1.8633042403482722, "pc": 0.4394457099468489, "marker_score": 0.573872343102418, "symbol": "Vstm2a", "name": "V-set and transmembrane domain containing 2A", "organism": "Mus musculus", "tissue": "brain"}, {"me": 2.6282282719516084, "pc": 0.2603692103264996, "marker_score": 0.5718689978570044, "symbol": "Cxcl14", "name": "chemokine (C-X-C motif) ligand 14", "organism": "Mus musculus", "tissue": "brain"}, {"me": 1.9716434055413725, "pc": 0.7900294229309036, "marker_score": 0.5508432394711428, "symbol": "Rapgef4", "name": "Rap guanine nucleotide exchange factor (GEF) 4", "organism": "Mus musculus", "tissue": "brain"}, {"me": 2.1780270310439818, "pc": 0.5038914198936978, "marker_score": 0.5277278882419256, "symbol": "Cnr1", "name": "cannabinoid receptor 1 (brain)", "organism": "Mus musculus", "tissue": "brain"}, {"me": 1.550442347995152, "pc": 0.2349326119969628, "marker_score": 0.524460962829039, "symbol": "Fgf9", "name": "fibroblast growth factor 9", "organism": "Mus musculus", "tissue": "brain"}, {"me": 1.629398890098812, "pc": 0.3854166666666667, "marker_score": 0.5220783348098318, "symbol": "Pdxk", "name": "pyridoxal (pyridoxine, vitamin B6) kinase", "organism": "Mus musculus", "tissue": "brain"}, {"me": 2.1294019926264043, "pc": 0.8447228549734245, "marker_score": 0.5206108953810695, "symbol": "Robo2", "name": "roundabout guidance receptor 2", "organism": "Mus musculus", "tissue": "brain"}, {"me": 2.006615927557012, "pc": 0.8688069476082004, "marker_score": 0.5201341702315755, "symbol": "Sv2a", "name": "synaptic vesicle glycoprotein 2a", "organism": "Mus musculus", "tissue": "brain"}, {"me": 2.1679030846806575, "pc": 0.8864369779802581, "marker_score": 0.5140765135245935, "symbol": "Gabra1", "name": "gamma-aminobutyric acid (GABA) A receptor, subunit alpha 1", "organism": "Mus musculus", "tissue": "brain"}, {"me": 1.8530321509227565, "pc": 0.6724326119969628, "marker_score": 0.5120486750338611, "symbol": "Gabrb2", "name": "gamma-aminobutyric acid (GABA) A receptor, subunit beta 2", "organism": "Mus musculus", "tissue": "brain"}, {"me": 1.6373192425868124, "pc": 0.425707099468489, "marker_score": 0.5097067632769848, "symbol": "Cracd", "name": "capping protein inhibiting regulator of actin", "organism": "Mus musculus", "tissue": "brain"}, {"me": 1.5860148569794863, "pc": 0.20878416856492027, "marker_score": 0.5062453604336533, "symbol": "Crispld1", "name": "cysteine-rich secretory protein LCCL domain containing 1", "organism": "Mus musculus", "tissue": "brain"}, {"me": 1.9535048369274515, "pc": 0.8428483295368261, "marker_score": 0.5057206512363231, "symbol": "1700030F04Rik", "name": "RIKEN cDNA 1700030F04 gene", "organism": "Mus musculus", "tissue": "brain"}, {"me": 1.7027122990904975, "pc": 0.2227363325740319, "marker_score": 0.4958175715908632, "symbol": "Tent5a", "name": "terminal nucleotidyltransferase 5A", "organism": "Mus musculus", "tissue": "brain"}, {"me": 1.6200873734423675, "pc": 0.342753416856492, "marker_score": 0.49429015507600144, "symbol": "Mpdz", "name": "multiple PDZ domain crumbs cell polarity complex component", "organism": "Mus musculus", "tissue": "brain"}, {"me": 1.9369491107444976, "pc": 0.30293754745634016, "marker_score": 0.4904118705159639, "symbol": "Ndnf", "name": "neuron-derived neurotrophic factor", "organism": "Mus musculus", "tissue": "brain"}, {"me": 2.090179681797291, "pc": 0.8776812832194382, "marker_score": 0.48952481884173904, "symbol": "Atxn1", "name": "ataxin 1", "organism": "Mus musculus", "tissue": "brain"}, {"me": 1.825079201200052, "pc": 0.7286209187547457, "marker_score": 0.4878480322350027, "symbol": "Chd3", "name": "chromodomain helicase DNA binding protein 3", "organism": "Mus musculus", "tissue": "brain"}, {"me": 1.8390495034670828, "pc": 0.7374240698557327, "marker_score": 0.48612598060105516, "symbol": "Elavl2", "name": "ELAV like RNA binding protein 1", "organism": "Mus musculus", "tissue": "brain"}, {"me": 2.541017367305977, "pc": 0.9575740318906606, "marker_score": 0.48032052331364483, "symbol": "Grik2", "name": "glutamate receptor, ionotropic, kainate 2 (beta 2)", "organism": "Mus musculus", "tissue": "brain"}, {"me": 1.6776439471443934, "pc": 0.3971858390280942, "marker_score": 0.4752471459903824, "symbol": "Rtl4", "name": "retrotransposon Gag like 4", "organism": "Mus musculus", "tissue": "brain"}, {"me": 2.4144014576924984, "pc": 0.9565299924069856, "marker_score": 0.4695115187211081, "symbol": "Rab6a", "name": "RAB6A, member RAS oncogene family", "organism": "Mus musculus", "tissue": "brain"}, {"me": 1.5714951583428618, "pc": 0.21789578587699315, "marker_score": 0.4676191290455931, "symbol": "Prox1", "name": "prospero homeobox 1", "organism": "Mus musculus", "tissue": "brain"}, {"me": 1.6653679154749361, "pc": 0.47287870159453305, "marker_score": 0.4651489266264013, "symbol": "Mindy2", "name": "MINDY lysine 48 deubiquitinase 2", "organism": "Mus musculus", "tissue": "brain"}, {"me": 2.0660426961188736, "pc": 0.6758731966590736, "marker_score": 0.46341929810690136, "symbol": "Ogfrl1", "name": "opioid growth factor receptor-like 1", "organism": "Mus musculus", "tissue": "brain"}, {"me": 1.6660488309455823, "pc": 0.1807374715261959, "marker_score": 0.46270054717659526, "symbol": "Chrna7", "name": "cholinergic receptor, nicotinic, alpha polypeptide 7", "organism": "Mus musculus", "tissue": "brain"}, {"me": 1.6352507461514294, "pc": 0.37763382687927105, "marker_score": 0.456848802489862, "symbol": "Rab27b", "name": "RAB27B, member RAS oncogene family", "organism": "Mus musculus", "tissue": "brain"}, {"me": 1.791218807479254, "pc": 0.5547171602126044, "marker_score": 0.45401030070537346, "symbol": "Sh3rf3", "name": "SH3 domain containing ring finger 3", "organism": "Mus musculus", "tissue": "brain"}, {"me": 1.8787630354915263, "pc": 0.7798737661351557, "marker_score": 0.45337878614093774, "symbol": "Nfix", "name": "nuclear factor I/X", "organism": "Mus musculus", "tissue": "brain"}, {"me": 1.6413488072695364, "pc": 0.2568811693242217, "marker_score": 0.4509365725266826, "symbol": "Col19a1", "name": "collagen, type XIX, alpha 1", "organism": "Mus musculus", "tissue": "brain"}, {"me": 1.6421462575048218, "pc": 0.3813828777524677, "marker_score": 0.450840659321886, "symbol": "Bex1", "name": "brain expressed X-linked 1", "organism": "Mus musculus", "tissue": "brain"}, {"me": 1.7657303965673274, "pc": 0.5637101366742597, "marker_score": 0.44890178888523335, "symbol": "Purg", "name": "purine-rich element binding protein G", "organism": "Mus musculus", "tissue": "brain"}, {"me": 1.6412460143519318, "pc": 0.4120871298405467, "marker_score": 0.4471529324769783, "symbol": "Tmeff1", "name": "transmembrane protein with EGF-like and two follistatin-like domains 1", "organism": "Mus musculus", "tissue": "brain"}, {"me": 1.7113038557733793, "pc": 0.4399677296886864, "marker_score": 0.4422670969258473, "symbol": "Pld5", "name": "phospholipase D family, member 5", "organism": "Mus musculus", "tissue": "brain"}, {"me": 1.533688320247001, "pc": 0.18396450265755504, "marker_score": 0.43583057081096754, "symbol": "Tox2", "name": "TOX high mobility group box family member 2", "organism": "Mus musculus", "tissue": "brain"}, {"me": 1.598891586159306, "pc": 0.23317672741078208, "marker_score": 0.43319267490339297, "symbol": "Rapgef4os1", "name": "Rapgef4os1", "organism": "Mus musculus", "tissue": "brain"}, {"me": 1.618479338661717, "pc": 0.16059225512528474, "marker_score": 0.4320953899022772, "symbol": "Hcrtr2", "name": "hypocretin (orexin) receptor 2", "organism": "Mus musculus", "tissue": "brain"}, {"me": 1.648431610557848, "pc": 0.29902239939255887, "marker_score": 0.4303411951810592, "symbol": "Tox3", "name": "TOX high mobility group box family member 3", "organism": "Mus musculus", "tissue": "brain"}, {"me": 1.570953005217206, "pc": 0.2507118451025057, "marker_score": 0.4257047740358165, "symbol": "Nt5dc3", "name": "Nt5dc3", "organism": "Mus musculus", "tissue": "brain"}, {"me": 2.0409529332940886, "pc": 0.7658504176157934, "marker_score": 0.42467204523644286, "symbol": "Id2", "name": "inhibitor of DNA binding 2", "organism": "Mus musculus", "tissue": "brain"}, {"me": 1.5866329751907717, "pc": 0.16635820045558086, "marker_score": 0.42292112730733467, "symbol": "Resp18", "name": "regulated endocrine-specific protein 18", "organism": "Mus musculus", "tissue": "brain"}, {"me": 2.8464296661713897, "pc": 0.9821326879271071, "marker_score": 0.41926786069651856, "symbol": "Frmpd4", "name": "FERM and PDZ domain containing 4", "organism": "Mus musculus", "tissue": "brain"}, {"me": 1.8471830724853395, "pc": 0.5300635914958238, "marker_score": 0.4056057204374382, "symbol": "Nrip3", "name": "nuclear receptor interacting protein 3", "organism": "Mus musculus", "tissue": "brain"}, {"me": 1.652605298664889, "pc": 0.1623955960516325, "marker_score": 0.4017654655670382, "symbol": "Nos1", "name": "nitric oxide synthase 1, neuronal", "organism": "Mus musculus", "tissue": "brain"}, {"me": 1.5678320854946086, "pc": 0.2904802581624905, "marker_score": 0.3989907390002716, "symbol": "Insyn1", "name": "inhibitory synaptic factor 1", "organism": "Mus musculus", "tissue": "brain"}, {"me": 2.7661671588710255, "pc": 0.9932849278663629, "marker_score": 5.537526940446571, "symbol": "Gad1", "name": "glutamate decarboxylase 1", "organism": "Mus musculus", "tissue": "All Tissues"}, {"me": 3.1171682863350925, "pc": 0.9937594912680334, "marker_score": 4.930373764081369, "symbol": "Gad2", "name": "glutamic acid decarboxylase 2", "organism": "Mus musculus", "tissue": "All Tissues"}, {"me": 3.7449520657722903, "pc": 0.9993118830675778, "marker_score": 3.7355561954925145, "symbol": "Erbb4", "name": "erb-b2 receptor tyrosine kinase 4", "organism": "Mus musculus", "tissue": "All Tissues"}, {"me": 2.7587983649032854, "pc": 0.976461655277145, "marker_score": 3.6040533244819213, "symbol": "Slc6a1", "name": "solute carrier family 6 (neurotransmitter transporter, GABA), member 1", "organism": "Mus musculus", "tissue": "All Tissues"}, {"me": 2.51393506138325, "pc": 0.9760582763857252, "marker_score": 3.531484524677055, "symbol": "Rab3c", "name": "RAB3C, member RAS oncogene family", "organism": "Mus musculus", "tissue": "All Tissues"}, {"me": 3.389473651565524, "pc": 0.9563876233864844, "marker_score": 3.125044753718426, "symbol": "Adarb2", "name": "adenosine deaminase, RNA-specific, B2", "organism": "Mus musculus", "tissue": "All Tissues"}, {"me": 2.567094619438657, "pc": 0.9679906985573272, "marker_score": 2.972858038457982, "symbol": "Grip1", "name": "glutamate receptor interacting protein 1", "organism": "Mus musculus", "tissue": "All Tissues"}, {"me": 2.1738494549067915, "pc": 0.9342729688686409, "marker_score": 2.9455582829634093, "symbol": "Dner", "name": "delta/notch-like EGF repeat containing", "organism": "Mus musculus", "tissue": "All Tissues"}, {"me": 2.6926806850219704, "pc": 0.9342017843583903, "marker_score": 2.908176279731067, "symbol": "Fgf13", "name": "fibroblast growth factor 13", "organism": "Mus musculus", "tissue": "All Tissues"}, {"me": 2.3001673410179015, "pc": 0.911921032649962, "marker_score": 2.467010243127408, "symbol": "Zmat4", "name": "zinc finger, matrin type 4", "organism": "Mus musculus", "tissue": "All Tissues"}, {"me": 2.4097679772263043, "pc": 0.8944808276385725, "marker_score": 2.1016846549103247, "symbol": "Ptprm", "name": "protein tyrosine phosphatase, receptor type, M", "organism": "Mus musculus", "tissue": "All Tissues"}, {"me": 2.9225173750334137, "pc": 0.8876708428246014, "marker_score": 1.9998363682528242, "symbol": "Galntl6", "name": "UDP-N-acetyl-alpha-D-galactosamine:polypeptide N-acetylgalactosaminyltransferase-like 6", "organism": "Mus musculus", "tissue": "All Tissues"}, {"me": 2.6706003792220696, "pc": 0.9315205011389521, "marker_score": 1.9240587241757927, "symbol": "Kctd16", "name": "potassium channel tetramerisation domain containing 16", "organism": "Mus musculus", "tissue": "All Tissues"}, {"me": 2.234151318509522, "pc": 0.9182564540622628, "marker_score": 1.9035516206589382, "symbol": "A830018L16Rik", "name": "RIKEN cDNA A830018L16 gene", "organism": "Mus musculus", "tissue": "All Tissues"}, {"me": 2.246192719164641, "pc": 0.8101034548215642, "marker_score": 1.8740339729596651, "symbol": "Nyap2", "name": "neuronal tyrosine-phophorylated phosphoinositide 3-kinase adaptor 2", "organism": "Mus musculus", "tissue": "All Tissues"}, {"me": 2.540971626407955, "pc": 0.8089407744874715, "marker_score": 1.846501598409432, "symbol": "Nxph1", "name": "neurexophilin 1", "organism": "Mus musculus", "tissue": "All Tissues"}, {"me": 2.399035373318555, "pc": 0.9419608959757023, "marker_score": 1.8288097657116626, "symbol": "Slc2a13", "name": "solute carrier family 2 (facilitated glucose transporter), member 13", "organism": "Mus musculus", "tissue": "All Tissues"}, {"me": 2.9767413242362233, "pc": 0.9972475322703113, "marker_score": 1.6338882818483353, "symbol": "Tcf4", "name": "transcription factor 4", "organism": "Mus musculus", "tissue": "All Tissues"}, {"me": 2.344210429333048, "pc": 0.7766467350037966, "marker_score": 1.6243753302774486, "symbol": "Grik1", "name": "glutamate receptor, ionotropic, kainate 1", "organism": "Mus musculus", "tissue": "All Tissues"}, {"me": 2.8512617158170004, "pc": 0.9164531131359149, "marker_score": 1.6057925146982694, "symbol": "Cntn5", "name": "contactin 5", "organism": "Mus musculus", "tissue": "All Tissues"}, {"me": 1.9896788121559847, "pc": 0.7630267653758542, "marker_score": 1.6024615702753842, "symbol": "Zfp536", "name": "zinc finger protein 536", "organism": "Mus musculus", "tissue": "All Tissues"}, {"me": 3.433566824480645, "pc": 0.9948509870918755, "marker_score": 1.5176206122530511, "symbol": "Cntnap2", "name": "contactin associated protein-like 2", "organism": "Mus musculus", "tissue": "All Tissues"}, {"me": 2.8464296661713897, "pc": 0.9821326879271071, "marker_score": 1.4980416117893705, "symbol": "Frmpd4", "name": "FERM and PDZ domain containing 4", "organism": "Mus musculus", "tissue": "All Tissues"}, {"me": 2.1679030846806575, "pc": 0.8864369779802581, "marker_score": 1.4730081227784089, "symbol": "Gabra1", "name": "gamma-aminobutyric acid (GABA) A receptor, subunit alpha 1", "organism": "Mus musculus", "tissue": "All Tissues"}, {"me": 1.9731217944391957, "pc": 0.7032080485952923, "marker_score": 1.4716726646764038, "symbol": "Mpped1", "name": "metallophosphoesterase domain containing 1", "organism": "Mus musculus", "tissue": "All Tissues"}, {"me": 2.5428913792027297, "pc": 0.8553530751708428, "marker_score": 1.4451744297327598, "symbol": "Gabrg3", "name": "gamma-aminobutyric acid (GABA) A receptor, subunit gamma 3", "organism": "Mus musculus", "tissue": "All Tissues"}, {"me": 3.1899253964568897, "pc": 0.996511958997722, "marker_score": 1.4316582588110205, "symbol": "Selenow", "name": "selenoprotein W", "organism": "Mus musculus", "tissue": "All Tissues"}, {"me": 1.9048732623279618, "pc": 0.6861712224753227, "marker_score": 1.425647943044464, "symbol": "Lamp5", "name": "lysosomal-associated membrane protein family, member 5", "organism": "Mus musculus", "tissue": "All Tissues"}, {"me": 2.5229140028687884, "pc": 0.913961655277145, "marker_score": 1.3720927043703441, "symbol": "Kcnq5", "name": "potassium voltage-gated channel, subfamily Q, member 5", "organism": "Mus musculus", "tissue": "All Tissues"}, {"me": 1.9125423942848896, "pc": 0.8220624525436598, "marker_score": 1.3684633465815117, "symbol": "Serp2", "name": "stress-associated endoplasmic reticulum protein family member 2", "organism": "Mus musculus", "tissue": "All Tissues"}, {"me": 2.3862615319232923, "pc": 0.9317103264996204, "marker_score": 1.3460620555945861, "symbol": "Nfib", "name": "nuclear factor I/B", "organism": "Mus musculus", "tissue": "All Tissues"}, {"me": 2.1282349915363064, "pc": 0.7113942672741078, "marker_score": 1.316062490150577, "symbol": "Kit", "name": "KIT proto-oncogene receptor tyrosine kinase", "organism": "Mus musculus", "tissue": "All Tissues"}, {"me": 2.1462914283310903, "pc": 0.8815015186028854, "marker_score": 1.3123871226780632, "symbol": "Gabbr2", "name": "gamma-aminobutyric acid (GABA) B receptor, 2", "organism": "Mus musculus", "tissue": "All Tissues"}, {"me": 2.0283637979255165, "pc": 0.6479688686408505, "marker_score": 1.292886076908005, "symbol": "Alk", "name": "anaplastic lymphoma kinase", "organism": "Mus musculus", "tissue": "All Tissues"}, {"me": 1.863050892526822, "pc": 0.6413724373576309, "marker_score": 1.2892379631635968, "symbol": "Dlx1as", "name": "distal-less homeobox 1, antisense", "organism": "Mus musculus", "tissue": "All Tissues"}, {"me": 3.2361862134413535, "pc": 0.6985335990888383, "marker_score": 1.2856172160497341, "symbol": "Npy", "name": "neuropeptide Y", "organism": "Mus musculus", "tissue": "All Tissues"}, {"me": 1.9352466134434274, "pc": 0.7155466970387244, "marker_score": 1.2846446501319488, "symbol": "Hdac9", "name": "histone deacetylase 9", "organism": "Mus musculus", "tissue": "All Tissues"}, {"me": 1.8926934301938267, "pc": 0.7479831055429005, "marker_score": 1.2835075754749325, "symbol": "Cplx1", "name": "complexin 1", "organism": "Mus musculus", "tissue": "All Tissues"}, {"me": 2.0763077816173356, "pc": 0.7287158314350797, "marker_score": 1.2784836279646463, "symbol": "Unc5d", "name": "unc-5 netrin receptor D", "organism": "Mus musculus", "tissue": "All Tissues"}, {"me": 1.8747917718029232, "pc": 0.634752277904328, "marker_score": 1.2751199663202613, "symbol": "Rasgrf2", "name": "RAS protein-specific guanine nucleotide-releasing factor 2", "organism": "Mus musculus", "tissue": "All Tissues"}, {"me": 2.541017367305977, "pc": 0.9575740318906606, "marker_score": 1.2696804844501628, "symbol": "Grik2", "name": "glutamate receptor, ionotropic, kainate 2 (beta 2)", "organism": "Mus musculus", "tissue": "All Tissues"}, {"me": 2.5110962946597652, "pc": 0.9397541761579347, "marker_score": 1.2563714533283874, "symbol": "Phactr1", "name": "phosphatase and actin regulator 1", "organism": "Mus musculus", "tissue": "All Tissues"}, {"me": 1.96509240272644, "pc": 0.7253938876233865, "marker_score": 1.2404951971343392, "symbol": "Spock3", "name": "sparc/osteonectin, cwcv and kazal-like domains proteoglycan 3", "organism": "Mus musculus", "tissue": "All Tissues"}, {"me": 1.8979670990521056, "pc": 0.6220577069096431, "marker_score": 1.2294964395330314, "symbol": "Adra1a", "name": "adrenergic receptor, alpha 1a", "organism": "Mus musculus", "tissue": "All Tissues"}, {"me": 1.819611482574968, "pc": 0.6148206150341685, "marker_score": 1.2200752685531402, "symbol": "Dlx6os1", "name": "Dlx6os1", "organism": "Mus musculus", "tissue": "All Tissues"}, {"me": 1.950509509585208, "pc": 0.6275389141989369, "marker_score": 1.2155857273919901, "symbol": "Ptchd4", "name": "patched domain containing 4", "organism": "Mus musculus", "tissue": "All Tissues"}, {"me": 1.8170220481493276, "pc": 0.6333760440394837, "marker_score": 1.2105441527752756, "symbol": "Pip5k1b", "name": "phosphatidylinositol-4-phosphate 5-kinase, type 1 beta", "organism": "Mus musculus", "tissue": "All Tissues"}, {"me": 2.1840887266644637, "pc": 0.8617596810933941, "marker_score": 1.2087712820150134, "symbol": "Hcn1", "name": "hyperpolarization activated cyclic nucleotide gated potassium channel 1", "organism": "Mus musculus", "tissue": "All Tissues"}, {"me": 2.617825599867223, "pc": 0.6254745634016705, "marker_score": 1.191870260190242, "symbol": "Reln", "name": "reelin", "organism": "Mus musculus", "tissue": "All Tissues"}, {"me": 1.8743788804621189, "pc": 0.7547930903568717, "marker_score": 1.1888293987755638, "symbol": "Rph3a", "name": "rabphilin 3A", "organism": "Mus musculus", "tissue": "All Tissues"}, {"me": 1.8530321509227565, "pc": 0.6724326119969628, "marker_score": 1.182173706970591, "symbol": "Gabrb2", "name": "gamma-aminobutyric acid (GABA) A receptor, subunit beta 2", "organism": "Mus musculus", "tissue": "All Tissues"}, {"me": 1.8390495034670828, "pc": 0.7374240698557327, "marker_score": 1.175765665173261, "symbol": "Elavl2", "name": "ELAV like RNA binding protein 1", "organism": "Mus musculus", "tissue": "All Tissues"}, {"me": 2.0223048303705893, "pc": 0.8823082763857252, "marker_score": 1.1627975848174823, "symbol": "Nap1l5", "name": "nucleosome assembly protein 1-like 5", "organism": "Mus musculus", "tissue": "All Tissues"}, {"me": 1.9247343374607282, "pc": 0.641965641609719, "marker_score": 1.1606556810017135, "symbol": "Parm1", "name": "prostate androgen-regulated mucin-like protein 1", "organism": "Mus musculus", "tissue": "All Tissues"}, {"me": 1.8517892961933942, "pc": 0.6853644646924829, "marker_score": 1.1560320539701716, "symbol": "Adcy1", "name": "adenylate cyclase 1", "organism": "Mus musculus", "tissue": "All Tissues"}, {"me": 2.5285760805753283, "pc": 0.9700313211845103, "marker_score": 1.140208217756086, "symbol": "Dab1", "name": "disabled 1", "organism": "Mus musculus", "tissue": "All Tissues"}, {"me": 1.8787630354915263, "pc": 0.7798737661351557, "marker_score": 1.1213958402091513, "symbol": "Nfix", "name": "nuclear factor I/X", "organism": "Mus musculus", "tissue": "All Tissues"}, {"me": 2.750020673508776, "pc": 0.9773870539104025, "marker_score": 1.1186709705210294, "symbol": "Rims1", "name": "regulating synaptic membrane exocytosis 1", "organism": "Mus musculus", "tissue": "All Tissues"}, {"me": 1.9265109287219102, "pc": 0.5744115413819286, "marker_score": 1.1149482800193717, "symbol": "Kcnip1", "name": "Kv channel-interacting protein 1", "organism": "Mus musculus", "tissue": "All Tissues"}, {"me": 2.2011530758382043, "pc": 0.815988041002278, "marker_score": 1.1015947143998215, "symbol": "Robo1", "name": "roundabout guidance receptor 1", "organism": "Mus musculus", "tissue": "All Tissues"}, {"me": 1.8955741526994958, "pc": 0.559913629460896, "marker_score": 1.0986114697093061, "symbol": "Sv2c", "name": "synaptic vesicle glycoprotein 2c", "organism": "Mus musculus", "tissue": "All Tissues"}, {"me": 1.8613495398571005, "pc": 0.7206482536066818, "marker_score": 1.0933003517212776, "symbol": "Slc24a3", "name": "solute carrier family 24 (sodium/potassium/calcium exchanger), member 3", "organism": "Mus musculus", "tissue": "All Tissues"}, {"me": 1.7848921605002457, "pc": 0.6275389141989369, "marker_score": 1.089012721680041, "symbol": "Arl4c", "name": "ADP-ribosylation factor-like 4C", "organism": "Mus musculus", "tissue": "All Tissues"}, {"me": 1.9478971479674931, "pc": 0.7138857251328777, "marker_score": 1.085500073415818, "symbol": "Mctp1", "name": "multiple C2 domains, transmembrane 1", "organism": "Mus musculus", "tissue": "All Tissues"}, {"me": 2.0757213742207554, "pc": 0.7764806378132119, "marker_score": 1.0821400032291322, "symbol": "Egfem1", "name": "EGF-like and EMI domain containing 1", "organism": "Mus musculus", "tissue": "All Tissues"}, {"me": 2.006615927557012, "pc": 0.8688069476082004, "marker_score": 1.06114155194086, "symbol": "Sv2a", "name": "synaptic vesicle glycoprotein 2a", "organism": "Mus musculus", "tissue": "All Tissues"}, {"me": 2.0524068462011664, "pc": 0.7039436218678815, "marker_score": 1.0609770751442045, "symbol": "Serpini1", "name": "serine (or cysteine) peptidase inhibitor, clade I, member 1", "organism": "Mus musculus", "tissue": "All Tissues"}, {"me": 1.7512589040844952, "pc": 0.5666998861047836, "marker_score": 1.055226101089464, "symbol": "Rimbp2", "name": "RIMS binding protein 2", "organism": "Mus musculus", "tissue": "All Tissues"}, {"me": 2.2483050285468877, "pc": 0.9392558845861807, "marker_score": 1.0499333503110182, "symbol": "Glp2r", "name": "glucagon-like peptide 2 receptor", "organism": "Mus musculus", "tissue": "All Tissues"}, {"me": 2.0660426961188736, "pc": 0.6758731966590736, "marker_score": 1.043504804036608, "symbol": "Ogfrl1", "name": "opioid growth factor receptor-like 1", "organism": "Mus musculus", "tissue": "All Tissues"}, {"me": 1.791218807479254, "pc": 0.5547171602126044, "marker_score": 1.0404198989138043, "symbol": "Sh3rf3", "name": "SH3 domain containing ring finger 3", "organism": "Mus musculus", "tissue": "All Tissues"}, {"me": 2.587590310242244, "pc": 0.8374857630979499, "marker_score": 1.0354323318612342, "symbol": "Unc5c", "name": "unc-5 netrin receptor C", "organism": "Mus musculus", "tissue": "All Tissues"}, {"me": 1.8471830724853395, "pc": 0.5300635914958238, "marker_score": 1.028377118873278, "symbol": "Nrip3", "name": "nuclear receptor interacting protein 3", "organism": "Mus musculus", "tissue": "All Tissues"}, {"me": 1.8612104647179721, "pc": 0.5195282839787395, "marker_score": 0.9987793608599198, "symbol": "Kcnmb2", "name": "potassium large conductance calcium-activated channel, subfamily M, beta member 2", "organism": "Mus musculus", "tissue": "All Tissues"}, {"me": 1.9203890433194393, "pc": 0.5180334092634776, "marker_score": 0.9985572867727636, "symbol": "Hapln1", "name": "hyaluronan and proteoglycan link protein 1", "organism": "Mus musculus", "tissue": "All Tissues"}, {"me": 1.793008974042085, "pc": 0.6359861427486713, "marker_score": 0.995273466920394, "symbol": "Bcl11b", "name": "B cell leukemia/lymphoma 11B", "organism": "Mus musculus", "tissue": "All Tissues"}, {"me": 1.8951172200901052, "pc": 0.5688116932422171, "marker_score": 0.9852405267451487, "symbol": "Sema5a", "name": "sema domain, seven thrombospondin repeats (type 1 and type 1-like), transmembrane domain (TM) and short cytoplasmic domain, (semaphorin) 5A", "organism": "Mus musculus", "tissue": "All Tissues"}, {"me": 1.7318771762044625, "pc": 0.5008779422930904, "marker_score": 0.9821621159167306, "symbol": "Kcnc1", "name": "potassium voltage gated channel, Shaw-related subfamily, member 1", "organism": "Mus musculus", "tissue": "All Tissues"}, {"me": 1.942762635657078, "pc": 0.5006881169324222, "marker_score": 0.9737249233850493, "symbol": "Pde11a", "name": "phosphodiesterase 11A", "organism": "Mus musculus", "tissue": "All Tissues"}, {"me": 1.8287810153114075, "pc": 0.7330106302201974, "marker_score": 0.9648029266740521, "symbol": "Plppr4", "name": "phospholipid phosphatase related 4", "organism": "Mus musculus", "tissue": "All Tissues"}, {"me": 1.8179111516716278, "pc": 0.653663629460896, "marker_score": 0.95342440908012, "symbol": "Cacnb2", "name": "calcium channel, voltage-dependent, beta 2 subunit", "organism": "Mus musculus", "tissue": "All Tissues"}, {"me": 2.1780270310439818, "pc": 0.5038914198936978, "marker_score": 0.9375708222720297, "symbol": "Cnr1", "name": "cannabinoid receptor 1 (brain)", "organism": "Mus musculus", "tissue": "All Tissues"}, {"me": 2.090179681797291, "pc": 0.8776812832194382, "marker_score": 0.9373279287827783, "symbol": "Atxn1", "name": "ataxin 1", "organism": "Mus musculus", "tissue": "All Tissues"}, {"me": 1.8421855929416053, "pc": 0.7484813971146546, "marker_score": 0.9346424125471418, "symbol": "Tspyl4", "name": "TSPY-like 4", "organism": "Mus musculus", "tissue": "All Tissues"}, {"me": 2.5826312527612783, "pc": 0.9667331055429005, "marker_score": 0.9184142877306727, "symbol": "Grm5", "name": "glutamate receptor, metabotropic 5", "organism": "Mus musculus", "tissue": "All Tissues"}, {"me": 1.6714221096503936, "pc": 0.4913866742596811, "marker_score": 0.9146661739282453, "symbol": "5330434G04Rik", "name": "RIKEN cDNA 5330434G04 gene", "organism": "Mus musculus", "tissue": "All Tissues"}, {"me": 2.168988657530601, "pc": 0.8917046317388003, "marker_score": 0.9101161738170971, "symbol": "Sntg1", "name": "syntrophin, gamma 1", "organism": "Mus musculus", "tissue": "All Tissues"}, {"me": 1.7172693087875077, "pc": 0.46497722095671984, "marker_score": 0.9088510870340807, "symbol": "Pvt1", "name": "Pvt1 oncogene", "organism": "Mus musculus", "tissue": "All Tissues"}, {"me": 1.6484625584219208, "pc": 0.4531131359149582, "marker_score": 0.8973566099099497, "symbol": "Slc32a1", "name": "solute carrier family 32 (GABA vesicular transporter), member 1", "organism": "Mus musculus", "tissue": "All Tissues"}, {"me": 1.7657303965673274, "pc": 0.5637101366742597, "marker_score": 0.8866489337741057, "symbol": "Purg", "name": "purine-rich element binding protein G", "organism": "Mus musculus", "tissue": "All Tissues"}, {"me": 1.8444411389009214, "pc": 0.6025531511009871, "marker_score": 0.8794577012475249, "symbol": "Mgll", "name": "monoglyceride lipase", "organism": "Mus musculus", "tissue": "All Tissues"}, {"me": 1.7333039481715409, "pc": 0.44706245254365984, "marker_score": 0.8788255294420539, "symbol": "Trpc5", "name": "transient receptor potential cation channel, subfamily C, member 5", "organism": "Mus musculus", "tissue": "All Tissues"}, {"me": 2.5891370898306705, "pc": 0.9921222475322703, "marker_score": 0.8703701903240364, "symbol": "Snap25", "name": "synaptosomal-associated protein 25", "organism": "Mus musculus", "tissue": "All Tissues"}, {"me": 1.7113038557733793, "pc": 0.4399677296886864, "marker_score": 0.8703129939586282, "symbol": "Pld5", "name": "phospholipase D family, member 5", "organism": "Mus musculus", "tissue": "All Tissues"}, {"me": 1.8633042403482722, "pc": 0.4394457099468489, "marker_score": 0.8507393411540147, "symbol": "Vstm2a", "name": "V-set and transmembrane domain containing 2A", "organism": "Mus musculus", "tissue": "All Tissues"}, {"me": 2.0748618823373013, "pc": 0.5800825740318907, "marker_score": 0.845248750928203, "symbol": "Luzp2", "name": "leucine zipper protein 2", "organism": "Mus musculus", "tissue": "All Tissues"}, {"me": 1.825079201200052, "pc": 0.7286209187547457, "marker_score": 0.8387267305627462, "symbol": "Chd3", "name": "chromodomain helicase DNA binding protein 3", "organism": "Mus musculus", "tissue": "All Tissues"}, {"me": 2.390331283025099, "pc": 0.8981112376613516, "marker_score": 0.8329939507591324, "symbol": "Sgcz", "name": "sarcoglycan zeta", "organism": "Mus musculus", "tissue": "All Tissues"}, {"me": 2.350589578824542, "pc": 0.9099990508731967, "marker_score": 0.829708309856719, "symbol": "Rgs7bp", "name": "regulator of G-protein signalling 7 binding protein", "organism": "Mus musculus", "tissue": "All Tissues"}, {"me": 2.4144014576924984, "pc": 0.9565299924069856, "marker_score": 0.82909699977255, "symbol": "Rab6a", "name": "RAB6A, member RAS oncogene family", "organism": "Mus musculus", "tissue": "All Tissues"}]